A1,A2,A3,A4,A5,A6,A7,A8,A9,A10,A11,A12,A13,A14,target
1.4396219369932246,106.13400057067668,42.24930544943639,1.7285467222517858,2.621361927207027,8.61090089133867,25.099736390577966,-0.0398610902085561,0.4537855406053199,1.0273774833473936,1.3357674786942573,1.8756720887762397,5.94794478068799,22.570093850013087,0
0.9852093652884288,36.59410175388385,-51.185171967504616,1.2013180694480603,6.469529652108632,4.548269615662359,39.31441937840656,0.6670991611878252,0.6602047187867001,-2.419992219670537,-0.1491827867626802,2.1219121985140528,197.248695562098,226.3902041960914,0
-0.1141467335058488,277.56808953289897,41.00831073018795,2.737082392335389,13.55446549649243,8.142272333654228,7.477793388205686,1.0095438457864474,-0.5380001199270391,4.805637418572395,-0.2126479173545913,1.8357747907238204,191.22324232250395,301.5156159399326,1
1.0122763850098146,311.71638915555457,237.63362197477463,1.023644539474016,8.238681331171698,6.642329842364995,-3.800064044600681,0.8387559152947918,0.6833991871711681,1.9352863601315624,0.861829388968289,2.362305733262509,141.02412965559742,-19.74290310869595,1
0.4958467295179165,-38.76821525580439,45.79902669459946,1.6654602911942378,8.897919491939746,6.50010617389688,22.25822936907126,1.196228941359128,0.2131285208829666,8.381724453532886,0.2552208208860976,1.953680265521876,23.56097587518429,-86.05070928209292,1
1.2295691214226423,57.10325649366988,148.08625797448934,1.9380520623470483,4.674095933545413,3.8512056272200335,56.13472756506222,1.7856006707616283,1.0361637218571746,-5.998675960501267,-0.039802442441969,2.695305279196731,57.96088306846879,39.93085195298587,1
1.1586400885930186,-5.016141781116261,28.666778841917683,2.77502329791736,11.138535150102411,8.39091588288976,42.78262354202371,-0.4259510810261789,1.537218009468316,0.1107826008064654,1.1199707884922967,1.5839113939798977,-27.000080782565178,142.65320833312882,0
1.004289205293586,173.54482299070477,37.20111094826755,1.8358089092102408,10.628906724026663,3.816329853334871,18.75259185844116,-0.219190379462176,1.4627201381097683,5.315145097276227,1.2372970917339277,1.934639321422053,187.47536321141143,-38.7373246835921,0
1.5026037641696457,346.1198408857299,87.83811079394685,2.72042033844654,2.4079437843482454,10.13047285198621,12.979098000992344,1.1083404763989828,-0.1672707702088206,2.275872160885648,0.3538794692477544,1.9710872239542891,228.64603713397395,15.766511529199915,0
1.2129485029794074,42.56030405976424,152.19245351604627,1.4275283605097897,12.215343700834875,1.0219675961973371,81.19827219441038,1.054605359073078,2.0037441797889164,4.230094098374512,0.9565230286380552,2.45641797610565,78.70154794712248,97.01169124474106,1
0.7734375930349576,58.14896039368452,118.46178726992493,2.304267428555235,5.649019055552321,5.250474602263121,27.586621291442707,0.0312417204083365,-0.220507187262879,-1.7927082153130725,0.5462696607692799,2.1941126648640417,-26.17698686772495,3.459452327431464,0
0.1106146918040832,85.10392324672159,41.808124706242616,2.155235120200627,2.9401881637730423,5.128001641267268,-23.30228903258284,-0.6123175795180713,0.9754373146253522,2.287783154492006,0.7063030048306005,2.210921688649398,33.38777662161302,-20.12714837176249,0
0.2952198391237574,398.2004639387309,140.3517781386718,2.8831963583081883,2.652868454122568,6.46757651722435,6.164179960257481,1.342223968267587,-0.6929116521196897,6.030771261413083,1.3330865943477574,1.9901243614588424,105.28791597242162,-46.26627221868414,1
1.1241694050986455,143.96333649071278,63.17016925039061,1.2831822429278257,7.02430743472678,3.5673959937953725,61.96765128214835,-0.580669942898487,-0.338898875050731,-1.13147355094031,0.524002602796801,2.1116557747755755,153.90688244081974,-55.06922218802905,0
0.6015464373201097,96.77586631553643,76.58810636968352,2.1501229860893587,3.86695263422164,5.192313144937372,52.55443682742893,1.019943401548194,-0.3648469857008357,-2.3560981693721903,1.4344780186325878,1.616441129157834,110.72641475385228,-9.200387141665791,0
-0.0970161439185823,-5.926716734304364,-9.351501581463353,2.9624402809182024,2.739173885877414,0.2151378481265577,15.36388884952916,-0.4291570269518029,1.632664581876694,-0.2653283745160193,0.2122076102598771,2.2705525662503963,68.08262788934331,64.83314403597814,0
1.236554804852131,111.370892805433,237.14484518172804,2.3682290853631365,6.141995155870219,2.301222514434247,-35.22770152995039,1.6254466519243755,-0.327232375972041,6.072399760107821,0.222365839738084,2.083731655091256,32.97100064678931,41.79390913433173,0
1.4650694102444566,309.2698306746129,142.91854357732612,2.2669435305347725,-0.9181366947380774,3.886699091526266,-30.1647641391972,0.7799680726650117,0.6354911500533026,3.18467848625799,-0.2959941485633957,1.7427114535141497,54.28503256238928,-74.11772196741126,0
0.4830826535279043,32.39498858094086,4.596407212280454,2.513820362433046,8.012756367657971,6.091242556427055,-20.317079830860408,1.0238352456552189,-0.4125598702917441,-0.4173279286237603,-0.1110000553330127,0.8157721148536918,21.353232626429644,-86.27903948544903,0
0.4287027019045806,196.11300995433385,36.47363029935476,2.100686924044293,6.452713469784907,6.399910905701722,-25.148443134287117,0.9720528678485348,-0.2371166124179458,-1.320940815259907,1.181572916425764,1.2734715782757964,93.54464091560394,49.203933926400765,0
0.1643514349374213,23.884561445143238,-13.340641938141374,1.8707419552383744,1.46009683361096,1.5324915884391244,-17.103260582379328,0.1130230266000162,0.5323456907496401,2.8997687686810902,-1.1008921189350986,2.1627673610892906,25.12088379045749,28.97588191318185,0
0.9045046007715588,170.88075816109793,84.50281810540534,2.0132244048075023,16.348569073440153,4.136945002738851,130.5300472640255,1.4784537944545506,0.950142236429775,2.3213423334223284,-1.207100481180075,1.9171314624337756,82.95291117118383,21.66003911556229,1
-0.0086198212944132,-34.43952274617729,145.4440531322914,2.096956329619818,4.825574442508877,5.529490944022293,73.76965310228965,1.4117629925146544,-0.1161660276860762,3.5900226018231667,1.0330163296923869,1.6863590413100986,27.37046878942614,10.023044180453972,1
0.6937661057397658,240.82495546434777,12.814973736601033,1.7504744767359364,13.80963166288603,4.357841553009805,-13.033892155139512,-0.0658606394787286,0.5689849826571449,6.024332359748431,-0.3459085364792491,1.9892300026826537,35.53407757435909,-59.89638104008405,0
1.3830471635071524,-12.4879336448723,231.02931506072468,1.9041795420418304,0.1704130444977574,4.333546214766974,66.74312208272073,1.65314422926079,1.143235979321818,10.70474477162873,0.3814203181681431,2.2773784482967576,47.7167106757647,221.64619040665724,1
0.3790529937865775,128.0342186410814,238.1695146228742,1.9698302956333529,9.267795882494749,3.1970464575495727,-22.098110856207136,0.4357615370989542,1.1629470280906236,4.680377904885212,0.6361395585236721,1.7322736494871678,-20.63900067505408,226.7517524252146,0
1.128438910388204,-43.38173013085438,140.10347643835445,1.2137656945126798,13.752159545332152,3.153515875710376,-27.917142411806104,1.4608875548367493,-0.5498908853504304,3.730938664903349,-0.2968878922991012,2.406489999632736,61.38179857253807,-61.24292299289642,1
0.0938165042617472,200.2291882106965,-24.163675424449096,2.011233549790919,1.6048353478244275,3.855421163172622,24.982662310961565,0.5464587393062161,-0.2249868224710414,4.177387176251209,1.5763361991306688,1.582932444103246,121.00344495119136,61.18423507519644,0
1.095325672459449,42.89540182991267,98.80860938101928,2.317327025584349,1.8747964352797384,4.558959597062488,40.42766893818965,0.8025805787445124,0.3122750136168912,1.1512536218537273,-0.0229006136165855,2.1414711385680856,48.46571447615355,22.709542094216715,0
0.9992382570972428,73.95415458180682,129.5437228167657,1.051745550829814,3.757375389390016,3.4374270923160566,-17.227495899715706,0.1789943503462878,-0.0395345996583011,-1.272540531814478,-0.2804579446270561,1.692792350561091,83.36981981749753,78.85432655723504,0
0.388368427858748,187.1463444793592,273.9617748637111,1.931779416466813,16.08895538170013,7.595551701698174,106.54143094527696,0.432929598995569,1.394240544066703,8.852266650517102,1.3655160878566184,1.793357973146715,7.940196819000761,82.73477409978085,1
1.0897619301428103,283.72199320473464,48.41779876379609,2.4307984423065667,9.749992370786495,1.5170728493237529,-31.00877227053899,-0.3538970528604069,-0.3594691659482963,0.6905982671389546,0.260299214689349,2.3185679710483944,114.08022396323908,-26.51892949575488,0
0.7956672165649744,13.520829544614683,-86.89769381305943,2.4701598949176287,1.992649340809857,2.6437723874504377,-32.410525315954494,-0.0867593084170015,0.7415713811828193,8.17488787603829,0.2966297407027301,1.9100386234776792,57.45397931889532,99.0259013432204,0
-0.0380531951614355,143.17212643407026,18.673336181311896,2.224135682194831,6.819033597487752,8.843812090027786,65.74666160765888,0.7266982489661687,1.3594011141494389,-5.546616198486661,0.146817864628358,2.4110239517863272,166.44465192377436,169.0690054407394,1
0.5938091891888656,181.27645130562067,-52.540475676571376,1.790346305815673,9.006580438412001,3.7882234959347874,107.6384451515643,-0.2805826601681948,-0.1649477321978546,2.159179383526919,1.1970483396806113,2.2442525997566927,148.7580595435603,-9.22858366790708,0
-0.5383557470237726,108.2783057148502,110.09679924657922,2.3069226936507805,13.653333832825387,3.540261452170263,-7.555078362768988,0.8979241414582702,1.042905483378349,17.270675760713253,0.4801089984519481,1.9083070433489244,51.79947769222069,122.95622885687864,1
-0.3404279812004375,46.33572695637108,139.7680399207997,1.910479654572076,9.153104034132545,4.120597078042146,31.056888215390167,-0.2542273578078051,0.7665430918215808,1.5936282129444754,-0.0189546761274001,1.8886169729955211,50.69818220272039,-110.05427741770411,0
0.1587391464108595,258.52602638273675,75.11550204066991,2.4745930489756045,9.88542618244708,9.248054129531614,37.19124916035005,0.9127829830343616,0.6005034083814265,5.8382133552934246,0.355867024109069,1.5615940145535494,29.02906919138393,134.679222303012,1
1.0887912151413897,111.8689280869059,125.7276515170544,2.0178213643964917,14.695474510900528,0.14390889865646,44.18565792235432,0.8582516320992668,-0.3836416000524595,2.153257935316156,1.519820552441408,2.2637419608693485,12.703674198792314,163.07350081681724,1
1.3281431923096505,47.04192724342431,74.35370216283442,2.020433996690412,3.552116398226068,4.619923633036868,-1.8956583746319,0.1719322900206779,0.939588386502679,0.0734132495434769,1.177641648918916,1.3192330809188355,142.69704240407668,1.7234419187124104,0
0.6621633622717964,-50.059015063585576,-13.963929178643994,0.5555887540179474,8.048181912741768,5.087486022407559,15.843158229136195,0.2155524113512072,0.2535722001625236,-0.2795846383534175,1.8982954665747236,1.0595002544175909,78.99204522693698,-59.89269196072788,1
1.282706130958088,-26.260029848966557,110.72063954128411,1.7718396093969566,10.14572892122493,4.558930208654918,-3.5334949117164958,0.2117277016157785,-0.8861017028938193,0.8521913289729945,0.8459390006884178,2.033590467513043,3.662143449079316,34.84473447149793,0
1.0652471306660791,-10.557072774819916,137.47224561773032,0.913744412431004,1.702463811086239,8.820895763660488,30.355978191938064,0.9623795957917418,-0.1810133103363054,3.729569125728315,0.9001251721980136,1.9221580866539023,49.10376780614787,105.75743990944328,0
0.5299192358672858,131.12746571798175,3.206645557838371,1.6462256486406928,9.676856475232526,6.456543292414288,48.53662032325656,1.583639527617796,1.4737542586860657,2.096463124316992,0.8125918703378103,2.28551580921315,100.0623486497974,249.20630863097,1
0.6165029837042212,106.01070954373162,97.09815204274535,1.8882180463699931,18.23824220768109,2.7825953154760894,121.93561768320862,0.5579494758342274,1.030603911759362,6.0542240879600975,1.4791250792776145,1.8933356108634347,59.75830162461971,27.006123348091624,1
0.914570293324226,153.79504183066547,2.0569541242434184,1.9353953850450225,10.284068379542925,5.023453150524079,35.35210736539378,-0.1249631793871623,-0.1918195947681775,2.499743100703688,0.2586902981244842,1.8897968979766184,68.98281000042917,66.4854756567021,0
1.2476308074425102,29.39428878989702,-78.84032634411282,1.604867621829062,10.80901103671808,4.108107509672076,106.9556143591008,1.2474007514939958,1.0342845394991973,3.889002709633246,1.46761709992763,1.8502258464459067,-4.49901545036856,54.742669023872224,1
0.2744887563450769,107.86762398357646,-27.812050705154206,1.7671354101412646,10.331406342911656,3.095327521152168,31.503884364186217,1.75484375858867,1.5244498589196938,2.455717622107743,-0.5117015640238416,2.3394332467320917,67.07711060547177,-105.60449383697916,0
0.7335089967428481,62.628462255399285,203.693411352341,2.222373514873556,-1.168311988182552,4.515061877063546,23.2227484630808,0.1757141022116433,0.6796371261311078,-6.070232508943188,-0.2503298581636092,2.149976151079128,-37.99727123775541,192.1339486881508,0
0.3026281136174925,286.8927877677448,96.71284289058056,1.6780938020239535,1.6802635502343923,0.9393758926217636,-2.0948969509067723,-0.0485346426910077,0.0450390537912472,3.905755259428544,1.5834656033367054,0.9994288722311768,50.95975636255287,-17.33130127795483,0
1.4495058853521,56.41044908039488,43.454391996115405,1.9781358817803785,4.448112486194187,10.629005925988348,56.35994166378055,1.8384256076870005,1.3772818853738649,6.195397677519421,0.3509558563084993,2.4329795554769684,147.33137506961626,171.28579197212335,1
0.5638533063940017,17.677841888687823,50.71011416036977,2.7285416288018496,0.6364698917493445,-1.9331632022233505,-11.216887312508526,0.6175050266947328,1.1581421411902504,0.1254373271002045,0.7098025025429346,1.857944162742783,83.15867633062585,133.62825730654336,0
0.3298173421681037,141.50465747406915,124.42056824450871,1.8535199002256184,7.255008782483962,11.366475934021956,0.0259350141583922,0.2736237559999018,0.7742395688410721,9.395290661463726,0.9009525700068636,2.2794903547021983,20.58771849180299,-49.75186646093561,0
-0.6886760002884046,71.80409320784365,197.3636813807852,2.192396694343747,9.774396715569468,0.7295935009404113,-34.99705982883412,0.8378441333864308,-0.4403648612171064,3.093208605468166,0.70908475561064,2.020221497588305,38.17692743831208,35.672919664050866,0
1.091520980615666,128.65613429656543,-21.783227887930053,1.707369898907494,0.6575064657868523,3.691739441992016,30.93321230255332,-0.5152262088254966,0.1265656872536428,1.5424467310391097,0.4067487567649764,1.9662102012808425,94.01171904431943,-9.63390450289092,0
0.4046337037441733,110.3184563791866,160.19139058565952,2.351647661326734,2.852972225049597,3.0498353659234505,32.5326164841379,0.0469599945049136,0.0005634229320698,6.047465601688369,-1.0379342195762575,1.640181857792213,-22.53223811848291,11.570108358672982,0
1.3002849607221507,169.9039343697612,-21.66349621571733,2.5268572348428906,7.4334172804342415,1.199179697149679,10.752963026903284,-0.4334772766279848,0.021939556949629,0.0615786995276037,-0.1426469465257766,2.1572846862762964,82.32285000640442,20.514691556785703,0
0.2085902404062587,204.65966257871415,20.95113266234328,0.2927324524523362,1.4173835686916911,-0.6128332691368925,-16.845986570658276,1.2034086925510472,0.5960070641965656,0.8695769048687785,0.2346441688712872,1.6333810562809203,116.62433355319772,-2.698951977770541,0
1.2664402375299717,290.2866296041949,178.52709327686705,1.7227516200635182,9.433771539787996,3.339678578227369,134.78635083908614,0.8038642401001461,1.0210155453285557,3.3172773439309835,1.1048393601247044,2.0112151810805314,95.8264004896384,163.6022432332334,1
0.4695498308856152,204.4262673342359,76.8092756690758,1.820403898414113,6.183428852776077,5.1755501342284935,72.8965478489377,0.2766949203256125,-0.0036982809563934,2.758615099696878,-0.1773807123937106,2.5659215117759464,87.53834627706696,78.85783492737288,0
0.36860073063012,-0.7557208305848064,133.3383491983687,0.6092318344758088,11.95307112508172,8.724093774191598,-4.839534943032568,0.1395310561835123,0.1521928320816269,5.52559700699738,0.8548314814812872,1.62516317304815,92.83428928053232,7.531931602597652,0
0.6396579529544535,251.2311579685621,135.76186025134592,1.292495497029862,10.028649151339366,3.515641771118342,13.13949764269502,0.5273192265836532,1.2437129747221622,4.7973634638415055,0.3671253948032501,2.177461013060401,94.46365593814969,11.617862543008478,1
0.2951860313449932,230.28791934088775,-39.73565887235878,2.140935017602741,11.33129312424938,8.247229287741636,-30.451182263762625,0.8929376634572475,1.300646539904398,14.076388249458248,0.6661336567842551,1.7034863449676108,141.61792438667405,41.64153061609137,1
1.260223152084252,189.06304309388028,124.76295055723584,1.934905259570004,14.20174318826883,8.716333230313356,121.88607833762626,0.8412162731856094,0.0977388252574333,5.087625815424868,0.9770399772711924,2.134815783047833,34.81727895777097,134.69380111926856,1
-0.1751713829993944,291.91247532809024,170.1982853985923,2.220245545108298,9.063026580471394,5.201721896637682,57.033839394251785,0.7569210037018413,0.777580154841494,4.326330614588606,1.4301287803566023,1.7540477145588624,-26.396977226057672,78.51640344298032,1
0.6910288202637459,209.06226475100544,0.4380059430699106,1.283373330266691,6.433351746962382,6.160096443513516,47.321816058172175,1.012665716751023,1.2349704648635011,3.913900220897173,0.7277838142013153,2.1388634617267868,135.30231405149692,2.411695501131973,1
-0.3125423631277461,56.007868509541694,63.94517346890878,2.1970506435859605,1.0681234882997996,5.553870786744566,26.55623112918346,1.4510908554426667,0.527922393806721,-0.3225574212837743,0.1613243759894213,2.2970803360024994,118.32977391152468,85.55419510808318,1
1.0617304963624867,165.39034038057926,129.03975396507818,2.129220952463449,11.014734681276352,5.21718709148619,38.42126840182636,0.5910243949267446,0.5442075569432628,1.4350496816451312,1.3368739702138792,2.0736167387112068,35.116183888559505,-156.0898717941551,1
1.61592898578153,399.0935928990832,-40.60119395701511,1.819091415219952,19.674283396946592,8.408066488711743,-6.258199898759834,1.3049693881728883,0.4235823179789336,-0.9582233322346454,0.0929319157624504,2.235167415823,-44.48235434229542,200.76228260392145,1
-0.0258738531675265,201.84355620610492,221.6086138884109,2.360657690658948,12.055849164344425,2.299117696153335,65.17459223100411,0.932913239762008,1.2357094072920396,8.83139426121126,-0.0732364587381894,2.04166174624378,33.65390977834335,179.48540231462215,0
0.3688272775401439,-86.63091176542821,113.20061485161698,1.8324512309806875,8.082748488341625,11.278262121507185,84.12776782850457,0.5915512329516488,1.1462159124760536,10.60503858779482,0.8795730895647876,2.0470369439679845,124.27102656342284,71.0521459375034,1
0.5069336652322876,194.89184980706744,97.4755363146884,2.8931777214698213,6.691060301227992,6.491003494688514,77.6237050370828,0.1745600391750124,0.0497668320218185,2.5239742510362366,-0.0650850066794406,2.369048089822453,126.10668591740117,105.91095494794688,0
0.3208210534789043,55.10275778766368,90.29718942048522,1.5121730803834352,-0.749929635561724,4.054685567312485,56.29722489857686,0.0179926415626313,-0.1413447534341827,-5.3686012336124245,0.191527752276762,2.1678362403805127,-0.8425291958752368,71.05283962950594,0
-0.3914633348947943,61.99929105457569,27.290849999907792,1.1399099319893549,0.3510596062952063,0.0784550458017498,25.184567559674235,0.149617077214008,0.7473992796796614,4.021657117736359,0.3062989173546521,1.804937711723736,7.673832369228549,-43.407273491554015,0
1.0541043563597012,198.68681138594465,123.65213730055125,2.277375831792389,12.325223529238023,6.29756694338904,59.7625629630254,1.7857664124244852,0.3999772866623028,3.4205986923902887,-0.0869149768081291,1.9895083094292565,99.7570391794552,62.35980144735217,1
0.9145324560149664,386.6853297863786,29.32351614883548,0.3423059878068979,14.92241398071633,5.154772626160916,4.839604960042934,-0.1576826911566058,0.4551430197315599,-0.8572496927117808,0.4862818512540495,2.1376129497172585,10.591341311434157,83.9849570486932,0
1.4501217403484512,195.61082529410075,-81.69105595449004,1.5960741880751446,9.388095021716524,1.3766008886826002,18.91920827199615,0.143699476050419,0.6179735313139834,-0.970457313079108,-0.2725143859430802,0.9866888982297444,20.75551568573745,-8.524124475546301,0
-0.528946514127928,32.8560958329241,-8.999922749917232,1.3249944480398204,7.60501029708311,6.553058552052516,40.65126110166439,1.0933473309370487,0.784068168625994,-0.1357973865508266,0.3964400404429812,1.4486809434416728,55.25255825662497,190.6277496126557,1
0.4113975301442636,149.1938366488439,41.33004476905308,0.531501301737556,2.3588369783335423,6.940334944135945,1.5681005131094352,-0.3183624666940817,-0.120727930205258,2.823836288351525,0.949395669662256,1.5268090633170943,23.7526537435581,-92.81683115380368,0
1.3733626058340251,126.35521953734532,179.56726406265562,2.323789446844532,4.535366382240243,6.031207538353192,22.928789626028063,0.8489908741818424,0.1412256028964177,-9.042457945656476,1.1621505272975718,1.0740073477521532,-35.55842608835151,70.8949036563088,0
0.5996287873845637,-41.26112080514139,55.652564771089246,1.47807027101521,2.678015612008914,4.201032382961148,-10.328928803431737,-0.1152109109637692,-0.0083689106517045,-1.2470786809926313,1.2926621412144683,2.364461275644377,34.79664954404458,61.959049595503245,0
1.2730475381390267,185.1073279522306,111.1170517749923,2.2033256210049417,6.866465695743804,4.698711773537814,24.593276542945866,0.1569559545170477,1.2810783030447337,-0.2948408124359711,1.0219506797562654,1.84172532838136,125.36134669946098,-26.459887020407244,0
0.1868026572997589,186.7441852562335,77.6555150115353,2.029445086801199,5.5541649123727606,2.5435168121644067,30.73367516226397,0.1888969077537649,1.1914588965345665,2.962421824449883,1.019566896398396,2.1767542010002527,47.6555366622106,123.26468364729068,0
-0.6898815769972689,92.21569995914656,205.4624039288293,1.86504224427926,11.912937868042086,5.89376511801208,-10.403769016934213,0.3684077686752092,0.7177732298553301,0.3633692246639,0.6614843101699516,2.086966251893113,46.39148688286921,57.63176304729569,0
0.9048547400595492,167.84973727673693,273.1911377684654,2.185807439556899,0.451862738923551,4.768270049938581,124.04262190048892,0.905922962096843,1.4186773448941992,3.635136286083372,0.3708803041033475,2.0358296827761992,-11.852522313249125,-13.804900761830588,1
0.6572531542174326,206.10318705005136,-50.42059405092782,2.586006311088855,7.895837221997885,2.033726885058632,15.10127064319936,0.6596785672446235,0.4640064358638125,6.32494935457721,0.479982837957332,1.4466078305208792,91.11697742866636,-110.31915719796956,1
1.1002685824547462,157.8140273926054,-6.596370612640911,0.7095572422463754,17.2570166177184,5.422786642375149,42.61647066925171,0.5606106433075132,0.3616787922555254,-1.356954657798343,-0.345794471024393,1.946686377973928,35.23545117769021,-57.38075684367083,0
1.1144437159675795,169.07885279726537,0.8737295016757685,1.028711196980729,4.8786494468265,5.900491177288876,91.92519074948848,0.2455932815864367,1.1362514674123128,-0.6049927136159048,1.244527605785681,2.011816611845806,127.86411502620204,252.58282809113007,1
1.1943206528619197,249.53932158677097,49.13099741600503,2.039280990467735,8.67293571582349,5.307323585162055,75.13019576780829,1.0187720061129222,-0.3402479674057579,1.231893491922325,0.988134583864503,2.049030833961648,131.4940771205221,-31.340873546263914,0
0.9943083683520092,314.88238412168494,94.93210486898884,1.5147526174732977,17.184978449213098,2.9768139629724897,-15.540484405161196,0.9720636799331211,1.0282505276474294,0.6749260662073531,-0.0073831833220615,1.9899080680001449,75.85278174900773,-51.56541867326036,1
1.6865356148895012,233.2900546406768,58.74472366004386,2.4933677131788534,9.037708442638774,4.343181879422705,13.258624984911844,1.1685397631235277,1.025393065837349,7.536117448077813,0.9783182346891466,1.979764079934133,210.46300066148484,85.21409543539144,1
1.200206681061176,265.6452841401647,94.79512456379912,1.108187318904854,11.10171333939948,2.6005744418852714,39.851010347322834,0.3685313014010203,-0.8141135760386288,0.8027219588417207,-0.1818031216200162,1.966033047555346,33.33655045773434,11.497768758162437,0
0.5583241567993812,105.43433110856652,89.89312353279331,1.5568928005884717,6.348746146165125,4.569789736083658,31.441677692467888,1.0145236562486333,1.2927642643929065,7.709203838274794,-0.1313240818919229,1.7349691605466728,71.98284443286073,199.06072895041623,1
0.7441398674542358,97.24402154353032,-41.53114531031632,2.166214894767872,8.521084604366894,7.869094696033504,66.9246747793044,-0.4732025029265663,-0.0964205337169222,-4.458131463410701,0.6133999445830927,2.057559882170691,162.70429220967523,174.45753149075097,0
-0.1873290469239245,191.26160796702567,210.05381926455672,2.05049799396094,10.37808059089301,4.387880899374795,63.35626912335626,0.7008361053310675,0.9244710717287352,2.674305421340644,0.347490418963547,1.900065740957935,97.42935137163866,3.585518176466323,1
0.4134679082977354,65.48374629847197,-49.87614088681342,1.614462264292447,10.625446113231508,3.9155480479400326,13.153316536384178,0.6821238076640475,-0.092788739718393,2.031844032189619,0.4162609520842074,0.3337194399311618,69.39560841666534,10.82355643729838,1
1.4377585690595531,-70.68322962152484,118.73633287477602,2.325973657867307,3.985376911954223,5.914642779397348,14.803422653126514,0.0851071090001754,0.0509832209832402,-5.916047994467072,0.9659516123823296,1.8303933377471049,-1.5078386335247842,91.54489181159305,0
0.8075269935282643,169.08222101997737,100.79780810960688,2.270781643644106,11.844310878771688,2.0512261349289163,86.3643288881679,-0.3620046432478854,1.1091406775164347,2.8849489693677333,1.2054473991831924,2.0855219573840924,-1.0766953460277977,-79.34891211197473,0
0.9059346155737162,110.07714798443274,9.382957610579822,0.5235790595424823,12.392284332372109,1.5926033131391972,-4.177990274627007,0.4439997506373629,-0.0126931237921594,-2.356153555191435,-0.571158567825341,1.9416245979422295,56.325029384755126,13.67219881684852,0
0.5281279739262171,241.2539838578642,242.7575920171506,1.5964062479613172,6.9903431103284746,4.856923796391258,40.99626925266693,-0.0408310309415259,-0.653274268674824,6.15111784443447,1.4780524958109398,1.992045915633128,16.97372933021743,-35.19554648635181,0
0.9292801026032076,47.42472317728904,124.3914286977934,0.999543904144378,6.603544126619343,2.950474708020102,62.57237310699959,0.2384494243824974,1.4738192109639048,0.5587559848373886,1.2484151961367764,2.0497000742624505,-14.091013292642089,150.3507570243833,0
1.5273737880225644,220.79891929129087,176.6076033376521,0.6560672191878321,2.629908494602434,4.743767267203404,37.16043580902677,1.1992636450610694,0.9558225333422518,3.192910791719184,1.6239843519337995,1.046425035817351,29.129898605378173,24.54198293343785,1
-0.2958705739013352,113.1502454600754,-47.03383895576802,1.0053704064918878,2.790805337916801,2.535870490944407,-19.58001461192083,0.0075360457952255,0.0774361896703289,6.301638031843662,-0.6273371599584028,1.7687558117465951,147.93275007694768,29.137335332991213,0
0.4863854557794703,34.8279093870959,30.741305529111003,2.4440016485207923,13.055610013638375,5.319151695614156,16.864964889206533,1.3179034743000608,0.7196226227174316,7.474913523671152,0.6509840447727313,1.683060405315821,43.07486202065122,225.45470447340963,1
1.3564973478497944,364.5801098650105,142.55314446550446,1.6757350586299018,13.17900873536027,3.676199848564323,154.31788222668206,0.8121246908665525,1.6118655302423943,7.450570981982046,1.1093588396907477,2.397136360472261,5.818878453500929,-57.11052414879884,1
2.036795727817477,-44.33584229643799,161.6837506820512,1.0097873344386643,12.319626780279751,2.834927716051558,62.30867315082104,0.8925098004356555,1.6639912810178452,4.5032126792032106,1.396367841330892,1.4507421780687335,34.6456174596795,175.3499209153477,1
1.0242120768423166,316.0564567120145,8.368726388741692,1.4607697224060856,11.072160914159586,2.656904497513633,-28.66721368264202,0.2638748424714219,-0.0017572368102468,-0.6437539345519929,-0.1638770610520025,1.8484169102274497,176.69318870567076,-44.414534809708734,0
0.5812841657290873,123.5474320032132,180.8695457318408,2.506918506642524,8.105444904466019,3.233637014473131,25.993425243573647,1.4868420591973934,1.027151670387174,12.54642984897384,-0.1546174842770445,2.500734744859749,17.85388366386841,228.49565557024297,1
-0.2900476885953866,110.90390186683584,-9.752264415759583,2.595127164756745,11.059009392523452,4.299136908179937,11.08889306413164,0.9933011744290948,0.4889701618692404,2.4180769411513823,0.6031808021537897,1.929593033053682,-44.346739822722256,45.35031483374427,0
0.0617166319187821,96.76588602994306,113.65444593109332,2.0000308278188177,8.742601673596774,4.5355845857944885,56.99801596119983,1.8886393403759487,1.6616161358531758,9.322205423395602,-0.3231515753979171,1.717662200337152,87.69187800050874,218.2237134364428,1
0.9719348004412366,104.38758020208888,3.5539072815328154,1.720358829904752,15.816232421798702,5.25126448653997,-1.9262866470609976,0.7228092124077273,0.2306210513613682,1.6441412918749885,-0.6132759107850281,1.982746136318666,11.27160017814289,-54.55255353489627,1
1.3463852233915232,258.6688491712053,118.3970224595752,0.9836595772567286,9.603935472051994,9.634924318338706,103.5714304254144,1.1451950736652337,-0.272265084322935,6.634635386955514,0.6287784188730657,1.9143579721042887,65.21190563621774,-66.43788905593675,0
0.8445334386963886,74.7352373261602,43.50593542430235,1.803412653207446,9.05889441949358,4.250381390804245,67.11493424172946,0.8202827726831479,0.8522303696780686,12.593383275843332,0.6736010829318133,1.8583828078602016,237.1165210528061,26.99588702202808,0
1.0183883897218424,125.90004585780558,142.27037759232962,2.23042399377116,10.274025802137771,10.01478335836725,88.85658778628587,-0.054024464289313,-0.0720968770766052,-3.4230849285326057,0.8883706605470869,2.339182438472009,10.3034692086934,-82.11390162465958,0
1.2747198218312028,342.116795451969,120.40846008866038,1.2738519838560662,4.260644410367444,2.568418649391775,-45.15463133594802,0.0187605080766808,1.1654364469183705,-1.9011417502700287,0.3291106914537879,2.152564378557398,55.512588337364456,-8.652542402447672,0
0.1087351451214465,249.2591526826708,-5.492359185382952,1.8810262527618256,3.976023138634345,2.7494257967332016,-16.38710421610856,0.8119224211663336,-0.0166970065394486,2.516187910507883,-0.1289234761961973,1.8960282413633816,35.620206521685034,29.39112684434855,1
1.1839911694284369,169.1730175700164,225.4597464531738,1.268699983832995,2.171270099177095,2.069465017850841,-42.331697144261845,1.1405406835745886,-0.1272555324794591,-0.6544083703696528,1.368676703504329,2.375450200721522,71.33791154949272,82.1841257356547,0
0.2364114409261927,244.3326750257908,112.90261102982376,1.3821350621226272,7.564580672864076,3.1911783017458952,81.2539696789249,1.0500264464991718,1.2453559122155573,11.777428690842804,0.991522870491102,2.283096984855229,-31.534287799788487,-102.42123376527115,1
1.1627313997313826,178.63457939174734,-2.2659502003806864,0.8668749275240838,1.1792006713292942,5.061022088854528,36.85703982977618,1.4438731023429008,1.4994156604351034,9.694862418109398,0.7880991511851565,2.12313727828958,26.30603891636784,7.914009345142361,1
1.1894172856628638,51.95555193831149,74.98219605305552,1.3509451149376073,-4.109394261277217,0.6597972739652302,36.44879754074481,0.9969785910574068,1.071561611044539,7.416399159089338,1.2813510359700366,2.2367102510555035,71.97172977012536,-14.10511377476154,1
0.983753338359128,181.24374297048115,116.9957257284384,1.1690798890525524,13.221349029131613,9.096336678432904,111.19473481786892,1.257370612757019,-0.5804099270740822,-2.0022532613971977,0.9131886858067062,1.8157706372386528,9.270975991558132,-114.59936173183804,1
0.416726496401634,136.61614397865213,208.88066200116876,0.9305690193789852,7.571667805665315,3.680866801822568,82.04782451922736,-0.4117216851289377,-0.0741641688567842,-1.3705322747563065,0.6361031818584372,2.190217424038691,80.53988594953628,39.38139416070143,1
0.6691347673890234,325.3937117777207,89.46188883255333,2.260449701244119,7.968781733397784,6.607789853966036,90.19752292323815,0.1217975320147616,-0.8047691916424137,4.557975485496691,0.7697102292354046,1.3582021063741538,107.55690966493938,13.639818864018151,0
-0.0052061819534859,221.00738434351055,106.476543607164,2.3625402116625724,14.832924435386976,2.871020505426916,-6.630694353834812,1.161054062733707,1.642347038475905,7.927039365183351,0.469845760722022,1.9329756747488436,11.521063924591123,-15.517827954708032,1
1.0088972876945634,294.63522856073985,22.457220255079456,1.8961295748760465,9.256871730765418,9.398000183646475,-11.15735647385469,0.9747810039086318,1.488596774482306,3.22109841715692,0.7642839231903377,1.6601131159665312,63.46197565938869,88.32956924665244,1
-0.0659766243980948,186.569441705403,-2.475384764893221,2.1511535407538678,10.27334410778945,4.1281251348922,2.185657417673092,0.1903327126448779,0.4900269275141769,6.645231928776982,1.13112282535644,2.1496311165369364,78.88700569594951,-4.426037263785453,0
0.1904716719547348,99.29467684836612,112.98035049744314,1.7996957261853153,11.128913409409035,7.895900640957198,74.72798223624952,0.5647676494856457,1.4276520344189074,9.597999068707107,0.4422876727739242,2.306665542519383,132.57471242211682,254.85923944689733,1
1.282886042489197,322.9625607290602,-75.14383572134075,1.698799739565648,2.654444010488935,6.242969525307938,-14.91445317603776,-0.3532797757897956,0.3057840976170296,-0.6048306711326825,0.2295579047692208,0.7178895649495667,48.98959668400542,47.63484877241377,0
0.0964954658719107,68.2189577493163,46.75110414201397,1.4630780738706943,9.700449580954334,6.730331045553482,32.269131929185605,-0.5870413555818172,0.0946645024747718,0.8172062092681713,1.3659189054646463,2.1539931173016784,-0.0419227451278416,40.66652469916141,0
1.1462640919954783,242.8250923207804,17.488492724275076,2.297258450593181,16.34271921338934,8.394085748336728,100.23293598539908,1.114772250662035,0.6369521224579557,3.494453896690896,0.9354073377206208,2.0973080400481665,40.19233341189331,-64.36036803357129,1
-0.2684275345670713,21.93294674194425,40.91385406451638,1.439047738304841,12.219152670344922,8.173544708638776,32.450349702904994,1.6742910382171277,-0.2616462979886671,8.060157455935983,-0.0954692872785202,1.6758843087411623,100.74079323324808,74.54616476017856,1
1.506047288293304,288.46138863589863,-13.790984819111088,2.1976691098142096,10.386819748842605,4.758292143938689,-36.0126751798526,1.2284185976624384,0.5650600539305779,4.80623592118755,0.3970543493960187,2.113279677755772,31.38194984271202,-78.19755804351377,0
1.1574338082642528,42.46975114641396,98.91152309146167,1.171585956626665,10.213054243379338,4.50528341579986,4.554150093006442,-0.129205584304901,-0.3523155431290915,3.4091029674261755,0.5238857930497082,1.987160564259635,83.26927593545646,-120.64054651842868,0
1.0868870423759458,-94.77365156863992,9.268984002889852,1.8104718165418503,9.453034278615586,5.7210460627456845,73.58146174067636,0.6421901963407539,1.4198686995482133,5.848930599512011,0.8625345558030268,1.8201748370433128,93.05095204513457,237.58090929175876,1
1.2676357319823053,187.41027340577585,63.32933632777221,2.5550147197296478,-0.672078627848018,6.587320331831685,15.733128327337043,-0.9976631414242788,1.1876067407626512,6.943657258840655,1.1541046425585928,2.148433338191873,52.86261635245963,-106.9333702709311,0
0.8974282225498919,279.0482297111754,86.15679052115392,2.023549751999236,12.96516851372244,7.600180219919174,82.01571665544228,0.9296257135346992,-0.0031270801805614,-4.963666002664875,1.195466177142774,1.8855327385825944,163.45119446300902,37.49518741327286,1
1.2131551739520845,486.8473024176843,72.87385445080858,1.956485004939398,9.326378641070274,6.784299503352621,103.0846977390964,-0.9151471797664504,0.236916515995324,9.813399949025635,1.263601211412588,0.7069539717183719,142.04750223821486,-78.0773139514599,0
-0.1852009286400932,65.4766562977531,130.4586802370469,1.8091687895975663,6.527031821573122,6.251117859561411,40.15225675750362,0.6156338016564196,1.0647926344256116,11.321939445428583,1.524355771674912,1.8312026911839616,37.74444857050992,152.58235060242382,1
1.3381020821504732,148.43958041615758,8.924615392277829,1.2727522055006268,7.476892479317606,2.02742001510765,59.01808215079427,-0.007339257804492,-0.0342235336861591,-0.3882001836192601,0.4997106151107805,1.866782169357787,-2.562009701528069,31.094369655516765,0
-0.1894513444297768,363.0652219607381,101.36724689189626,2.2926611798114545,3.465296926655993,7.179718295902006,57.8904632578819,0.1985224643704953,0.2127312286993592,6.145636592109304,0.277246152493091,1.8836527788105095,54.26117186146932,96.4529227490194,0
1.6864174079567291,-35.89754646455242,27.75143405478432,1.2839524130863689,5.360168085246002,3.363453250183065,-0.1293909958144254,-0.5837019885227346,-0.100155147387467,0.0871526992248932,0.0983229889442974,1.8590540739617727,63.48394360233871,67.53115004111237,0
0.4750176664895507,382.8362417611074,192.2257004684776,2.744740414595438,0.3537627285147753,6.4316091675982,159.39349063766642,0.7786706744671548,0.6875921847411761,20.540488806822463,1.2434643518167268,1.6419773060171676,-43.23379991892176,-155.61440496666611,1
1.3087669610146175,60.10321138011256,98.848062861975,1.4984579006270164,15.02730103173374,8.302472797705985,6.982971507419375,0.9903691318010024,0.738213794248173,1.3275315089685449,-0.1497543819579221,1.7197999750866726,57.65340971310862,152.98682203881322,1
0.9322221362537744,47.97499733793812,212.88057017146315,1.5143666503708837,10.782616055815849,9.745586889462906,-0.751059039177207,-0.0583521184512892,1.1759633850712587,3.1816070597094166,0.2466239229730205,2.1424569170750933,-0.4925511877360762,63.14499434005213,0
1.122064203765011,104.78298317082552,166.90404374525707,2.8934876564108185,13.08273258215431,2.779789080393368,15.557027993643697,0.909044041567044,0.0613410581736884,-1.4029366190785924,1.1858369844794372,2.3685501079789533,40.50679908351401,-68.65854748606867,0
1.5443049136559988,54.723083903912624,-89.04917603099305,2.020868055518669,8.62791252352503,2.249781304351756,8.551136515206622,-0.1532677436066452,-0.564645445174672,3.301020869635715,-0.2387352721258228,1.8968581175156287,98.86726870428528,77.28586044694146,0
-0.0385394599319777,440.5870953205049,292.3699093560589,2.540016497764752,5.456478504456811,2.875120237782962,130.03240965636192,0.4729716737696278,0.3744990773478869,14.819540586030968,0.2215728040891855,2.229283415961284,20.487354247066044,254.8233078316016,1
0.0297729411875952,214.5250836405571,41.55406625380631,1.639271192865302,10.122387173492426,5.083545959273882,-23.872919060361237,0.3603798367957184,-0.0674404547812481,-3.831579131343069,0.1927764730127616,3.0550664258980933,56.075213887785445,-1.312578154091682,1
0.9966774494382318,-9.225310007521472,55.146756355956654,1.7467041415278404,15.646319896195514,3.465532451283663,4.632835178120594,0.3221124478726155,0.0100352985248173,-0.0208617550496299,-0.0127148060917551,2.22685733975016,43.01670806336529,-6.794630145640596,0
1.3253632162733058,45.55209209743733,-25.79938004795345,0.6004303086792206,10.323470402894566,6.326675287125191,48.56230234245472,0.908484141360215,1.4506350829359644,0.7960282054993808,1.832960743287175,2.6203297241116683,-34.08632777803399,93.97956570875704,0
0.938837684979122,216.93276783871372,26.6967922415702,1.7629059898955988,14.022763704247598,5.775081113565462,5.521906844636,0.2413288843562414,-0.3123060876183789,-3.059635755419737,0.4378140267922438,1.5674876151234591,74.33203145646051,-14.60459170101985,0
0.9862389336949005,-34.61602060272054,136.91870878496576,1.897868589961748,13.96467652240263,8.81182306200385,57.40570953975976,1.3110670871954186,1.4046026653553276,6.955458806856907,0.241268933825175,1.9906834574221155,71.55640243980578,67.25403047463044,1
0.6090220419310166,121.71366720503984,-45.2616660713109,1.268192460889426,9.317104842493896,2.7255319753107745,51.92278916134183,1.4705408811667882,0.7395690352256206,6.022857339375393,0.7200028572931044,1.5315030516747137,133.83363281763303,-28.07457818357621,1
0.0185142130987752,318.9016838858908,44.03258680795346,1.680142965917219,-1.025012590294576,1.837543076858232,-18.258576989349077,-0.8988602074046401,0.9776115538776998,5.927659207136576,0.6844886442524463,2.0448699369889143,33.517841280952055,-24.137756492132446,0
1.0336650679646806,331.82046111852884,60.12456885399199,0.8720990918976539,0.90645731078377,4.925050714352554,123.50981954657752,0.872010842937021,0.192693959459333,3.35332172895905,0.8250829404776863,0.9379864790917958,107.59718107576803,125.02879583533613,0
1.416635067806138,79.91959532342482,50.00053833186082,2.162631046413382,7.747869425253248,9.42099163562154,24.596431271570573,1.3348986945785426,1.0816232940949675,3.289849974073393,-0.2678152960199034,1.8399057364845952,133.99539040787295,89.24022737646712,1
0.9369993299716264,152.11671527828827,75.96866689575401,2.0433466467821217,14.088608841936516,7.040984947656395,20.530343597418977,1.4488219947490943,1.15922274492911,-4.006803043340277,-0.5189483638278323,2.381024145509933,16.75527631658646,-46.06254932111161,1
-0.5564769913998401,249.17696186809147,18.77025596821415,2.069345036092427,17.508416726295643,3.259144480476493,-12.39661133410253,-0.2325490536519688,-0.0809599186913583,0.6882846913240388,-0.351797059056328,1.48652683538648,80.01201912157276,57.21779528996332,1
0.4041262189538792,161.0592692499895,75.14303818741377,2.4487278946422117,5.999310080118661,5.083395843383422,68.38911345271264,1.105264328713158,0.9405413580825106,10.99175971361028,-0.2264903919263504,1.6008813490373857,-53.171327973711314,168.15869270332414,1
1.608226487177718,298.52784533041137,-11.81666861415357,2.2740108097490026,14.049883687995903,7.317612544743979,-36.892537122219984,-0.3933528752667861,0.6244276025638125,-2.6264803601929865,-0.5600907052863189,2.876600534489448,81.47256040969815,-5.322586960869778,1
0.9378034787944494,45.78241070256618,7.301530079990954,1.1629450086065631,6.576581647882932,5.925979599553735,-5.433470418866818,1.073270941809643,1.664028347057728,4.54825364581594,0.949757159099098,2.072544670181818,96.19425324567034,92.54599174594748,0
0.75132723653708,186.8226024441159,137.58398890648732,2.32269563062766,6.4121910981488695,3.3009183743603114,101.41018842508956,-0.1142149300915784,0.1843796391268913,2.170894334924961,0.8379449606538556,0.6626147015050119,37.7323789770828,-11.612823623509207,0
0.6020116638755708,167.15348156236834,-37.77156471435106,1.6295392108829838,7.255830449541954,4.758885390703025,62.34248398951793,-0.0404792294751951,-0.0151295082309806,3.1961936076204025,-0.1318297980941441,2.0520150314537613,139.0797677404849,301.75695627759643,0
1.4474775527008823,267.9345880046534,37.725363244619416,1.732033058307154,10.980247433787296,9.239802758721442,72.1433517052677,1.1514397494478708,0.3140587671279753,0.6976035882802445,1.4277578020981037,1.9227639539570869,-7.382973349621423,-59.34104497110702,1
1.512892511029644,212.37173009968515,4.7333316647196,1.005076854894292,9.035282336678655,3.834035880138359,46.96561753171362,0.3693154855219026,1.0389729086922823,4.367025794529575,0.0364178837765799,1.7984662042364383,-19.105752498688236,15.46698636410649,1
0.3391307004304082,377.8580851822154,-11.70409756024148,2.358228595849473,15.036208337980348,6.315052112151252,114.2208224781948,0.954347333100236,0.2331029541239354,1.7904597493848338,1.5066448288494294,2.0191369305725395,48.41946695081738,304.6775812187313,1
0.5810270982371564,137.81886350198693,222.3953906482539,2.2803403070365618,15.366680953336656,9.232067455383634,44.031366268634585,1.853249222581935,1.448122538820637,1.2539803372628755,-0.4360419637927089,2.128125173796003,-9.907577239309404,233.37589285235205,1
0.2184699981491861,148.5032542257746,25.0391487137503,1.407899065860471,-1.3342910963863766,5.595387001586929,-10.39410463052954,0.8066089755039626,0.4169830565569871,0.1683653102796696,-0.0736195477028479,1.8148282134225209,15.81616936097707,202.9424368402776,1
0.1345829924614109,357.6124639510721,78.11474057743081,1.5339935342841229,2.68387545596881,2.92878025524309,20.1179966214846,0.1686828356138228,-0.3222763766134708,-1.774026008680643,0.4185343611805522,2.302423916961488,112.27485223498309,132.38549011198512,0
0.579946970027883,408.3831874335584,-10.937991144558907,1.8421545788056877,2.3053210600863414,7.369229753960335,60.95722129572202,-0.2827521566577194,-0.2316256553658766,6.684650588008283,-0.1910173312963041,1.7454980903032702,108.0643946316748,137.4846040162104,0
1.2845541212494165,252.8787973998257,121.1233844525787,1.0742867054183454,5.796870573903852,3.7401558395932657,23.293134660688416,0.1332916157900741,0.0245009302672501,1.4720495176509796,0.191387219700734,1.925342057942204,69.49431421991753,106.42277346988752,0
0.3848333751792455,252.6772828919572,75.38197038465869,1.3692905776663484,0.5107143125792941,3.228068393434522,123.0139702653303,1.2551891558964532,0.6199070394674526,15.108257662602842,0.2130419107454731,1.8745330686214785,16.639780417367902,263.9366142429854,1
0.2575273257452758,48.178995717179816,124.97957155134328,1.899598979272876,3.439048705198134,0.963876713101666,36.08048947631767,0.5583741188986053,0.5042667299458454,5.131104092852612,-0.4391626338247285,2.122496260050754,41.18533376829701,113.17675168147278,0
1.7564460438593716,264.808228597163,189.57497076662565,1.965919083905569,3.410015138665964,5.6184709100695205,150.0902628189678,0.3614070824950165,-0.2974139048960463,4.320527890812023,0.8467654156156885,1.8756979836082937,81.61646713953544,2.9194106765496883,0
0.5547111466828829,252.4309874997593,53.409173513224665,2.0348627753447017,0.3777851689908971,2.335823098943097,29.22232633517267,0.5149209259317851,0.4664202866943219,-4.455454277699501,0.127706155938748,2.2577448533812,11.994534693524637,61.51192780036733,0
1.441927577659408,153.65614172503564,30.52372507807204,1.97919516576602,7.282345517683816,2.348442415613427,-14.097716563656618,0.2371278872412817,-0.0931588089954426,3.2187778119290797,0.9942206400624384,2.178087133668079,43.42574239602908,0.2538211625227831,0
1.3654708133844853,209.15115203386284,170.95656311462682,2.005256388241065,4.087184811456891,4.1204205615604135,43.679564103189065,0.9560561581830982,1.746066628176048,9.291523903570567,0.314584309152,1.984855722963152,-11.847248010755564,202.0429424842929,1
0.8722824512066157,199.6899599992016,49.35337371012948,1.2562737410750744,14.72921419329246,3.5927278718588287,-14.49593450978196,-0.4431867723942621,-0.2494300019174237,1.067336256311393,-0.3329889236315022,2.024379972684003,25.154848582247283,-101.55960379108753,0
0.8802110148918997,119.81293616515126,71.87263882757762,1.1986464890613773,10.47453325895893,5.281743686968103,102.82318563578,-0.026272076167651,-0.5653354455565293,-3.60812409721334,1.3288723024263551,1.984836002566678,72.371089649594,-31.94977990281202,0
0.1454029823188574,483.3117558884587,114.7623143729232,2.0515405088780896,11.787782084513944,9.22878540576646,109.45126897792014,1.4234323512277842,1.2182759648046328,10.03412568514477,0.2212035561720262,2.4986382141800982,36.32159021561006,-110.4978457572206,1
0.5472740387580658,40.62945499512787,27.362703893546225,1.02128693813304,5.716732450824837,3.682415442824652,11.582713764544746,0.0671283043563334,0.3270612712678022,3.765427655222856,-0.6860090964084575,1.4296275477677725,115.2676410278236,258.3372726163636,0
-0.0088440949962795,294.0632919436147,76.27247887183668,1.3910375737910798,3.563229655141438,8.566469077060397,46.86636833680924,-0.0840735501691182,-0.9219914306426672,-4.282910984537086,1.8690218318385368,0.7227067380375756,141.93922965502037,-56.67611890828032,0
0.8972669997620427,129.42760854131825,127.08886657809244,1.5618333185061777,8.442026543866874,3.932100421772663,98.07944203414291,0.7339681413443218,0.7121236828652997,15.338960090771334,0.4262022089252978,2.5805707836432816,66.9079085884666,187.4711079668233,1
1.816172279735576,243.41065477642445,299.4624288908857,1.470608872839158,7.458398451072519,5.272247819403148,12.174133082652247,0.5324694480348847,0.548789523198129,15.29671645473671,0.3292066570837744,2.180574442985132,121.03032021104998,17.660359548045804,0
-0.2100663672359931,223.3746296409404,48.30186648088227,1.2174511029893114,13.084483473995736,8.860293600390541,81.14277690223568,1.0367275253177803,0.621773717551995,13.860269436744634,0.911984769153185,2.02428815508371,-45.55011882878367,203.1349857939876,1
0.7875318809854224,169.17636105022316,104.02272898494002,1.697693062286504,12.715642132169949,8.151612559885006,104.73179743373063,0.7433220667532028,-0.7747465537540067,-5.567728930655078,0.4666437700711764,1.6667088631477367,156.93937842613565,-72.40859297088483,0
-0.2429305805088555,36.20738861020389,59.08761960474608,1.4181066895147791,7.873456044151434,4.034366042608362,16.299190549404443,0.0963172852444635,0.4259012946896415,2.4759736301703548,0.0706116553997464,1.7977265823673232,96.99285313637512,-192.38259232188395,0
2.073676738381,63.119142058947816,-21.92912000851439,0.7463934889041031,5.050820637463501,5.584901122289993,-6.24363309237728,0.054070810203433,0.9732937789758048,4.506652508734245,-0.3585926246392527,1.72701224295493,77.79228011684698,39.10683149105746,0
1.3950689957401892,167.51839076731454,119.62041251540978,2.130902072825115,19.57198873860863,6.747500891859572,69.09966013708716,1.1963024593516676,1.3328355631358368,2.6926124603647463,0.2727941592005629,1.813687027681418,168.48409269613035,61.95478405577661,1
1.7574688045612974,170.4077250015595,33.142587434192286,1.9689542101052333,7.378667868315851,6.5828729495429,45.50053567129669,1.0748437466093412,0.9159480420826468,1.826752924044796,0.5524893577864792,2.0009404439072105,76.51641395840734,104.14394102358872,1
0.5375701701432825,113.94741641030213,78.47590984272047,2.141425713641522,11.153061586481524,3.534110445830009,22.329017329429035,-0.1323503011920044,1.3649531525411438,-3.436413946193668,0.7706448602899485,2.51899041965556,44.45813241994374,-2.737764964888676,0
0.5756959935166275,140.87706534778624,26.367836626916336,1.6883387800347665,12.120012609145336,8.24755717700648,2.760176007846937,-0.0291140643630786,-0.037850480907073,-0.2600201561246575,1.0592191614525326,1.8365700763888424,181.14486718375943,0.979310602811026,0
0.7971308943949297,313.3199717679423,-50.90760393552564,1.889714599658648,9.284975468380583,3.3060971996462527,97.19090229792536,0.5064835011759594,0.7630067826747569,2.89921430040448,0.7612427788889625,2.2617798378283336,75.93769760600594,-4.271139968381,1
1.071144092489828,399.5545879264885,88.0374211596332,2.5867851227785725,5.771955149306804,4.622761695337095,-25.523730566287064,0.4499106668396308,-0.6299748224405831,6.485822684381775,1.084701421620181,1.3273547569365696,24.652425717310088,41.37866160442056,0
0.8950067364347252,129.2533322483711,110.94860297087834,2.690168464575861,10.333166756825545,4.599863843598136,3.2194918648874093,1.3583994588687376,0.47516720137445,-1.843592506188052,0.96720495953064,1.5375742784307265,186.02472984323936,128.50698609094107,0
1.414965903000602,140.25806713876457,106.3849587756351,1.3529993873708313,13.746736768753545,5.983049503450658,100.16698128700662,0.4336889983274559,1.2427759033388908,-0.9298318379356908,1.064197672920684,1.8804768574900348,136.13832863334832,6.5713876992384,0
0.2880058667083697,250.41503171271572,54.082952453143385,1.8726652188167057,5.476089859462131,4.933657232471221,60.15893820620303,0.7618743815400206,1.466527255815279,8.974627442620857,-0.2471197398334906,2.41533614620278,35.04773689417249,88.89435769752257,1
1.2490076547696014,74.99713255581062,100.70891908124642,1.4527834209729975,7.772334575560628,2.955976220545227,22.29423217023811,0.4192500823471531,-0.4125650044825339,-1.478358663588648,-0.1513172166593592,1.6543019878011254,-54.74332400896084,-49.74504152544561,1
-0.5337586166715623,35.0584371951722,42.45565512467651,2.9019687129424616,6.054582640296639,3.546827025989235,8.233751320808768,0.0900513249000284,0.1605058185644221,0.8170969565266768,0.4600545371604976,1.843406293521399,76.6572562193093,52.2500880210782,0
1.5677285442193458,316.7253011962606,148.1185004686767,2.1715747714041083,7.3782523269843,10.97364096356328,142.15794994067485,1.1088777602864126,1.2888729240082215,13.9037329743798,1.0723988852738795,1.9713095645013496,64.1406366519433,60.742367177527626,1
0.1906514950547737,-8.708864791419273,66.31397245790065,2.165994486263254,2.5260114196550205,3.202066358629322,10.137552871059215,0.0222743966092007,-0.1228617717813543,0.6453700353469025,-0.1067113785148083,2.038721430929912,149.68134169249333,-7.480889949638602,0
1.2881583106538137,108.96035323879296,72.14045522348417,1.9735486113352028,6.096718900974856,0.7882355807432329,62.48036604435332,1.0789873779154528,1.234467871167826,-2.5834477814635406,0.273161902753646,2.521457892095502,35.07518415477115,62.192413251786185,1
1.2910174569240889,269.95949933820566,51.46985695787679,1.9133317726550372,-0.7929009566973999,3.383382636857723,64.29784587717054,0.102506753482749,0.605880378343408,0.8567707265654216,0.4249680628812741,2.2739378505647503,66.92746541188056,37.71974129447798,1
1.7153818081155356,91.13319271565176,166.5858816157631,2.091865116958604,8.429347122269277,5.882602347449102,25.22063163306546,0.0939031092698272,-0.1749691882519765,2.157139755504299,0.009023634124084,2.1963684047237786,132.99348996445607,24.32104675557904,0
1.0456370366032943,93.781102463883,71.90350656905818,1.6032841566831353,8.549679855613808,10.18287200433222,-50.52511149781055,1.076267688187328,-0.2461592498155513,-0.2703373338748003,-0.3831822389995582,1.9569668443667056,135.1757890550681,-77.07351602498312,0
1.0675118922374491,60.35163932365161,39.82762905492523,2.3623275137574504,9.335372818885396,4.2417698425027694,11.489496108189991,0.9644137598021394,-0.3648332378856872,1.2415740032485385,0.7370040878233719,1.760169193958177,-10.611218125859168,-21.14256935202705,1
1.5391354293086776,128.30211681541238,8.399495499815345,1.3342675861316329,1.5947063652160232,3.1650728502807963,47.15156128217223,0.4684630107324858,-0.1890803289705481,1.7277301642140197,-0.5117840827181783,1.7727206916934706,90.8671805979648,5.939243479668782,0
0.9275518694509164,203.35080318800897,28.04152807499539,1.5816177473910158,7.236916589959557,4.779870726007745,-4.257581001342693,0.2796548938991855,0.6639028169735854,0.5501139569840481,1.73252621981009,0.8447727130025904,53.95197088440507,31.20085339707272,0
0.1874200936898526,328.7082951204944,80.72774154375354,1.917135518170738,3.672503936975637,2.053073670198673,-39.06520525147872,0.5034275108355656,0.7104044780541472,2.6381179811012063,-0.8605153101542613,1.996643764108168,41.20778940893637,-16.476413533619443,0
0.8643944312600128,301.07552958946405,232.06588947933452,1.7953286158370922,1.786173563470559,3.9520870107798896,41.30310862756876,0.6734713752147814,1.4249384525154178,8.561497629220868,-0.4635993966860488,1.9890506794221137,91.62589060505832,11.19340662086217,1
1.289749652268567,0.7224230005525953,88.2548653763068,0.9196600013775932,4.06841182461475,7.978104485311003,50.1461156179027,0.4640618295968646,1.012372995025399,6.525390346397462,0.0623007972561652,2.087747820194716,68.63225802878692,-8.448735624395852,0
1.0576416618857625,130.75286529745918,50.85368611913584,1.4043396575510207,12.413579446464716,6.689609916136596,111.66162377236594,0.7361990926651786,-0.2630328161143992,5.157088175040422,0.4209060228997764,2.0529608622905675,121.83650998347082,59.1830202713362,1
0.8907487196979786,162.0031666177368,90.76254625747414,2.353700867927309,0.7351325473469199,3.433293800887789,51.022090520982665,1.2488764155420018,1.2990799982243826,17.71861445973045,-0.1476836271855853,1.8826518863758777,51.63198772334867,56.18772331566939,1
1.2560059259817118,368.25636113139615,127.58684206528,2.246979511838024,5.421290422089927,10.555091520392864,125.56191029646408,1.4494128662809724,0.2006173125445581,4.357986678383287,0.4549112024864522,1.969100406632308,4.471905783028092,166.94941598015504,1
0.4391641153986877,-19.963284291598683,-15.040536188063797,2.357468638624894,4.315928282433825,3.936109380372762,-22.794693245441103,0.2989588754614152,1.8161597122724795,5.471469793077288,1.619065907387513,1.7852533694277617,116.26372818342598,-56.23635190222635,0
-0.0940466050640712,48.93300493657118,34.78120409996431,0.8641439111135951,0.5040861200698439,4.555047426006143,69.30104923906919,0.3488103267772154,0.363250879738313,-0.1257787036252793,0.9740293929300978,1.7327670054944615,39.88957798418621,81.27255245826575,0
-0.5549731738559823,220.02724162903385,197.63630996759971,1.2116163959486277,5.883742277380387,2.273468562047392,56.12604374649179,0.5424548889699182,1.1784018423970468,4.066230537046317,1.5930491795690762,2.001709271782874,21.869799437455026,-14.244213847670771,1
-0.2790443080143561,260.89754402027296,70.00213238885016,1.4830955145069915,3.0709067200183355,1.0272948588515731,70.77405769817534,-0.1839257648647912,0.1378216400177644,3.001810076696948,0.6156277363889131,2.009259070523424,-78.63790810957617,18.07247914053868,0
0.5294402953150747,420.0062108532789,7.210644391471362,2.418659480559064,7.370478635114608,3.289055585870152,41.61670983022221,0.4476298201958404,0.994216105041653,-0.7102965043406986,0.8325311870586857,2.234847490788963,10.964076963154774,-75.51809838571833,1
-0.3463996880616901,71.83200113190472,59.661399940880926,0.9312355372453888,2.006726090172398,-4.768362547609911,75.40404165314843,0.2404646732506953,-0.2505009509132665,7.604643028087946,-0.1471356651356019,2.03363434551844,-18.09456117943226,103.00388661475468,0
0.896403988968128,288.2992763492833,165.83296311843392,0.9616600012824064,8.266813337038021,3.599516219012421,-50.948445760927605,-0.3410097231216715,0.2317832684057024,2.355316723630128,-0.6636426939815567,1.8161568104225705,30.196975227190688,-21.5662852528752,0
0.3822197539239544,141.4090694834573,65.48969313161012,1.76350855043303,5.142815237618676,1.5000391555163448,61.91261483283063,-0.1668677581726467,1.5750100714840207,2.176998282134244,0.6054008844871205,2.0651508563788545,57.44605724898236,66.40111862306286,0
1.0972585054875803,256.9480589240597,94.43701684980827,1.770449916923807,10.567609138906253,5.702753344480129,13.570448577642937,0.9682600989356848,-0.0395277033060646,-6.591244145591879,0.9070028528984516,0.960071635457904,129.71664122158765,88.427041615238,0
0.7677628653102676,24.32263461929533,68.92578920916186,1.6318283793402892,5.265922390060187,4.106615194759652,-21.380008627402447,0.1684942877099006,0.9948195775972024,2.2427969511856287,-0.0437979907729892,1.992897857128517,46.84177040288292,152.51357201805658,1
1.1520173061940682,512.888321233288,71.67558236342704,1.9118305338395865,9.975250423337307,3.217198367034295,143.9795222067739,1.2005756326260926,1.064044281309469,8.732065628986437,0.0070938560789314,2.8070718125548426,6.9326821719646645,13.057888290212802,1
0.902409220459692,64.20974723657112,135.26799051915862,2.14990293402393,6.52957510501175,5.6408199226786255,117.6319513438981,1.474568442545146,-0.130740286672773,-0.2926979673230332,-0.407218970008068,1.961945297586996,88.95559646413487,-61.42722342859448,1
-0.0805825607469066,53.68305583019722,76.8400207384021,1.434844286803334,8.620743833421406,7.051068777305423,4.31349717098783,-0.6635111509194704,0.0962007632866958,4.31527946676798,0.1240562638656558,1.596726702790991,106.14677188730492,46.81731602350416,0
0.7640796967319106,11.855448205262178,36.601968324680215,0.8065824461850498,2.727928823031754,8.036979097968528,114.4262801233443,-0.1016166860569225,-0.4303939658233264,1.6143354534370786,0.0931676866485953,2.3449712979301123,93.7357117883963,139.0353601201268,0
0.7523856354487971,259.843551474673,59.05000329351799,2.591792919595362,7.137831688837264,3.631042156500531,38.83162901737828,-0.92151894223735,-0.8469562550256179,3.7271519704076193,0.0256081379256099,2.0635650198961435,-17.993696370278926,48.565411309242,0
1.1018457794367191,121.35676360209516,133.70580158292847,1.6912142249989388,13.687530377164812,4.351564092136909,34.520451701413165,1.327194547341079,1.5330521427149648,0.0626579857408624,0.9962165438619708,1.5620930399921,106.6557651292688,244.7116334240641,1
1.0753814931436412,-43.83638778123756,112.7258125095505,1.455861675263434,5.209998113326435,4.6150523550018825,-59.36324626478102,-0.4909189660856503,-0.1235378449200397,-2.673947806815057,1.3025439585495486,2.5069278068125085,-8.122382532449151,-9.710014649053882,0
0.3556197532042522,137.33000104878053,103.9887972170813,2.0768169729520656,1.7635046948493258,10.220263024368194,100.2746266875044,0.1787090844121385,-0.5332162924909922,-8.422493272643667,0.9008488023537304,1.9521867929963015,-15.638608329510165,67.61646424266883,1
0.7014988120436251,284.3398166887449,176.74438851039912,1.7727293453036923,17.08910249528435,9.958782158817066,151.32013266388194,1.224758601058098,1.5733394509924352,2.5549459615372045,-0.1346321097728652,1.7799480115662376,5.673561093426933,-34.28470301115113,1
1.289794567158385,386.78663817938445,100.1773845316674,1.4060101702955137,3.2677118767874687,3.4065467612354983,-13.095839440429444,1.04306876684071,-0.8443450612381681,1.9140421381964576,-0.4504131508489279,2.050668761615963,-19.19794117729424,35.51932347510704,0
1.3469481023534011,71.30332682594367,74.06596796322633,0.928750548503992,5.924306157423262,3.0476365052867536,3.7825640678033,1.3023726068161432,-0.1729713778313215,2.7764759173690394,-0.3441949797799045,2.1926523340507007,40.26814227426108,54.58782474093452,0
1.2955838547583802,84.3677945314674,69.76244336443193,0.7357742268374918,8.203881787056758,7.250627249005821,15.2467239985671,1.16320671415189,0.3416755029770515,11.209046305790515,0.7979049644317646,2.2666327763211016,48.17142814241852,255.76257896168065,1
-0.3903622354807402,103.81876307481168,188.7147594607233,1.952608867634217,11.219349407567517,4.966564209075022,80.01864495265275,1.314031059973824,1.344544395521832,14.922015215359764,0.8407214293385625,1.883735639908521,68.14286452265779,51.57640532939518,1
1.1274004064775005,202.83394931658177,88.78982233452072,1.6100203614855382,2.8281359651437,6.916784225879,115.02005400503184,-0.6035993886079594,-0.1313495130665984,5.653961702355026,1.2151694016986208,1.0495591209295965,127.46692920268583,-22.6981716381353,0
1.1226961794060872,378.42248799203,-14.118424763126768,1.0742291391410843,-0.5017326990697644,3.0743361497536306,35.46978602224284,0.571996256389126,0.7573398983668416,2.5356777717763865,0.840513690866951,2.63267453138174,121.24019662875898,-34.26535769094745,1
0.9163408974324994,-42.97632912263356,11.923797582273451,1.250496179953641,1.9020435177248365,6.270055329543014,-0.9678047975884284,0.4788921794056042,-0.9590798349279712,-4.12862893174119,-0.3908385948297777,2.3708573999224463,56.07719010281989,97.37876968852636,0
-0.0654921701478632,301.70332459702007,88.08137604677805,2.0135988974564274,0.7221998188107648,1.0064241728791583,54.0370600809262,-0.9847738174491568,0.1583240633848505,5.138681260998116,0.0061524979722008,2.175153322068914,19.544650477610148,53.27435218426319,0
1.1004134758701205,217.22010437395,69.6359409472339,1.1137701129940307,7.742363974309081,4.413083470677703,77.43028874801682,0.5162637272811793,-0.2023681321261741,5.9269235528864925,0.507864128001694,1.462778320055094,-56.98288297437647,174.7974227370055,1
-0.8267996672630805,102.57198691804793,73.28689941678867,2.0668217549104337,20.589384501331587,10.09938841803313,48.224717324945445,0.591557170720589,-0.2157209432802204,0.6749898299471617,-0.3283817130814432,2.127021391231856,130.9905494984181,-66.19865208081714,1
-0.1086801893695135,186.38552019148568,-30.54746182025542,1.811140691899206,9.140016420697002,2.960820527024258,-2.643138330483893,1.2838302953000524,0.4722758536050476,0.8458120017447031,-0.8304100088523756,1.179180051564996,52.93368511916231,20.06711989030569,0
0.7575449080968022,243.62363133579888,118.24570823720148,1.947554575101532,5.846388305672154,10.142264865840154,154.2576856467848,0.8702266932498695,1.2698476480217151,13.763823028199424,0.3048441756372682,1.6588054646266932,-4.709800861030992,134.41635310441234,1
1.247081517377147,189.49697849029187,-41.207328193283146,2.434090462031236,4.109434276422853,7.602442774620775,107.79277324453744,1.0037919615902593,0.1610619957290796,-1.7991457211529551,0.8768052561075375,1.8528884046632736,191.99463067496964,-10.661895811379146,1
0.4031598246018376,364.91153081831976,72.87685069262788,2.060158480039237,7.222806610356684,0.9815074993443016,-48.98034443806319,-0.7793324915298168,0.1595170377515591,-3.668108703743936,0.5317318264945264,3.007676789375035,55.4280625541638,-51.10467476863722,1
1.746843291839784,60.373799511559085,34.994850375760336,1.496595541683854,6.526473059610939,1.862279483733686,97.35143950400672,-0.2487028945263644,0.3187824634085197,-1.2288379779834635,0.8083177492515738,0.937677653372273,51.32573116267191,-115.69084070575056,1
1.114110829298966,248.218523151653,-35.10913171184319,1.6688755654178578,0.8409260752012102,0.3965274158438729,8.624872980086156,0.4795134788072224,0.8647900336748098,-0.6243343325174435,0.1375733351113506,1.9171007170991736,-4.117567939106067,-16.01585981908746,0
0.9523175131749086,150.91704114999692,225.40045740401632,2.1743925529072285,13.378242299541832,3.346040612553936,97.0802830773691,0.2303209750645916,1.375508894941438,-3.0863552115374864,0.7080651340202704,2.1062938133017424,59.57126614504596,121.41328008778626,0
0.8989022282173014,119.01927599118812,52.803656649585626,1.6855445054637723,10.688064957821126,8.048981708833598,-6.705400332952699,-0.1543566343382204,-0.4832551808435398,-5.538714326190845,-0.0494982760019072,1.7467381985588453,154.6739251049867,-97.80630901827725,0
0.8740143296708511,116.26663476234882,89.38148981329138,2.3751167750789874,0.988562375032946,5.910525100763308,97.29970803248474,0.4937772584312235,0.7547925517073714,11.51421133167269,0.3668427933716569,2.1858952927297763,18.610219690257424,186.0798013870533,1
1.1019023235350878,301.0181517512956,201.9315288378508,1.6650126415024071,7.20317481108025,4.711287552246326,153.4778259651314,0.6579382283532121,-0.1451429378134391,-8.265347524239928,-0.2631865754246397,0.8668998381256543,-4.96692029542762,11.22588768991816,1
0.6412317823040956,32.01897981254017,-11.53057586500296,1.5841824312175106,2.618164762082235,3.197009728824685,-12.73128492677838,-0.1340661233390329,0.49555386178534,1.682741926657192,1.046800930338778,2.0432761682864133,86.62964710181946,103.25518896895488,0
1.4387409150647588,214.861728251494,110.89930343322378,1.1326030736651498,5.182096068261403,8.85396132307995,139.96245700496348,0.3290784677998875,1.187826958372987,11.91158623107523,1.5093388220785802,1.891724676277064,113.66491685237412,58.284381427682064,1
0.043473569183188,183.80532255541405,29.33004894826797,1.1742966702137916,13.403204837469875,7.724504852889765,91.67648058552572,0.3813827257707844,-0.1642849972307056,6.845556091627048,1.1905639682760418,2.1429727917264003,57.49162087590065,240.37269346230707,1
0.6924637512054725,15.143464546709112,-5.777530898741063,1.7933787166905089,12.438826903093233,5.06407490828383,60.76394221709518,0.9627118091568596,0.5665701242915473,2.241309793870175,-0.4981159741074925,1.8026381854424944,111.30125530036432,25.72491602457186,0
0.6685039942238451,201.3167923475875,171.90657907286698,1.9565202651769305,0.2162432638722213,4.166999263269149,91.19766130631832,-0.1585726435183563,0.2040763227368197,2.7916626479374607,0.3764807036747964,2.3613093349099383,112.03688801042463,71.31447552555385,0
1.637004466396733,144.8715033117623,79.38728123471323,1.4783636974156995,2.987322102574528,5.881911187951253,-1.4108221204612192,0.6628552295933908,1.1848728929467618,3.7962685011772823,1.117000973396872,1.6414301531916826,-27.55425929532427,238.35611643810927,1
1.0850978816176933,167.22028899527012,93.42520817263922,1.0732036164146042,9.646631042891684,1.5524993050044236,116.1999555930684,-0.1404669179241869,-0.0700567484001297,4.59215557177585,0.6953220144807891,2.3429400180095623,154.62230908404246,47.4814272406482,0
-0.4081936941958243,132.96437435043197,227.1188213804782,1.65027552608808,14.07532630027559,5.662034990825024,8.408078451145052,1.355309465077175,0.8170943116507171,2.146616610590532,0.5215363170702116,1.8354421070744904,170.91658150549307,123.50282030304696,1
0.6760580921344087,3.924422218720622,234.23610196282004,1.501300762806038,5.899318372065916,5.638087325961352,20.31666577883423,1.144263252124022,0.1935279048557983,4.407405283263245,1.0350308167022824,2.3579089617008684,65.12874284182038,132.54088156647995,1
1.0607006769628442,171.92736209994555,130.74625169951366,1.9904040816043536,10.134295131830658,5.393363880745305,-26.429501755159407,-0.2386235154672845,-0.1567448203337349,3.0290805383835595,0.598843581234146,1.924371640149488,155.68734615387717,178.33033298484676,0
-0.3986158565261223,282.42785955794744,110.52193378564628,1.492061913491437,12.40951267844967,1.4716017528229788,120.35974397968091,0.2972236758298682,0.2223788174909595,2.2951890607080565,1.8080083034006813,2.2151961616529867,152.42208986223417,51.51255529593653,0
0.9069717107365132,122.88237761059764,-43.82348522940392,1.2373928965582852,5.125514269450722,6.7836924710950965,0.6248177781330071,0.9831954470295908,0.9872049826544644,16.78436353153586,-0.2002909545112866,1.7571208417945845,43.21719673107558,-40.02961881824161,0
0.3322523796463522,263.4459264653459,52.38686926328123,1.7738367746061796,1.1726707942059624,7.00596045707092,53.95687059582061,0.8213333897904218,0.2422973375319312,-3.6473312208986535,0.7151371343058543,2.0266150291660545,18.72709389115977,-5.017711082538845,1
0.6160805894258741,52.48461060081037,-43.18566848087976,2.16622809503677,-3.1557701849270927,3.288167473783852,-56.485007010327145,1.1778921415098849,-0.7580728311734722,1.108728503872129,1.6943316462515725,2.4247292301927184,-69.79017315397074,19.425599013023053,1
0.0973848424317805,216.8895831726071,106.70484858889272,2.1558937442698687,7.3531121347828465,4.219622975316128,-14.132010930202789,1.3313730356607842,-0.6090532495771103,5.2547989920277605,-0.1733158138510515,1.6439873109547711,100.52028388433656,-3.1581393840980496,0
1.0603078823028689,-29.22171783114868,195.7994714009236,1.178335500304308,4.474940855737914,4.159936229998192,5.826755309486941,0.5157011432060623,-0.2524685956289069,3.629489316375045,0.0177251975536302,2.3785699976233263,95.60194165799844,13.162683976824418,0
0.9503624159835924,186.93866810251149,-32.1329478278542,0.6996415923275145,4.632916047817279,5.428903292293784,4.352575143739301,0.5642005267483323,0.3602929784475875,3.884719458008633,0.2346660487337383,2.590774611087358,60.9578212488514,-79.70948577225982,0
0.7699205740816657,39.41800741691081,-66.52062413255148,2.3147903966851144,10.72790725813292,2.813156630503504,24.74454152138895,-0.1127332719547041,0.1380434572972521,-1.1505596627233432,0.6258730966580266,1.2670239528102536,104.4963227035677,125.85713759019283,0
1.5727884093327695,11.37325940083852,74.07985655067344,2.354388749419176,7.542853657856583,5.670103888274745,-7.093856474155913,1.3650065635714084,-0.5300961291606052,2.343383030959989,0.0484263755251803,2.095718858069585,155.48575795015495,19.34956452529128,1
0.4895118100299103,-65.45257559904772,12.70754257093556,1.6866629004391924,4.290434208710285,6.514925148668289,7.1923899362826695,-0.2374053320356761,-0.4815832102324858,-5.413880958370245,-0.5299121780783727,2.028416037300448,107.42440189272808,-32.59946278300129,0
-0.6812795505649031,236.75924751151703,32.84246045502845,2.607925130926377,3.985613893011149,5.9524912851443865,26.541138242790385,0.5642500216842036,-0.2061095303325557,-3.1529296913711478,0.4584716122013868,2.101966681173668,43.97229604010749,206.7311814321953,0
0.73278206104265,152.57846601170365,-32.275445625116774,1.7232532120006392,7.6552614205613585,5.069165855776937,124.390587300701,0.8443291922922702,0.2991066787965344,5.084087260800295,0.6921502835045461,2.3297833244357538,144.94468052062152,198.98790898969347,1
0.9956863105162396,20.781803889540043,133.2250648411793,1.0278739941857524,5.095347569172688,4.814262551286967,28.926630285770354,1.0623547836089964,0.3934239868885384,7.725192224240422,0.9557823554993652,2.294111750443813,112.11561815236723,111.5902128952014,1
-0.6362184091255693,126.31415806508744,77.71665593506484,2.058790298406691,10.375331921296793,2.5271630376961194,70.23960712950931,0.5628897270878215,0.6949623095545467,6.953373175396922,-0.7860170931979831,2.3235000114597315,48.4678849521935,56.52392100885959,1
0.0807597727613178,200.3912249243172,108.29831406766134,2.242064203707338,15.204593332290878,4.941788744733675,132.14660520309928,1.863975529172606,0.9633757718513202,1.9476980057861284,0.6808841832505957,1.7380045258204726,106.21767313397405,123.12032183971688,1
0.1489449437851776,-111.22097084430746,60.79623740049939,2.493753549766694,8.70914417023329,5.942816374824031,-2.1640735101665527,0.0180950813330299,0.7490290175790046,-0.6889460110992731,-0.2019584132976669,2.3930773616334458,9.308556500917833,158.59306611853842,0
0.2257885736386628,5.772892424293588,1.368787251419178,2.061641542031618,12.185318529277207,4.413315907183483,9.843115363370163,0.1215019756821826,0.4213674450514597,0.6727505542884105,0.1345001239836782,1.9527484842458864,27.64755313735008,34.28572747669726,0
0.3816232998764659,172.4510820806794,-32.2678837485156,1.8539868931622543,6.45493072231219,2.3006628531179283,-16.19267665207387,1.5538217764764524,0.6886034963075953,5.4579477888406505,-0.575478898846995,2.2724003323680093,68.07987674606309,-13.506022001979725,1
-0.4176749691666704,315.6109150701016,90.24010655295044,2.307619224306253,8.128802947082823,8.75446798041277,62.07157677156684,1.0305745646614042,0.4552922371617425,20.846375354297297,0.4741039126086168,2.075359321384149,-51.79361317238819,189.00783685599995,1
-0.1339423722447795,78.790978719995,82.72439361373574,0.3678057078707324,8.51429722978086,3.3392408711138533,62.0185543111828,-0.0739437639197725,0.7013683655036916,-2.782259882744749,0.2487018306204096,2.081066017352159,8.93402331033812,11.95350034618142,0
0.903301836670787,190.3627739950593,170.75243581279048,1.5651300730932003,6.505330773818216,6.789003076600631,1.4077325971240455,0.1900741509044466,0.2295491288715637,-2.552262966223604,1.2162827062765098,1.64623490513225,-23.523978733635644,67.42158945227143,0
1.2758413516813365,109.49897173270884,82.29613953103315,1.6929805050519926,7.067882849001302,6.754721330325001,94.41127975349676,0.6543001578267349,1.2214241509204011,7.914868866364152,1.1641579125894508,2.101263817408961,45.906470026329885,259.2007032695705,1
0.0172527874886064,91.41384662512004,24.56787759843768,1.9807814117821367,9.917912224402643,3.082668615545872,17.757130994690407,1.2837243637002185,0.6989726634269509,3.3431662174821555,0.3665940637350706,2.0295604970498973,32.418283719222764,79.67906604041113,0
0.9533272981055436,142.47807127473536,-33.52848082910262,1.5264136748391413,3.3629747295883456,0.0509589768094587,7.070714192539253,1.31816669661394,0.8802025564164506,12.67778011052485,1.46127910927395,2.336976011726104,15.28984669298614,269.5785132066092,1
0.8958549186131124,320.9889287426761,56.98877418548142,2.613796723794069,7.245494076588364,4.313554880374957,43.817603093476215,0.4850145888009071,1.2340403294409992,10.190014392531513,1.4650612473170803,1.67184405460787,137.98776590724094,266.02171523132324,1
0.254303269818232,-29.836636763279078,89.77240878486643,2.098662733753962,10.288855389014802,7.146713469819365,51.45818833579509,0.2793015569451614,1.1399036404170038,0.267342044704284,-0.3379000535874611,2.108577713217423,66.20810716664234,-23.52256815110919,1
-0.5948715640590231,324.5360628958813,196.04421320723537,2.165497974439933,20.75062657637317,8.550054058334362,83.8141148395211,0.9168305659338069,0.5900913585196365,7.6434520801074,-0.1704950332898546,1.851009110300901,-53.61559134577183,319.3306045424041,1
0.0395921972152085,21.569672971237974,57.469361818109135,1.4766033779964511,4.9470843273708685,2.7579817167217056,-18.318209085137568,0.8619800460036195,1.128117474578802,3.644169749675531,-0.5675727133978894,1.9997030486199123,190.9621251996332,-12.606776148592822,0
1.6807323996532886,86.83420356609153,175.43069266055284,2.312306895329548,8.85051080537385,3.626212367756565,-0.0623603963478345,-0.0589739970197402,0.356765911818513,2.898981126455229,-0.3170638641503293,2.0346952123877817,59.42415289617309,-48.3335057434418,0
1.1068861359439188,-13.765187161888775,124.97370497746732,1.2321076580856491,9.774014839017395,2.332032156915649,57.69322485482358,-0.226169044821183,0.0069406405904002,5.855535390417063,1.3419675071186363,2.201997868208637,75.82309853280125,162.53826679553774,0
0.4571180610966609,268.350668491649,65.91431622633647,1.970453115325912,7.928421617294216,3.1734897399780517,67.64518125485024,0.588435007994647,0.186873187995374,0.6316222439661261,1.262193908493976,2.0187301893042995,94.54340944366882,62.87668794688687,0
-0.1771313550808574,52.0991914554762,300.8695093453303,2.158858187354115,4.249374986752559,4.78702782808603,16.833324041151926,0.8737735347039661,0.0418315671801499,0.704953308403562,1.3349031249710488,1.0874733651085915,29.197860484455475,-41.50423436357604,1
1.0359309573612183,160.0151993030624,220.71639581089735,2.685589598101774,6.330623425937111,3.5136780747752683,58.84239758746349,0.7492196451645379,1.1327159959922992,7.132176863563336,0.6912360072474104,1.8339730655449589,24.827938914979185,-9.043969794079892,1
1.247990684217744,256.37138903630574,32.5062140712649,2.046129036791926,7.933068502001362,2.2425001219556555,-49.74351098082106,0.290792461751144,1.1360250461177914,2.8027737027843527,-0.1653176785053716,1.7729051898551127,135.5257805705993,93.689878721049,0
1.3671721471018954,169.21613247530908,130.319330541221,2.274121032704098,4.625135951056329,1.7257990771699054,19.97116368415132,0.2318382003979311,0.4585576108087088,-2.2085528811982504,0.6161301917163098,2.116725899115529,29.21030934819796,-115.43823483101929,0
0.07640503550289,139.35852786048486,40.93159034804166,2.580973803144882,14.173384030972311,9.823970786029609,-28.641849700297023,0.6473027054517432,1.0613689448535526,1.9416151588346535,1.11987837739936,2.27525752111493,-45.195264424312256,96.1294315887593,1
1.2672936158407486,265.9698512446089,68.53895265029932,1.842180960279392,14.474039172507908,8.591269760438774,134.70392884812227,1.2346028010772736,1.5011132893183872,15.931753622896643,-0.5556265850662738,2.318887894027973,11.74013519179789,219.01420727094725,1
-0.3425937178413519,304.8227026691105,105.01257953274666,0.4862216116310689,7.194899619161469,3.0911024194645185,-7.617447441933557,0.017482677319177,1.4804735824451245,3.068663085047813,-0.5078211482405854,2.1380397815877106,45.988779744693375,135.57175196894644,0
-0.0221109744816514,144.42015989794697,78.93922718732958,2.441058377940307,7.970066563817548,3.6379397044095434,27.498145894597695,-0.2484374882953413,0.2475308158304452,0.6987651345304875,0.5894637078259906,1.7571481605907977,158.72357622521125,-8.65840052051255,0
0.6358522090848383,360.7971216303622,129.89748833922653,1.938141143580852,4.980206364342193,-0.2669620548972125,127.81706269292866,1.405280267829557,1.3402443944940332,11.453044913216974,0.8776495532011228,1.558676493301019,-32.4039827950795,113.65740853813628,1
1.7955374618315498,200.0581827729003,201.47472302902997,1.8396186919447208,0.7655766354914739,0.3968839007299296,11.950040848050062,0.3589436877171992,-0.6625683557970207,-1.2665201913537292,-0.4901814891746064,1.754987125619763,3.0964382053063275,-35.70349372067471,0
1.0365809152865482,51.8999856455132,-3.682876102409921,1.4591771601532344,5.221468292444225,7.394149459215838,102.79631769774164,1.73054028249043,0.4187747520837347,5.346127380303525,0.5593339412335582,2.120481435906172,100.86150517405612,-47.0511095933008,1
-0.4330705227669454,-23.60682194601827,140.70367450665634,1.6546626570475298,11.39366259902608,5.926445104922287,25.280081743885106,1.1807340264546735,1.1691998458859656,8.042358692947111,-0.6526380463947399,1.8426514309095172,14.033895005321805,-23.90187205469677,1
-0.0161792372466452,393.5139811469767,77.53327390313015,2.8145183291609186,4.914102983029169,3.451945654201964,185.4025818968108,0.32186971180998,1.0685731367255236,5.336779060025945,-0.2368343188105044,2.027331539871474,-24.39042019242284,35.57395415881398,0
1.3317048025585885,287.62813794632075,11.530054087303045,1.9356314105345536,9.252371777532463,-0.8423788882960999,10.326817488601986,-0.0481236131082103,-0.0212897779602089,3.421120816472853,-0.0316643293418458,2.710607537610706,59.45712520230804,5.171280863620879,0
1.107402169618724,64.24828266183185,58.89880353014823,1.9510414085976773,2.097118619390426,2.686018122194489,96.44291765029246,0.8881426549388245,-0.6126812600101738,-1.3926407911974683,-0.021838766942876,1.1387479103051334,119.747592461786,42.77824154877094,0
0.6522543860824459,240.8653784758095,17.22090840108497,1.892823249151669,3.586720620022759,4.384414215407965,64.37284762935104,1.17935546396472,1.3053046217359296,9.00681376931717,-0.495352953400931,2.19158921958118,112.45313375715732,-40.35881185631889,1
-0.3523870239577608,-58.55189401726062,118.9321121919446,0.9330435256660986,5.9845909009740605,4.996227861294302,12.235584590598044,1.4161328861748288,1.118236961709007,2.6096354481351294,0.6332780372100436,1.58185393468086,35.39651461351099,93.10563760362884,1
-0.5433272179105025,145.03743896607546,44.06352643944395,2.040675022151876,11.784158928676243,10.500106226025746,32.63169612263191,0.4430835327643042,1.282260081702865,7.345450208620988,0.7556444208369163,2.0796494587307857,44.72388333443682,56.13027448881369,1
1.315645328906068,91.23702473189527,-31.761752796164743,2.4479506132605597,8.940490640797897,4.836909080097033,56.04444977913639,0.5272650592086408,1.4752214148718648,14.104373505740185,0.2533975021011664,1.1318934823537783,-42.014783987468206,44.26685145809002,0
1.0934899513549778,242.17342539349912,-24.0423347423576,2.0909700110381797,19.697943597854056,5.204825343332731,-8.530103572994804,0.8201609045301406,-0.218914177304478,3.784593571219709,0.102341892820279,1.5495022345365876,21.203687214898306,180.33928434379573,1
0.3667197104810547,203.2887503965204,159.03497990526938,1.4532872628008646,13.231597579470796,8.099365811092529,28.319753327384404,0.4394239826665282,0.0593438248864282,3.1634968113890043,-0.1339794495054232,1.8346964950679685,46.67773790222687,39.40036054616988,1
1.6236188676356171,84.3641165467674,7.114286179288001,1.6056431281699914,12.099603604295572,7.549493591078734,-46.36459370836172,-0.1469605817278365,1.531856324211239,-2.958342126192141,0.2399882930974539,2.3100181740674137,114.06650872307296,231.97654311859705,0
1.2416907349259407,119.2335654765719,91.88117260103644,1.9667966928251133,4.104011911539088,6.9133231524923495,60.04790406559616,-0.0034709792042927,0.8092756812115522,8.013951594296312,1.3389738672951943,2.080096726048734,47.38283992117882,24.480936672222487,0
1.0342489821048204,175.80980615429343,130.217060561958,2.3866770831350688,8.927374841696102,7.650644010343955,155.6210393675998,0.8224272052432791,0.7587644570689571,5.987026618694053,0.8703246847646533,2.2803285501893407,42.81510993874586,158.83071434783082,1
0.2577180358426988,164.41240840957232,19.384723095872864,1.952989485250127,3.020062254540318,2.3587495061483907,64.49453611771204,-0.414931323337827,0.4534963526129151,-0.4957296902055779,-0.0108581502653101,2.142600036761124,62.53696522408371,119.06581926662416,0
-0.6373227662447315,122.7829106147512,-0.0235278192073025,2.0391425069933256,-1.0021531763067042,4.890460662481195,-15.099533275453254,0.0425262892871218,0.8805326847548374,13.596566302580598,1.8394790465278887,2.011805367406324,88.50787656195239,6.941390911745287,0
0.4073310731686227,219.0716133155969,23.80053682969192,1.604137370219258,4.078098363667662,8.64183324851326,45.72332790652335,0.4669883385566618,-0.0556038644844706,-3.2636010350504208,-0.1351403253042968,2.0551347941886826,84.07849384055838,50.31735088539153,0
0.55750708657679,259.36109043974864,94.8801818147024,2.174286240989292,8.992550412913495,7.90272022296153,2.5908252395777183,-0.4869346616484982,0.1803173127552786,4.87699644510939,-0.0335425840919522,1.9485662703835145,15.63857160686858,-112.2498710406534,0
1.3398260381560476,166.3916146357772,78.99067056794618,2.34623856968703,12.65261084699011,3.69550860953412,84.07785851378489,1.9260871848258807,1.0404791036048824,23.248232809504536,0.0876032191439465,2.062482274754155,25.024994632345454,218.19900898030983,1
1.2439095832900735,267.5055369428226,89.46056091298861,1.0938259139063535,4.882698779347416,7.086367279490254,-27.720897087805103,0.852461469792352,0.5037943733324134,9.75707326969762,-0.2859079692013419,2.1025263513114445,23.16560895356283,217.3795991660448,1
1.6794304959088753,232.2821019981693,16.658198237626834,2.012477501143859,-5.157157578498699,2.163983930569173,8.12454834508657,0.3590253102859613,-0.8163477578556243,-0.3061296301886078,1.4275977383002296,1.6316110106396098,86.98378900181851,5.073661613670275,0
0.952046181336876,83.57164458233427,114.18560271976348,1.3109546577804372,11.634905380568856,5.388651823230306,69.63445587984214,-0.0223824756930153,1.4263567644385238,-3.0416074193315072,0.3019726975932325,1.8042735058772676,-63.73366835555274,-46.41117949550517,0
1.004544663237967,258.63802200809783,121.20785626489842,1.9258778715888425,2.61362048477206,4.744383810076485,49.97755811825236,0.4691876563246283,1.2149754012732108,3.340772003582965,-0.7566632484933136,1.9688617822854269,40.03072046458912,180.40282809705025,1
1.0762821903750392,-9.06668430977274,-45.89486130981992,1.6503631581461362,10.676861618323274,9.515876564175716,49.24436175040993,1.07303456452139,1.2224242554194968,-0.3716165498642114,-0.1033849851362015,1.99489986330011,-61.10004922515678,56.29374106932042,1
1.120994616219947,-17.091127488585073,205.47566734042027,2.3435773968837026,-2.1038244533098105,1.7963983671437789,42.94478639484179,-0.1342584862669537,-0.0070651045662744,-1.9231809898503915,1.3724214087333453,2.197409024605772,34.588352025104726,230.6026346237865,0
0.8368323080901064,285.3248802474558,123.4110307873968,2.5609938761077906,14.573249957308674,5.927903224200824,61.78255026230184,1.700889413644783,1.7248237838094314,6.384829860903814,0.8377217528065366,2.370924766773389,-42.3953303362306,94.7541862349802,1
1.354147542182242,32.94855522782029,53.75681372219337,1.99251320852644,4.688047411497845,0.4723445452780668,38.78881458026366,1.614615989082904,1.7042266155200418,13.217790725303871,0.8309012917443981,1.989101253283976,47.36875831345797,90.13829791052775,1
0.148631282175831,89.63625549288638,174.74177078768162,2.2028793268725235,13.012475613969505,8.195982977652225,6.486872420374624,1.5364026393672092,1.639835459502582,16.72863675159444,-0.1728323742890109,1.7579254885157285,51.05637503289782,233.5840936768465,1
0.2304589788017985,156.76567765849853,23.812193534217062,1.6181776126259315,6.223878113104538,6.949420558388151,87.25984353755726,1.41434691083865,-0.0652342980930369,5.90342306959559,1.5795411338239356,2.061776344659878,84.7824813327451,99.27320528002704,0
0.4646005916192871,3.196432980773551,150.45387428577635,0.5461443052057624,1.7938053755494652,10.118864214507251,110.89967216049588,-0.4874316171354427,-0.1927117013350747,0.7388953455154024,1.248001569618138,1.5533478661946087,-59.83635733850279,47.23245547052717,0
0.229770324528897,57.94334970471523,27.96552544649192,0.9054977305541796,14.624803883143812,0.4758117016351235,7.876973969434832,0.0046638196523139,0.3696115647430669,-4.131145822680763,-0.5549052594560338,1.4828102750879804,93.2816274190819,-68.05091005503795,0
1.003288514440133,164.91448230693643,-40.463838090080046,2.183757852037953,6.447450143522316,5.097238970794901,-26.0420857069399,1.02269516694075,0.9498879588178262,12.00773227329426,0.92434027411534,1.82382278594667,91.1415680513609,285.59541837619946,1
-0.0222143638454118,-50.33100845996629,206.76193230404957,0.6608939472611928,11.519480613701862,6.8307986819882185,1.9259152976720275,0.8797850737913566,0.1274582724947571,1.4273082542810456,-0.10806097379812,1.610083358762171,-56.90540407634572,195.94731754657252,1
1.2052824338527968,192.07532108746145,40.041410255451225,1.706253333037919,0.8878467570788509,2.232595531652948,-5.071377708093884,-0.439283250521317,-0.6575582765952769,1.7518413678546705,1.099350259173134,2.4316730788841725,75.80165539547231,21.2830267595254,0
1.4309370669253367,376.9321503083854,189.7054497676937,1.1658283681022217,0.0343146266767124,2.583171262045457,-54.5119134909852,-0.1424796605976853,0.1628377441403008,-2.1232219775846675,0.577590018927126,2.227204199584953,-27.203065962146297,9.22642285844264,0
-0.0111510024223998,-41.12077826942652,69.05616464761164,2.1740975437485077,11.045926899400854,2.663152652807919,11.009260830689149,-0.0296325654626395,0.439256759786115,-3.043554906082793,0.2393401207451891,1.3396225764101803,42.0519330110832,18.480283915307822,0
1.475898652508079,159.55039274122237,-40.60129559803681,2.225485811740332,9.737447567773112,4.523565119552968,61.2856363556445,-0.4945192734259158,0.8447076844462804,-2.287733349320713,1.3172928139241922,1.5717393722509665,61.53434726406504,94.6296971939762,0
-0.5065393027318882,-85.45600669057663,-25.915161702896228,2.181607061479127,8.445579708486953,9.168467669525318,23.816214712471943,1.067306869639067,1.2630688717671874,1.939942135502511,0.1934424257369643,1.831998573866466,17.76857138140071,-22.570787683929066,1
0.9455111208824014,107.10753464465742,29.36164345513632,1.7845231818357394,7.445070165200408,6.997820751237251,37.02020599937227,0.064862903131986,0.3634436092932833,1.5464824917657205,-0.2000764777173129,1.6638625473051338,129.23316823971385,20.29808926768238,0
0.2512918208860252,171.6246598130854,28.80677060625718,1.897218800901798,3.227810381143432,4.825799036045214,3.7064908539383694,-0.6911734488513004,-0.1464099112487393,3.618440424969792,1.7146717393520094,2.198509608756964,25.4452017530008,-13.347747368445871,0
0.999555389761818,-36.42248847703425,57.84591841609715,2.710339050367556,12.930275399249648,11.098416031834898,-24.46686028539973,0.3872476475134818,0.6963919350070401,3.768587041543605,0.4609099061938002,1.8364326265778244,104.4916550447046,107.48219357706132,0
-0.2143947223063127,169.61999766496012,143.0082295211274,2.172306789512952,2.771849086045834,2.137448254783604,-44.081527444302544,0.1953850286562569,-0.4275605840348343,-1.0214038638239744,0.9155734113161796,1.9357204349190624,81.98575037763455,73.16736295401432,0
0.8812065922694502,26.87781202471271,-135.95202077505974,2.464801077426016,10.848870436969676,7.193835849058361,6.459128775912394,0.4512213218146476,-0.1764404459568846,1.0391491282488063,-0.4264765269616266,1.4184197768424027,186.7867723323652,30.53191974774498,0
-0.4891717309034097,383.229880073542,175.12150871839066,1.6028455298380877,10.094813877900789,3.211842095185033,106.9665179603225,1.403179676859424,-0.3302320246235666,6.945515917707207,0.4388427205674631,2.410007484033567,-35.84642634304166,228.93743694464052,1
0.605435554788053,55.13286500753112,168.53562733050424,2.5008350375717194,4.879434587724478,3.483601723423779,126.89050042560793,0.8506801950140983,0.8868711499097597,7.925148970195559,0.2790459099476041,2.558655347125208,105.74971929667288,101.48493658087904,1
0.4068052833652182,161.17971112369602,36.224912304973245,1.2124297545172906,7.166523774949058,3.0158028624407427,-43.85998889537168,0.1923258091905925,-0.1892183796734644,-2.686294225614767,-0.2348591223279442,2.2719045730002305,76.63465959044979,-7.028589084666088,0
1.2331835664161093,206.9625620245245,0.8165840757113045,2.059053397303064,7.879107755331493,0.97022006149056,-20.38975133429809,-0.0737695551791668,1.0387616688390402,1.481981498938734,-0.0132785861807069,1.6336431232133068,-7.73436646351189,10.77914657653325,0
1.0534536070204028,12.43549302410264,186.46512935751437,2.2604759495936677,5.92638325181841,6.25083928266986,51.17954822923106,0.9247393353060104,0.9888858613534656,11.675319689126663,0.3214490946040181,2.3375311170779987,-51.71471417304728,214.64630758505967,1
-0.0746475235421758,278.4529633559099,29.52809947759268,2.290534120519491,11.151062756216955,4.990783844004017,38.78796172121925,-0.0848465845576137,-0.2976381784288432,3.241057066230244,1.0725197816612575,1.6389269145982683,73.13992573860439,50.88144045735754,0
1.4271325694851045,338.48435002845895,0.7060365057979112,1.6266433672867608,-0.746064739360742,6.718076173870289,48.16408092697519,-0.0575373466590798,0.0153738128955783,-1.7981030382235217,1.376922823764013,0.9035782641512438,-9.194798214216831,38.59033272428178,0
1.118664186707372,150.20236882984855,131.83454996422262,2.172075419404245,13.86249999274635,9.159181866783856,101.13284018108428,1.284537631735453,1.3166934870106894,4.557598849913113,-0.093336157338432,2.3884256489201303,86.26663106767195,118.16204924509589,1
1.283437979693693,103.07420615070156,-16.66047531446617,1.5300988253869,6.621416445059929,4.054333924329718,10.297893963964023,-0.2630746531982565,1.198118919901071,1.1719842204861268,-0.1743271285930628,2.3458482174432165,-0.7901645112756412,-141.97953229801192,0
0.404819225473966,122.57190884068054,179.23724927087596,1.8283636666359635,10.478241187375822,5.268784057492526,74.08043938772946,0.8328840823032637,0.3191593075344269,6.390223518357724,0.4569561238116942,1.6960437293719866,90.03887131561616,256.47137323076555,1
1.2990794109392416,22.889436468670795,-31.467543518186403,1.3612866158969363,8.710529092115237,4.423607355752047,27.59109931778719,0.3931169480313328,0.7505938284492806,-1.086388921853195,1.0712344642950475,2.2168487931282463,30.311160656999668,-32.73334338434103,0
1.1809417012505012,388.75506413831374,-47.96083831179202,2.5020784155006988,0.5615864702795283,-2.1879705680705435,-84.62466996609925,-0.6492897006425586,-0.0082861473666674,0.7741829170048713,0.2681577677521845,1.8605363172146216,25.565671752396423,-21.50643174743019,0
0.3829188351487445,235.94659298318496,65.71475622638346,2.04747518118601,13.111467757082432,4.438577901288017,46.26655760759651,-0.500751269819941,-0.1438794932604149,3.28434531994979,1.203670117825178,2.116600337510211,108.938086764308,153.92041155908072,0
0.3140052104635388,426.27416060105816,173.0866463006979,1.8448350771441928,8.982592344019622,3.5841122979837494,122.37763183640163,0.0440243731610975,0.6523598091117392,12.318843168967692,-0.9826611836700312,1.7554218336417216,-34.87340847854517,175.58259217007677,1
1.567153128856203,105.3316523600078,55.27427053498592,1.7252926179960488,3.4842834341847317,-0.4669231589852858,39.13935092546584,0.1322065673958419,0.1543507670086604,5.654177764123393,0.4897057613020443,2.1942492801299727,-23.730607032275856,-41.95540233252881,0
0.767083494939977,258.29539310894035,94.17239298168876,1.944750986457064,9.353374151408362,4.104777616157262,8.406493922534885,-0.173354866362038,-0.5879232391622903,-4.289640663994173,0.2766465088999007,1.9297715849136112,52.63377841590875,1.5251884205425128,0
0.5685673785837857,177.41984791020252,68.13141822456738,1.7535588199558827,6.156462835680887,3.871053026944445,35.972946356133306,1.205351899090619,0.997574672050912,-0.5572238775894531,0.3082144274865052,1.986558721347017,46.539100864131214,-42.70003808654557,1
0.5355806327266474,-7.768182840260778,253.26297543288743,1.831112660584952,7.919788056914546,3.318394167600592,28.857831879435004,0.9001685079002606,2.033723308615548,22.770299771420003,-0.361215641545788,2.1643588294276457,36.40495357395895,49.31640525572259,1
1.221612630710077,334.2817179286186,147.9089960575439,1.9488320637328795,-2.051032232554755,1.8226919786868607,25.894900362715266,1.6269683342186496,0.1563331130127572,4.168302380125755,0.8741604315677316,1.878609922519488,19.567569980526407,-22.863153675931024,1
1.3061351912805377,87.15450242267187,40.646140714701694,0.962479784955558,9.098779817398308,4.799893738452656,88.22257008022538,1.0805597641738325,0.2786311131824969,-4.7791591827905,0.7946468566366085,2.311881828619684,107.7704506602144,-117.01026549053668,1
0.9058844598519918,93.43897135845194,3.551905948699286,0.5229397656548544,12.776482658675448,4.053416718367698,36.24986299950813,1.5210375058461305,-0.3575232246255553,2.073144911344456,1.028785001939845,1.6048946206546235,-19.704958044816664,21.735457599337906,0
1.1904430005974147,84.85809906452747,213.64438416108305,2.193074465612652,11.18031391672818,3.757094961963048,35.74913801248226,0.286448330451192,-0.2376688938270102,2.863926038060576,-0.0926613491830244,2.060416056671007,116.6207441787245,119.37255893257014,0
2.0298252576169293,162.0296504580778,71.51307114878551,2.091019098123592,11.512205986742694,2.301515576715144,-16.66013392249166,-0.3704386063103624,-0.0200656248165551,-6.215188095823968,-0.2305180299216597,1.937154083088028,25.555446533659968,-32.85878474094222,0
0.296255542067368,43.05839600707496,-0.4568766991317119,2.2244587254792614,11.95628610906802,5.548854747511593,30.629956926843384,0.0560215099333865,0.2215542303853537,2.0409280721065093,1.2292619612139564,2.0517764877772358,86.03647090603869,-99.47357186394478,0
1.2313560744598124,382.7399866943522,100.7970230716557,2.1603932781273776,7.455908877347709,4.742882249575064,30.549328803702767,-0.1259070354731269,0.0279833783698124,-1.389907478667677,0.4190847073979084,1.7009383122489303,87.66752537728055,-10.771940037449705,0
1.2263616729620193,128.72717346448616,90.20189228840226,1.257168552452602,-0.156555679967032,4.2488114229374485,65.38107525269497,0.2749397910713916,-0.0732426616775495,1.4736591828837942,0.4605325383339071,2.219073684945529,62.66066237092664,69.63048330784999,0
0.5186227103149275,208.97140356099925,75.26272975000578,1.8223155410177312,13.003276127491151,4.205140541462824,15.354765541176771,0.9020130530416072,1.3344046175119149,7.703524502655535,-0.0951729693308607,2.041219789800542,104.06244894105754,94.36979065043504,1
1.164550376951509,104.89082556270756,-54.4690916845086,2.097791896448056,11.4567092559313,7.297115388525757,62.11245689598044,0.9402282559399526,1.4482585080327706,5.538168518642752,0.9328188019839956,1.7371438454656918,23.353730137179525,113.97243225260438,1
1.132039266182273,243.10578385505343,152.83190900656805,1.7282762190403986,2.368363445259213,2.4026030839404675,138.14999659052106,1.2689144957894185,1.2544075585258636,20.273900321848814,1.1911453349267045,1.5661864791416955,-27.94378810145604,192.95365376729305,1
-0.7508606688142639,-24.983585517439565,-120.27064615959048,2.088005545815758,10.53341613234265,2.4572474914923874,28.474816425645507,0.3921306355827071,0.2640117045809704,-2.52871384387415,0.9033941631020322,1.8090521646263156,12.480646013441934,-72.03152616637803,0
0.9607442261398512,42.84049674646691,18.360296870824584,1.888635300755632,6.351736842230001,3.5845522980519577,40.44687814250399,-0.310768629484761,-0.0264110414037737,1.6282706637648956,0.6608021715229375,1.9237796669789409,80.58447572765817,77.06979920484544,0
1.17233314281678,358.8801239273596,135.8482019682781,2.410101363062944,13.705311746431263,6.120036782557853,165.68245159216818,1.2656260009576643,0.4682436969431175,16.089987779300618,1.2789979633908397,1.9974121546539327,63.33534125661523,159.83600082727267,1
1.699205008731382,341.7990164417702,91.9055114114414,1.805528537873948,3.121837098999335,5.6532588523944005,-16.32904013975373,0.892771534157584,0.0431823801124937,-0.7236713555992287,1.1185027260346094,2.6508913884193017,81.23342976527603,-25.88455550740752,0
0.0543091704832975,60.61425444943521,14.557014730258004,1.097814812871242,2.2060024833831893,4.723400973113423,88.04575454027844,1.573204848663997,0.3020746001919225,0.706643916848233,0.1789462732766109,1.6643944790708338,170.2844829680183,-47.76427826364739,1
1.5634078436049754,202.98189682245257,156.66804527088817,0.9581909103965311,2.594445251012047,0.5757231606309121,-15.492222996321397,-0.2777671218591602,1.142537873447716,1.7730321634193,-0.192164525771569,1.6608981967226162,56.04345025733054,-9.189822300256829,0
0.0709515674687307,93.61731012307878,97.33548545358416,1.4160870007342383,8.719820056216124,11.030632101835089,43.35956633736223,1.136297741847777,1.2701026880784023,9.270321287397875,-0.6446937865490374,1.941355439730132,-10.433251273083869,334.0503404727003,1
1.543157728991667,158.73485934902834,120.32438286036026,2.3636410701750283,7.038213791263613,4.047420295559108,-3.702973178389272,0.9110970096693028,0.1642231791840882,5.801535946769952,1.0767858220845543,1.768669243751603,130.3169000978218,57.877373217392645,1
0.9223238524758686,115.46686551239898,109.01436274433976,1.83668956037245,4.658658890063176,6.6839008087607,58.84974874586935,1.5874483880675303,1.269434898225558,8.576721789593769,0.974995864930302,2.6066552151123967,18.972846097436,-41.32595177409129,0
0.1762549461409263,183.0747470859256,93.58834340512549,0.9353644496278978,11.698264347813856,9.856703328394048,69.79174676101933,0.5675549150233842,0.918551877476899,-3.973878147144907,0.0149793090268297,1.949649785262764,-2.518657976155282,98.84272199588384,1
0.786679019401446,116.72465261106346,75.82608620049042,0.8637747367858732,13.293362248199116,3.837183593378589,46.216178593627255,0.6260976297132334,1.147268896036184,8.899637523092931,0.8105009981131698,1.8918565068799271,1.990283344693978,153.5080932413794,1
0.9855679724690722,380.4671485287727,3.506886075783811,0.8632061031767301,-3.322441291442031,2.5930451925482747,34.15009192118003,-0.3609460540616465,0.0387988811315658,-3.12445497100002,-0.4376810872303171,1.6294079138744768,-3.816917007600985,85.81016532777515,0
0.7297173085477298,32.13533375562551,117.86972388104356,1.655832194545211,4.314599625881056,1.0372908794172058,-20.609066099052377,1.1981242312172813,0.4481024461992602,6.463055940662935,0.3838812687320309,0.87276143432226,-13.982202788716576,-28.279126386446187,1
0.3088950204012045,23.368308653073044,-0.0826501209618157,1.828889518059716,17.29119354179279,7.929011362374243,28.405302757081728,-0.3952804591185119,-0.4201533812364166,1.1261237924619,0.0732678087873226,1.528855161468884,61.93210483956304,32.86889481735206,1
1.1676791397585833,86.3390348492361,127.89397198916598,2.853987744133441,8.817301970460813,4.548437090072459,1.351156938609556,-0.1492372626848919,0.1046799368790533,3.900085056121249,0.1351353437277691,2.3195721412780315,157.27743363214722,-19.510077765956147,0
1.5939032392034491,246.40348020983217,121.13871947103073,1.6671084683564772,19.41678449018993,4.907551305706606,73.09412743560677,0.7162908428463013,1.107980909461486,-1.7263266190886988,1.2963087411028344,1.757977068356381,114.5275498279608,157.79203108522822,1
1.0457154408204206,213.5474502940663,191.8215784647056,2.448718234975108,2.025009365963407,7.804825385790854,46.84160662946508,-0.4153899399905892,1.183511644869375,2.2859191549447875,0.1612796150125277,2.1332730249885925,154.58229091580003,49.93416197910115,0
0.0995620760784788,64.6524812563921,116.960341030076,2.632554097135995,5.173567742183305,0.8943449201800573,79.40756279798995,-0.1406002210430499,0.9448695492542734,3.905890411945185,0.8067196917557193,1.9317634922544893,94.07539274933342,101.75142542703684,0
-0.4746435626674611,380.5853536993285,182.78096823873807,2.471427994526554,4.285761280657725,6.324278179056231,61.200915186563066,1.222439556502268,1.3064337835862574,8.023965298831769,1.2369630349678202,2.143702406868419,-20.542035634031308,-68.32645868107963,1
1.3040362436241113,263.37933939493894,88.13979263213047,1.238782722302189,5.629078231560826,2.469664524487724,-55.121622940789045,-0.6372638355297913,-0.3095008647539579,0.5551367922965622,0.1643743832619196,2.0824064708718644,81.78967959043362,71.9149897467257,0
0.5608693708384274,192.83722425932984,83.47616010613854,1.0574353365706743,7.346041422886371,5.148226092760379,-8.441145695421099,0.1000094706024062,0.3666597062027227,-0.9251789443936992,-0.2609550793136521,0.6968617006261602,-17.72650433611028,-111.8960953728834,0
0.8252529822695909,318.92367493667945,-55.197504932345325,2.1398583911775435,0.8877400183626021,5.53699725266325,16.208727844191255,0.1610478769399244,-0.3973383351857126,-1.6234897897337426,0.3926867585160511,2.4494408274207338,142.82769313823013,125.587860924924,0
1.3179431323786304,265.85076056017823,-50.43668890824726,0.8861617243164581,4.665770427879582,5.471701026938429,50.35538892911801,0.4484807964786891,-0.3175795576763269,-8.387735948042774,0.2516989371252692,2.3608188543915496,26.27111823544071,-45.35424165226603,0
1.0197506248446726,-64.46780153847502,63.1185136487406,1.8906012728646928,6.820495583923636,4.725096406648368,10.240505082325164,-0.6752987290169252,0.3055119061107523,3.4552937781612525,-0.3452704338785861,2.0766601543461265,31.611910919057124,-71.47625283672986,0
1.396808462852964,132.68932607164885,80.73917576072172,1.8366584869444151,3.844954900719307,7.804548053724588,-18.798312976521693,0.2810818870396595,0.2734381376613133,3.0339723952079147,1.6508986037818212,1.3678538314642132,30.30245956627146,24.034488142400665,0
1.059926710475161,328.7256124148389,200.1566031468774,2.1012906540679746,15.51758100975292,3.176506471433957,-36.71025463839957,0.6719786982762512,-0.3883352208562668,-2.577350902507809,0.9834417684192484,1.977108535662752,120.62244637871632,-17.830876107894078,0
1.8273384941354875,205.31934141002336,24.86003920161156,1.890980064278768,11.732981757543762,3.129529778321861,8.332696255917202,0.9945845117962582,-0.239193102721126,-0.8031388330209275,1.1242201771741052,1.7520589692835515,102.70743926277444,47.88188595144376,1
-0.4804780889603169,296.9993922442307,107.9211748957799,0.8779495660222787,4.907574463162625,2.1637409543323685,61.66902722027623,-0.6571211410137199,-0.1115873660775782,-0.5849520443650782,0.1641535416824848,2.2691184489372285,52.40066516568121,86.66926776523576,0
1.2355507980070306,251.6602505522742,47.51855059920753,2.1930975657238863,11.332703249276966,5.339411332245153,2.597981777463559,0.3864105700601887,0.2519605015296916,1.144519351953828,0.8248353955660163,2.3243060258417088,-1.969968692782018,102.51266495514432,0
1.684318133046971,165.85853927282616,155.96522915875585,2.078337594426076,11.80419422081916,3.70729044668692,11.547124013046435,1.3611217960469282,1.3150571011885557,6.198830001331007,0.413748149606827,1.9774686202590628,-20.689294049338343,190.51641088109787,1
0.8984162511875515,61.415079861543504,94.16012874050666,2.012643316750668,12.115271923860076,7.820314576856204,50.88490243140536,1.2618639701395455,0.5796080460569762,9.43072405942524,1.4678270832529825,1.8953460224474563,104.46089114495794,158.40365918282208,1
1.029246970502378,172.09912999824283,-2.4784334451888554,1.8133825168255124,15.282485760604189,4.56964845912028,-60.79692318358969,0.6664465474805161,1.506511042515517,6.271451345430481,0.3999025802989408,2.5979238668094813,147.86550658687935,24.731084330705254,1
1.0856479168374786,48.69106831611244,121.52578989883352,1.0837926558793414,9.18487382146836,2.915246544955517,104.2647446117569,0.554051873615508,1.1798265745643053,0.9026102644750602,1.745160998265244,1.770689822949445,-4.821748411761199,34.11761467599067,1
0.6073072026204458,139.8198276002635,45.33359252724575,1.4486805330456654,8.876036127588199,2.789809155018585,26.755317192206867,-0.9525500092527284,-0.3166234705739721,-1.823282627448786,0.0331684893349141,0.9485208464564324,125.45444308194182,-9.788231959978468,0
-0.2642552615985211,78.3256500319837,174.82699926543052,1.079884411442298,7.726269784927894,3.3783775691313878,21.94931586984329,1.02869020110691,1.1215784557320951,14.163276334592307,0.3829005311738541,1.9188652129944843,-17.438242472963836,-38.44815108393504,1
0.2450465924580919,502.7710966958232,86.40232467703767,1.6384536752344283,9.829683243347674,5.976285078923728,58.92830696714799,-0.027869761869163,0.435647005699622,3.1049519125151352,0.193565102588375,1.89786023297606,48.627213242531326,249.5785279791916,0
0.601971107994642,183.55803088679215,148.77736179598253,1.489738505405381,14.438581674638847,4.078352754537456,107.25615645768144,0.9093230024188026,1.7700855285612636,1.082095289132182,0.3888311326489477,1.974490155353939,118.02307645995472,27.41764654133484,1
0.994387284543624,98.79020555828696,188.89460187041527,1.9918086599167684,7.205978442376356,4.966730224109157,34.496516462631064,0.3990301807441823,0.2805013013504158,-5.122322663930489,1.4728893160235326,1.883781453980781,90.0559531523215,-59.0500115088394,0
1.1724851035107644,-53.63462879933167,-103.74904922679148,2.137913492702011,9.34895881113694,8.804664573692465,34.80209549476565,0.632450717842152,-0.193384584071816,2.442253452096719,1.251825984287081,2.436228254667774,27.572685300795943,-39.33204864236857,1
0.5194680792033299,304.0480954217133,228.9330023959832,1.855011971017983,10.35586173166185,10.24690503431123,-13.273136280912825,1.4230801084799225,0.5821371588683624,16.009500412906185,0.3907341103072164,2.167522124519987,76.12314970019719,156.86067655108903,1
-0.5367602938881181,119.3561353472004,53.00889848499285,1.8376989032908584,12.931312720821058,4.978789181425633,101.13812851275355,0.5334595899800211,-0.227629704882063,1.9320838460462728,0.7339090823694839,1.929348653592667,18.3009177216154,184.46468231789805,1
-0.4827594457373253,102.90843156494503,-54.4465650969605,1.8243267120245936,-0.2377730624812217,0.1369956810352484,100.17973027629084,0.3653688927462454,1.0327397620072123,1.7299961963509978,1.4345870842874924,1.994985317202676,36.92445043680516,-100.97148940626124,0
1.1019119920913365,-57.33291458976012,-34.646371367464056,2.281956738831749,7.125029476238712,3.133468639471064,44.22717674874645,-0.4446181202801584,-0.3356338354081559,1.7243717531994045,0.165356050387848,3.125975328125556,100.71982312962665,13.261435346714642,1
0.6974412880730203,92.73187720422844,51.28759703510337,2.1524976711935926,3.868842859064388,5.4463342884605614,-10.692226679053867,0.2686752123032371,-0.0044737014539104,-3.7165563717412855,0.8660915786203118,1.0927318691050014,122.0277665157124,-7.705438597826237,0
-0.2688139022596121,216.29778163146105,-12.878367767497096,1.9821580038582085,12.987290284514277,7.530676894751835,42.22733697042796,0.0165763063261453,1.1746890042590057,2.2397316387044315,1.3590616604647094,1.8260072895264612,56.42606270368898,12.570475082426768,0
0.5810365860664385,221.16500881065383,93.05239866919108,1.6615325405947257,2.7804778599181823,5.67031517029827,119.59892765971438,0.9056569745854268,0.3815068833951855,0.5198492505304864,1.1327718189742535,2.212722375647885,110.2702990879084,215.91934939194005,0
0.8247663771776755,152.56778090552646,183.68468341932785,2.022505545866213,5.605581008566985,1.9947532163635928,69.03173731909683,0.2508451240556393,1.2314272506504331,9.80210543131918,0.184762545762902,1.944248333743973,87.14523454513322,135.5547605208915,1
0.9938569934656198,17.85615520605151,35.75674900316242,1.9474086560467168,5.502405198669995,5.015051500096851,-0.9744129206030864,0.2075631799401844,-0.1908539549663949,-3.1433744476911523,0.7347966539005357,3.392540776184075,99.64368360062758,-22.94575825515508,0
1.2249047032185827,72.83255105923534,-5.76171454255919,2.189646582619561,3.57781605120693,5.062882782930123,31.34952766237816,1.003552256348832,0.4557385001712949,12.41937545100743,1.3925596719055775,1.7951865392527242,45.19952211559153,228.07102934142216,1
1.4178876964733842,259.9953137295462,-42.49902928051088,1.5149216333080813,9.668281918127388,1.7231385590533166,3.0396518331371567,0.1291248538021395,0.5216269754538225,-0.5099062165932313,-0.0398598819417304,2.127829960010716,121.6107107840241,152.48312087622926,0
1.7638184819599203,-16.568814892578132,15.567322695250198,1.7286577626573774,4.27927319994258,7.0708681413972005,7.164252643155294,0.7564910475737119,0.3154692997866064,2.052388157639844,-0.0277943225968256,1.841613924818857,20.970969853138197,56.40847989902304,0
1.46812983667474,144.1564078254274,37.41969831176232,1.9282214029554767,10.587814710263824,2.747834863369285,33.52925966482147,1.3497047122961825,-0.2535601983609843,-0.3440663342562615,0.2136484670104562,0.8276703086413466,97.70336785338898,58.44711041957487,0
0.3204756551211273,127.95591923183817,221.27092595087905,0.6929298962283688,14.365131343275078,7.124621335996383,57.01748023573573,1.0147342076987471,-0.2201160999201119,-0.1871555893528698,1.724780483848876,1.7451182646044383,57.06967440157668,100.46668787414644,0
1.22512816616511,152.16707592243247,140.8779264225207,1.3235307108975976,13.08060408403757,5.345742880062478,65.17407301236507,-0.3341159525890722,-1.0768232719577906,-0.5287675760520574,1.236403260217836,2.038456065486836,114.798312251636,84.5609079214075,0
0.4104875274600935,86.6632844776361,65.57902971017386,2.090110497365372,5.3931345659181975,4.932296859933358,-58.35633302166405,-0.3331723060959823,0.0581170487942369,0.3318497698825799,1.2022661705923563,2.2003467440495323,24.85083517717186,-12.230620423969505,0
0.0123800885514859,30.59111804424103,130.37894133724842,1.8576085615684983,9.22796868786053,4.05822577758031,7.648544608903293,1.3403966061640258,0.5894173607936642,6.25216529204489,0.8749499398847229,2.090889197563963,-72.06722748133764,180.0101166883965,1
1.1282873110781635,165.0466886836475,14.987744105457594,2.24322111867132,3.0391493660412525,6.503315082113887,82.37945439187082,-0.6035987177041988,-0.603109033670706,-1.5890604161058404,0.5526759640158682,2.191688174736595,97.77106625958636,144.87021396204426,0
-0.407884493759831,231.74367132998287,88.14421944164908,1.8675424197171115,3.5988474365224232,6.307810940037688,11.875976836388809,1.1439176471830512,-0.155463956722198,-1.0436254984897415,0.0740659067564294,2.24587311180803,49.57339203773903,14.937216732714184,0
0.447797773534285,238.56419243542385,12.807616662895938,1.105948397466232,20.276215031516784,6.566182207735189,-2.45973152475851,0.7481526967842251,0.8631041017961174,4.7473014208591895,-0.0445619860752677,1.8996842759712504,149.51236472926485,107.947996117693,1
1.1788083762092758,97.24537335528736,44.55618567871859,1.9138542654718524,12.423805151324895,3.542832396766745,71.65848558046358,0.958205467672966,0.8974385234308635,0.8125286773105707,-0.3786931187507648,1.9332301278066248,-25.88489185896489,308.3149159064706,1
1.4350012603366662,170.4484596918328,-10.372952930752136,2.2230970356412123,-2.6871825188981,7.622931164445761,112.11406621561858,1.0078091300743903,0.7901902912568908,6.0475805270857546,1.4128033660716068,2.332497222179457,98.27354365302745,67.77056712309675,1
0.4536632579348106,229.3995374186508,82.61500345537422,2.2818321635700625,10.531340527550372,3.753253555413232,13.902781791420605,0.059403846227981,-0.3433804200048568,-2.929923926283668,0.6018202029590718,1.838879986024287,-44.60726869584741,92.00652939851685,0
-0.2583205891874167,38.78105096250333,153.4276576420208,1.6787253194993288,18.13810116331233,8.503460451345138,64.36282870401453,-0.2076342723170621,-0.0781971937815003,-1.44518173818659,-1.1229875231343398,1.6502516227682178,27.0251549640998,-136.91514727400173,0
0.6237040097923315,218.68297757041407,96.37456053085224,2.015622496255165,4.11453494755454,4.9205615631800095,72.76620552839243,1.6537327186872357,0.7450905289916698,10.602304269574134,1.7520007796263366,1.7840246675804234,144.42619975213148,251.996055852678,1
0.7416168281575413,243.01432250017484,57.41370798596695,2.5719644214190143,-0.3079488050875465,1.3022542914928668,19.717716589280105,-0.3710328561613399,-0.0306373364365415,0.0864762742894065,-0.2175978871751302,1.888395231596666,44.59010798522879,113.04188683149884,0
-0.024228280792103,101.95884760419834,56.04096916910108,1.674969899727415,6.405353363186332,9.070965764569715,19.826501305129355,2.2989016705419187,0.5432919770041582,14.69124586785182,0.2160416381989188,2.3881504403011022,3.531864352861284,150.33367999885022,1
-0.1398891147542473,140.88386375688984,1.7327414956928209,1.7149091478631386,1.886051082909125,6.93777303815412,41.41239483208539,0.304760667861083,0.377692883171419,-1.4967901237689611,0.4616808107656254,1.8138593964974088,-20.20276907067702,22.29197844530821,1
0.6798480756724152,-75.37079228503916,102.5118365872534,1.1992002714344243,1.7247509899455489,2.633301140551898,3.7113420383177456,0.1664253845782901,0.1277675768904048,0.6863138744390631,0.7751991491118807,2.561967395523,45.28387284766478,-39.11528459458928,0
1.238565038294987,324.73080080448824,168.04684922273685,1.7959264285437786,11.460102992173947,2.9320275958244477,86.04692884357658,0.4510307844928274,0.5654918468778684,13.17609003861974,1.1558832001712211,1.567921372007915,20.493278332100267,29.403539095486572,1
-0.0253150326563409,26.36690102102885,-11.432122461435869,1.906550772111743,13.672494161203955,4.390924569465024,33.260362300054936,-0.477705435235787,0.5931578784530687,9.345088345878647,-0.0753084598942506,1.8033574572168305,142.09797503569678,153.40055041160068,1
1.124377450211573,-50.67476243429599,-46.98688098879664,1.6186711197653365,7.523784464246706,2.9754335150755136,88.88815220428792,0.7395249809329307,0.3704397379048569,0.9349510936876708,-0.0179158765216903,0.7879746491516002,35.69576574412154,-46.24162481227079,1
-0.1781122812155258,317.70497259222,53.809883904275694,2.2328607372837896,6.314450932334976,5.942375717077657,32.12002745233757,0.6660692364925147,0.290818276471787,4.168705864656644,1.1048854857786012,1.9545110309045468,-8.932203776806944,154.17097106474478,1
1.5908224428774576,294.5619709588284,50.755332561827885,2.076607890329657,5.642648154773934,1.5493514544079736,2.2302502081050264,1.0211422414716778,0.8772134682389701,5.964568742493713,-0.0158062968095412,1.919180160021775,20.02523641520041,189.14292711948897,1
0.5251655762281278,54.43916437157287,95.55921391217444,2.0045639568591147,4.504018599737062,4.755638391969281,24.531866766498617,-0.0418112942077615,-0.1780024284967274,0.7268244329113176,-0.7145791608139092,1.6327127491771425,-33.84879679741043,-11.57600178401264,0
1.050573988689118,195.2430612901117,21.60090733221275,2.335993871913489,1.393615230268891,3.204032393820203,3.854391045449809,0.8165360132783881,0.1758147371939208,4.670311422154941,0.6169017094097968,1.8007563392722818,81.65688405040046,199.48355509411508,0
1.199015786165639,71.32249497325196,-106.45949316874906,2.0653470702872627,6.008979087513918,4.754618262195852,-0.1655066385861943,0.6971677702560111,0.1309364379097722,2.4998035031193826,1.442338001350923,2.0920286353438606,80.79840200878162,-149.5575799143266,0
0.8725478971087984,247.40939223544456,10.756837288426937,2.13216607799532,3.755869811229852,2.3897442076958666,98.6177014544222,0.5904273297206004,-0.2707363453877,3.175004150478756,-0.0715407996981207,2.0498463221934995,-46.991742140655816,-27.504559075915388,1
1.297862861153046,81.82937103060164,-24.67986796651202,1.4093434594199334,9.330881192651212,5.50461775691786,-7.724678361523935,-0.294651031583928,0.234098566468857,11.005911123409488,0.3496863153430858,2.1954049763032524,90.93408304211434,44.60943401009496,0
-0.1191672961909422,73.9447074043458,90.87146816479276,1.8482253421632704,-0.9800162653249735,1.496951154321764,16.745530998169347,0.8423137462454762,-0.0357835383641034,-1.999450093906716,1.275585458795533,1.9833638299778464,124.61345581813488,-10.294009498132304,0
1.3915671064693076,195.9723284246913,248.23358858811304,2.2474468740372715,7.012928482728031,10.648063634744222,152.55574409062137,1.0432718921529758,0.6794331019803572,9.055702972988447,-0.2276978797280694,2.137714263771436,-36.45976384682767,185.0146309377986,1
0.0044167519729741,-6.342142466929744,56.48379169209435,0.7249207482750675,10.872192218642796,5.683831942089553,75.79468998383132,0.1678890853236616,-0.6296537217140737,3.0239949754341597,1.266547429293608,2.316038590823384,84.03217836700125,-101.5088499364409,0
0.8081512725880229,140.52154999668056,208.7984182471417,2.3659127758561938,13.95431773767417,7.552629517798969,84.1651934461166,0.3836890536682338,1.328731901561616,14.682728684135345,1.5446145702752627,1.946489946506578,126.4423676602053,160.49963106445438,1
1.0889311917259523,290.1578191641403,150.08017516687147,1.7447801291438272,7.720560622712092,5.29571014979745,123.16952028738342,1.1910529949640936,0.90436718837261,4.465600295137,0.4186391593616814,2.0925190001550416,35.540772431659256,159.67404504394165,1
0.4507857930749386,406.0870870171474,34.78752712755466,1.8856084931967256,1.5178160446997635,2.3179676283650146,29.08310914402931,0.1205302223127206,0.2461041749741836,1.2197817432390532,-0.2853734056286545,0.9336892731200266,1.7444397562738845,-1.1413049426778985,0
-0.2656590766046846,44.69732862649299,69.98805612116064,3.094491437854335,2.629886595462838,4.38747232731438,21.02365210487672,0.9993326169670091,0.0463323615053974,-2.58031444705429,0.0450964634194999,2.1297966363761245,44.84168829107932,36.2076245366282,1
0.8053568553801422,135.86778324074615,142.01778846954392,1.547869357406303,9.72456316966357,3.3148854898121165,115.685585124203,0.6679745423174558,-0.4169597624017325,-2.928103709507152,-0.1853104874804349,2.0633516521710824,-73.94166839266073,-1.8621556808295447,0
-0.5346690297222928,250.7511595556808,29.533019812484227,1.710306641060091,11.246917967425766,3.265848898361801,37.65195778064532,-0.0686170394028991,0.2928161639204529,1.6963657879911265,0.4062287081557759,1.976990321923376,44.56449563779677,-5.676029186221292,0
0.1607566139471155,-111.71205820490287,142.78664904989714,2.1331602266529046,7.739684591021957,4.299968964027111,51.98656217022972,0.625610969741514,1.5155631552829694,1.175276715710276,0.8655660836638073,1.9582104194358048,-67.68090231360323,16.8154270349348,0
-0.8369044123512107,152.71964681372623,241.01009276988867,2.235449722352585,3.2480337671207336,5.140222540956196,63.55346666797885,1.661784069776599,0.6315844176425788,12.223993378058722,1.3164666259747893,2.014571077030908,-5.7983736093907225,146.60089678890148,1
1.245829259618023,-52.6365652541312,21.616482368741472,2.053815140977848,-0.469886133427936,1.7369004773149737,-23.08192713482181,0.2164406634360098,1.2320637685641045,-5.996421089196914,0.5040895471628989,1.226489573009938,89.85135699371182,200.31113886673603,0
1.0133457033953783,93.21604658945614,-32.4089234743025,2.329288038699725,5.055956739009956,2.5282285663053368,-13.736638763790644,0.4563155579371063,-0.0558426302364349,-1.3799344954516926,0.3922028056918313,1.5438445424526572,9.219396298815411,77.1848355578841,0
-0.086221645829484,90.8921580426194,142.29349316360023,1.2023527996188523,12.176100388176977,9.04981963933687,33.64569831290453,0.9741355614269708,0.8143930148995138,5.519294679967834,0.2330301865584481,2.523299022699798,37.82455041356795,157.2634746260178,1
0.8363470275053881,-76.69052044741773,11.43249481349595,0.4303753655718223,4.02620104636799,3.566778818405851,-23.59037636453545,0.1281994765066253,-0.3050365400816632,-1.153669413922004,0.3279953069201099,1.9902187200278516,100.1928511829988,-28.775926227148798,0
1.1312400458381993,445.2361257368774,190.5075388247345,1.144341095082861,-0.6016239172378173,3.934122408391386,122.34041727077502,0.6525128120839625,1.4547639440450344,20.88203960270344,-0.0751609824575248,1.904265814405375,-74.13769241702143,-53.89563378336636,1
1.4425734362575744,335.26186581662046,36.45131770699141,1.127403794426805,14.103753659835393,11.514751738231237,116.14090186787293,1.0680077481454158,0.4525729402264522,-1.8978815450620887,1.1410539265765076,1.9934358285866227,81.30495791854842,-1.457189595982065,0
-0.2911007522414913,131.80147201510516,122.23718586135465,1.277448880089728,2.7898967456825075,4.066383110173237,82.63083910059154,1.988252779224707,0.2651020073864902,-1.0317426658474398,0.2901154055236915,2.542683611681656,-25.88046818797068,-51.01989549666575,0
0.5298158108214357,196.82831345953443,122.33006000691805,1.7104994934994262,9.083172388396434,4.965486200492514,22.075583776422675,0.6588393873556985,0.536986996658077,-2.431190337242655,1.7129918032594804,1.8652344552851168,140.95820216931662,11.197902155356658,1
0.1549634920659264,231.6349038951306,43.52796758734715,1.0415696631446392,4.576792270164786,11.30146667291482,35.83955210949212,0.9883533695488737,0.1280190845076592,-1.5230348731567735,0.0119962594981694,1.593921686413401,118.26722793301286,52.91302840885508,1
1.6737087588114108,-18.746534937239343,139.7804015179966,1.6226646532498403,10.152111818739645,5.128837916197107,1.9326151937797815,1.022231740610181,1.2339057681851444,0.6351719910162252,0.5449400858338499,1.911397463587103,59.869717420319525,39.326534452482,1
-0.004776744193344,65.14048169382029,304.18175596244083,1.701556202819887,8.932085603380035,3.73044848312128,139.09910999178615,1.3764956503926695,0.7147450807892912,4.756542531816343,0.1091330731769539,1.8688770277717304,50.71944806739586,134.0380503539195,1
-0.5224131416371179,-72.71049966686348,-27.3071526835074,0.7035319015908292,5.949086405291048,2.7576450368997785,-25.168282303342195,0.5678203113722654,1.504792342235326,4.383001433621203,1.079391784559595,1.7454877999198188,-36.21333654381435,38.66166991167526,1
0.7223465802227615,195.9243825589993,4.964049735572587,0.5518755902169599,8.842091582205674,2.491317247966463,-19.865697693487988,0.6683510469649939,1.2196592425884902,1.204559831236363,-0.0756244905541068,2.1515090372660834,9.432157750961643,139.8189430452878,1
0.9478749804548654,55.766100876700136,41.81781096776093,2.599778075717197,12.51682311942997,4.215341111013861,56.34299976351373,0.1221633089295192,0.7804457728251737,10.24910946698846,-0.2268652961028754,1.7520791833124132,146.15277696578175,264.9310457773586,1
0.5836336324186233,-30.361968711021746,123.09273204424572,1.9901533451639928,2.673704256585591,4.847496549455939,-4.35731578160204,0.6222353356186314,-0.1125758737831847,-0.4852523785091907,0.2042885783185392,1.5338808861145234,7.011663977070874,61.57732020846873,0
0.3110896003366504,142.4507653923097,96.14939896812967,1.9604636151144192,11.643393997758912,0.4716294989266814,42.00457880140562,0.8386576122601592,0.1172565156540051,25.877002465297537,1.6077191870166114,2.378203963752662,59.07081349130472,91.84390578610706,1
0.5409235868962674,225.75911545727288,196.19877011002816,2.393513487860196,6.901330744562949,2.080882480153709,15.970686809489568,0.8252787292941084,-0.2888927159316289,-1.4657180920974264,0.8618075999160648,1.9740489738245903,136.01993123922983,-75.42896433291133,1
0.406967692835414,214.05833330321732,16.988292263247047,1.1686998502514707,3.005343035400199,0.8084917700269822,-30.248505012962063,0.0537457100964855,-0.2454451577555531,-0.8107921187726372,0.2567617994523969,1.6603091979563265,64.05394523689515,-85.30152866032614,0
1.1416579289375524,65.96604949712089,208.29515364376076,0.978048997908602,6.039351914659268,5.111495281828104,-20.444472141129943,0.0171245268105412,-0.1313128245511995,-4.433489990671435,0.6101907904978386,2.398021747197241,53.0808549234014,31.273717847353637,0
1.2474914219290063,99.46420195528938,148.37201402850877,2.6996861074656926,8.162642591259985,8.007289569257637,33.459335206549646,1.170853286888477,-0.1805988159342391,2.078561592651117,-0.071504137185757,1.5984894041517244,32.37444219719725,-66.95550613390228,1
-0.3893770534678137,-100.5750196346648,65.87433398462242,2.040687672795868,8.668645562419071,5.985950388045731,-6.585223978014085,-0.1800720215776176,0.2207232036711055,-2.8160550968102287,-0.0463647128498698,1.2764306228241349,61.27537707392128,78.02358555145447,0
-0.4640321758316833,0.2181895223213246,85.12227485850313,2.317984540991124,14.753395270231657,1.900570350417845,175.7646332310627,-0.6720321791730048,0.6768707291832967,-0.9171747056475912,0.8106933407443062,0.6898467532185626,59.35704561380128,25.915890528800087,1
1.0101946063197702,196.8953217285925,33.76747908600236,1.6114834944496426,9.357049114572922,4.769177498000057,38.585989651243615,-0.1392037593769203,-0.0681796622017377,1.464073012895747,1.727608249318742,1.9391589690651243,86.06235248543204,1.5663917034488364,1
0.8370654915877827,146.9534603886131,-16.86671914150446,1.334717956322112,1.5776456681104063,5.458711881580211,-9.716031877083571,0.1600304333900638,-0.473913028222235,5.552906305993149,0.5275212587418957,2.2435507763458498,-58.37720993826284,52.194908961422975,0
1.725136573389121,-47.49419633637342,189.3409296437017,1.7601932288758344,14.29845274589502,5.000657218743067,-17.35134185159999,-0.2217125378783765,0.3284968252160713,4.60716494330889,-0.0299477609026157,2.0113345835614846,30.72684948495081,9.13802556410986,0
-0.0435723695017489,179.84195998481363,81.29322814407698,2.044264901345393,9.409096490126554,9.39398887550202,0.1707084012610167,-0.309613450250921,0.825708701957755,6.1722618326713565,0.0012676464550768,2.086347667847304,27.266585506335783,5.855039345054898,0
1.5609070254430333,280.95943782533345,205.5602757827877,1.5719702458524467,7.122880156547298,3.628331146020345,10.786665073076996,-0.2030726854813674,-0.3934879425232684,-3.071677563055076,-0.6992669583899696,1.940367870699253,49.39025690009609,143.22154194182517,0
0.1304716372662038,130.98426230365743,82.25659274096812,0.6035604949499818,14.983667612181186,6.3334086942417525,123.3293646732016,0.3007987200065701,-0.5811579802418626,1.6762039665962496,1.9061463775684635,1.77954031274969,66.6801283380502,150.2794734454896,0
-0.2834596945894375,37.05603000263119,96.73816879472425,1.127613736096272,17.453984510444993,8.711060400949574,58.96340154596133,-0.0708680353457981,0.3434648420806744,3.1420200276471686,0.5301003690727433,1.8676846028031084,73.93236546084609,-11.58270399090349,0
0.4952225705645101,147.53655565717443,133.70531425712926,2.6736343664851856,14.231770853068404,7.345277769870722,138.642229009728,0.8983226008913348,0.8409261614343091,11.71558597775056,1.5964722659099808,1.3555312990129835,161.2754605519156,-27.634394541848856,1
1.0262001207774667,25.341661059100478,-40.64009484573894,1.537327052915169,1.848317847363472,7.212114933209293,-3.1558558065888462,1.6568055586322872,-0.0346190150751609,5.352138548490839,0.7741699040007473,2.062125930123805,-1.1746167210895493,-103.82138570536604,1
1.481457263374034,-17.558492593146298,-82.49240902942758,1.9935845029077923,5.176764322212664,3.420676606061022,-0.5175634296005782,-0.7241222092289294,-0.6794052795326809,2.6519297118189757,-0.2213692079847414,1.3490499761960817,31.765276251439055,17.817742681634144,1
-0.224072978402728,202.81686890429532,26.64174872170787,0.637439261351455,14.20576705211688,4.288254262573222,54.841594627884014,0.1669051033102164,0.19391803656895,2.0975643007743345,-0.0797114600426695,1.8182185871596253,109.3222388988448,-6.569121515969378,0
1.5081282626565549,235.2176938813734,156.88909681902467,2.027690527022413,8.13355369647568,10.147361074975557,6.016360676368311,0.9356067958219124,1.2488600014676388,-1.443718611801196,-0.545951246324027,2.103642482419598,122.89376291407255,-20.921226034500258,0
0.9452508453150156,28.91436765429273,160.89774201788526,1.566284620332488,3.261108609141786,4.319344441315032,-7.728346224798436,1.607723169157682,0.382072530377453,1.9942187018203013,0.759849744884753,1.619569911108877,23.697135785550657,23.619842177776217,1
