A1,A2,A3,A4,A5,A6,A7,A8,A9,A10,A11,A12,A13,A14,target
0.0845877054972401,84.84417660043417,37.85327183418553,2.1187092095651856,4.366026242885267,4.862589490380852,-16.172338671975112,-0.468242854925584,0.9812167700076222,2.2200694710821223,0.7754081801645768,2.16129305602601,45.76712329888054,-14.214878166641904,0
1.0949530744871996,148.67784555172153,54.42424707382811,1.216551126944808,6.783293920673421,3.669185171725873,64.56349803928991,-0.4440417210400194,-0.2591579632740886,-0.6299503624837661,0.6360019903740243,2.085383827769558,142.86996892533273,-41.87646402613988,0
1.121313008924073,1.8111856967934443,37.21577205558411,2.5926648748779813,10.400056291254788,8.063641557503933,38.59847682625343,-0.3257272972553133,1.4108137719463594,0.7905984594402384,1.0917423676705795,1.6818145953963923,-8.17653236313808,138.02892401945147,0
0.5251581717191475,116.4967554314152,224.95315824102147,1.976929049601976,8.969490968966571,3.385976702832026,-15.95737889004075,0.3332294107227297,1.1246065508928298,4.284994868441633,0.4864596624004552,1.7952680849019518,-15.547471104453107,224.4572224428112,0
0.2818711469524447,10.480919364846898,139.6116787987525,0.7011772851873832,12.434701448591904,8.553718768499456,-3.4655267211425524,0.1067002194344506,0.1163827539447734,4.460750652409762,0.8889887799562783,1.7133600735074088,82.99092709687767,12.34794769610408,0
0.9974592260410008,3.062998229542416,44.52399015455509,1.8063031670507013,14.553068155914216,3.59128952156986,4.483932783268692,0.2463212836672941,0.0076740518130955,0.2193410108444005,-0.0097230870113422,2.173479142161887,49.13042381316169,-4.960599523136928,0
0.4806278644250445,65.19622654350752,76.81549779213576,1.6269558849990975,0.8382891022175043,4.041818375003665,46.34493668714701,0.0137590788420122,-0.1080871643908456,-3.87010682570362,0.1464623987998767,2.1283453602909805,15.591007085507163,54.56981854021044,0
1.1989941751232516,194.6952682482614,113.759903367298,1.950221669082944,13.448391849852635,8.547784234945507,119.79523637583183,0.8785771500831132,0.0747414546086255,4.125831505913135,0.9824423355603236,2.103094422330696,34.38968390888368,132.8834949735583,1
0.988689514632328,32.924901341205285,-37.25924915162119,1.3892432295779285,6.359052086906601,4.419265000212392,30.534555995252077,0.5101346526730428,0.5048624320133589,-1.6152881679833522,-0.1140809545832261,2.093226975334276,173.89606131219256,204.88662673818752,0
0.6622478846112915,91.68507673008028,97.68297681919488,1.6611533180970666,6.7372764647145065,4.435721562887503,33.4554005883578,1.011106325366602,1.2238785551239872,6.836449993974844,-0.1004242979173529,1.7973293580651026,71.28099868395232,192.2229103738477,1
0.92806764720343,117.82370139986033,13.292849937502211,0.6356781043560158,11.35880566593161,2.1590495924005624,-2.724345504126532,0.3395292210756304,-0.0097065064292983,-1.5664703657346264,-0.4367683165723195,1.955359986661705,63.30737541187157,10.690504977590043,0
1.0032799805186248,174.59309993406836,43.97732013691048,1.8744421070431256,9.539752200726271,3.859546358432549,24.45786436233736,-0.1676161725298993,1.3538448114957051,4.770405074387703,1.18146248191418,1.950018304616864,182.1870424557852,-29.3873659345116,0
-0.0197858877163438,170.8215429811391,201.46541062054956,2.2757970575627247,11.807414066851615,2.699325297058432,59.95704111782668,0.9486983598180064,1.1802483702821482,9.341654435043903,-0.0560043507997918,2.031858982421714,31.38240159520373,172.31236647588753,0
0.563125595574091,188.32171349449055,31.89159964068305,2.0769958830926947,6.816780888659046,6.07052010436014,-13.819397690925442,0.9786286636488796,-0.1813244683196057,-0.7748370940222813,1.1388498772667608,1.2091253245638445,96.71060775899124,37.861831826071175,0
1.189364735103096,41.06622083933301,-49.46613191020391,1.6978399461045768,10.853949616313823,4.082670448572763,94.73076392166531,1.1891888099659966,1.026217589028798,3.915119719131306,1.3575895470034818,1.8854668237527523,-3.20512946204655,70.5679233711964,1
-0.0741888159377395,-2.885136326232754,-4.327618856413139,2.735983744231566,2.329956500965081,0.3998112956261908,11.984150296698768,-0.3281789029631435,1.4838023273174716,0.2676900665465731,0.1622764078457884,2.206893138897362,64.53377426832137,63.460639556924455,0
0.9269741064723684,161.2617562408396,89.32568443354525,2.0101127801469136,15.795964585571882,4.104722649153239,119.58180084896068,1.36587643105348,0.9618734749168868,2.4810264902641337,-0.9230768385494692,1.9366299418611224,95.43457913090528,18.445912264841752,1
1.1448485125657193,51.96601030576761,74.51579698174834,1.2683697937758174,-2.671889729211987,1.445727327149882,34.46084517821662,0.9976895108086052,1.0547235849164118,7.789011121656552,1.215150792212381,2.181013721395385,67.50779335362527,-10.315675239523536,1
1.3347565528102463,-50.99305794587195,109.38660749247578,2.249273973663235,3.7535235209061706,5.464138596009737,13.43791144062616,0.0650819068824871,0.0389871689871837,-4.2887425840042335,0.9739629977041344,1.8703007876889624,9.435182221422217,70.71079962062998,0
1.0872612224050917,245.34357652773463,-2.848159544350665,1.746787197084244,0.8783552339773957,0.5385209650570788,6.830785220065888,0.3666867779114054,0.896604143398384,0.2284502163101898,0.1052031386145622,1.9366064307228972,-2.678140188728172,-11.77683397930216,0
1.0728961024689905,48.33177786993322,89.91246599725004,2.242661843093914,2.1395502152139168,4.427439691871315,31.856452717439147,0.6137380896281566,0.2387985398246815,1.1156645343587326,-0.0175122339420948,2.108183811846183,49.53260518764684,19.9543557191069,0
-0.0290995021822743,174.89633197899488,20.397257079826737,2.171397874619577,7.802790398078869,8.645268068844778,65.10038828820973,0.7910045433270703,1.2748361461142768,-3.77094179884274,0.1122724847158032,2.314312433718956,153.16355735347452,163.40571004291837,1
0.6229492734129258,198.6820027936398,96.18717482887936,2.6830182575945694,7.704928465644935,5.9048850253500405,76.53577444012214,0.1334870887808918,0.0380569891931554,2.165392074321828,-0.0497708874607488,2.2822132451583466,130.31687746624794,89.46131848960644,0
0.6893834976150148,177.91728629253345,-24.648599046789883,1.8396765868002205,8.299149747020943,3.8380532615971914,106.78234041001976,0.0207309069302039,-0.1261365010924771,1.886431293285291,1.150684024461644,2.1867813998139414,150.69733965095787,-6.821858098987768,0
1.1808948507692767,98.81303567474288,216.16958749190968,2.281586947630634,6.579172766253697,2.70093486397913,-25.29177175819736,1.4782827338245226,-0.2502365228021491,4.878893934200098,0.1700444656820643,2.064030089187431,35.80135343578006,32.19534227919485,0
1.2855125809319017,110.27163846973464,177.0808489890896,2.2476036946458184,4.174103704066068,5.553276352858323,20.82789794931558,0.8845224331978796,0.1079960492737311,-6.679526664325542,1.1239974620510842,1.29188797181047,-19.66232583226882,64.33139691364791,0
0.5295784633723642,262.16498103502613,87.99797735297429,1.517692794686031,1.0964285919724013,3.6449934773322807,118.77538902642904,1.1951446486266994,0.7093406772398168,15.318079389049233,0.3982085199818324,1.904054699534072,12.959832083869578,251.9515285387535,1
1.0413739195691831,176.40756164807533,100.6751638180686,2.2121109301941795,11.307523875299664,5.992257074356324,47.34784226584296,1.6008801977363711,0.3058649839182316,2.8510460588866917,-0.0664643940297458,1.9919769425047256,102.87302996075984,53.333965812681065,1
0.9346714007773492,168.90209081168535,8.396494330303781,1.9505964709167816,10.21722876082694,4.782640644518413,27.50455269118348,-0.0955600783548888,-0.1466855724697828,2.1468623711263497,0.1978219926834291,1.9157270396291783,61.69273705915172,52.25359903159573,0
0.1256805090697927,35.20584110510951,-3.848726187990465,1.9011556128293448,1.8224269904083807,2.1130818029240364,-12.373081621819487,0.0864293732823653,0.4070878811614895,2.452764352520834,-0.8418586791856637,2.124469158480046,30.268911133879257,22.393321463021422,0
0.741654335854903,-30.045129166271323,-10.443004666021878,0.6601561060137244,7.801550874449588,5.066901075958722,12.350650410515916,0.1648341969156291,0.1939081530654592,0.0214941000826809,1.686931827380671,1.0455001945546285,96.17038752648122,-45.3297056170272,1
0.047195071467304,90.23273637583884,113.0298704178949,2.00002357421439,9.273754220985769,4.409564683254609,57.704365146799866,1.6795477308757254,1.5059417509465465,9.011098264949576,-0.2471159105984071,1.784094623787234,76.70555376509492,214.40636909845625,1
0.5745443573518848,178.1584606925592,130.85834445790206,2.2467672469505637,5.844616722113841,3.465408168628474,99.43132056036262,-0.0873408288935599,0.1409961946264463,1.8953897855308528,0.8760755581470661,0.7419994776214798,36.38358392365156,-8.64510041797763,0
0.6953002167742015,123.18154482952788,78.8026695768168,2.1147999305389216,5.0747284849930185,4.911768875540343,47.012216397445656,1.0152508364780306,-0.2790006361241685,-1.5664280118728513,1.3322478966013906,1.7066902752383435,100.90843481176938,-6.800296049509129,0
0.3791769108078185,-18.587458725026863,41.846314531164296,1.7441755167955937,9.392526670306864,5.91184589768585,26.19746951752508,1.1500574257452156,0.398274751263445,6.8801422291722085,0.1951688630305453,1.9645790265755525,18.252510963376224,-65.56818945101224,1
0.948169868899945,40.92205678783505,198.3204360134718,1.6286333208718522,10.363176983859177,9.334860562530457,0.6021313229821388,-0.0446222082274565,1.1345602356427271,2.903581869189554,0.1885947646264274,2.108937642469189,8.564519679966523,48.757936848275165,0
1.2929184191525285,8.568050742156458,216.4341821052601,1.9267255321496355,0.836198210498285,4.255064752468862,68.21532865149233,1.4994632341406042,1.1095333959519782,10.53892247242197,0.2916743609521094,2.212112931050462,40.489249340290655,201.0235573697967,1
1.0472056736889606,156.12202499691355,109.73628244388333,2.0988160224720493,10.540679462152506,4.930790128783557,46.79273466022016,0.6872539490616282,0.6514528376624951,2.5091556389051,1.257609506634143,2.056295153132099,34.38296415007491,-118.4216666661186,1
1.1628429728666057,49.72258545746677,154.9706997475648,1.562227569801604,11.929380477109024,1.7226811029744344,75.7398552074903,1.0417570392911777,1.7675690786621128,5.117130781109921,0.9667529042526304,2.3490255111396148,67.7129484301525,107.12658742244903,1
0.2522132616579617,144.44473806840583,133.02749336344786,1.8879858060548849,8.136183186605383,10.5743639495462,0.7257150108270025,0.2092416957646308,0.8273596702902317,10.24345756464873,0.9242578476523076,2.213727918301681,25.39060825843758,-37.10436847012722,0
-0.2390029835682763,53.88837003670835,78.78160324093024,2.150685786271617,1.7579767851704355,5.188254131039963,29.01358851055205,1.3449518306326276,0.6389994776169043,0.2239266778418196,0.123365699286028,2.2271790804725,102.95806240293064,84.95320802382832,1
0.3094257734514267,91.18470193702508,158.0287104478573,2.2689070351322087,2.652272877979104,3.273403515117933,27.46611848787016,0.0359105840331692,0.0004308528304063,4.859826636585224,-0.7937144032053733,1.724844950076398,-11.58347620825164,16.847729921338164,0
1.792843791860424,-33.6685852855114,144.11110346274504,1.007484432217802,11.53853812609628,3.1090623710982506,57.76545593886315,0.9178016120978544,1.5077580384254108,4.14951557821422,1.3031048198412702,1.5799793126407962,35.43488393975491,169.38523364114823,1
0.9532288179252107,209.4191754060752,29.826958772965448,1.8186928158025168,12.840936950306988,5.357414969197119,11.046164057662825,0.1845456174488905,-0.2388223022964074,-2.1044273423797994,0.334798961664657,1.66925523509441,65.78331817258746,-10.93292306548576,0
1.344210742619404,195.4671016954888,-54.234336906374736,1.691115555586875,8.826190310724401,1.993871267816106,21.291159266820586,0.109887834626791,0.4725679945342226,-0.5068202982369652,-0.2083933539564732,0.9898209221756868,17.518923759681577,-6.283154010711883,0
1.3379446182101356,158.20763778973313,42.6357897655845,1.9840904208798973,6.510028925287624,2.737044200174973,-7.486489136913889,0.1813330902433331,-0.071239089231809,2.696712444416355,0.9955804894595116,2.136184278687354,52.97262653813988,0.4293926536938883,0
0.6938337785881957,-28.25850414510813,59.734314236715306,1.6008772660704549,2.989070762124464,4.153730645793819,-7.428004379094865,-0.0881024613252352,-0.0063997552042446,-0.7183542854649536,1.2238004609287112,2.278705681375112,39.0797908277988,54.90986145538484,0
-0.0719179921078191,45.65465083384855,31.303273723502123,0.8961100496751021,1.7972423271122322,4.424448031651757,56.759625888699965,0.5020314263590471,0.2777800845057688,0.1391104031100805,0.9801401240053692,1.7956453571428237,42.97438316437768,62.38489305632088,0
1.217600210367201,227.49555095280792,102.03552928726609,1.0568074806140288,5.3740774976911805,3.801295642041909,19.459455916997022,0.1019288826629978,0.0187360054984854,1.3609790429095727,0.146354932712326,1.942908632544038,71.73094616817222,81.61741500638458,0
0.0141579276637693,293.74834650097534,36.26021344137618,1.755403444524932,-0.5485390396370278,1.6404741175974715,-13.727147109502232,-0.6873636880153131,0.9828794235535352,7.121151158398558,0.5234324926636353,2.0343123047562286,41.86658450896334,-13.987696141042456,0
0.8224068970019693,25.187897061814084,65.6491329246532,1.7184569959661034,4.732764180634261,4.08152926658091,-7.6435360091901074,0.3641426906016887,0.9960385005155076,2.420962374436069,-0.0334925811793447,1.9945689495688657,44.7613538374987,138.74567271969033,1
-0.2648938791059984,67.40094204204478,69.62342348420306,0.9474154108347091,1.7698493630730106,-3.411100771701697,57.897208322995866,0.1838847501328846,-0.1915595506983802,6.050609374420195,-0.1125155086331073,2.0257203818670417,-13.601723254859962,79.00297211716537,0
0.4311819401836484,51.8712908560554,49.60185200498866,2.5571200690837674,0.7220063878083227,-1.2430071546413863,-8.342325591918282,0.4722097262959722,1.1209322256160736,0.8018050148413325,0.7780842666504795,1.891369065626834,79.82722307636095,114.1863144108861,0
0.934642466364386,353.5828992484071,31.835629996168308,0.4970575200876279,13.528904808783077,4.883061420005406,5.347933204738716,-0.1205808814726985,0.3480505445006047,-0.4202497650148915,0.3718625921354497,2.105233432136727,8.334555120508476,81.87084950782422,0
1.3556413137163492,295.32398816293926,121.5259450885435,2.2041332880560023,0.2390719393179416,3.913358128814203,-21.655407871150796,0.8317402908614795,0.485963820628996,2.6706364894914043,-0.2263484665484792,1.803249935040232,53.98267195947415,-56.44296385743214,0
1.093343214643832,101.53992830710187,169.9854452169613,2.6832552666670964,12.122089621647412,3.066897532065517,17.54360964219812,0.9304454435512688,0.0469078680151735,-0.8375397675306884,1.142110635190158,2.281832435513317,52.6228463579813,-52.26830101875839,0
1.3922119201991396,179.34308772328865,14.91372421419733,1.0038823008015174,9.026980610401324,3.8730862612822743,51.67958987719277,0.5177118418696902,1.0298028125293923,4.9865491369932045,0.0278489699467964,1.845885920886688,-8.963222498996899,12.06298957255202,1
1.2203563552058574,94.38144659437108,67.87211281795848,1.9797724674916253,6.544549747804301,1.5439448558624722,60.01439756332901,1.0604021125235816,1.179298960304808,-1.504989479942708,0.2088885138704351,2.398761917484796,34.35161141247205,63.08831601607179,1
0.1029164059999024,312.5271783155257,76.91127220627062,1.4083479968055057,3.228845936917325,2.945537842244716,15.61964447525293,0.1289927566458645,-0.246446640939713,-1.1213140066381388,0.3200556879615988,2.2312653482646674,98.32782817969296,106.17713949740038,0
1.3186032871458702,94.76204348261896,48.58864695965827,2.1243649178455275,8.04248838401719,9.08664066253412,23.514918031201027,1.2560990017365323,1.0624178131314457,2.9863558625267124,-0.2047999322505144,1.877574974958808,122.70235737072638,80.00723269965133,1
1.0743741512552083,237.1955744713398,102.09889523808867,1.8244617011770288,10.4340540473989,5.537399616367157,19.55387244172695,0.9757283109508176,-0.0302270672340494,-4.805069052511436,0.928884534569404,0.9694665447619264,131.1950785812141,67.85597299988788,0
0.6405264744867479,140.7445326078684,3.863905426582292,1.4941725548428826,9.282302010471932,6.819709576552103,53.82212142366677,1.4463125799430203,1.3622826684069913,2.073765918595347,0.8566879008465609,2.218335618810056,109.22414896749214,243.51070660015355,1
1.1630010153751231,429.2361724370527,74.31530046238304,1.9667238273065983,8.778995431406681,6.129170208446122,96.00594532989726,-0.6998184315861093,0.181171453408189,7.739658784549017,1.2015773969625672,0.7759059783728726,139.4480899468702,-59.47088713935168,0
0.7067375757738162,107.89054259226536,95.89858685621704,1.9145196825182305,17.005714629403183,3.069043476540539,111.83311940480658,0.6619613638732327,1.0234029913453946,5.1002890084400745,1.3663897665064113,1.918433114189685,54.63870124235625,20.887035501481822,1
1.2037484169346842,298.68977557967844,165.69718897642775,1.7879865329897493,8.861119412779056,3.495048324526812,132.24838593577175,0.8500138306648175,1.0160707111336014,4.183800321829575,1.08017127538948,2.008576314943936,100.80842390384112,164.40171541364907,1
1.0686414759915608,254.1403477447971,50.43714023113819,2.329434102940316,9.338229460013205,2.101291002424046,-23.00670820688277,-0.270627158069723,-0.2748881857251678,0.7633986748709654,0.1990523406447963,2.2436108013899485,111.2378183248299,-20.04388726145961,0
1.5784587394218723,264.1474689272423,168.96909529212553,1.9739381229866115,3.31354098839162,5.472948342994338,127.01020097921068,0.2763701219079538,-0.2274341625675648,3.539227210620959,0.8828206119414088,1.9049455168769307,73.236121930233,2.4677846350085915,0
1.0093878238310348,313.900768177777,223.36688739247472,1.2533752360683652,7.947226900307768,6.020605173573232,4.388186318834769,0.8766956999313114,0.7578934960720697,2.656395451865312,0.8943401209757504,2.2770573254360365,124.07727561898626,-14.86222002429691,1
0.1213887590200689,275.34343193973984,79.55891332521817,2.362924096275462,10.147678845400709,8.954394334347704,43.96977876967945,0.9333046340851,0.694502606409326,6.111574918753795,0.272133606671641,1.6647483640703613,25.02222938164654,131.2252876434798,1
1.0068038082370192,284.60341007585987,20.70258019506076,1.920569674905212,8.961137205879437,9.069058963964952,-7.120331421182996,0.9807148853418948,1.373632827545293,4.1102517307670565,0.5844524118514347,1.7400865004449944,66.64739315129724,102.1343764827342,1
1.1258326411982131,123.26945484207047,-29.417540699918348,2.074782038460278,12.055130607476878,7.462500002990286,66.55658468516151,0.9542921957187872,1.3427859179074126,5.411540631903281,0.9486261426936438,1.7989923524149407,38.79991128137257,121.0377423108151,1
-0.0039811979644304,226.8879997920963,109.42323922900776,2.277236632447849,13.931059862354749,3.136662739444112,-1.7764133294030984,1.1231589891493052,1.4912065588345156,7.003030102787269,0.5945879346697815,1.948746104219704,20.104343001157915,-11.631280200659084,1
-0.4044885108037098,36.65466151929489,5.823588485357391,1.4838192837951567,8.40383140365179,5.952338892746042,42.615670254213946,1.0713832530695078,0.8348756583610542,1.3079196455787794,0.3031600309269857,1.5784030743965731,60.369603372713215,191.4212202920308,1
-0.0065916280486689,-22.10081151178261,143.92780533645814,2.0741430755916257,5.101909867800907,5.169610721899401,64.41208766645678,1.3148775825112062,-0.0888328447011171,2.9806055190412453,1.0252477815294725,1.7601569139430169,21.16565260367881,7.899974961523625,1
0.1595101838400802,200.50444785431085,27.315572035909568,0.459148345992963,1.3191756701759996,-0.2333430881635054,-12.646930906973978,1.1555478237155068,0.4557701079150207,0.9002646919584776,0.1794337761956903,1.7196443371559975,114.35978448185708,-1.82861033594218,0
0.8375243795770877,176.66427609722948,97.66443981201296,1.7688241064543857,13.017843983424076,8.11593901638265,97.50078627285284,0.8037168745759786,-0.592453246988358,-4.022380946971531,0.5921393535838408,1.7451303071129751,158.36540703175078,-55.13598286008841,0
0.7378994708721544,182.0789077441569,-34.55692486247423,2.4481224731855957,7.920346110939559,2.4963793826918947,20.01861872715245,0.7397541984811826,0.590122568601739,6.248490682911985,0.6023398172614891,1.5768177527512606,94.61886509250957,-84.12641432785907,1
-0.0500822477601308,277.7731305741918,87.35634638871262,2.0103991568784445,0.7875645673258793,1.0049126027899449,41.55775182659062,-0.7530623309905318,0.3563654602354738,5.5766386113515,0.0047048513905065,2.133940775699758,15.18120330640776,58.856857552671855,0
0.7658211396833503,210.0426130021483,20.858509327989037,1.809186364562775,12.677953624559906,4.273643540536909,-9.025917530400804,-0.0503640184249101,0.4351061632084049,4.84213651039586,-0.2645182926017788,1.9917641196985,34.702529909804014,-45.567820795358365,0
0.2099031666168236,106.01641834038202,-12.562156421588512,1.82192707834332,10.488722497520678,3.3081916338222457,31.62061745496593,1.5772334624501594,1.40104989211506,2.583784063964745,-0.3913011960182317,2.2595666004421875,67.52955516889017,-80.52108352239583,0
1.175552857558491,59.66719614221813,151.8306678628448,1.9526280476771547,5.691955713887668,3.886216067874144,53.98537990269464,1.6007534541118331,1.027654610831957,-4.1166345580303805,-0.030437161867388,2.531704037032794,49.97008705235849,51.711827964048005,1
1.412280034177224,147.5251481529624,12.540790676329364,1.255616389394778,1.6900695734004882,3.3615262972735502,39.82178215695524,0.3582364199719009,-0.1445908398010075,1.556499537340133,-0.3913642985491952,1.8261981760008887,89.72196163373779,5.482950896217304,0
1.169468482307706,337.2742548865907,160.40099698518063,1.9608715781486723,-1.3331422954830483,1.6291173954664235,20.037276747958728,1.4794463732260263,0.1195488511274026,3.4228194671549885,0.9037697417870888,1.9071722936913729,15.198729985108429,-17.248293987476664,1
1.2260347124622908,91.34007817112212,65.58304492574207,0.7979449969933762,8.155909601866933,6.48577377865151,17.776906587139546,1.1248051343514454,0.49657538462951,9.983388351486862,0.8454567375066435,2.2038956524808424,49.30756269714357,246.8772662648146,1
0.4891501993181115,203.88265021125332,140.52377548632336,1.4589671447875414,10.257202292200692,3.629608413208144,14.5184393738256,0.6385382320933818,1.1863687453757712,4.374454413525857,0.5160370666142501,2.135705480575601,75.53103101152622,9.11954194465354,1
0.9956475757985952,296.79241138717083,100.359844899815,1.6289284721854629,15.72968940233943,3.2175636187436685,-11.413311603946797,0.9786369317135633,1.0216033446715636,0.9867081682762112,-0.0056459637168706,1.9922826402354048,74.2403625139471,-17.314731926610868,1
1.153099226693841,266.19933493071414,101.4315658429052,1.0827314791625358,10.371898436011367,2.92985104379462,39.88606673618805,0.281818054012545,-0.6225574405001278,0.8491403214671984,-0.1390259165329536,1.9740252716599704,37.9632444676792,9.498293756241864,0
0.3786153657628284,320.54163744508395,109.73297882757625,1.936633043307035,3.043679481216664,1.8052916301519264,-29.638098133483744,0.6202680965213149,0.778544600864936,2.487972573783275,-0.6580411195297291,1.997433466670952,38.33536837153957,-12.36431623159134,0
1.524997823150795,208.04533590169405,55.745965151798245,2.377281192430888,9.028835867900238,4.262433201911481,21.197772047285525,1.1288833482709326,1.019418226816796,8.586442754412445,0.9834198265269944,1.984525472890808,193.88347109407664,72.22254356824052,1
-0.4116838065475908,123.03635142900308,94.77990530620764,2.234705589262361,12.558431754513531,3.648435228130201,0.8108224284707717,0.9219419905269124,1.03281007552462,17.206987346427784,0.3671421752867838,1.9298818566785891,48.55254176463935,137.3194691258484,1
1.3869773381066444,300.1175324862754,-6.310753096967318,2.151158731034396,9.825215102056108,4.579870463011939,-23.774398666946112,1.1746730452712764,0.6673988647704419,4.616533351496361,0.5389239142440142,2.086625635930885,38.82149105619155,-59.56283850386345,0
0.0831504050928708,254.8452344043953,16.270548858236552,1.909020075641396,4.216958870720381,2.808384432795977,-12.296020871141842,0.8561759691271962,-0.0127682991184019,2.159437813917793,-0.0985885406206215,1.9204921845719976,34.76839322246502,57.29909699861948,1
1.329540110001728,370.1245855299418,193.06887335176577,1.1268099285487578,0.2615347145174853,2.210660376858291,-41.21499266957692,-0.1089550345747004,0.3598170984602299,-0.9177579828588645,0.44168648506192,2.173744387917905,-20.567050441641285,31.05549983292672,0
1.3173268670004603,131.49146310611408,99.7061449460739,1.505234825636518,12.39456341139977,6.457626090874033,89.06886804300507,0.3316445281327604,1.1856521613767987,-0.2404596407743522,1.0490923381158177,1.9085999498453208,135.87048660197223,10.201649417064663,0
0.6787829770801458,384.2930256844859,2.459183242396122,1.879294677910232,2.233480810654261,6.576469811852021,64.02611040261095,-0.2162222374441383,-0.1771255011621408,5.34708574377104,0.0892220407734144,1.8053808925848536,82.87277236539838,128.89999130651384,0
0.4610504652122851,372.2709430119707,128.97488916486668,2.6753854504709675,3.675722935505494,5.886970277877444,5.654961146079252,1.2617006816163898,-0.5298736163268214,4.847060376374712,1.2547132780306385,1.9924480411155847,99.33781809655773,-35.14479640252316,1
1.336181481230113,100.69070631875276,39.13182181427488,1.792418081721954,2.710453238452432,8.467159505141336,19.899798416324327,-0.0304820101594841,0.3470124722275976,1.0209357225597713,1.2567633660603146,1.904925714946536,22.666075420526116,18.67124823824531,0
0.7637279213781587,174.69467304488649,4.570239838818182,1.216697252556881,8.213739571206526,5.6518384568044535,36.65785933860225,1.0096855481037232,1.1796832966603246,3.463570757156661,0.7918346814480647,2.1061897060263663,142.76059309820351,11.256002442042096,1
1.579240850546875,147.72355441295727,42.520802155558805,1.9762591018451785,7.28956954635918,5.975138137885747,42.32393904275629,1.0572334532894962,0.935724973357318,1.8675169419166084,0.4224918618367194,2.000719162987867,80.15961067407619,112.34536666509726,1
0.7648252215100673,26.63911994748344,1.9348293127274303,1.8419954892339183,11.62969116118894,4.813704341628811,48.34889698954338,0.7361913834728926,0.668553624458242,2.1845310188418985,-0.3809122154939648,1.849076259456025,117.11272464145506,41.08375931290789,0
0.6956559782577895,172.99972119475223,-19.00178478156259,1.7167064553811051,6.254458579061495,4.815618239949372,48.614840697866654,-0.0309547048927962,-0.0115696239413381,2.679442170533249,0.1344830955750662,2.0397762005234648,139.53158709566492,280.16708421227963,0
0.3145981112867899,160.44234567264533,41.01709305868765,0.6417362895640135,2.5096988657844737,7.189667898456899,4.493253333554279,-0.2434536510013566,-0.0923213583922561,2.394698338151166,0.9613025709181956,1.638148107242484,30.634382274485606,-70.74228264702634,0
0.8267463946737911,61.64332265399405,130.3531314417073,2.2326750924245915,5.025720454245892,4.956245284083563,23.683886869926777,0.0238907273710808,-0.1686231432010252,-1.1356003999452904,0.4177356229412139,2.1484390966607374,-19.782401722377912,2.8807576621534707,0
0.5514754592865034,68.66404128706681,-30.37587244285733,1.7051770256354009,10.0076940865888,3.9354190954835535,15.470183233705544,0.7569182058607422,-0.0709560950787711,1.7890572010861792,0.3183171986526292,0.4904913364179473,77.06722996568524,8.512131393228174,1
1.471004518538817,375.77745339341664,-30.57738361418804,1.8616581410505515,18.33915789178269,8.31205084430898,-4.315094040228104,1.233211885073385,0.3239158902191845,-0.4974649011206109,0.0710655826418738,2.1798339062175884,-33.78062390881415,200.58292199123403,1
1.2361159113641191,75.1377498789096,88.53087160033382,1.616467806361836,14.785583141914037,8.231302727657518,11.457566446850109,0.9926352184360604,0.7998105485427205,2.191641742152416,-0.1145180567913522,1.7857293927133375,54.67613683943601,169.69580508850424,1
1.5233021017418014,143.53888297333765,155.03223406257797,2.059905219266999,12.320854404155828,3.776163282760586,9.300741892329626,1.276151961682945,1.2409260185559543,7.0932229421943,0.3163956438169854,1.9827701213745772,-11.585930743611684,171.1007847914278,1
0.1670652927023187,161.5613120550041,26.441701957573763,1.5472169327168308,0.3914244557045352,5.220001824742946,-3.242550599816717,0.8521127459736184,0.554163513837696,1.3052205313903351,-0.0562973011845307,1.8583980455583984,12.330011864276583,196.3677458190358,1
0.9083966584467468,131.6216570674686,75.43201792697111,1.1519061386939944,11.06876072743918,4.980156937093255,87.33537725089059,-0.0200904111870273,-0.4323153407196989,-2.5238596037513776,1.2514905842083892,1.9884040019627536,64.28377443792482,-24.196890513915072,0
-0.0504527127750136,151.61192601001406,-0.4811765849183445,2.1155880017529576,10.444321964780167,4.097978044329329,2.141973319397067,0.1455485449637301,0.3747264739814294,5.316942063182399,1.100270395860807,2.114423794998834,89.50182788513786,-3.149322613482987,0
-0.5275565000567349,71.45906467464148,187.70654418086943,1.8967970103311989,11.698128957914536,5.44817332553865,-7.014646895302633,0.2817235878104541,0.7841795287128994,0.7484588188606289,0.7411350607181982,2.066503604388851,35.71113702807646,60.306642330284944,0
0.4110830712860396,106.66567137258396,66.59922517384507,2.1081490751376344,11.117047095544692,3.643731517399419,19.66336619309279,-0.1012090538527091,1.279081822531463,-2.157257723559863,0.8246107755158429,2.396875026795428,50.23268949760403,0.7299444386145382,0
1.1865190931041738,253.50423413274663,92.411017168756,1.307043345928388,5.616181419500965,6.5954573313749005,-7.551274243615666,0.8871764180765045,0.620548638430669,9.108350147415829,-0.2186355058598498,2.0784025039440457,17.95017155272452,190.7020464210931,1
0.9785383768080044,98.17873780159738,2.952987921172138,1.7861567522801045,15.153589499022535,4.956849313236448,-0.767160377164295,0.7880305741941444,0.176357274570458,1.4925786349632266,-0.4689756964826686,1.986805868949568,8.85475307740338,-41.48136446786186,1
1.0257438755024029,308.097999678875,61.507023241288,0.902193423215853,1.399055590599354,5.648568193328424,121.50750906502986,0.6668318210694868,0.1473542042924311,2.7995989692039798,0.8662398956594073,0.9525778957760792,98.51549141088144,95.8455497564335,0
0.3114884677171821,218.34888077075053,33.729822281529124,1.697281518402962,3.824428160451742,8.490813660627786,36.37666251675315,0.3571087294845061,-0.0425206022528305,-2.260400791509146,-0.1033426017032858,2.042161901438404,85.94237764277995,58.71326832412293,0
0.4445114208516549,108.12450682598656,165.37082908905475,2.387643563903106,7.610046103415192,3.413957716950041,33.52438400979161,1.3722909864450656,1.0207630420607805,10.535505178627057,-0.1182368997412693,2.382914804892749,19.30002868413466,209.08491308312696,1
0.6047102644625151,26.89028538542536,10.338429044685055,2.392921453625271,7.774460751738448,5.599185484326571,-14.830708105952084,1.018226952559873,-0.3154869596348632,-0.0838390042416992,-0.0848823952546568,0.859119852535176,32.56423671432856,-65.74279490063748,0
1.124441658618116,167.1911489466303,22.50250867029711,0.8981984739890054,2.7840946310165195,5.0466639503005215,36.89067751688766,1.3394323723798651,1.381906093273903,9.531365378554243,0.8379581744357079,2.094163801044973,31.17520623016364,7.934242440402983,1
0.3464846335379498,445.8266368558802,119.75941687341188,2.039413330318539,11.367127476393016,8.939659427939056,107.46273510076249,1.3238012097624232,1.1669169142623663,8.614331406287178,0.1691556606021377,2.381311575549487,28.010627811937105,-84.26305852022753,1
0.6816021894965942,-16.394446661369557,120.48267744559966,1.9924702051254064,2.515185607977217,4.648085596642777,0.1973467552454977,0.4758270213554241,-0.0860874328930236,-0.1357812306246755,0.1562206775377064,1.6435559717346355,14.303037158936554,47.32383310059374,0
1.0766759748183352,140.68131506493353,-0.3384010567254023,0.7778967146589929,16.255365648843483,6.029189785345702,33.530242276486604,0.4287022566469218,0.2765778999601077,-0.8023770912575561,-0.2644310660774771,1.9592307596271212,47.18005090058662,-43.40881405692476,0
0.852814759756908,158.94522783880623,87.90420620146409,2.2070683157278457,11.175061260237172,2.509761162004465,78.2786044438931,-0.276827080130736,1.083460518100803,2.676725682457678,1.1571068346695002,2.065399143881953,6.706056500096388,-59.73740337974538,0
-0.087288678563296,252.9638331722168,35.59459055837902,2.5636512411976504,13.424003026729505,7.167620019853233,6.1889008262749385,1.0072982350131656,-0.4114118564147945,3.910193320084773,-0.1626131132711581,1.8744160164358628,179.40600883485598,284.68841218936024,1
0.4297613239786479,-9.875075171919292,79.47301848254492,2.075447972870677,9.985595297481908,6.406310300450103,48.05626166854919,0.2135835435462998,0.8716910191424146,0.4397321518326875,-0.2583941586257056,2.083030015989794,62.159140774491206,-15.87019917437761,1
0.0131933080795225,86.84588271332709,24.904847575275877,1.985303432539281,9.466638759837316,3.2985112942409605,24.63780605476325,0.9816715722413436,0.7698026249735506,3.262421225133413,0.5156307546209363,2.0226050859793334,41.02574637352329,86.10752108972615,0
0.5812305923351118,288.97989880554576,235.22065774457383,2.139088897034089,10.244637463497888,7.546818682605897,138.0954757906444,0.602399219836134,1.3726819550020526,9.487823884117532,1.1186751237316566,2.113174112792489,-13.773903444014053,-32.47379957360064,1
-0.1452439354526875,119.96543245260102,130.00232942930057,2.1765165098805648,3.429582618979805,4.962658639273772,4.5943749882422935,-0.5400224780203688,0.32439646565741,0.7702297709400523,0.2556846091076976,2.1339683462650663,45.819760375941,106.8056216347697,0
0.7962127622151192,56.833529960011234,190.11849103414312,2.170050334903308,0.5183496560956948,4.393870847166241,22.69974882470885,0.1343696075736096,0.519722508217906,-4.40664838919185,-0.1914287150662894,2.1146876449428627,-23.409678005342386,170.69066664388004,0
-0.5741875702697311,-14.16391833686555,-87.73637647498096,2.067298358564991,9.937318218850262,2.8202480817294724,31.8925066784348,0.2998646036808937,0.4371854211501539,-1.4631341159037623,0.9261249482544952,1.8539810670671824,15.19108224557324,-53.67116706840675,0
-0.3311715762335464,-9.816981488131631,139.83222168156072,1.735918502448111,11.771624340431709,6.414340374352337,24.03770956885332,1.1382083731712211,1.129388117442209,8.032391941665438,-0.4990761531253893,1.8796746236366897,17.790625592304913,-18.042608041826945,1
0.5985429214331859,368.0512436996704,194.76082977001224,2.5695073758671,0.741112674746593,6.094759951692741,151.5361987229214,0.8307481628278243,0.7610999059785464,19.942726734628945,1.186178621977497,1.7262179398954811,-32.82584699682252,-118.7639567392153,1
1.204401000348808,269.5063568341127,55.00037555611125,1.8793148519783585,12.950735837800169,7.746265110923768,132.65594558974058,1.179402142000268,1.383204280067002,16.888988064568018,-0.4248909179918564,2.2438554483743323,9.21304455843368,222.30498203072435,1
0.2540753491413282,253.69394376761744,67.1193706130974,1.8270516511694317,1.837924724981029,6.2986756436424685,47.37878339680399,0.8633725921926756,0.1852861992891239,-2.553841521863676,0.782163690939771,2.020352669362277,14.556012975592772,-3.601779063117945,1
1.3437397946810177,63.13740223794903,44.053358585264725,1.9832803801849952,3.8720860188543775,10.01041629634403,53.687014213479245,1.6411489941135884,1.2885096770506026,6.384715871044263,0.268378007765323,2.331102013011799,128.9004632885301,154.04207621397666,1
1.403285837899608,189.5521147521636,163.28816725820454,0.7369925793789303,2.481694731166568,4.568763204332015,50.29915679513812,1.1523780815172886,0.7309231137323102,2.6769317819029057,1.4771645044199646,1.0355014979779742,29.80521658058331,19.00269283145248,1
0.9996600039355078,5.088685282267903,53.64687878878017,2.543200450281073,11.7702105994262,10.369376965520804,-17.062893159423318,0.2961305539808979,0.7678291267700894,3.587743031768639,0.5877546341482002,1.8749190673830425,110.72891268124472,94.42755979422336,0
0.2450696186220385,114.3192323537586,207.7954139624369,0.7651816853511053,13.573335733092708,6.38941631576194,58.8957201802685,1.011267335299042,-0.1683240764094973,0.0921751375536876,1.5542438994138466,1.8050904376386885,65.75916277767628,77.06276131552374,0
1.2109375042269042,137.85215485442438,89.99116552373123,1.7652203862162297,7.051910413942172,6.1065516055426485,79.72627275267399,0.7356412971616209,1.1693243507038362,7.464311486043176,1.125532521391933,2.0774370368421464,43.10494766719344,234.68289073555388,1
1.520560070323103,91.10850860936412,177.44700026983452,2.2388229199578897,9.826861204109411,3.7141623988726673,3.2464302851457774,-0.0450977624268601,0.2728209913906276,2.452162037877528,-0.2424606019973107,2.026531633002421,45.67729339119119,-36.25503380380842,0
-0.1416242395483066,86.07038422769352,127.7625201812712,1.8540702508687277,6.87361256943827,5.956737186723432,48.58701987338512,0.7060729071490266,1.0495473086784088,10.540306634739506,1.400977943045521,1.8709197050230293,29.09869596568405,163.97473869597115,1
1.216187041320891,-4.316493413915595,117.3746067080408,1.825524407185908,9.170263292701415,4.427417218383173,-1.996201991312617,0.1619094188826541,-0.6776071845658619,0.886969839802878,0.6468945299382018,2.025686828098209,3.035756755178312,26.88126753702783,0
0.9459200784612763,73.67772948851515,112.76991606301848,1.2349453384633478,6.932121979179498,3.197421835544784,61.496520611234985,0.1823436774689685,1.362332337795927,1.133166341346238,1.1899645617516523,2.038005939141874,1.695107482097221,122.73881419511667,0
1.2100798637532728,309.6187259338586,107.13588124426973,1.4447103405958153,5.375786902045692,2.905261320123122,-33.58883572748966,0.0143462708821676,1.126510224114048,-0.7479319266770812,0.2516728816999555,2.116666877720363,60.56844990504341,-6.146061837165867,0
-0.1339545869995368,287.2271870155984,167.79868883421764,2.1684230639063458,9.518785032125184,4.918963803311169,63.61411247795725,0.8141160616543492,0.82991423605526,5.190723411155993,1.3289220085079902,1.8119188405450124,-19.95062964345587,60.27724969169083,1
0.225730494557936,240.8084089077377,-26.62138619650966,2.107773836990331,11.7239300361907,8.189057690625956,-20.697962907583182,0.9181288014673068,1.2299061775739517,13.587826308409248,0.7446904434232539,1.7732542637987612,141.47253041333897,33.49058223583458,1
-0.2133868237756842,275.27459248609114,75.17810123853246,1.369425981681817,2.583634550602256,1.0208725391217914,74.12133823978112,-0.1406491143083699,0.105393018837114,2.5307959410035483,0.7060682690032865,2.007080465694383,-59.89957678967589,14.996601695706056,0
0.5173385063542276,-48.129520761798034,126.32988194535416,1.8718744707499373,8.298572373437713,10.506906328211375,76.09770481003291,0.6876568251983197,1.111812168364041,10.933264802431331,0.9079088331966024,2.0359694277402234,118.56019678379394,75.9810527757379,1
1.2585486510562442,148.57144384764993,15.29529412350658,1.2085752159710674,7.599976601831111,2.491556482141144,45.60206282119562,-0.0056123736151998,-0.0261709375247099,-0.0615648462970814,0.3821316468494204,1.8981275412736016,11.687874934125588,40.95451797186576,0
0.0717420326707479,178.76349686700317,-5.536928265755179,2.00859036160482,2.4036976189245625,3.654145595367299,19.339682943676493,0.4178802124106359,-0.1720487465955021,3.4297666641921007,1.4407276816881585,1.681065986667188,115.35557555091106,47.25853270456199,0
0.6072359367725362,49.92722482542628,27.97864540461429,2.339530672398253,11.8660547163117,5.008763061352002,14.779090797628523,1.2431026568176935,0.78559377031333,7.598463282807351,0.7331054460026768,1.757634427594451,39.998423898145056,222.75947989143089,1
1.280778700724979,160.9299836575893,119.42066453152196,2.209621966185487,4.948633374337193,2.2609051766593398,16.919125170233368,0.177288035598418,0.3506617023831302,-1.45359926209278,0.7064524995477662,2.0892609816765813,29.86670714862197,-88.04100310607359,0
0.9699808788128276,35.34861515906293,15.216697607101151,1.9148387594013652,6.739563467587648,3.682304698510321,32.1064362266207,-0.2376465990177585,-0.0201966787205328,1.4804422722908026,0.5053193076351876,1.941713862983896,71.74106967409155,59.17102292135239,0
0.1762333367307871,143.17375350355772,31.621089173224817,1.7080181743610068,6.641789145315235,7.196615721120351,81.55164505813204,1.3168535200530855,-0.0498850514829106,4.749676464984862,1.4431785141006568,2.0472407341516714,92.3630739603345,76.38539227296187,0
1.0140617097872913,143.10003506773367,127.85381815884028,2.176206583472064,9.73896090751712,9.54071668581025,93.59621418951272,-0.041312825633004,-0.055132905999757,-2.3823590629955227,0.914636387477184,2.2593748058903595,8.1144176301773,-62.557689477680846,0
1.0907432015997551,154.39004675223714,122.9323029138173,2.131587085426776,13.659558817982504,8.886433192246479,100.16040719729976,1.217587600738876,1.242177372419939,4.426399120521792,-0.0713747085529186,2.297031378585982,90.6744825811609,112.47686118742628,1
0.746985410356312,285.30107371237466,83.94144440136431,2.199167418598444,9.152597796127717,6.9353687118563805,81.20987047071154,0.0931392891877589,-0.6154117347853753,3.720804783026882,0.8238960576506035,1.2739192578155296,108.36704856730658,10.665743837190355,0
0.5322817389508072,189.2295575430394,255.6178278369556,1.9478313184746217,15.126848233064806,7.4554218895338975,103.11991778168236,0.5663579286436704,1.3014780631098315,9.122321556277784,1.2795123024785906,1.8419796265239583,6.307209332177045,77.62070960571478,1
0.8437455185496863,26.104163769411244,-62.68647173939839,2.359534037289951,2.4649671429722435,2.962884766873864,-23.84334288867108,-0.0663453534953542,0.5670839973750972,6.486678964029283,0.4621286252432643,1.9312060061888132,66.99421947915523,84.66686573305091,0
-0.2993543149195485,75.41122257114613,30.281238235223604,1.3422840656389186,0.5037514636375109,0.2952891526719261,19.494081075045003,0.1144130590460061,0.8068347432844469,3.5459730900336863,0.2342285838594398,1.850834720729916,12.221165929410065,-11.07615031707072,0
0.995302406767827,24.71353045168645,27.57869041418303,1.959783089918078,6.090074563688819,4.776215853015239,-0.5098451745788353,0.1587247846601411,-0.1459471420331255,-2.1684628129402927,0.5619033235709979,3.300178240611352,91.49222863577404,-17.3114621951186,0
1.0185151175853009,287.8078786621288,21.929026061978934,1.5876474347811242,11.525770110827915,3.208221086333954,-18.62786928672625,0.2017866442428521,-0.0013437693254828,-0.2569883028927004,-0.1253177525691785,1.8840835195856969,161.47126195139532,-33.72876191330668,0
1.241375839751699,87.88713655968462,-24.053105079420103,2.342550468963957,7.778022254727804,4.63998929654479,48.97516747816312,0.4032026923360194,1.3634046113726026,13.6092267985072,0.1937745604303037,1.100859721799948,-31.89365834335804,34.08641582089237,0
0.7465030544064698,202.6540176775669,157.10503105572178,1.9667507910176527,0.871244848843463,4.362999436617585,89.73938805777283,-0.1212614332787429,0.1560583644458033,2.370094966069823,0.2878970086924913,2.276295373754659,102.85173789032471,84.88754010777646,0
0.5275798118242003,110.48928842852618,66.55094180652539,1.819153597389964,5.3445057699436935,2.0882652365713223,51.5802348721646,-0.127604756249671,1.4397135840760158,2.1353516275144218,0.4629536175489745,2.0498212431132417,49.57639671981004,55.95379659410689,0
1.1203905592608991,38.59451558255184,84.81469412876481,1.1312127903615676,10.162923833172435,3.915804965023422,3.717879482887284,-0.0988042703508066,-0.2694177682751877,2.8422552103847227,0.4006185476262474,1.9901816079632504,71.20591689181965,-92.019241455269,0
-0.4255412287175247,234.07650025206996,17.41254868157553,2.053028557011856,16.44761279069667,3.43346342624673,-7.126820431960759,-0.1778316292632703,-0.0619105260580976,0.7616294698360297,-0.2690212804548391,1.6073440505896612,85.1856616812027,51.99007875114842,1
1.0974238402475005,198.4024318303273,70.25104060875115,1.701780276430117,2.868574561580475,6.465776172731,105.83886482737732,-0.4615760030531454,-0.1004437452862224,4.558911890036197,1.1645413071812982,1.037898151299103,129.47471056675977,-17.122131252691695,0
0.9360253921542644,-20.393663446719785,30.29466873938558,1.1915559023174902,2.1603862194366394,6.677101134356422,-0.2694977863911489,0.3662116666042856,-0.7334139914155074,-2.921892712507969,-0.2988765725168888,2.283596835234812,53.47079243156816,86.23082387946133,0
0.0332444940812614,162.90995254237546,29.48768448985198,1.3685798066340755,13.543627228653436,7.789327240445115,76.45848515363731,0.5269397314717763,-0.1256297037646573,5.470131128891272,1.1457253875052085,2.1093321348496,56.4347689051005,235.57911852999956,1
1.067899164519886,94.0174155958692,130.02702763068865,2.013628102185552,13.825951096570993,1.0512244519137632,39.90667958768272,0.8916041892523805,-0.2933729882754102,1.8819031270064728,1.3975098342199004,2.2016850289000898,13.949868504958827,150.3503241540367,1
-0.2262539682774915,106.05607005770472,-31.261170966175555,1.0041067814349731,2.369439376054025,2.174489198957488,-14.031775879704163,0.0057628585492901,0.0592159097478985,5.054193789056918,-0.4797284164387788,1.8231662089826903,122.06622064707769,33.10502113699328,0
0.9215627584205056,281.3898227203106,93.88460451617652,2.018008633881768,12.502775922258335,7.694255462291133,85.30613626592644,0.9461843691735934,-0.0023912966086646,-3.5604504726260817,1.1494741354621212,1.912466211857278,151.8156192952422,28.908084492502784,1
0.8043422515826508,98.36307529799376,-28.93558170788896,2.127105507763667,7.457299991574684,7.899895944025621,68.3541630665269,-0.3618607375320801,-0.0737333493129405,-3.17386523672583,0.7043646635047179,2.0440163804834697,150.538576395634,133.6439946693978,0
1.1957692375154267,356.1960408651853,139.9193498146259,2.188866685523194,5.086869146304062,9.953893515594542,121.42969610906076,1.3436686624501553,0.153413239004662,3.567872165822513,0.5831673901366987,1.976370899189412,4.831457363492071,170.4907298671774,1
-0.1448745575051235,348.9322285582115,105.51612997615597,2.223799725738171,3.355815296854584,6.666843402748593,60.03388366779204,0.1518112962833199,0.1626768219465688,4.934898570436527,0.447305881318246,1.911028595560978,46.43501377641772,73.993411513956,0
1.3021115849777918,180.10229882206409,127.70972721766633,2.1001015851015588,18.26093256481837,6.101030093774967,66.487975398949,1.1501136453865692,1.2545213129862285,3.706115410867159,0.2086072982121952,1.85752537410932,165.54665912057027,65.25954074853506,1
1.5346861831475276,305.6110125731184,92.6336263734552,1.8512865289624307,3.799051899234786,5.264256769478071,-6.369265989223443,0.9180017614146232,0.0330218200860246,-0.3181016248699984,1.0906197316735249,2.497740473497113,82.35497570285813,-19.55877774095868,0
0.9272418600455375,161.06156379985765,254.79322299941475,2.142088042014099,1.7573068003533026,4.587500626423621,115.0914167474327,0.9280587357211152,1.3201650284485051,4.191574807004932,0.5189084678437363,2.0273991691818,4.348071172221253,-10.321394700223388,1
-0.1432516241182952,182.7294649159608,201.8058617905434,2.0386161130289544,9.818532216565243,4.296614805404255,59.50773521197832,0.7712276099590517,0.9422425842631504,2.515645322201669,0.2657279674427124,1.92357968426195,92.6224451665472,7.447749193768367,1
0.0227675432611021,188.04859337219077,32.01193301761659,1.7241485592499368,9.62300195620009,4.828593968856498,-18.020467516746837,0.2755845810790788,-0.051572112479778,-2.69473698279176,0.1474173028921119,3.042109619804424,58.17516356124769,-0.768442117834816,1
1.5249074296139693,-17.56871200230478,30.63344957130565,1.2171400805954586,5.040128535776354,3.513228956022344,0.8422304149654352,-0.446360344164444,-0.0765892303551217,0.3019402994072706,0.0751881680162274,1.8922178212648852,59.134780401788426,52.817938266733,0
0.952437954372226,46.53949053725648,14.995287708228387,1.1246050065814894,6.911503613086948,6.413984399658739,3.844993209101844,1.0560307202073742,1.5077863830441451,4.419252787976896,0.9615790040169574,2.05547533602139,84.14854659963027,89.35869957043042,0
1.0544043060216333,346.48292017907943,84.4992044161901,2.4487180350659674,4.884436290646379,4.476229531728366,-18.341676315395997,0.3440493334656,-0.4817454524545637,5.195040876291945,1.0647716753566088,1.4856242258926708,27.793031430884184,31.87780005043925,0
0.1347831941077671,171.29245365394314,88.9793214274489,0.9505728144213336,12.23984920715177,9.419831957007212,67.25251222901477,0.6693066997237643,0.9377161415999816,-2.5682597595814,0.0114547657263991,1.961496894612702,2.779849782940069,75.8209050556759,1
1.7875134322952988,134.96385035029482,63.157054407894805,2.06960283974157,11.391686931038532,2.701158970429228,-4.034220058375979,-0.2832765812961594,-0.0153443013303068,-4.517496779159504,-0.1762784934695045,1.9519413576555509,27.54240029044586,-23.24495303719112,0
1.216324620727033,303.9125464398695,-46.63940378690764,1.769670389079613,2.735751302138598,5.950506107588423,-11.16987595814652,-0.2701551226627849,0.2338348981777285,-0.2272234543955811,0.1755442801176394,0.784268490843786,61.46263275835709,36.66194317890465,0
0.8803943417960022,217.361298407286,34.50179085810953,2.20677257942975,-0.314441846218223,0.4344575163272219,13.681525838069971,-0.2317987264149369,-0.2517027564065485,4.135385109166727,0.2863440059485951,2.116753452151373,75.74700862801643,-92.36221510718246,0
1.0699866322355094,142.1488085797265,-0.1871742672406355,1.776224040341025,1.2086814150134757,3.999565455640953,23.890103525481955,-0.3939965126312621,0.0967855255469033,1.414812206088731,0.3110431669379231,1.9741607421559384,86.71484397506782,-7.1318093257401145,0
1.0938264901340669,340.6760202291995,-2.090560112979304,1.0567634593431825,0.0869102889466502,3.292139408635129,35.829836369950414,0.4374089019446258,0.5791422752217024,2.1743418254760605,0.8780398812511978,2.483809935762507,125.18367977493334,-25.967626469548076,1
1.2215732634994922,30.19949994159903,87.95960293482284,0.9385635304652182,3.817020807058338,7.983256371120179,60.69997076663148,0.5901649285152494,1.0094617020782464,5.695886735480412,0.2829359037841263,2.0671012742665478,57.65996202201353,-6.225503712773296,0
1.250933029413262,41.855591421442114,58.27047812452044,2.0156259974691384,3.186912539819934,4.4740592487929,0.197437713516777,0.1314776335452242,0.7185087661491076,0.2914336614156005,1.1358436138791712,1.244119414820286,132.1800912501763,1.5532202907800752,0
1.0461177923492526,-16.93425481205486,178.43488989482393,1.1363742061150592,5.069072419093699,4.12230417588097,4.9263422954900165,0.3943596977458123,-0.1930642201868111,3.0107859478162107,0.013554562835129,2.2894947040648965,83.69560244435175,10.300875982277503,0
1.0767867756653862,226.58007981537355,77.01571954788476,1.087000674642494,8.03827833329518,4.3158873599300085,75.44669139554227,0.6300840267444312,-0.1547521010376625,4.767647422795553,0.6236608037660013,1.5891834212186011,-39.810439921582,174.37449974006304,1
1.208801058576903,174.9644272575881,108.26598076911176,2.155484298415544,6.897885532039379,4.534309003293622,29.865446768135072,0.120025141689507,1.2149422317400904,0.2451217316666096,1.0167858139312618,1.878966427585746,130.21750041723487,-10.116384192076133,0
0.6537977943444033,61.42252440803897,22.100891212711826,1.016278246807619,5.312795403571935,3.7571412209835575,9.56325170229892,0.0513334092136668,0.2501056780283194,3.11473879517042,-0.5245951913711733,1.5638328306459437,106.0281960801004,241.0814437654545,0
0.9197110337442016,143.3113717193426,112.84304933067168,2.527775884675659,9.313598108160711,4.458719409810339,3.403140837855084,1.2740701744290348,0.3633631539922265,-1.174511916496746,0.9749214396410776,1.6463803305646731,175.6659698801242,98.50534230483728,0
1.3355077585789332,209.7177921923189,105.51123203717113,1.1014023504498205,4.66866169925872,7.947146894119961,132.91246712144266,0.4869423577293257,1.143632379932284,10.991213000233998,1.3894943933542083,1.9172012230354016,102.92023053416844,44.80570344469805,1
0.6616230662057806,277.6290691598077,101.49660962300771,2.133277713697693,9.229597374580909,8.160903699911758,2.216513418500611,-0.3723618000841457,0.1378897097540365,3.964761987436592,-0.025650211364434,1.9606683244109224,12.194201817017143,-82.77931314873493,0
1.116248528266052,465.1498927078085,89.39897474850302,1.932576290583213,9.981073853140296,3.401386986555637,136.4549287463565,1.1533813661258354,1.0489750386484171,8.089226657460216,0.005424713472124,2.6171725625419384,5.536756955031791,10.220738104280372,1
-0.5266345884558389,69.2619536295275,191.6310504676593,2.147126883909924,9.35689160602371,1.499100912483844,-25.115398692637854,0.6407043372955059,-0.3367495997542579,2.6006889335933034,0.777535401349313,2.015463498155763,44.01765039400335,27.51458562545067,0
0.6448557779674362,16.41256606332999,232.9658047427963,1.870850858094375,7.938661455287594,3.4787720105180995,35.714812613685595,0.923658270747258,1.7904942948236542,21.647876295791768,-0.2762237258879556,2.125686163679964,44.07437626243919,75.12430990143493,1
-0.0193585543842607,30.28057136902207,-7.565740705803904,1.9285388257325091,13.043672005626554,4.298942317826195,31.552041758865546,-0.3653041563567784,0.6888854364641114,7.616832264495436,-0.057588822272074,1.8496262908128704,128.8984514978858,149.30630325592995,1
0.1969326608640345,75.19570260725516,134.86673118632132,1.9232227488557283,2.865154892210338,0.9723763100189208,27.82625665836057,0.4269919732754041,0.38561573466447,4.159079600416704,-0.3358302493953806,2.0936736106270475,46.78878464634478,137.135163050538,0
1.1719859495200926,66.98959786882702,10.652806526278267,2.1450238572973115,4.618329921511181,4.812792716358329,35.031991741818594,1.0027164313255774,0.583800029542755,12.320698874299795,1.3001926902807357,1.843377941781495,50.79963455898175,221.4660812610876,1
1.0516267411227551,64.73948889455711,50.92701045376636,2.2770739811086385,9.021167449735891,4.420176938384471,10.433144082733524,0.9727869927898714,-0.278990123089055,1.1847330613077056,0.7988854789237549,1.8165999718503705,4.356127315519451,-15.93255303390304,1
-0.2603272797415111,41.31555590781318,142.41085405708213,1.9315432652609992,9.117079555513122,4.092221294973406,29.86703216471013,-0.1944091559706745,0.8214741290400324,1.6892451040163636,-0.0144947523327177,1.9148247440553987,47.71037462560971,-83.68856508412671,0
-0.2218011736317662,116.10298378052153,0.3070919173603244,2.455097243637511,11.045124829576755,4.22875175331407,14.597388813747724,0.9948773686810726,0.6092124767235367,2.5550000138216453,0.6965500251764274,1.9461593782175215,-20.735742217375844,61.73847604933385,0
1.0817364568982908,5.944268640908575,135.33283321806323,1.1774940914772611,9.121305465130952,2.724495178817849,52.824230771335685,-0.1729527989809047,0.0053075486867766,4.713056475024813,1.2615045642671927,2.1544689580418988,58.21766358390684,172.76455696129355,0
-0.0036528043831454,70.98978011880375,275.6684016183371,1.7717782727446194,8.712771343761203,4.029166487092743,126.13461352313058,1.2879084385355708,0.7818638853094579,4.343238406683085,0.0834547030176707,1.8997294918254408,43.726636757420366,128.38203850593845,1
1.1848223267080722,116.11978536443732,77.32089669491023,1.9746092356897929,4.079538520588714,6.227835351905914,48.27192663839707,-0.0026542782150473,0.8541519915147164,6.834198277991298,1.2592153102845602,2.061250437566679,50.35158346913675,19.66189274934661,0
1.049894864627002,1.338709054549497,140.6552466488526,0.9340398448001797,2.243060561418889,8.627743819269785,28.62515979383499,0.9712314556054498,-0.1384219431983512,3.0873175667334176,0.923625131680834,1.940473830970631,48.13817538117191,81.10863051898605,0
0.9643091103160036,127.07146626891527,-10.11001475166671,1.6378457513475786,4.45403949909697,0.9801450999131148,11.995252029588835,1.2433039444694836,0.9083901902008152,12.51830243746018,1.3527428482683148,2.2576875383787853,15.92752982404822,249.91298068740696,1
1.188944689758995,204.43886590434084,-29.629133324275344,2.3319515297885927,3.8483909172645343,7.695985651180592,103.13565012817573,1.002899735333728,0.1231650555575314,-1.1405231985287312,0.670498137023411,1.88750289768368,177.64295286909444,-7.917920326348749,1
1.821046917585471,55.79699098625423,-13.47520941827571,0.8060656091619611,5.744745193354442,5.211983211162936,-3.598072364759105,0.0413482666261547,0.97957759568738,3.916851918443834,-0.2742178894300168,1.7912446563772997,75.7235083246477,30.375812316691004,0
-0.3193985058333362,318.2906997594895,104.53655206990328,2.2352382303518405,8.804378724239806,7.635769632080353,65.34885282531582,1.0233805494469563,0.5834587695942737,19.4707576238744,0.362550050818354,2.0576277163525845,-39.37158654359098,185.94716936047053,1
-0.1857704439185366,70.5115324666265,62.36112087421759,1.3197286449230663,7.432642857292274,4.026279914935806,23.522910420132806,0.0736543945987074,0.3256892253509023,2.1286857171890947,0.0539971482468649,1.845320327692659,88.99453475134567,-146.88080589320538,0
0.6900946747331259,-78.2634696816053,55.78189331204254,1.2600186762038543,12.300541068741456,4.668123492871176,45.228742518350586,-0.289955129114151,0.0036823774148704,0.215786636282766,0.6712704805662824,2.397638257702418,89.51198711678035,60.6414114032545,0
0.9994174907214208,68.31788291549934,123.53343509517376,1.0395701271051518,4.049757650710012,3.56979718824169,-11.291614511547309,0.1368780326177494,-0.0302323409151715,-0.7378251125640123,-0.2144678400089252,1.7650765033702458,74.34162691926282,77.71213207317973,0
0.9875760822746272,179.77462697742678,122.17320202762934,1.1292963857460694,12.22809043404182,8.838375107036928,106.20773839013506,1.1968128215200733,-0.4438428854095922,-1.2958407293037393,0.9336148773815988,1.859118722594264,19.08956987589739,-87.39951191258206,1
1.1317841680363612,354.2024477091573,152.35450738750677,2.3136069246951925,13.774650159035671,6.562381069014829,157.05128651165805,1.203125765438214,0.5933628270741487,14.657049478288709,1.2133513837694658,1.998021059441243,48.66820213741165,157.5216476914438,1
0.7522797175145478,21.824558167256956,219.35701914803883,1.3833476421457938,6.628890519815112,5.252655013970445,20.94803853675559,1.1103189575066057,0.1479919272426693,3.605662863671893,1.026788271595863,2.273695088359488,62.27492099668618,123.47243884495526,1
0.6391566859435778,199.54716412660204,216.4616880131152,1.4560753660880663,6.051438849074716,4.890588785475668,32.52655884027472,-0.0312237295435198,-0.4995626760454537,4.939090116332243,1.3655695556201304,1.9939174648959213,28.27402831134274,-26.67894731309257,0
1.0034753307113866,254.0173109473689,120.68836067315765,1.943318372391468,3.4104156648256927,4.804528795940842,55.39460326689886,0.5940846783658922,1.1643929539148083,3.025296238034032,-0.578624837083122,1.9761884217476795,30.847021531744627,165.01392736833253,1
0.9620418475168646,159.4236873725088,-23.39578363306497,0.7703141588386876,4.483994624801449,5.092690752930541,4.2696162863888745,0.4314474616310776,0.2755181599893317,3.2059619384771905,0.1794505078552117,2.451768820243274,62.85009860206284,-50.60137147290457,0
1.1367358171012107,97.18763844816094,53.36649493078481,1.9341238500667108,12.559380409836685,3.650401244586334,58.7976654438839,0.9680394752793268,0.921570635564778,2.5036984002963183,-0.2895888555152907,1.948940685969772,-19.55903495097316,288.2408180461246,1
-0.4865199599195527,126.94612087330216,62.48920747975546,2.044957287016881,10.522312645697548,2.873712911179385,57.4773466284483,0.6657392030671576,0.7667358837770063,6.49375595765647,-0.6010718947984577,2.247382361704501,42.71073555167739,43.45946900677498,1
0.2314214986486708,292.09448476356954,75.36864456338513,1.7538364368418469,1.5202015384145362,0.9536403884754664,-1.3666859036345895,-0.0371147267637118,0.0344416293697773,3.2220481395630043,1.4461795790221863,0.9995632552356056,43.43981368901102,-7.135700977259589,0
-0.1975392740844951,51.3031566183849,161.79762054978062,1.754319361970075,16.458547948415315,8.384999168675694,57.92451606777581,-0.1587791494189299,-0.0597978540682061,-0.8698448586132743,-0.8587551647497895,1.7325453585874606,43.72511850195867,-104.22923026835429,0
0.9164549032984542,134.23771564885757,100.93606478512729,2.270477134297354,1.9739248891476449,3.566636435973015,49.84042216310439,1.1903172589438835,1.2287082339362925,17.078940469205637,-0.1129345384360359,1.9102632072286123,43.71857884726663,58.967082535511885,1
0.4079559680766246,11.943976559753906,1.2820137804970102,2.0471376497888847,11.906420051800218,4.316065105493252,11.76238233669483,0.0929132755216691,0.322222163862881,0.7497504238676083,0.1028530359875186,1.9638664879527368,33.61283475209124,26.689085717474374,0
1.4541613005673435,226.77913192516576,113.10607959549408,1.7454358875667175,18.14224696308641,4.694009822010933,75.89550921546399,0.7830459386471715,1.0825736366470189,-0.3789556498913584,1.2265890373139323,1.8149236405078204,111.10930280961708,165.37037671223334,1
0.921439470406268,151.91523006100806,116.00913326560013,1.6649313612106065,8.573314415898196,3.948076793120272,92.88427920257988,0.7965638727927167,0.7798592868969938,15.259204775295723,0.3259193362369925,2.4439658933742745,80.81193009706269,182.889670798159,1
1.4341453573442058,322.4369950324346,151.8553238878116,2.131204236956082,7.995134132399759,10.50925485448957,139.5325499546337,1.0832594637484332,1.2209028242415814,12.51461933334926,1.0553638534447314,1.9780602552069144,50.225192733839,46.685339606344655,1
1.0348989103436956,90.773784237087,59.69091678810332,1.6966290609929855,8.420343418998794,9.669255062136402,-37.93096761597278,1.0583223497903096,-0.1882394263295392,0.0285655682133878,-0.2930217121761327,1.9670922927510104,118.19325045387558,-58.7032769602812,0
-0.4081683539253123,27.515275502190505,35.524912742399685,2.6897407804854114,6.512327901403312,3.6534559610505912,12.414045127677294,0.0688627778647276,0.1227397436080875,0.8601329667556943,0.3518064107697922,1.880251871516364,67.56143122653064,44.426537898471565,0
1.0982179902968618,-17.880146570653352,145.726187864624,1.398762001686167,13.57518082878341,3.352688610837346,-17.11310890314585,1.352443424286926,-0.4205047946797409,3.0883648613966788,-0.2270319176404892,2.3108452938367976,54.46843420252911,-46.59752934750903,1
0.3590675177360587,210.44361619676863,79.20709315870502,1.862661804669616,6.610857358005235,4.898950102645318,71.03853659036412,0.2115902331901743,-0.0028280972019478,2.344823311532907,-0.1356440741834257,2.4327635090051354,101.99991185893356,60.53834435622632,0
1.0951121678088502,-28.398347743873444,-10.048791344373896,1.7083955621734923,7.871129296188657,3.2165079821165694,77.855645803279,0.8008132207134177,0.2832774466331259,0.9502567187023367,-0.0137003761636455,0.8378629669982824,36.23793851021059,-35.12594838585414,1
0.8963016239047157,269.0577579213549,224.28568019007932,1.8434865885813057,1.8364856661833688,3.963360655302269,46.87884777402317,0.7503016398701269,1.324952934276496,8.899968775286546,-0.3545171857010962,1.9916269901463224,90.53744575680928,39.85378153360048,1
1.071492315742042,212.25026647738167,-9.679432450038178,2.0695653025586074,18.35725098659428,5.862513497842675,0.7710972677098482,0.8624759858171663,-0.167404959115189,3.129395083873895,0.0782614474508015,1.655501708763273,16.449878458451643,188.73004096878495,1
1.4620541225780517,276.65766559004385,137.56960331078585,1.9142076757169428,9.561073206962565,10.208671159918117,125.1016994990586,1.261304721566891,0.0397909203161711,-0.536945070732775,1.0035568073625702,2.278708766004205,43.643807759017335,-79.81153316371078,1
0.2763000274287445,108.18923911846656,-18.75619756334767,2.4106096226737552,1.405447020476136,2.293644855177046,-18.286773348438075,-0.5040220254374392,0.0838504583243235,0.9119432851975082,0.8408146108720866,2.0164317126599487,114.95631584619665,248.40423404466333,0
1.5711154584657172,63.10937609707459,28.172532640287315,1.615043649522947,6.873185280878953,2.1299784287375245,86.6805125618875,-0.1901845664025139,0.2437748249594563,-0.7044055125755895,0.8534194553100272,0.9523417349317382,39.484382653807934,-88.2341723043975,1
0.7215340422413469,349.55074007027696,132.9804322594085,1.9526961686206517,4.043687219791089,0.031146663902132,127.1542244122396,1.3099202048108376,1.2601868899072015,11.581740227754157,0.906437893624388,1.6625173184066615,-22.661869196237262,109.03213594092772,1
0.7165288993900674,158.67748815398514,80.91721586145896,2.033147435774564,13.36187734971616,7.266635548207832,25.111439221555685,1.3432168195140133,1.1217585696516723,-2.3581435037308003,-0.3968428664565778,2.291371405389949,13.048152477389642,-34.98900830437946,1
-0.0616219582182226,46.69880739956258,94.28942762348396,1.332527984026079,9.18056881379284,7.274346712057088,4.475027248402455,-0.507390880114889,0.0735652895721791,3.5352137098813965,0.0948665547207955,1.691614537428405,107.2887079138214,36.036771076797294,0
1.6241317433272051,260.0199124760893,275.35362209303025,1.5951714909946502,8.056422344937808,6.149365979543584,9.54492529849878,0.642476636732559,0.654956694210334,16.403371406563366,0.2517462671817098,2.138086338753336,104.31730369080292,27.622627889682093,0
1.180127080828906,237.38725042232733,48.57300928174693,2.147662844377089,10.783831896505916,5.259549842305117,3.633750771001544,0.5307845535754384,0.1926756776403524,1.1105147985529276,0.8660505966093066,2.24799872564366,11.199435705519631,78.62733202452213,0
0.9226899392249952,147.01474046384973,64.37926684968312,1.759534033589944,8.879108497157333,7.331574247931574,-3.715894372257949,-0.1180374262586391,-0.3695480794685891,-4.000193308263586,-0.0378516228249878,1.8063292106626463,155.4565309626369,-74.55776571985905,0
-0.2052681146689369,37.94872397913383,35.28706487286547,1.5710365057625255,11.932293218499057,8.1327106595473,33.52085565516264,1.5156343233425096,-0.2000824631678042,6.398943936892223,-0.0730059255659272,1.752146824331477,100.09590070777791,90.18236128719536,1
1.265313254740836,72.40842639630986,61.5798578542319,0.945515125326582,5.94211647332367,3.2717220334545765,3.833725463614293,1.2312261110946978,-0.1322722301063048,2.358481583870442,-0.2632079257140446,2.1473223730975946,45.6168146803173,42.21421891953816,0
0.3358313823637024,-13.85427622298721,-10.08982179087232,2.2733583707131544,4.712180451272925,3.951142467343877,-11.313588952396138,0.2286156106469645,1.6241221329142488,4.889947488823809,1.4734033409433924,1.8357819883859356,114.08402743438458,-42.5336808664084,0
1.3579816398100952,160.82548833709154,49.08565165017119,1.945110484613012,9.978917131378218,3.277756071988277,45.64002209662817,1.2674212505794338,-0.1938989752172232,-0.0278154320783174,0.398672357125643,0.8682184713139709,97.77316365259156,44.93014326202784,0
0.8106478388726095,259.4097746571029,66.097061342102,2.4525475267493944,6.870106585581437,3.7178557667357,30.165363366230448,-0.7046909558285617,-0.6476724303137077,3.085469153841121,0.0195826937078193,2.0486085446264624,-5.759885459625068,48.90296158942035,0
1.3434016663391897,142.46450237062365,167.0831478454091,1.9121991345611635,9.70328398198732,4.526462377615725,110.51536918798422,0.9304130293524492,0.8797967634809483,16.528689976783152,0.2346212162065561,2.163174846936702,-29.1629751742597,248.99593173480156,1
0.9036580168071214,143.49801481826674,102.23290397486988,2.286854004472167,2.403018286789899,5.460989782936647,97.6997767307236,0.6128884917415238,0.8124884218938722,12.33439690069088,0.2805268419900905,2.142155223852182,34.46663858666744,191.94337753127604,1
1.4153559104053923,174.56195126690403,94.13041042262846,2.278078465427963,6.323339958025116,4.036262578956965,-2.1258030187682664,0.9320153603353492,0.1255824311407734,4.67176278282408,1.0587185698293653,1.8231000099276964,122.71292360421668,44.49446187212379,1
0.8230393220515007,13.301947292526703,-31.096070413391686,1.7326306503470452,10.752894178717796,9.159199725546136,44.95157075031348,1.0558499611045922,1.1700891364972623,0.1864108736332501,-0.0790591062806246,1.9960998954647904,-46.4882729368846,73.1658019941862,1
1.0440789179126415,134.34042640393938,51.59399526757447,1.5444950322448985,11.375090164943607,6.997936994692691,104.21182994357396,0.7982698943910189,-0.2011427417345405,4.178949780913264,0.3218693116292408,2.0404994829280807,114.8161546932424,63.37525079572768,1
1.3088590701380087,255.7312578000801,86.35691512040358,0.9800786980581438,-1.518664105215402,0.2117799076341864,69.63111015529805,0.0654681828148106,-0.3245112020664893,1.8001027857650282,-0.047318997199612,2.6703878975674544,71.54683698573447,-12.972164668057124,0
-0.5209784798437495,257.051189273513,27.938352112668817,2.4648839236495825,3.753704741714408,5.728375688639826,26.413811597427944,0.6667794283467439,-0.1576131702543074,-2.1757697639897007,0.5858900563892957,2.077974520897511,54.33175579537631,202.0885505069729,0
0.6755322303362445,136.90599114830712,26.28128683234779,1.761670831791292,11.856480230522903,8.189308429475542,3.2871934177653017,-0.0222636962776483,-0.0289444853995264,0.0364551747282031,1.04528524111076,1.875024176062056,156.64019255228663,21.454766931561373,0
0.8218873784835117,231.6376535538956,91.30830051540906,1.95775075434952,9.034933174606394,4.080124059414377,7.604965940761971,-0.1325654860415583,-0.4495883593593985,-3.0450193312896623,0.2115532126881593,1.9462959178751145,58.13171290628316,1.4016146745325102,0
-0.203151058580053,46.180310126141705,70.69674879853461,2.8369640407121386,3.4228544553539355,4.29630236794629,16.547498668435143,0.9994896482688892,0.0354306293864804,-1.7378875183356337,0.0344855308502058,2.099256251346448,41.82011457553124,27.92347758683333,1
0.9633294327870228,86.73125762178503,104.49487266805444,1.4730829735968047,10.779633526317362,5.061910217764352,60.54399567282046,-0.0171160108240705,1.3260375257471064,-1.8553468500770356,0.2309202981595307,1.850326798612028,-48.50221697777563,-30.07913726126868,0
0.9023336391580002,195.9982047052718,40.56434460186372,1.195974037292704,14.32234026545894,3.688556607892045,-10.379244036892082,-0.3389075318309065,-0.1907405897015593,1.0514924312969476,-0.254638588659384,2.018643508523061,34.05959009230674,-77.42793231083164,0
0.2202397804240474,239.7291418979591,49.12225775828612,1.9026263438010105,6.069951069000453,4.71397317777211,57.06271745180232,0.8179039388247216,1.3567561367999197,9.686479809063009,-0.1889739186961986,2.3176099941550667,27.03650468377896,94.0956852981055,1
0.1138990746592535,-76.81603652799984,71.90300507097012,2.3775762439392363,7.365816130178399,6.426859580747788,0.2274731981079298,0.0138374151370229,0.5727868957957095,-0.2915469496641494,-0.1544387866393924,2.3005885706608704,12.76536673599599,148.10057997299998,0
1.3843440549532584,326.32693714791105,81.52326119537112,2.550909670576765,2.547251129207482,8.923302769165927,14.63107494193532,1.082848599599222,-0.1279129419243923,1.9756669465596133,0.2706137117776945,1.977890230082692,212.2587342789212,12.292038228211709,0
1.2296296758463503,162.86771451805268,-7.154438282607373,2.402890826644563,7.802024979155596,1.8581962389968132,18.340501138220155,-0.3314826233037531,0.0167773082555987,0.2823837114034617,-0.1090829591079469,2.120276524799521,79.18806176960338,15.922999425777306,0
0.4987827658277528,217.36764236385432,16.933635836123784,1.9180413081748056,3.6839628270762272,4.293963811782562,52.75570701068021,1.1371541783259624,1.233468240151005,8.0640340588896,-0.3787993173065944,2.1465094032091376,115.1700434613556,-3.803797301890903,1
-0.160638986709877,227.52177560777795,67.05436848538055,1.1662861375800615,12.594016774232031,8.657871576769237,87.46212351347435,1.0280857546547733,0.7107681369515255,14.12844133398119,0.6974001175877298,2.018573295064014,-34.597149692599274,200.51498913657872,1
1.487121062538678,153.3723260619359,78.11968565007481,1.365807533317888,4.166775725498168,6.3802850260803705,10.215253672588478,0.7421834108655342,1.1413733887239943,3.373617089135569,1.089471332597608,1.7257995289112866,-6.247374755247975,237.56644198208355,1
0.3972402958613699,313.2132494401337,221.18406065575184,1.889126801366693,10.27212955950612,9.953515614473291,-9.914751273639212,1.323531847661117,0.6804578273699241,15.771970903987082,0.2987966725878714,2.128105154044696,58.44711447662139,167.95228206847986,1
0.0737906503726375,74.04979122006542,58.10378552036363,1.5894126447246486,9.535637914847433,6.087900211305604,30.79404206349487,-0.4489139777978602,0.0723905018924725,0.8602165129697781,1.2798203394729648,2.11775944264246,27.497353194902235,32.744989475829314,0
0.875224706186552,264.77784960099564,118.37314119036223,2.4289953170236043,14.438367614412517,6.415455406741806,71.71606784764259,1.5359742574930697,1.5542770111483883,6.52957577598527,0.8759048697932339,2.283648351062003,-32.184664374764566,107.75320123851428,1
-0.2694724300853465,-37.01027189555228,124.1245563820753,0.948797990215252,6.458804806627223,4.761821305695643,15.474270569280854,1.3182192658983984,1.0904165001304171,3.1720741662209813,0.7195655578665039,1.6802412441677164,32.7149817632731,98.25725228512796,1
0.473186164963321,133.1682323588251,115.87895215209916,1.9697662939110263,11.962595410050934,1.3018343227086384,39.1799720246043,0.8766205270224747,0.3249608649118863,25.20006070875694,1.46472643713035,2.28921479581086,55.76003384629184,91.17475148349364,1
0.9260543456894254,165.80682717269246,163.28127444507504,1.6674524088359768,6.386429415272753,6.132767058576953,2.7235602213301533,0.1453508212798709,0.1755375691370782,-1.7164363859356984,1.1653926577408604,1.7294737509834852,-17.753630796309608,51.79298016938404,0
0.9967012962771242,44.83314415082475,115.05446134913709,1.0213154073185169,5.308206964661467,4.622671362748857,33.17918786558909,1.0476830698186443,0.5361477546794706,6.848676406772087,0.9661865071465736,2.224908985633504,113.97076682239847,113.5689863316246,1
0.5848549878974465,235.09168767008453,67.58153593778671,1.977405323484521,8.180557707342636,3.367962742336157,56.43455037135607,0.4499797119959065,0.1429030261141096,0.7182993630329197,1.200501224142452,2.014323085938582,96.29790133927617,57.96452607703114,0
0.6404473847458038,195.22165146905573,118.48769294646672,1.7786172597348553,9.063602414656096,4.738312976847217,17.58721112314675,0.5038183550367106,0.4106371150914706,-1.623851434362031,1.5452290260219557,1.8969439952180305,131.32097812947742,10.210160471743322,1
0.8195903563244022,38.712989804024005,35.754446365931926,0.8520924588473909,2.5566514529066358,8.028278133740638,102.79656715314565,-0.0777068775729407,-0.3291247973943085,1.4697859349812956,0.0712458780253963,2.2638015807700858,86.03319136759717,133.85056950362636,0
1.0860650883422522,33.57893620509708,39.355781257135206,1.8071645767858973,15.439967091367992,3.121602831132492,64.87176592851075,0.9202266757724394,0.7911077546860397,-1.2842454281713662,1.0820002253229326,2.173750874377998,136.19304416410597,126.7120986267227,1
-0.3121481190909244,119.56099215033032,214.3849810556598,1.732563637596767,14.057602464916627,6.212144404748548,9.72382469793445,1.2717072380001926,0.8601309442034895,2.347412702216289,0.6341160071713383,1.8741616112922568,154.7009152689065,122.44333317291824,1
1.222542761177244,265.02785243509845,50.41812590896461,1.9337242967362047,0.0995463272313994,3.7637631928912,66.34541155313042,0.078387517369161,0.4633202893214297,0.8904717320794404,0.324975577497445,2.2094818857259853,69.06217943261454,29.07980216636552,1
-0.0294713517126888,414.0960140686215,272.2828718605156,2.4129537924083397,4.87848356223168,3.3750919465399125,126.49537209015912,0.5969783387650095,0.521675765030737,14.62670750696486,0.1694380266564359,2.1753343769115703,15.902094424226966,247.1001765771071,1
1.2648828178876357,255.2173552485688,104.89184070438104,0.9875043826080866,10.638303596275051,9.25023624343548,106.26050561943455,1.1110315269204727,-0.2082027115410679,5.308838825318923,0.7161246732558738,1.9345090374915148,64.22086901593121,-50.57015045453986,0
0.9207795209756272,272.6994466200402,163.04873650233182,0.970681177451252,7.262857257734958,3.693747696891852,-38.01939969953289,-0.26077214121069,0.1772460287808313,2.0364186710112744,-0.5074914718682493,1.8594140314996128,35.56239282079288,-16.256571075728097,0
1.6083521766947144,184.75037506162963,199.48067055161115,1.8773554703106687,1.056029191846421,1.2446759240875935,10.079443001450048,0.2744863494307994,-0.5066699191388983,-0.7332213227999107,-0.3748446681923461,1.8126372137092304,2.6031586275871987,-5.420318727574781,0
1.1118490115259545,227.1015411864791,24.197082671504468,2.2273152857477267,15.556197045533024,8.301359689904556,98.53106869471696,1.0877670152121444,0.7223751524678484,3.61340592099892,0.9506056111981216,2.0744120306250684,30.97060790321253,-48.98145790802512,1
-0.3373795408697165,172.25739722759002,40.24868320062706,2.080705462242316,5.978395440947776,4.441817998646245,-45.03165953124685,-0.5532018033499224,-0.2678785679385639,-0.4615102991650905,-0.1322565676857365,1.0074881211509386,160.655130563979,50.54722325343325,0
0.5443318144941429,180.1041470735214,81.46232331978699,2.34314486060875,6.470060649502505,4.828479174352029,72.29755734619201,1.0804962513688858,0.9545316267689786,10.287816251584331,-0.1731985350025032,1.6947916198521185,-40.42513315636748,175.88605912607142,1
-0.4104637541497374,141.62527997138852,65.24209884146512,1.8758873966341856,12.241592080627868,4.748485844619601,97.34092180387036,0.643233804102369,-0.1740697743215776,1.7127699999177382,0.7965187100472524,1.9459724998061567,14.230113551823544,189.53181589015733,1
0.2401216315309414,398.44494634198566,178.47802364171017,1.881344470757324,8.75139414542677,3.681968227869926,115.46524787489535,0.268959814770251,0.7341575010854475,12.949703599798823,-0.7514467875123769,1.8129696374907285,-26.43260648359337,178.50433518888224,1
-0.3873535844420323,-64.40753452808798,-15.111594243391238,2.138875988189921,8.340737424137082,8.893534100225242,26.91828183894913,1.051469959135757,1.2011703137043197,2.189367515384273,0.1479265608576786,1.8715283211920035,21.11714282107113,-17.024719993592818,1
0.9406005930697818,110.65113245065804,124.54039503978922,1.875115546167168,4.50368032769537,6.052394736111124,57.238043158605976,1.449225237933994,1.2060384515842504,7.264551956748177,0.9808791908290546,2.463912811556539,23.449823486274585,-30.19043370959924,0
1.3034417657110902,130.8800728783197,71.38878146408132,1.8750917841339645,3.8814361005500575,7.850536746965862,-12.728121687928358,0.2149449724420926,0.2090997523292395,2.5553906551589938,1.4977459911272752,1.281299988766751,33.760704374207585,18.614608579482866,0
1.2046626185747042,151.78432672206387,86.7812571918258,2.4244230209697304,1.3684104610573993,6.213833194930112,15.795921662081271,-0.7629188728538603,1.1434639782302627,6.015737903819325,1.1178447266624532,2.1135078468526087,56.65964779893972,-79.89022432482969,0
1.0151034189988672,-47.887142352951486,66.14945161374281,1.9163421498377065,7.333320152412193,4.554485487436987,8.536856827660422,-0.5164049104247075,0.4689208693788105,3.1128717127115464,-0.264030331789507,2.058622470970567,24.40910834986721,-53.01125216926402,0
0.7717343856804192,276.9657421737461,170.2162970961876,1.8262047934675296,16.362254849335095,9.497892239095403,140.89186615473324,1.1718742243385458,1.4384360507589211,4.071429264704921,-0.1029539662968969,1.8317249500212405,4.57389965967942,-25.982419949703814,1
1.022365330384171,185.9581582339504,10.104727365443807,1.8572925128665685,14.980724405167908,4.435613527562568,-45.55058831686269,0.7449297127792183,1.3873319736883365,6.2075804406233095,0.5411019731697783,2.457235898148427,148.132446213496,19.147299782304025,1
1.2726156189439604,334.325966367361,153.9524045912681,1.752032691893454,12.195712562334323,3.752388119490365,144.12543934981568,0.8563306459567754,1.4678971701853607,7.344554280339212,1.0836273479988072,2.303692510949376,9.15561293503012,-43.4374596431991,1
1.1282252245212696,66.49455606118056,126.74244916818574,2.6530494513961607,9.095583859764153,4.4193930688789385,7.150884717760249,-0.114122612641388,0.0800493634957467,3.217712101739779,0.1033387922624117,2.244378696271436,158.15333160105376,-14.684177115142925,0
1.2431329835836586,260.7094051342539,-34.56923269454204,0.9129472009478796,5.215000915437328,5.125418432364681,41.801179769325536,0.3429559031895858,-0.2428549558701324,-6.178856901444473,0.4277697754487353,2.2759203004170674,29.972031591807603,-34.44736126349755,0
1.1879870808843704,-31.07502048845328,21.23613357609642,2.0411527548654127,-0.124030572621363,1.5635121297114505,-17.41559133839315,0.1655134485098898,1.1774605289019622,-3.644322009385874,0.3854802419480991,1.4084920264193643,95.5333906422502,185.41440030985692,0
-0.1639489052930627,158.17999821438127,121.12394022203858,2.1317640155099045,2.354943418740932,1.8698133713051088,-33.474109222113704,0.1494120807371376,-0.3269580936736969,-0.5457794252771571,0.7001443733594314,1.9508450384675184,88.81263264172053,56.422101082481554,0
-0.2020775529871044,74.0137323773993,173.455940614741,1.061088079338228,7.084794541415448,3.2893475528651788,17.020065076938987,1.0219395655523429,1.0929717602657198,13.654270138217647,0.5281004061917708,1.937955751113429,-13.099832479325286,-29.166233181832677,1
0.2918295822584739,211.6390627675784,-23.2636758076884,1.888342918300548,5.17141761117991,1.9946245347372396,-12.147340969232964,1.423510770246699,0.7618732618822788,4.6443130149957925,-0.4400720991182902,2.208306136516713,71.82578809993059,1.4365714102507925,1
0.8532921496261351,148.63412646804986,185.3164374831084,2.279815652125325,13.25918415233907,7.657893160669799,86.24397145879504,0.5287033939815905,1.2513832188412355,14.286792523162324,1.416469965504613,1.9590805473285595,127.75004585780408,158.02912963752394,1
1.0025147463365722,168.69930999942198,-23.178229127708263,2.1405207103819643,8.224520697987654,4.839065095313749,-15.208653775895216,1.0173551276605737,0.9616790273312787,11.064736444283843,0.9421425625587894,1.8652762480768652,95.81414027457012,267.10237875827016,1
1.1406991295629223,197.6028957888361,222.7633355230153,1.2054764582252315,1.895677134664837,1.8178261901212316,-32.136003698553175,1.1074722874393912,-0.097313054248998,-0.2651358126356169,1.2819292438562515,2.2871089770223403,54.78781471431797,63.081978503735954,0
1.23249830394785,242.34890659612975,81.28337083633507,1.1825985523487328,5.245765706487691,2.123861106961201,-41.91653519001516,-0.4873194036404287,-0.2366771318706736,0.6598104882267828,0.1256980577885267,2.063016713019661,71.48622556915514,55.22910980631966,0
-0.0123723578944934,377.3930444065116,72.23132710239365,2.622866957593644,3.9931375752575993,2.8750172649779726,165.07256262697294,0.2461356619723377,1.0524382810254005,4.551654575313958,-0.1811085967374446,2.0209005893134804,-18.41620367655864,29.79184729791657,0
1.0779253062327143,297.71976310393194,195.5946985230624,1.7438331964430172,7.155368973179015,4.54392577524719,147.4830433851005,0.7384233510936328,-0.1109916583279241,-6.085265753830535,-0.201260322383548,0.8982175232725591,4.437060950555342,8.819796468760948,1
0.995707923474536,102.36898072104296,190.09587201855285,1.9937360340539996,6.216336455934861,4.974558406671709,26.614983177306108,0.3051407264514336,0.214500995150318,-3.6817761547703753,1.3616212416650544,1.9111269942205968,83.4545524105988,-44.920597036171294,0
0.0584273800904452,118.33299189331196,68.47709850144362,2.4442740847578506,13.897293670743531,9.39480118931676,-19.78494388846243,0.7302903041689801,1.046929193123305,1.9553527685206176,1.091671700364217,2.210491045558476,-28.914025736238784,81.981330038463,1
0.958332033615954,93.43517355179684,47.62949205392776,1.8352236096390948,8.281524243976783,6.292451162710838,30.66251047010821,0.2848951612185776,0.5132215835772166,1.653192493703198,-0.1529996594308862,1.7429537126451022,111.2959521833106,15.757362381168882,0
1.190417618353225,67.93898371914929,112.3068204738943,1.5815402630969984,8.296491146016951,2.731040639240468,17.283824600770323,0.5558971217948818,-0.3154908857807612,-0.8952154486266135,-0.1157131656806864,1.735642696553802,-41.6272477715583,-37.80503175475253,1
1.6326706131624316,203.59714343119435,34.54002997770295,1.9166318138602343,11.089927226356991,3.334346301069658,6.607355960407272,0.9958587443147856,-0.1829123726690963,-0.378870872310121,1.0949919001919628,1.8103980353344808,98.54098296565104,54.73320690404523,1
0.8240569095918621,48.025535083520026,-44.7510655131276,2.240722068053323,9.850752609160468,3.092413893914444,22.21641410459155,-0.0862077962006562,0.1055626438155457,-0.6445456244354979,0.7139029562679027,1.2041947874431351,105.08542324390471,96.478987568971,0
1.519564496871493,227.74513682212947,25.67979865230287,2.0095416185217747,-3.237826383557831,2.5959877116117203,7.85994873447796,0.2745487666892646,-0.6242659324778305,0.0011949886792996,1.3269865057589991,1.7182907728420544,84.86995629550827,4.115152998689034,0
0.1136592157815177,73.25125420044253,172.21429530822712,2.155143014667224,13.244834293035504,8.149869335851701,11.078196556757067,1.4101902536337485,1.4892859396196214,15.616016339454571,-0.1321659332798317,1.814884197100263,39.27840443692186,225.6819539881767,1
1.3384385100793217,328.14142680094506,37.992184128875785,1.0974264310322626,12.667576328109416,10.687751329235653,115.6371602519028,1.0520059250523768,0.346085189584934,-1.2160270638710085,1.1078647673820352,1.9949803395074173,78.40967370241938,10.650384426601953,0
-0.1024265199518902,81.42839549176087,75.49512452815087,0.5165573060187953,8.393286116891247,3.4947136073223586,48.60242388502213,-0.0565452312327673,0.5363405147969408,-1.8923163809224557,0.190183752827372,2.061991660328122,16.94954723731739,9.376206147079913,0
1.182432088107931,293.02943590931454,161.44759058209286,1.8439437394746545,10.64596111166243,3.1833152203363424,84.85941617449974,0.5802000116709857,0.6677290593771934,13.13465708835627,1.1192048001309338,1.6695869315354643,15.906624606900207,41.30858872007797,1
-0.2985122977205662,98.68493646897365,177.01716899937662,1.963759722308519,11.167737782257513,4.739137336351488,87.0730814343815,1.2401413988035124,1.2634751259872834,12.822717517628051,0.8781987400824302,1.911091959930045,61.0504258114442,39.67607466365514,1
1.27947768082343,230.29205743765985,166.26090120530284,2.0040195910078733,3.8313766205258575,4.327380429428551,33.63731372596811,0.966395885669428,1.5705215391934484,9.92881239684808,0.2405644717044705,1.98841908226594,-8.824366125871904,192.85636778210636,1
1.15543375574857,392.218129758969,73.7283681200459,1.5795602671959053,1.7159150504435583,8.545385367021726,83.34158422272822,0.5456825060956596,0.1239055643767571,0.9737510541297656,1.6199538652128345,1.9508514253192584,142.01192494523377,-58.82878313266546,1
0.963536921839636,125.28950205588,211.1885850736595,2.133359011046704,12.112773523179047,3.4999134096000684,85.29668705916461,0.1761278044611582,1.0518597431905117,-2.1248598676463137,0.7767556907213833,2.081283504289568,55.90743881679985,93.08074359654243,0
1.416233169266352,56.67059357358025,-64.09642872958294,2.0159579248083936,8.48016840034267,2.661597468033696,7.480280864569771,-0.117204745110964,-0.4317876933688668,2.759604194427311,-0.1825622669197469,1.921126795747245,103.13379371504168,59.336246224131706,0
0.8659978178417519,138.5518324571673,156.9353461441919,2.017210123309457,6.168973712433577,2.466575988983924,65.02426971460346,0.4271168595719594,1.1769737799091549,9.1427865063029,0.1412890055833957,1.9573663728630384,81.93459112274894,133.07128745715232,1
0.0617574732880666,219.12270141271316,99.9928284046822,2.185107920482082,14.921159607045963,4.720191393031634,129.99446280237007,1.6606871693672869,0.9719932372980684,2.1952984750129216,0.7559702577798674,1.7996505197450672,117.69586769068604,136.03318728919527,1
1.1896399349900393,216.9898857336456,37.798869583908456,2.035275145782061,8.419405325059865,2.185441269730795,-36.8626848676867,0.2223707060449925,1.1040191529136052,2.849179890364505,-0.1264194012099901,1.8263392628303805,128.81383220104652,110.7040249043316,0
1.0654954658168956,49.46964047702716,116.46089815793152,1.064076736848908,9.141374098769925,3.170482652024807,91.9671576442847,0.6589808445295061,1.137514439372704,1.1608196140103404,1.569828998673422,1.8246451587260464,1.9598394498296727,48.20758769340463,1
0.5281144033490399,231.25327698714148,66.252460643705,2.0363045503187136,13.085240049533624,4.335383100984954,36.55677934698557,-0.3829274416270137,-0.1100254948461997,2.746852303491016,1.15574773716043,2.0891649639783965,83.54088987858849,144.9979617804735,0
0.166423150331591,158.0092262370875,158.1462299336477,1.5758626101924331,4.688641644281125,3.483712971689889,-1.3293967686773698,-0.5590320056473621,0.2634744259690218,-1.8466674743509124,0.4836053845429781,2.353362380508411,-6.441617174317159,122.72720327948504,0
0.9581329993585416,27.522751735635623,148.6865086019123,1.6683352979013144,3.4349654069907776,4.244204572770318,-2.615794171904689,1.464729482297051,0.2921731114651111,1.7602848896272891,0.5810615696177523,1.7090828732009058,23.768397953656383,18.29752637124064,1
-0.6322585690835322,101.26093117262486,72.98409955401486,2.051098989049156,19.03894108925357,9.60541467261357,42.52478383672299,0.6876613658451564,-0.1649630742731097,0.7514628111360651,-0.2511154276505155,2.0971340050596545,127.69865549879027,-50.38720453238957,1
0.1757067187573918,56.3096203624293,25.385401812023225,0.9277335586590784,13.5366147341688,0.8344442424268594,12.14121538839134,0.0035664503223578,0.2826441377446982,-2.9238173938147005,-0.4243393160546139,1.604501975067279,92.98006802635676,-51.80363710091137,0
-0.5739988370838415,121.64350286028947,59.86401248565407,2.7062665509911144,5.064104330524239,7.302870876365667,16.821413988338232,1.0677356586729845,0.0650592020649482,-1.1259754973260128,-0.0566510040571435,1.6159653455862617,158.7689547595603,-35.38957011828911,0
0.3743325606111078,-47.69902839927178,11.835179613068377,1.7603892768064413,4.692684983131395,5.923178054863985,6.4412393630396885,-0.1815452539096347,-0.3682695137071949,-3.904732497577247,-0.405226959706991,2.021729910876813,98.38336615326266,-24.458412716412774,0
-0.4549017842804294,295.7040480968504,191.0926336290624,2.1265572745717134,18.456361499579486,8.420629574020396,93.26961723022202,0.9363998445376168,0.6865404506326631,7.962639825964482,-0.1303785548687123,1.8860657902301008,-40.76486397029612,296.1939917088973,1
1.3421887167712632,249.8323320035585,46.0252777752972,1.7950841034113532,11.455483331719698,8.94808446255169,79.40373953932237,1.1158068672248422,0.2401625866272752,0.7687556851554809,1.3271089074867852,1.9409371412613012,-5.410509032063445,-45.1431520367289,1
1.1319003732729374,-25.72059849360656,-72.7492729381347,2.105463259125067,9.031556737928248,8.61533173282365,38.61336714305609,0.4836387842322339,-0.1478823289960945,2.1028996986621973,1.19257281151365,2.3335863123930034,30.496759347667485,-29.84215484416421,1
1.17215683294979,165.06894041127188,111.2595907936923,1.2474058377452215,12.120461946616969,5.029097496518366,51.72134995063211,-0.25550043433282,-0.8234530903206633,-0.1690575581574553,1.1807789636959922,2.0294075794899333,112.25753289830988,65.37010605754692,0
0.8145931650152016,253.3592474920815,121.01142394609523,1.9598946750776425,6.588414586690471,9.638202544466,147.84411255342368,0.9007615889557824,1.2063540837813116,13.584099962740735,0.2331161343108521,1.7390865317733537,-3.366318305494289,135.25956413866825,1
0.4603308472900205,162.72084714872344,155.65327666751608,1.6098000335452916,14.10009186884147,5.001093282881584,99.1958843499917,0.9306587665555548,1.5888889336056715,2.4745434563951973,0.297341454378607,1.9804924717412475,121.07647023408302,47.31937676690311,1
1.0821310708849066,81.1310396825773,53.98143799364277,1.9625610771629296,2.544855414827973,2.995190328736962,77.04458408551778,0.9144620302473364,-0.4685209635371917,-0.8296664873862998,-0.0167002335445523,1.1061013431745137,114.63051188254224,32.9480670667072,0
0.7010168555943068,123.66339256855989,-27.55303876041421,1.440382470091914,8.771903703083568,3.025406804649416,45.5880152410261,1.359825379715779,0.8008469092901804,5.546890906581183,0.785884537930021,1.6417376277512514,132.6963074487782,-21.23350096391122,1
-0.4873644683047949,96.71634341128032,3.982008138253235,2.029932505347837,-0.0604700759992447,4.6809405066032665,-10.37023132828778,0.0325201035725049,0.9086426412831108,12.044433054914574,1.6419545649919154,2.009027633898953,87.91778795914007,12.366945991334632,0
0.3097648795066557,203.97438713199367,127.9507665679768,2.1192128632651936,7.505321044245706,4.167946981124098,-7.512714240743314,1.2534029096229526,-0.4657466026177901,4.253669817432994,-0.1325356223566864,1.727755002494825,85.80962885272795,-2.1797536466632152,0
1.2216076101799414,353.1897821371764,83.42976464186331,1.5457724831671575,2.734132611661006,2.840300464474205,-9.779171336798989,1.032934939348778,-0.6456756350644816,1.6989733997972911,-0.3444335859432979,2.038746700059266,-4.798425606166191,27.632423833905392,0
1.3542858709642815,208.23234412063744,8.941927864117773,0.9679471408354208,9.465094017228884,2.5188109529574967,56.50195911673725,-0.457552202178346,0.1952861945912423,1.4348804721588226,-0.5329865182497722,1.068215004138825,67.30609478566723,25.38380625472031,0
0.9894768316490414,-8.118133402080446,143.7613655414444,1.921899509970748,13.972987928896128,8.620805870944121,46.9573072951104,1.237874831384732,1.3094020382128977,5.789468499361163,0.1844997729251338,1.9928755850875,62.24901363043972,51.66484683354093,1
0.3186732031306614,120.94175716014574,191.49697682442317,0.946905720701577,9.084216557273477,3.7559569660996095,76.1542187499974,-0.3148459945103642,-0.0567137761845997,-0.8127599748136465,0.4864318449505695,2.1454603830884107,74.53050102023364,30.350477887595208,1
1.2994336696529998,206.3317805600581,238.76686186149817,2.1892240801461487,7.7157688397332,10.260283955980874,147.4838043045928,1.0330902704699227,0.7548606073967437,9.74847874404999,-0.1741219080273473,2.1053109075899217,-27.645701765221148,178.65824718772836,1
1.0408762877214843,18.21537701843141,170.5909812733933,2.1991874908657456,6.649587192567019,6.662406510276952,47.607889822353165,0.9424477269987136,0.9915009527997088,10.810538585802744,0.2458140135207198,2.258112030706705,-33.89948730880087,210.96482344739857,1
0.353795611579826,250.54433827274693,37.286092860912525,1.031788565934136,4.441076441890719,10.524650985170156,45.0537751425528,0.9910937531844328,0.0978969469764453,-0.9293796088845924,0.0091736102044825,1.6894695249043654,105.26317430171574,62.81584525383035,1
0.3082986894014052,360.461758861068,55.96465052965662,2.046003543559417,7.405675643213935,1.6917410289103478,-37.22026339381304,-0.5959601405816246,0.1219836171041334,-2.569730185215952,0.4066184555546378,3.005870485992674,57.68028312965468,-38.84475129366377,1
1.0875157827987372,173.76618155084998,1.3740284424579556,1.0219556212205576,5.377790753455559,5.688610900279729,70.76632233784414,0.4231007447425694,1.1041922986094157,0.0079467484113671,1.186991698541991,2.0090362325879694,120.83726443180156,235.50451559909945,1
0.7256478335266614,33.42627868017779,-6.229263896766952,1.6820218591663316,2.9433024651217083,3.3859486161600536,-7.853335532242291,-0.1025211531416133,0.3789529531299659,1.5220967674437351,0.8004948290825951,2.033093540454316,89.30502425433252,103.19514450567138,0
1.23410338156747,94.41226655851378,41.90587231124248,0.9713080708483678,9.075537507422236,4.611683447052031,69.81725947311354,1.0616045255446953,0.2130708512572035,-3.419357022133912,0.8429652433103476,2.238497868944464,104.0597563872228,-53.24314419864572,1
0.4443148398284137,132.92030738387234,214.06706343690007,2.2143778818514885,14.33922661137509,8.942169230587485,53.67104479366175,1.6524846996214797,1.3426819414510751,1.6648084932010223,-0.3334438546650126,2.097978074079297,-7.341088477118944,228.58156512238688,1
-0.2619834312904456,289.8055961587316,111.59785493680629,0.6071106441884644,6.443158532299948,3.304960673708161,-4.648636279125661,0.0133691061852529,1.3674209748109776,3.052507065036563,-0.3883338192428007,2.1055598329788374,50.46200804005964,108.1431044468414,0
0.0761357052364839,78.38130919606454,106.61673137594047,2.483717838986349,5.603316508728409,1.6250872919023962,75.78225390434525,-0.107517816091744,0.9578414200179736,3.4574456091345533,0.8521974113426088,1.947819141135786,94.99882974949026,80.39814885596937,0
-0.0911895355842052,181.4401123703101,173.4881115645308,0.8233029343448515,5.479109171957669,0.938301900118948,88.72885973630036,-0.4539883609597829,1.1666320589827297,7.427204179383049,1.0096347721559389,1.9487599771662647,33.99561302026828,53.10556431500277,0
0.7956568702090853,161.38353283247926,-13.622399595677535,1.7883701032946064,8.912846968664567,4.8175974191235404,104.06339028877136,0.8809576176352654,0.4640227543738204,4.358419670023755,0.7645855109152411,2.252187248097929,147.54593216282822,208.16722452153027,1
0.0302763861057476,25.67092638977023,49.12362962561287,1.3644614067031686,5.665417426813017,3.050221312787187,-7.890395182752258,0.6591612116498267,1.0979721864426133,3.257306279163642,-0.434026192598386,1.9997729195328744,186.26515456442544,-8.934593525394511,0
0.9223183097316572,75.19976695294504,83.2989219780345,2.009668418691687,12.323443235893,7.862593499948862,49.26492538872174,1.2002489183420055,0.678523799925923,10.270553692501656,1.357750122487575,1.9199704877539367,117.528916757909,151.95573937509923,1
1.0778820666280793,113.2728192251316,109.30443650459236,1.7638697014697768,13.05517028842015,4.268843129281166,45.927404242257126,1.250207595025531,1.4076281091349734,0.7537972832136002,0.9971067688356244,1.6651299717586647,118.26617333414671,229.48536673604903,1
0.6015780736599294,105.965910820225,96.10230121213972,1.1311218575421382,12.75374760156403,3.875493336113039,37.930018924538494,0.714074658016002,1.1126173910864936,8.217369870600477,0.8550889985571298,1.9173020346728853,1.7572754988836294,145.62383600811367,1
-0.0185275088410199,99.61558934438696,60.03132936460671,1.751447570379788,7.4864466894954305,8.818973819965077,25.51438335098127,1.993277748061468,0.6507526882972975,15.705070369533743,0.165208311563879,2.2968209249361373,2.936131563952749,142.01987294029723,1
0.9203596436453212,311.579769038517,59.10906261242697,2.469373965254288,7.187730764449926,4.475071379110261,47.15463765971711,0.6061876267301054,1.1789720166313522,10.851187476641744,1.3556350714777674,1.7490572182295476,136.8141739290666,249.31072341218837,1
0.5809781388893183,107.86632346164944,-8.752120049958933,1.2539356068068797,11.495296667259357,6.430874838486805,57.9708536142744,0.1838823721543807,0.3128829858165413,2.139692788341425,0.8560667381000959,2.118656369005113,79.24729097805799,9.361997446601556,0
0.3552828053559255,21.973742867650373,154.81766857147602,0.6529338804514653,2.3129099930672377,9.62030792874084,100.0997492992027,-0.3727418248682798,-0.1473677716091748,0.800331734805896,1.1896482591197528,1.6584424859135245,-45.051332082384505,40.11893653628548,0
0.4946293591526651,331.53853572757646,-0.9501922519493604,2.2739395144731267,14.321806376102618,6.711510438703899,110.63945248332544,0.965089137076651,0.1782552002124212,1.604469220117814,1.387434280884858,2.014634123379001,49.96782766827212,288.75344446138274,1
0.6401602258291748,383.2988671230957,18.455198652301632,2.320151367486343,7.283307191558229,3.45633662448894,41.942189870169926,0.5775992742674073,0.9955770215024408,0.1627144378571126,0.8719356136331126,2.1795892576621485,8.619588265941886,-53.98442817731401,1
0.9836692896531166,354.71586612119324,106.9748597157764,2.2745166877291654,9.805491894772988,6.4666037361901365,62.22650690928978,0.7645551366201462,1.6844493264493572,4.847583085260664,1.2715445453835952,1.8247529470996715,175.92471735742305,19.176433318279884,1
1.5840964862046452,-10.552623153147977,12.139717355191337,1.5572088773262298,4.684150094073737,6.348310931656683,7.125604962412872,0.5784931540269562,0.2412412292485813,1.8047674146657635,-0.0212544819858078,1.878881236626185,20.271918122988037,43.371190511017616,0
-0.2977589232400929,-59.96913266180252,53.19802010588775,2.031114102726252,9.21719954773223,5.518667943799677,-0.3298771596578262,-0.1377021341475899,0.1687883322190806,-1.9181597799137051,-0.0354553686499004,1.211388123336103,59.32822952711627,59.900388951112255,0
0.7686315732323097,89.97143550911588,46.98463302684375,2.116615866206865,4.8408798334021785,5.106020338234547,-4.882290989864728,0.2054575152907107,-0.0034210658176961,-2.606778401919806,0.8975994424743561,1.0709126057861775,116.3741743943683,-5.657100104220064,0
1.0576446712274905,-16.816061244475804,97.02562133083272,1.3486001046132143,5.395880910190804,4.470334153824969,-41.86601184953843,-0.375408621124321,-0.0944701167035598,-1.8094894993291613,1.2313571447731844,2.3876506757978007,2.7299427693035767,2.457047621311752,0
1.046418164736293,159.00327689995837,114.33536894668693,1.9926619447562703,8.455637453752857,5.300807673511115,-16.91667781276896,-0.1824768059455705,-0.119863686137562,2.5516498234697806,0.6932333268261116,1.942166548349609,157.17267647061198,184.8408428707652,0
0.8234865471455124,329.3019283450209,189.04685889100608,1.1984055027518012,6.840405348094173,5.396283263711709,70.31506934986228,1.0365852326376783,1.509770448581402,8.006838646110602,0.0006959792268383,1.746906493060192,49.77767934254892,-2.934760712938441,1
0.7122442427823712,226.99286520090493,81.6981933471223,2.011946614783362,5.2640561363652365,4.703958842431772,75.64474540406479,1.4999132554667096,0.8050692280524534,9.754703264968455,1.5750594197142571,1.834842392855618,146.2082703986888,246.34992506381255,1
-0.4069901605965657,113.47013691024398,-32.295494457627214,1.0606926932929404,4.768207069093514,1.6323696625076245,75.02617506947028,-0.1819500912424065,0.0099838090900248,0.3394776404661037,-0.2545383527084391,1.943738710548877,103.94664912247592,-35.22609400844663,0
0.8448648015961226,317.47997841077944,-22.4587559506961,1.9156641056213195,9.217922416996917,3.4693684467883115,84.44010175723704,0.6226050303110278,0.8187698926336375,3.6288109356034255,0.8174209485621479,2.200184581868726,62.305298169298666,5.910304730061597,1
1.4651143725476663,279.81541113502044,-8.800981881411559,2.209537678043355,12.626381643761576,6.536997828333631,-27.97664603463881,-0.3007992575569541,0.4775034607840918,-1.77319086367699,-0.4283046569836554,2.9056357028448723,77.59666384271036,-3.834919440665132,1
1.066443032405135,-70.8269100230776,13.20569364926871,1.8550666832378857,9.1111438601178,5.316094047981994,66.38582368404663,0.7263807383782236,1.3210760643603985,5.884476340803302,0.8948793662023147,1.862486640091945,98.2154339168676,212.2677541642861,1
0.5777277091732768,211.84320598003,14.499942153979248,1.081019362768295,18.564164435865777,5.962374629444556,-0.2339123424623892,0.8074108857761721,0.8953149013735016,4.336171674774675,-0.0340768128810871,1.9232879757427208,135.98004361649666,109.60729114882406,1
-0.3629627243927643,355.9770351818395,183.30309335903505,2.360503760520306,3.983229214620613,6.012683313395941,67.74187631913645,1.170100837325264,1.2343317168600791,8.488914640283117,1.1812070267400978,2.109890075840556,-15.473321367200413,-52.0143507561197,1
0.8450028969639283,248.4405915752494,64.32385847787293,1.3835802121552394,9.630215069160831,4.105321288512404,-20.100542403578864,0.0038729265962731,0.0041977344098066,-2.5824771971574867,-0.1747258531748854,0.937254826281802,65.39441164703517,22.783812187090447,0
1.087022205844291,212.57537321150429,34.77138531003699,1.8666387408473764,17.86190074417542,4.7078020920071895,73.8055684505494,0.1341844261171832,-0.0214771511862288,6.458986149474796,0.4294666095144049,1.6415026435894666,143.6047860240174,68.26722004671893,1
0.311210588638846,217.1034313495192,23.81457643660069,1.3642998854864188,2.533497615306035,0.8535525300206332,-22.89591559814745,0.0410996606620183,-0.187693355930717,-0.384723384943781,0.1963472584047741,1.7402364454960142,54.39419341644923,-64.99528662260235,0
0.3110863931616375,175.72566144753225,49.58375646850894,1.397740400513222,7.362635827902221,3.247378659513509,-32.59881503763717,0.1470726776163354,-0.1446964079855904,-1.818930878411293,-0.1795981523684278,2.2079270264119413,71.07356321622632,-5.139509300038775,0
-0.0067631314677432,288.16604678041125,80.91424854905158,1.5343228505461195,3.6659991480493344,8.433182235399128,41.95663461050118,-0.0642915383646198,-0.7050522704914514,-3.039873105822478,1.6645461067000578,0.7879522114404989,128.77705797148616,-43.10526740044967,0
1.1769193510575038,350.56587217803406,86.96242940773672,2.122653683273877,6.172165612089424,4.568086426145637,24.53772202636094,-0.0962818506559205,0.0213990540475036,-0.8275763072164599,0.3204765409513417,1.7713057681903586,80.45163705321454,-8.002071793343895,0
0.1456548079653855,93.34298817816232,100.98497390980944,1.8468261435534763,11.098580842489262,7.920394607790799,69.61551582772023,0.6671752613713762,1.327028026320341,9.221999287834848,0.5735141027094715,2.234508944279528,111.96889773455992,240.3041242829215,1
0.4470213741484986,105.04701355353026,89.7736212651852,1.0801228194531118,5.981559330389483,2.1537505878933607,63.624374461551625,0.8916319275957354,0.2695354131201194,-2.321718126961521,-0.2452561824304545,0.5365880321545353,-54.47770584984325,85.90620185746721,1
0.2719445171561929,174.4288243314204,123.75613904835627,2.058742391080991,2.289738884296544,9.697848195105092,102.5629498198563,0.3719540057269294,-0.4077536354342882,-6.205436032021626,0.9241784959175584,1.963436959350113,-11.723641663743066,51.94200206792322,1
0.98896374365282,362.0042900514144,15.858206999128797,0.8953929024292642,-2.305396281690964,2.21821102959574,34.8206585279612,-0.2760175707530238,0.0296697326300208,-2.153994977823544,-0.3346973019996542,1.7166060517863646,6.022357582422764,66.09012642712217,0
1.0680062054374933,290.1206852431661,146.76719277466643,1.8048318634629268,7.7863110644268945,5.932013643962756,122.188456690352,1.1460993490901892,0.926869026402584,5.767811990398881,0.3201358277471682,2.070749823647973,42.23706127126884,163.75074032772008,1
1.026190398080157,197.7369105885773,131.57775219443846,2.2956942400444644,9.88563958482643,7.732845419674789,148.1807948105175,0.8642090393036839,0.815525761288026,5.048902708413099,0.9008365236435584,2.21436889132126,38.85861348257037,163.81172273657648,1
1.0243165511237209,-63.269958132072645,86.25201327158823,1.7474533581694511,2.413011676881672,4.8108316380297,26.00661686277918,-0.1584646630119003,-0.2088928636928416,1.3297492649833955,-0.1326053296950685,1.784710723800143,53.03112722467601,17.034724459634454,0
0.5157268374266888,222.7502208914568,171.26204345697073,1.5819255539065435,12.235927560771788,7.134809149658993,31.77392901505866,0.5713242220391097,0.2806746896190332,3.3603210910621795,-0.1024548731512061,1.8735914374049167,44.63591721934996,33.65909924118873,1
0.5580191183012051,37.51525522489011,104.95920061491567,1.73681285465222,4.005282066850219,1.9696930254366865,-12.465756428687117,1.1515067650485094,0.5779606941523754,6.1188074840363615,0.2935562643244941,0.9026999203640812,-5.045213897253859,-21.38992017787063,1
0.6594849945222045,225.2707551468748,43.901132686583566,2.0266597693812427,2.171247482169509,2.7273941344858974,24.22883778572028,0.3937630610066592,0.3566743368838933,-3.1718179770643244,0.0976576486590426,2.1970990055268,27.28993829504825,61.62676831792796,0
0.7551779402200822,-50.10707645326528,97.92081621378202,1.1523296193322068,1.5542213452524782,2.248994989833804,3.073379205772397,0.1272664705598689,0.0977046176220743,0.7601223745710479,0.8280934669679088,2.4297397730469994,49.45237335409659,-29.441099984097683,0
-0.0570834003557815,282.81697197804874,29.40384077698264,2.222173150985493,9.93904799004826,4.7576582336501305,32.9555001397559,-0.0648826823087634,-0.2276056658573506,2.7137495212348925,1.0554563036233149,1.72388528763397,76.16582556481512,52.08580740856753,0
1.332648022610392,160.2252927055192,5.008918347071898,2.1706036154903385,-1.1137278085691342,7.7116532433997,103.85193298841418,1.0059716877039455,0.839557281549387,5.330502756006753,1.3156731622900524,2.254262581666644,90.2091804405504,52.05984544707399,1
0.1441747875224996,-1.7714379449535895,36.58185190717012,1.893730596687088,10.322133584704906,8.790677286914242,-30.43883584290331,1.5184755825304426,1.0586506696651776,15.356672382878015,-0.3482744531549364,1.820825010861824,-10.828977264589255,60.81843756085535,1
1.0274766144526963,155.77632887881242,191.13606738480397,2.524274398548416,6.958712031598967,3.6281067630634407,69.46771580217796,0.8082267874787642,1.1014887028176408,6.15989995448961,0.763886358483314,1.873038226593204,44.63312975851349,-6.680682783708157,1
1.547056676794233,75.3371473707925,164.0950859414659,2.070249795321285,8.328324269970624,6.380813559814019,25.874600660579468,0.0718082600298679,-0.1337999674868055,1.8848715777385812,0.0069004260948877,2.150164074200537,126.8773746787017,21.892565166031037,0
1.4518053974945264,279.60621308616294,50.34231313551544,2.058582504369738,6.197319177180067,2.1259746416060974,10.411367806197966,1.0161675964195185,0.906104416888624,7.149376097201074,-0.0120871681484727,1.938196592957828,30.842827846917963,194.52106191490333,1
-0.183011686659379,-60.96939241636602,16.74249688762511,2.481120928842913,11.652792634960267,4.491341052655142,-4.2918831938982365,-0.0561226497206455,0.3101693459505606,0.9152616386240408,0.1718651158495642,1.9619579780222025,27.74366728675569,-65.43101009538194,0
0.4443220952272765,243.2438302669706,100.56948133526376,1.7411719428077312,3.067424245819786,6.218476306698676,114.98741526919336,0.927855333506503,0.5270346755374947,1.3387082504056655,1.1015313909803115,2.16267005196603,91.8537581260476,173.58538482913062,0
0.1457923197477681,23.69322104185584,55.41656717368873,2.1269369600836647,3.343420497383251,3.389815450716541,8.222834548457048,0.0170333621129182,-0.0939531195975064,0.7288123799711608,-0.0816028188642651,2.029610506005227,136.10926129425962,29.80873121498223,0
-0.3048238902846817,268.91542201490097,108.51677289490598,1.6115767573758049,12.54845087175563,2.066518987452866,120.74568657269717,0.4625828109287226,0.1700543898460279,1.9904386934826317,1.617888702600521,2.1645617706758133,156.322774600532,39.627248167480886,0
0.6997055078862232,161.97986816490737,46.66686487377616,1.3431086429172736,8.43461586227333,3.0745599420730363,21.636419029334668,-0.72842059531091,-0.2421238304389199,-1.1589808327549551,0.0253641389031696,0.9606335884666836,126.75928000383786,-7.249824439983527,0
1.0753076368443275,221.72854897049527,49.75338616844156,1.9172752228419063,7.9802096255666335,4.300142605284847,11.69385917673791,1.064397364261061,-0.3789999663774863,-1.6176577460875148,1.1291777856832297,2.285633675709131,135.56878701519875,199.5620348889514,1
0.754322441509511,108.92977628771408,122.64453131564228,2.592219550001896,16.32436535878069,3.667013494597368,73.20871933721487,1.2881941074245906,1.3608412915917976,10.099775890308086,1.0110684457680836,2.058345634312725,17.60292803785184,-5.283540729669284,1
1.433705333831214,107.84185180471188,46.503853938518645,1.789929649055802,3.605628508494207,-0.1217647686358063,30.16538600182682,0.1010991397732908,0.1180329394772109,4.559077113741418,0.3744808762897986,2.1485435671582147,-10.617523024681546,-31.848248842522032,0
0.1873885707032467,456.7073092379824,95.01354240008764,1.7235233987086809,8.928581303736456,6.452453295647556,60.35694062193669,-0.0213121708411245,0.3331418278879463,2.609669109570397,0.1480203725675809,1.9218931193346336,37.4208101266416,191.089462572323,0
1.077932699834551,-25.48987586275777,-26.25898986923721,2.2156139767536907,7.330904893594309,3.337358371360226,34.0560763372767,-0.3400020919789448,-0.2566611682532957,1.5539313406818975,0.1264487444142367,3.0963340744489543,92.31515886383212,10.376391735722962,1
0.4289001071117385,173.8167009041934,80.07000478704711,1.0439211397305157,7.499914029266049,4.878055247404996,-5.7491114141455455,0.0764778304606636,0.2803868341550233,-0.472195663359888,-0.1995538841810281,0.7681883593023577,-7.908503315849046,-85.3323082263226,0
0.8511552423495206,142.25183424292354,132.60183824141592,1.418958920369526,8.84819536503685,3.4760889039739715,114.34780038909642,0.746098179419231,-0.3188515830130897,-2.003844013152528,-0.1417080198379796,2.048445381072004,-56.30833465321115,-1.1887072853402358,0
1.6982547838257664,39.477406774153295,69.17686573588179,1.0998129649653594,3.303773983039264,0.0623049712541607,-19.145831590108905,0.1492436787178834,1.3178878189593064,5.105490846182038,-0.4165982004338692,1.7359905918655991,-29.77966419248365,-81.46274797742424,0
1.3398974302552369,3.592325730824598,125.27280441067153,1.220372109435531,3.36679272742626,3.6914474592704174,1.2916284009873775,1.5171393963063329,-0.1140595642045617,-5.391973858515962,0.1633642889023584,1.864328461206666,39.27790231321588,100.90601829323668,0
0.4081875284899952,17.030394581500104,147.18988271489872,2.116111384540733,7.660955525584972,3.526686411333503,60.929017286861175,1.0925921911139476,0.7919396811954877,4.0988516163525865,1.1240892042480837,2.333488702140853,34.5707409779362,84.3483732923934,1
0.6139937304316843,167.6456013848981,129.06876972604005,2.515132162606318,13.941942417052308,7.499330059312905,133.07935159567435,0.922246694799256,0.8783552999203541,12.48838927710337,1.45612585040175,1.50717099336287,153.91652865734727,-20.896889943766773,1
0.4274584512657839,179.0070927982418,28.1463539930202,1.921402612454316,3.409502056168507,4.631493380505164,11.540257711835224,-0.5285444020627594,-0.1119605203666831,3.0023367955651348,1.5465136830338897,2.1518014655200317,38.98750722288297,-9.971806811164493,0
-0.2187288436132377,123.46443824432748,-55.9380757888397,2.4813248325389123,7.472539560399813,4.589551470943738,92.39883806695929,1.0974903561932303,1.464455782008323,2.746066696540763,1.776389884609988,2.2109947104113923,108.27102802724328,239.2887243919835,1
0.3095676430095034,101.02557734875572,166.94613179537575,1.8687486862510307,10.601007966816804,4.970246632200167,71.23798306120489,0.8722054747024959,0.4793571175263264,6.2984062199206114,0.3494370358560015,1.7675628518726956,84.14737218253,251.65457952940892,1
1.3230313729793308,190.07027268240216,40.24207301339739,2.7256295073389336,7.5336929895987295,5.854675160082286,125.15956682843968,0.1885494614036049,0.9817402998203524,1.5534525097923446,0.7475647961713352,2.08351619803502,89.47442658951624,85.42729004648245,0
0.9280292928279938,80.15921339175738,13.53969278429946,0.6351892325595947,12.829074974281228,4.040848078751769,38.77930699962386,1.398440445647041,-0.273400112948954,1.8206402263222312,1.0220120603069405,1.6978605922653005,-7.539085563683329,21.56240875243487,0
1.10097120355115,258.1397170656291,144.87145982855202,1.7922112263250107,2.7522779287276338,2.7784611818368283,128.70293856922197,1.2056404967801435,1.1945469565197782,19.26827671670792,0.9108758443557152,1.6682602487554143,-21.133485018760496,201.9057352338123,1
1.1892581461810048,93.00203678933892,151.1080107276832,2.5350540821796472,8.830256099198813,8.005574376491133,33.35125633442032,1.130652513502953,-0.1381049768908887,1.8247823943802663,-0.05467963431852,1.6929624855277892,32.286338150797896,-50.965975278866445,1
-0.0911279323813087,94.8988938974409,88.78406389072387,1.883937026360148,-0.2788359676014513,2.085903823893114,28.09952370448244,0.8794163941877171,-0.0273638822784319,-1.2936971306345475,1.2107418214318784,1.9872782229242356,119.29264268445608,-7.636595498571772,0
-0.3119116716986941,245.68633689939867,78.22793251420225,1.8987089091954383,3.928530392634794,5.529502483558232,9.316923463120856,1.1100546713752744,-0.1188842021993278,-0.562772440021567,0.2919327522255048,2.188020614912023,45.43847626415338,17.54022456031084,0
0.6318879549467091,194.86048507605824,85.55385216176911,1.864123649013559,13.002505273963822,4.156872178765688,27.74187953148812,0.9250688052671114,1.2557211780973467,8.008577560854231,-0.0727793294883054,2.0315210157298265,105.22422566080871,109.34160461503856,1
0.0998407284675795,62.19349934830532,272.42962479348785,2.1214797903296176,4.661286754575486,4.601844809712847,28.166659560880877,0.9034738794795034,0.0319888454907029,0.7743760593674298,1.256102389683743,1.0668913968477465,23.03365801752478,-31.503238042734612,1
-0.0169874547053149,-8.370771175268345,204.22971293839083,0.7406836067291473,11.16195576341907,7.341198992108637,1.7080528746903667,0.9080709387816256,0.0974680907312848,1.326765135626682,-0.0826348623162094,1.7018284508181307,-43.28060311720554,204.43030165326135,1
1.368173201403673,-11.54472963005304,-62.61184219897403,1.9950940316353705,5.841055069927331,3.556987992870193,0.0748044361877973,-0.5537405129397697,-0.5195452137602854,2.2632403678615693,-0.1692823355177433,1.5022146876793565,24.526387721688693,13.860626756543752,1
0.2895511986525589,113.23676656470732,89.96243005274084,1.5534782946791237,9.726921219459388,10.31754219552095,47.980844846218176,1.1042276849424175,1.206549114412896,8.736128043304259,-0.4930011308904403,1.9551541597936304,4.4922196147005735,298.50908389088846,1
1.0560247831596468,310.5131088917232,136.12609853476553,2.3708976928725267,6.138720825870788,7.041710728348743,72.6736956834576,0.6236968266773499,1.155482246121847,11.988819032582352,0.782441311557436,2.0967834602954247,-6.283882632684879,37.38121045236043,1
1.09252529475643,2.224431920493771,196.6578632603214,2.2627356564404786,-0.6676304642957369,2.314892868992301,42.01660136076137,-0.1026682542041411,-0.0054027270212687,-1.2353736981208874,1.2847928419725585,2.15095984234559,33.97932801919773,214.22554412407203,0
1.156980684710962,200.52818671394112,42.855196077698,1.7753701958525263,1.620118108354415,2.6484554065581363,-0.5839947179541483,-0.3359224856927719,-0.5028386821022707,1.574937516594748,1.0759737276029848,2.330102942676132,81.96597177300825,16.981138110225302,0
0.8663699276179224,282.23575142216663,-37.26868024238172,2.1069505344298864,1.6200364846302246,5.175350840271897,14.041968351440374,0.1231542588364127,-0.3038469622008392,-1.0061980745022732,0.3002898741593331,2.3436900444982083,138.3976476939407,138.6260112955301,0
1.3121659496512184,-98.3376117121668,-10.56876530646251,0.8654275231541437,10.296860920370271,3.943647834894501,44.38176208691473,0.2149877767163092,-0.1319148906786756,1.6280177720011049,-0.114665106534839,2.1667982045369274,5.066206197754326,93.10711152607698,0
1.2708187087275968,60.25477752715669,45.10815166991258,1.9942748065202187,5.467330373498353,1.3023811228596984,39.77968173784869,1.4700004622398677,1.5385262353976787,12.931251731114724,0.6353951054515985,1.9916656642759811,38.57610929852669,96.69399251981534,1
-0.0642347052568284,267.73342181748137,173.1945359994977,1.769170783013989,12.717077137249618,8.146709037475802,13.361352878413143,0.944850197015798,0.4441761503257535,5.393461805730345,0.2323131412246805,1.7689689785586469,22.706371798396987,183.17554920975272,1
-0.2226064575964346,123.14230212919809,132.06373036456532,1.212166790656851,3.545215158463093,4.050763554838357,82.24711225339354,1.755722713524776,0.2027250644720219,-0.5536855680009833,0.2218529571651758,2.414993350109502,-10.84976979080112,-38.77992008568557,0
1.248807165385469,54.36336454509913,-15.964231801376172,0.694446706637051,10.012065602213491,5.779222278389852,51.48881943834772,0.9300172845695762,1.3446032987157377,2.2557862747936435,1.6369699801607809,2.4743697890265697,-9.124838889084828,95.39613848316714,0
1.2536566137212732,265.59798784130413,9.052394302055262,1.950776960997012,8.957696065171884,0.2970043795382766,8.13227219716622,-0.0368004100239255,-0.0162804184401598,2.851445330243947,-0.0242138989084704,2.7786998817023045,60.76133103705909,4.1898030133571424,0
-0.3740725001026074,371.6463788797674,180.975271372887,1.69629364046442,10.307798847806485,3.3972910139650256,109.32733726377604,1.3083138705395596,-0.2525303717709626,5.546570995893747,0.5708797274927659,2.3135351348491984,-26.47079661526716,228.95215766354863,1
0.6700809365640714,158.49753075486075,79.15931981878683,1.8115449799662635,6.590236286108913,3.901393491192811,33.626370742925474,1.157033805186944,0.9981453374506974,0.515064093608065,0.2356933857249745,1.989721375147719,35.824018307865046,-32.417676183828966,1
1.2287077848358905,45.73898082898356,-19.122239160966075,1.5115721180388335,8.0727575410293,4.323935036751566,23.92260536066079,0.5359129602592545,0.5739835158729792,-0.5954738814171492,1.0544734138726837,2.165825547686306,39.41441697299975,-24.796086117437248,0
0.3447185476455413,391.71365477781865,53.66105015636533,1.91252414185632,1.395976975358642,2.007857598161482,22.475318757198888,0.0921701700038452,0.1881973102743757,1.1680683918886876,-0.218226721951324,0.949291797091785,1.569277460680027,-0.637468485577223,0
-0.0333200472660433,173.2909105766222,72.28305681605886,2.0338496304405944,9.312838492449718,9.065991493030957,0.6011299539054846,-0.2367632266624689,0.8667184191441656,5.661141401454566,0.0009693767009411,2.0660305695302914,21.08621244602148,11.3009124403361,0
1.1003600350527405,415.2982137987887,196.27047086597344,1.110378484475129,1.422287592700494,3.949623018181648,124.61326026588677,0.7342745033583242,1.3477606630932617,21.14508910794969,-0.0574760454086955,1.926791505133522,-56.45823537772229,-37.44960230492722,1
1.1521885423619591,69.12896674425151,-70.3513771290434,2.0499712890432007,5.536278125745937,4.577061024032123,0.5793184528458539,0.5331282949016555,0.1001278642839434,2.14690856120894,1.338258471621294,2.070374838792364,89.08113094789182,-114.13226699330858,0
-0.4243912505957511,237.9031847751435,193.7218840928704,1.3971184204313032,5.9110970356438255,2.679711253330358,55.390504041434895,0.6501125621534669,1.136424938303624,4.050646881270713,1.4535081961410583,2.0013070901869034,28.959258393347955,-10.65734000116,1
0.0094671265393716,30.922619680890197,133.58389631671938,1.891112429434734,9.174328996599227,4.044525594620237,15.260651759749573,1.2603032870666078,0.6860250406069197,6.428126399799034,0.9043734834412588,2.069503504019501,-52.5219974857288,167.06655982053846,1
0.1428490908762861,174.33378872535502,79.38362912646816,2.0225168310832697,6.129655521226229,2.886218738713958,25.14928100643716,0.1444505765175849,1.146409744408786,2.735969630461676,1.0149629207752442,2.1351649772354877,39.03070450639635,110.02593455381052,0
1.476885016427237,97.69020677105745,9.910924725337892,1.6984329803652876,11.370285109167202,6.714318628471974,-33.57292460051189,-0.1123816213212868,1.4067136596909475,-1.79167339061752,0.1835204594274647,2.2370727213456694,113.3449772588205,223.98206238480952,0
-0.3674244209696541,253.70541759852935,98.2926631555964,0.9066673151935072,3.988145177712596,1.889919553312988,47.39396199197594,-0.5025044019516682,-0.0853315152357951,-0.2120221515732954,0.3608232965807237,2.205796460951998,54.89462630316798,75.92355770282734,0
1.2277774820582117,65.6342249057542,-16.519899033215083,1.5483214689681843,9.723615029674455,5.150590049407775,-3.789459923518308,-0.225321377093592,0.4143106684761847,9.592755564960196,0.2674071823211833,2.1494273348201345,82.0084164439698,36.23074365477849,0
1.0681194726018068,76.37913341655452,105.98528112843424,1.05212287277091,12.398399526007474,7.784155542418182,-10.436273473991172,0.425834058637685,-0.0650340904048134,1.4071308536754892,0.1858011876022953,1.8562263188580093,45.80661098649901,14.958169394193009,0
0.313902226881248,108.62486460054524,61.67808154307413,2.068908027397049,4.59474996217274,4.712932892890215,-41.09601936950781,-0.2547788223086924,0.0444424490779458,0.4890615887337377,1.1546741304529784,2.1532063336849365,19.238873959013773,-9.117533265388438,0
0.1807852195317944,249.1955750197224,114.80787902280642,1.5275150475055383,8.372914632190176,3.3814892895703905,86.1353885780014,1.0382555179111317,1.1876251093413084,9.947445469468027,0.993517489199078,2.216485929595175,-23.87916125866178,-78.08682582050147,1
0.0636677139779937,406.3591200357666,227.11008605584715,2.1050578036327496,4.040895326357349,-2.035606438624777,-5.853949022802929,0.900725031919086,1.3706667786153264,16.11778916888136,0.5303597278847767,2.273890181202974,-34.11509593710542,117.11463630659856,1
1.7811276424462337,212.72836097100057,53.6236349306294,1.914489255503172,1.82719909148726,3.8482537896904248,-39.18980293618302,0.8588746830720231,0.1187740052525938,-0.2924717064907027,0.6267727733207977,2.002596080631406,39.69972720120502,89.34362585991468,0
1.4289289018093785,263.5572171605491,204.7225638338965,1.6726831291812827,7.564555413830287,3.715782641074382,8.954508585294175,-0.1552908771328104,-0.3009025442824994,-2.113635783512704,-0.5347335564158591,1.954398959946488,62.94549057066172,157.75764972021923,0
1.0650748506488243,169.9919857022654,86.97221801437117,1.055979236081756,9.494482562211289,2.128381821473971,112.6234954535229,-0.1074158784126134,-0.0535728076000991,3.7469424960638857,0.7670109522500153,2.262248249066136,141.29941282897363,36.54462083108392,0
1.5545162031799162,-26.436738374873784,173.7312991393013,1.816618351493285,12.816463864507956,4.765208461391757,-9.974555533576456,-0.1695448819069938,0.2512034545769958,3.7584202507656217,-0.0229012289255297,2.0086676227234883,23.73229666496239,7.223196019613418,0
0.9288607199749808,128.79240640810406,-25.512076940132403,1.181535744426924,4.6253932648740825,6.364000124955074,3.7719194773958256,0.9871494594932164,0.9902155749710612,15.423336818233306,0.0821304465501926,1.814268879019388,43.16609161788132,-24.25794380218476,0
0.7970525162886754,230.6227329204369,107.39156872494428,2.1968350582703,-0.2990747823147419,9.821733784759637,124.00791274704724,0.1946552974996683,0.0657118279580294,1.5925086414076188,0.9745014308904782,2.1243685083862807,101.93329449912991,-39.06525243828308,0
0.7876767966409353,199.00099842747005,17.443096856614332,0.6573166278129692,8.879246504039633,2.8463014249155307,-14.485533530314342,0.7463860947379366,1.1679747149206103,1.3917222238866305,-0.05783049277667,2.115859852027005,10.74223828014714,143.86154468169067,1
0.9445984884036418,191.7388494967128,37.67881558676118,1.4447665127107767,7.181171509969073,4.596371731652982,-2.3146207657326414,0.2138537423934948,0.5076903894503888,0.6559694965172129,1.5601671092665397,0.8812967805313925,46.90444832336858,24.09477024482031,0
0.63689132299798,45.39465510767339,101.0746929916628,2.00349008465697,4.150131870387165,4.577841123270627,19.700839292028352,-0.0319733426294648,-0.1361195041445563,0.7911010369321838,-0.5464428876812246,1.7191332787825204,-21.64907990390209,2.9124692239903425,0
-0.008527237146541,-28.857065735443825,62.219420024644194,2.133133415807682,11.035120570130063,2.977704969794291,10.06590534111523,-0.0226601971184891,0.5711963457187939,-1.856836104651548,0.1830247982169093,1.4950054996077848,40.15736053788716,25.426099464647155,0
0.1419560719343831,20.131349142504007,137.0816746064563,1.7321474586620866,10.101592739893473,3.9353925413649695,0.6378731323736844,-0.2210639845881992,0.3931310758432053,0.5950605488941272,-0.1387138715992328,1.9316552115740573,68.95643427612254,18.25536562401598,0
0.8318529301809328,133.3666175036412,23.345034693651563,1.418566025161167,7.505734695030702,5.911555679991528,-51.49027458956936,1.1845024400527469,-0.0518859855713669,-0.2615978258626463,1.0586038426631992,1.9037664203793183,-8.665011781967664,152.54626869808317,0
1.0200353864768863,33.96715257460623,-28.724778411447403,1.6461912757586583,1.884007765630891,7.397499654807105,1.8219926184908812,1.5022630742482197,-0.0264733644692407,4.328105948845936,0.827306397177042,2.047508064212322,-0.6629421984802448,-79.1575302452799,1
0.7816965622944396,-3.982165717942138,-3.977084428959216,1.2267553267666864,3.730689261689192,2.821225311682777,3.937012251235558,0.1671248597763844,-0.3806477739130197,-3.3139015123773907,0.6453493205494015,0.8753128878433252,64.88272386069725,-17.782916020317735,0
0.1970784979973579,184.55066525437888,22.82361177919689,1.9640507828383325,3.72122407700142,2.7449260929370043,53.55464526648569,-0.3173004237289265,0.3467913284686998,-0.1437932925101481,-0.0083032913793548,2.1090470869349773,68.0576792890052,110.8150382627126,0
0.9308405217808722,379.6122644350376,196.88827577822792,1.6053953971270318,-2.146058026087527,-0.7873182443592341,141.59661980744477,1.670043991440347,1.4381239785610744,11.031632827804131,1.4602151319768972,2.181743796619487,-45.321719945699,135.68356893896606,1
0.7834880425413977,413.4921110914894,51.11949814427482,1.6514898942210672,9.697785546187816,6.162542325532096,26.643326914812413,0.9869028318887048,-0.7059024677887779,-4.299756329994692,0.0419092502421055,1.9305044425299995,-32.14837857981287,102.09428652090882,0
0.6594439980451592,100.12313546730196,19.36949478623377,1.1706927367451416,3.598834032245038,6.080165761466446,22.64964244471084,-0.9020959479422546,0.393802517454792,-3.7779429103458337,0.2731170589423046,1.8275366601865723,129.44180797052718,229.4814302611172,0
0.9601396909360737,81.46819478806482,38.56656132828777,2.4586538226072685,12.865805914858214,4.164672614304717,50.85052923092226,0.3287131185931616,0.8321055909839563,9.955201357108823,0.061808891215448,1.8104134931212568,135.9991823855978,250.35903500621532,1
1.0102055378905836,88.92991798017235,-23.136235597996038,2.251808500182143,5.513378682772319,2.874527727174669,-9.798606113486962,0.3489471913636695,-0.042703187827862,-0.8199499082865884,0.299919792587871,1.415881120699091,7.285420699094139,59.25899189720548,0
1.2598669703546248,182.5347641332414,82.0516892578412,2.264770670937141,11.557878882992435,4.0024477602319735,87.58895062818846,1.7081843178080267,1.0309546086390275,21.778060383738765,0.0669906969924297,2.047780563047295,27.84264295414652,204.5051245143546,1
-0.1685906289931824,159.30861685911188,86.07900230904995,1.915099434032639,7.214955481646215,3.342457546580854,-10.835344165567063,1.1243070096037846,1.0744582204708713,4.22653309285209,0.8278877983344308,2.3678706351314545,109.61708221727372,-40.32051470981717,1
-0.3994924024283842,-36.54332327466034,-14.528999110917423,0.7732891012165165,7.137536662869625,3.049963851746889,-10.540451173144035,0.6695096498729088,1.386017673474073,4.057589331592685,1.0607113646632198,1.8053730234680967,-22.045492651152145,55.2118652265752,1
1.2167466903540007,98.58615764465416,-9.446245828709422,1.4053696900017472,6.945789046222298,4.041549471546255,8.345448325384254,-0.2011747347986668,1.15150270345376,1.602105580371744,-0.1333089806888127,2.264472166280107,8.807521256083326,-106.9255246984797,0
-0.334483961933724,89.31835350670997,18.138574149633257,1.6690687397175783,7.556000130981081,5.812304751469493,5.271118792492533,0.4858353342626402,-0.2407690341339805,3.7458595307232367,-0.2112018855338049,2.0437335220057173,7.495257658712262,32.234004979635586,0
-0.1362035091648139,309.3038025705212,72.20755827974023,2.178069975569957,6.711050712962041,5.485346136588796,49.503550404728735,0.7446411808472171,0.4576845643607782,4.834892720031551,1.0802065479483425,1.965214317750536,-6.595214652852377,156.48368375539306,1
0.6982742477790993,87.33689677046499,150.52724442920913,2.3829914993195502,4.437214684730483,3.840401317912301,113.73979444311196,0.8858142667754869,0.9134897028721692,6.766290388973074,0.2133880487834619,2.427207030154571,103.45566769745574,107.2531867971428,1
