A1,A2,A3,A4,A5,A6,A7,A8,A9,A10,A11,A12,A13,A14,target
-0.1029181421334534,57.25180107898768,33.27340743065639,1.8981749968361776,7.863384655686486,4.557632231221382,2.3141903976900124,0.1494877951577354,-0.0740827797335325,1.8448798556071495,-0.0649851955488631,2.013456468309452,2.998540818065308,10.610463070657104,0
1.0612289769610004,207.3677748456189,89.00304718993785,1.98468359048706,11.753351338416197,8.168548995367848,115.0908419617944,0.9626391231024964,0.0229973706488078,1.9617943095117336,0.9945976417108688,2.031721360717137,33.427595048887284,128.81030614571026,1
0.0227048154992731,87.1691665292509,83.64731862165034,1.8736654291460455,9.164811666106903,4.642430834247878,27.47508986569073,-0.138127377783957,0.0222740005822992,0.9569896962983933,1.0860985659916815,2.0362336746592185,89.46072405996992,14.921535223332093,0
1.05291875369849,53.84295319040831,47.58547893116254,2.0446227253222498,6.959486129695748,4.250090066571794,43.31753592055957,1.0008358250232543,0.8719384706285399,12.098676576707629,1.0923669816248418,1.9518085974712287,63.39988755660977,206.60494808033465,1
-0.015523911623081,72.95751569538893,4.005791820025124,2.03556553900091,10.829022143009285,4.030147090562871,2.0436840982760245,0.0447841676811477,0.1153004535327475,2.3282898655945843,1.030852429495633,2.0352073215381026,113.38517781081164,-0.2767146503024591,0
0.9001637631803829,127.97107419947912,26.086549794568548,1.9266679482434743,11.263532378622433,8.058248747530936,4.472982590081628,-0.0068503680854302,-0.0089059955075466,0.7035246691471397,1.0139339203417723,1.9615459003267863,101.5046746314728,67.52454367124966,0
-0.1258044775817159,266.23556695427783,32.18423995587864,1.9318368567200213,11.058098345276653,3.827258564320424,11.918107713093017,-0.0161451857418586,0.0688979209224595,1.1638507736449712,0.860289107801359,1.994585958099618,81.60341073830512,-0.5708303967579482,0
0.8548044317997046,220.6933159960435,67.46229558267846,2.0111706308672965,13.026227707548808,4.103194800303063,14.709778260610944,-0.1178238281929273,-0.0338539984142152,1.537493016458774,1.0479223806647475,2.0274353735318145,26.39719688571953,124.92244977860722,0
0.85389482206743,90.5374632096662,195.2163563818528,1.992901246031377,8.298304913528176,3.8110697547175465,-2.140731966166385,0.1025321263762245,1.0383404771977938,3.3953830364435795,0.1496798961232169,1.937005564585216,-4.091529570600962,219.29452998240345,0
0.0040594794090839,76.56796391179294,25.66303002316181,1.995477979242856,8.451273464565329,3.784157321304911,40.119324939927154,0.302052791458875,0.9291700384534,3.0807449923487424,0.8509633091141342,2.006955411070564,60.39253734569947,100.57154495068497,0
1.0145248226735264,135.2683153836657,66.30347152119487,2.0304049299914,9.474055219123848,4.286396962702633,65.62853374160619,0.9037704458651163,0.8927547192807677,4.925894042740031,1.0792644635797364,2.017321585579108,32.73321973848459,-33.6682051280365,1
-0.0684942946450567,103.65916988590708,154.17345549678933,1.0652820894328772,5.244681587219413,4.01561955533488,81.383726847198,1.232530065699931,0.0623769429144683,0.5219429021535436,0.0682624483585156,2.1276902615721545,22.96930160283042,-11.239975410980172,0
1.0208920506215031,53.85151249103667,139.70062388636575,2.004193262210939,11.869523414329535,3.0926844467426964,30.278978334671606,0.9666474428468864,-0.0902686117770492,1.2713548083096842,1.1223107182215075,2.0620569319692583,16.753805693833485,121.72317666278052,1
1.1094280965281076,263.9458425116736,73.39259848878261,2.06281024247877,2.842791365943982,3.9733409627120624,-2.509356268046396,0.9482277818035322,0.1495273294243064,1.514041996766586,-0.0696456820149166,1.9394615184739172,53.30236060291512,-16.674758109979116,0
0.7814003688161719,157.38054355837147,73.37305540084333,1.8626087060551149,11.992898836756734,8.713089906314138,58.37872149114405,1.0320700569053594,1.0635535736655064,7.534193244093618,-0.151692655658597,1.9862012799365016,38.07452911221556,218.54125658181184,1
0.9699488120486156,187.6917552939298,20.78902910826575,1.0602997037823705,13.40687392783352,3.904171263966784,-1.1166904728898783,-0.1042792405633558,-0.0586894122158644,1.0158438250144457,-0.0783503349721181,2.005736464160942,54.09525848994053,-23.13167148025588,0
0.913966141917077,138.8802201449754,85.51561246744177,1.0380368919466336,11.919902293533864,8.25298850309861,92.37287212905088,0.0636220982913401,1.0337193424946454,1.5618785844747762,1.0083325131214034,1.9667846110361344,107.19558333117487,26.43422295774407,0
1.0344150804695245,191.7235511343013,39.29141005277061,2.0699431648454545,13.786522167856315,8.092726058432172,94.70186729068216,1.0270052354498906,0.9145769699901072,3.881047975691976,0.9848017265224992,2.022896009423098,10.221725508680777,-14.378910125546192,1
0.8298527305072303,65.55292724724008,132.1611142354416,1.024653175216342,7.378941332427533,3.4319232578133416,59.7305767574005,0.9666559777217648,0.082933973267729,-0.0220671159881602,-0.0754634407478322,0.8574117022013954,-9.146986415336386,27.12498518691299,1
0.9587685593359236,107.01594844835918,96.74933727513596,2.005295422556756,7.436607296133408,3.528177227379669,56.00746760449337,0.8237282644836799,1.0544534707412785,7.659318925016278,0.0434735401795063,1.986881960880935,70.2106434223843,127.48347306373918,1
0.8238333696202412,195.6175670148436,26.660416613236983,1.9758161884474816,3.818308324974925,4.194305655540051,29.166233142103145,-0.1626290467885413,-0.0344493908820563,1.616103629404657,1.16815805631812,2.0467081432369327,69.45769453011783,-2.375940557281382,0
-0.0089536929791612,246.27579445507536,24.276079101485152,2.0527378075752543,10.016243199408883,8.198544021183007,63.64627331944915,0.9356937056390986,1.084564968035162,0.2243256003560798,0.0345453799125548,2.096711518067371,123.28109457029984,150.66329539782103,1
1.0445687730971445,51.98954163254389,73.46639907130718,1.08257532116179,0.5624954679347729,3.214069946815348,29.98795236252819,0.9992890802488016,1.016838026128127,8.627388037432784,1.0662002437576557,2.0556965296601186,57.46393641650008,-1.7894385352380129,1
0.9458636644898036,67.39247233339078,4.230441380576124,2.074068328631792,7.877154648972452,3.72074273658906,16.528127416797403,-0.026525475754048,0.0324808134817063,0.4939859617121547,0.911970140390124,1.0628291653671185,106.410899459663,30.37815002122185,0
0.8445013412777431,227.3195494546389,23.24609469170789,2.0842890813763466,12.714401961877728,7.603541673447353,102.58136999486936,0.9892581960235848,0.0548477539115142,1.18599052926702,1.1192105479645718,2.0045028071935387,53.45163928254527,252.92413675734852,1
1.076556050887837,74.1887275523382,6.164851753422724,0.9059836020421694,9.311404800681077,4.547453008735339,58.07348290410699,0.9784668567906388,1.1060317842202267,5.5402419307057365,1.1959907631263942,2.145959935085098,47.03851111105082,98.58342722558989,0
1.078048188837315,216.03015010501667,3.4776597852477664,1.984854449537542,8.29467571236058,2.8606167321656235,3.194545291435759,-0.0113232030842848,-0.0050093595200491,1.5696754862289068,-0.0074504304333755,2.931907655908401,63.69579416524895,1.981477850263737,0
0.9758275293557748,202.51237848031016,91.07973331249234,1.8969019572955712,8.868712127968676,3.984023628652391,81.19516283156304,0.9374042685516052,0.9322643959683058,15.079755315475609,0.1002828726883053,2.136604890269008,112.0959784914039,172.5814371686643,1
0.0260269863068431,84.25974664628743,28.95485287205709,2.036525910635442,7.574161920887774,4.265412150886416,-0.1299503606077294,-0.1440747245924873,0.99422054461773,2.067713683409884,0.9308948246660236,2.049628632623388,73.62065332273247,-0.9122702051205848,0
0.9949751660471128,280.8356511142133,103.53072606639272,2.0844666731474355,10.632459044545534,7.528185764981581,77.99277135670455,0.9275554266523528,1.2105997927536485,6.337717872387897,1.083552167810337,1.946077829876822,156.59222072536093,6.592748713316887,1
-0.0255718092634148,138.6789459274084,27.988832512881075,1.9555625157409895,7.5035332754581185,3.755487182829237,35.31926156929791,1.06678359889413,0.1111237302600112,0.9637204709987536,-0.1953905903182061,1.0421600121329402,102.6902788515676,5.486381150660165,0
-0.0089024274700652,271.30830535984484,124.60520018788309,2.040209211344111,10.14361973330369,5.250612542192257,99.9574696003266,1.081788297409477,1.0093593850705795,7.632692647175175,0.08677408119093,1.9519542407445083,106.3228608608716,261.424590258374,1
0.9076016947342224,211.8399594353561,49.66672765346959,1.1055718901283915,7.44142026531487,3.7152492129455497,10.118898162872204,-0.2241294139418185,-0.0744996401350522,0.3356982053061679,0.0078043504317444,0.9878872579897487,129.69516307810397,-1.5384075199949336,0
0.9998207663758218,55.63627166630749,110.01028772159194,1.012175423724662,4.707617738680003,3.8676299040743674,2.064118611831596,0.0421163177285383,-0.0093022587431297,0.4652845807495342,-0.0659901046181308,1.9277158471908449,54.02819289823472,75.1421944840553,0
0.9273008988855872,97.36759170611892,13.867766104251745,1.06667607770981,12.219612175755854,4.508257986709062,12.66395671956992,1.0029801686472994,1.0552871682031766,2.4503294637405117,0.9359491327532508,2.0326737557004204,159.5417209532934,31.15569305908988,1
0.9758654641293862,286.6584069908648,111.2721860049774,2.005541118117467,11.462392591464102,7.905924757628041,92.70958038951582,0.9834413443611056,-0.0007357835718968,-0.403215530038794,1.0459920416806527,1.973066526725316,125.63557516776682,9.587102920770086,1
0.8095352649832261,73.83482649637261,152.04699063717578,0.9583313009936152,9.587532501540249,8.142729415185592,24.510883595744662,-0.2252749027467421,0.0402831437407383,1.418551513717388,-0.0198925300903387,1.93144805514436,92.8202833133738,-20.277415150698083,0
0.9948190631292616,265.2553197187266,8.457813673901171,2.204893370893884,6.951274348234484,3.8376520578021145,116.18849788130396,0.799934125540303,-0.0751845446327758,1.7927840509082231,-0.0626719433055442,0.9505001636631594,143.07820874902202,20.47184638154482,0
0.9798899896505804,279.10243053797143,37.48788615266717,0.84524846771927,10.393509171933257,4.271711206155509,6.491671755304221,-0.0371018096839073,0.1070924752309552,0.5630000723031103,0.1144192591185998,2.0323795175805315,3.256786190925681,77.11410754086899,0
-0.0026237652758587,-1.263712533982698,46.83674462296744,2.0409641279408253,11.010806329270787,3.685447683013628,7.943355489573914,-0.0069723683441504,0.8680604140673212,0.8132811985687542,0.0563153225282798,1.8446170768023955,35.89457247319605,41.05418445066066,0
0.8952261521606784,164.16023235288455,22.5080408266411,2.008203005963459,6.206537686821387,3.6084289644572,12.99348854945239,0.1211578649251258,0.1097459498104286,-0.2836363006351772,0.0300485072797053,2.0606458478544,61.70459639847638,61.88515948243937,0
0.909765407930405,112.12016695146626,93.19956518652832,1.9736983638517631,14.232527578277905,3.713551838935551,89.10249827840202,0.8959881119609947,1.0072009204139674,2.953935079520023,1.1127353127712034,1.9749024966737492,43.11960038226346,7.119087846609794,1
0.0145215604514781,75.53314965410426,111.62457551319844,2.000007253604428,10.468847452611003,4.12601990253988,59.29365081439996,1.209091609500223,1.1556743849066295,8.311107158446024,-0.07603566479951,1.933567576549918,51.98632423541382,205.81734433798653,1
0.9372962345277288,43.79493229538807,159.57492031819788,2.0523231799702484,4.313338355721752,4.121191029897305,21.522999638371957,0.0413444946380337,0.1599146179132018,-0.6635841197513384,-0.0589011430973198,2.0352885061362653,9.412406767586958,122.44328204427076,0
1.0010092247749616,176.9517230566364,59.22379081135707,1.961366802167116,7.089154523300392,3.9567834949023215,37.2947274961038,-0.0515742069322766,1.1088753266140632,3.544740022888524,1.0558346098197475,1.984621016805189,170.28832075562622,-8.349958749080493,0
1.0288696892720206,255.7464677628306,24.97213534985252,1.017465679797902,1.4113570119835843,3.782196741118501,36.63994965229244,0.1345873544445002,0.1781976231451392,1.3613359463003265,0.9624738096157532,2.1488645956192327,134.05651685382566,-7.2977312213993955,1
-0.0621777086114166,64.31191765458439,170.37105865068952,1.01879633210407,5.641475243512446,3.0890300162662085,5.9292507929043055,1.006750635554567,1.0286066954663753,12.50900619637466,0.8548001249820834,1.9809094618810552,-3.3384099936385496,-8.281917902102364,1
0.0542256420710114,112.59192415494084,49.19110436099225,1.9101594382649247,7.582088967789303,7.7528048372678,68.70819847942523,1.0974933907855648,-0.0153492466101263,2.1537466046107268,1.136362619723279,2.0145356105082066,109.41940737241062,24.88781300706519,0
0.9637051141387796,249.21392842317132,75.02696004495488,2.001151892607323,10.827687748407234,8.409165716903273,88.00318395582853,0.8959998761812076,0.8986588220920977,11.70946872249845,-0.1224242070530969,1.99709934516788,22.47362658589241,-10.4268615463429,1
0.1534716202546932,164.4977361119552,16.287272564961157,1.9747819409768632,3.9027577929465314,4.090450403625404,26.617140618670835,1.0422012856387577,1.0718363815849248,5.942779710427569,-0.1165536360943368,2.0450798163720423,121.28309029580171,78.44498544557203,1
-0.0735393795594696,49.11949847283336,112.16357022797854,2.046364857314344,3.310146703129364,4.365616655704604,34.542642618631405,1.1061390248100391,0.8889229161898167,1.453515900874406,0.0379586767033932,2.06990125553,68.37171150859405,83.60098708425487,1
1.0548667215096728,171.05001459400577,28.486255076637946,2.0138949170124856,2.618613589489762,0.9929929556448376,-4.03288266689367,-0.017357542395098,1.0091203926680097,1.8781132938679368,-0.0031243732189898,1.9137983819325428,21.121325537997198,17.83038742977253,0
0.987735289518792,139.29790608863533,31.25124963947316,2.141124253109929,13.651017204571758,4.050668496709144,38.49247053259147,0.7934501903363574,0.9483401818412172,9.293908109879638,0.7113258126816764,1.941665690191156,113.15359458018396,217.5720107711432,1
1.1567331374544774,52.50472447284264,154.79040242119152,2.0942136730471,7.468256845729574,3.763194815906132,65.074396032223,1.000026981346072,0.0256870441856648,2.686507816383624,1.0335058218757922,1.8579843054306784,4.009568231013695,1.5503383783790596,1
1.023626700204734,247.64002455857647,93.62022139934916,1.026769438351537,8.7040856410139,4.097196110747695,70.98359735247455,0.886179700536748,-0.0476160310885115,2.15927613009094,0.8842033242356928,1.8735948988364928,-1.1724430527944634,173.42292299694248,1
1.1920405364083708,297.39074230033515,221.10880679785544,1.875437381844508,9.401976106134711,8.122881839859565,3.629207784153472,0.8899928113023259,0.893832828987795,18.893345048173344,0.0774603899020645,2.042488104231796,66.71301652024705,50.037731658363725,0
1.00288856117878,318.81562097777754,191.26673458229996,1.770269303405651,7.291454430863928,4.621724668791764,22.811749636564542,0.9620602153634804,0.9255056910990984,4.27889090826625,0.9674892679925386,2.0852484078264726,85.94685403661116,-3.880683084399045,1
0.9762122889923062,210.0045355273384,90.4243897999025,1.926010471873829,4.808956460663794,5.717407460902023,3.01049403930525,-0.0363192080795813,-0.1137071013749505,-0.5385210179272573,-0.0116466531769193,1.9404089878961988,157.2173941423498,-22.248543298418163,0
0.723027916451563,84.90569210717086,208.4398845518424,2.0373783970244976,5.588088232177073,4.185183018373183,53.66666448027104,0.9702996552244626,0.009842721689447,0.9305772490361326,1.0788007352873057,1.0205819682608452,9.164202466930703,-9.000996320841416,1
-0.0020809635285363,274.8972451632035,91.3582303227851,1.85671472324496,3.897230507092103,8.13328684166127,30.90973372630805,-0.0197820118044984,-0.2169391601512159,-0.2430378787146083,1.2044757251384792,0.9347545265970766,99.1621716835342,-12.57085150783066,0
1.0578421787336525,17.438455234322078,20.38034879264505,2.012662386112434,0.654144439193427,1.1733883476035234,-4.666335796428669,0.0509272149261199,1.0546032396621423,1.6479009201889618,0.1186093052147997,1.8179975465905736,108.3179663514616,151.89673855687906,0
0.0316665864615084,211.0852856355464,74.2034683711602,1.1256455374786172,4.455029519051484,2.983242412998374,5.498352146231671,0.0396900789679583,-0.0758297356737578,0.3472879979574959,0.0984786732189534,2.071158568696821,66.94702405529014,47.20835061458473,0
0.8919820204461806,183.1197918722995,112.6938282611831,2.092591408908281,6.976783704603047,3.548442936506756,48.11074983752695,0.9588891127750844,-0.0679747566897949,0.4198310371535467,0.9674841411567212,1.9938938761940213,121.47527793864232,-16.983285725390907,1
-0.0020281932457443,5.661288765605349,140.51624779583327,2.0228132540281925,5.723664574707971,4.359880222122893,43.35756543583285,1.096885410003448,-0.0273331829849591,1.609417082781922,1.0077685481629146,1.926202127367082,7.204816185747333,3.123069218930347,1
-0.0202874460775256,74.1510960100281,161.18670427378828,1.04761242343973,13.570847150159288,8.247016385726322,23.21075254421283,0.9939142497475224,0.9563277682116502,5.122186983521844,0.0548306321313994,2.1231291818117173,9.6646000973101,111.17964108847475,1
1.1871852851368354,150.30780771127067,194.9940524774188,1.962263221634052,1.7095474436450528,3.1522079766423365,5.870597846600017,0.0844573382863997,-0.1558984366581226,0.4667011314461815,-0.1153368209822603,1.9423499119105323,1.493279577719143,62.71682500690007,0
1.020023030968869,176.22830329300473,72.45299015826805,1.017224380332848,9.152148480680395,3.4241174835304524,104.5764601395455,-0.0330510395115734,-0.0164839408000305,1.845213075711965,0.928311062230774,2.0806917689434266,111.3228962550688,11.93680640956429,0
0.9772474909813617,110.5559468223669,146.4711613677154,1.897677664257224,6.118901358545463,4.656236018023678,5.684172375793892,0.0447233296245757,0.0540115597344856,0.1641734197120934,1.0508900485356494,1.9167611541487648,-4.770347937326029,16.628609282887403,0
1.031068062631123,291.9660667894243,126.960449178016,1.936064992715388,3.6160855165315793,3.62414190210364,107.44705802129906,1.063273999009275,1.0598606020060857,17.005623605140897,0.2802694905709892,1.8979262303862812,-5.81030308269554,222.0479185334807,1
0.0349720663943132,36.38500129244386,166.5274754794545,2.0477363122053,13.767641320934,8.046113641800524,21.40867586361756,1.126212385733461,1.1505495198829605,13.112620412139869,-0.0406664410091791,1.9430412914154656,12.777970595975958,207.90213968866976,1
1.1005017810553186,198.9374941243433,36.87200858959951,1.9121513805380612,1.353867120150413,4.639547335028303,23.56801904164122,-0.013538199213901,0.003617367740136,0.3416228145356421,1.0886877232385914,0.9773125327414692,-1.398776050403967,9.844784170419238,0
-0.0197645246944088,250.61028363614813,157.82908799984546,1.9289756255427657,11.528331426846036,8.045141242300247,33.88041627028097,0.9830308298510148,0.1366695847156164,2.351834401763183,0.0714809665306709,1.928913531864199,12.525037476429835,155.3617074491547,1
0.993396423633232,84.2088424004915,1.6009193603606633,1.934202077624648,13.662642922776165,4.2944151733035225,1.8408737301032967,0.934778638213583,0.0542637767909102,1.151562656911762,-0.1443002143023596,1.9959402673690976,3.41684710073951,-12.071189067034418,1
1.119559591213307,256.46298679561727,199.7974345456529,2.006515418122921,10.325542046229572,8.505261429406012,6.003849570910191,0.98484865784045,1.0585552944629737,1.1897132678114837,-0.128459116782124,2.02438646645167,155.8573559797818,31.01853505070582,0
0.089793717617992,299.812019313101,-3.0042079408272,1.965643974861707,2.2835131111322804,1.306038318380689,-3.045335682840914,1.1303110062297534,0.9267302344253164,2.8136347738448597,-0.1354067997287046,2.0640941958512964,80.25408864613249,35.05740658776948,1
1.025149679045628,50.29054419720264,158.64087175940406,1.054613566608388,7.652709373886447,3.6075369780978,41.86899408348791,-0.0532162458402784,0.0016330919036235,2.1424789153922505,1.080462942851444,2.047528910166738,18.605434948894413,195.77370983424416,0
0.8597944044597363,222.9551221764681,95.68071486762676,2.1055830340334616,7.529249430616155,4.2549166690313935,81.09155610652061,1.0247680773442724,0.986009731313532,8.703943462025947,-0.0532918569238471,1.9060897291852672,-11.746194817343849,193.27263357725275,1
0.0606395378453409,229.8617431551935,30.56111131667597,1.9889387024117944,5.298838177538899,3.613823413211386,28.93989085122637,-0.0976308996089004,0.1067050241442153,0.6480636023045703,-0.0025548588859553,2.033552949826147,80.47928593507851,92.25078100391156,0
0.007005397926493,128.47649026836638,10.542133236189729,1.9151226336153653,8.499385217292335,4.254951990417384,-4.852451543614407,0.0847952557166396,-0.0158683423014701,-0.1368421485513105,0.0453591701206498,3.012956806093669,62.90005032653775,0.4558639637431341,1
1.0056969592570155,224.2485780498858,52.43970032676275,1.8731222876249611,12.546390803331668,4.448683411179678,3.960655604084231,0.0620881982285698,-0.000413467484764,0.6132343683407075,-0.0385593084828241,1.9643333906417528,127.22192675427549,-9.68577289640205,0
0.945368866859976,27.60688369369228,149.97580449573454,1.8865341418152897,7.313529477946922,4.09890414980402,4.422118976959631,0.1235012878142563,1.1202992963839749,1.6363945823774946,0.0193330795745734,1.8886771498919463,32.913969157321894,-9.535451893561422,0
1.050154158576961,299.61112998063163,77.55855398842554,1.9897611776327997,7.547383209663594,4.655129294906499,80.07875240919915,-0.2153287481803413,0.055745062587135,3.073741164476621,1.0620238144500207,0.9310479933454994,133.59941229134466,-17.606426812108218,0
0.972048609945753,187.55948518228536,-18.98871077060231,2.1093649593943566,7.90561657340463,4.751490788013732,6.872736182567621,0.8708756051328582,-0.0415153990486787,1.0092115595879547,-0.1003474181086179,1.0984517121982122,119.65571113702713,7.948686999469409,0
0.0781770305050241,231.7519826977285,100.2674986501838,1.946785123436748,3.3347460692249324,4.707284813428452,32.578087199016615,0.9579607975977464,0.0570111382428073,-0.0934896990349773,0.9329734433660836,2.006262359803777,5.1710809155670105,-0.4159320194209002,1
0.0350458691259242,0.5950656836923542,96.89323232952928,2.1161773058274576,4.343328040054892,7.515956794076242,5.608453291725517,0.0042576661960069,0.1762421217832952,0.6026009385648772,-0.0475196266582745,2.092488790972576,20.54318976492184,124.49248614553846,0
0.8783723890653893,14.504703195515503,23.257978167595404,2.120898908807776,7.238295615919522,4.492057072100484,-2.486371724908331,1.0056082930953456,-0.0970729106568809,0.6665110756179389,-0.0261176600783559,0.9566522623185156,57.78899591210109,-19.53624458481153,0
1.083881728905834,266.2541434976495,179.60073987423635,1.9237023667364477,9.983296173025945,3.9238117290739583,121.19244287686638,0.955794044909777,1.143968360057034,7.106016701642835,1.0257314916919409,2.093443849522885,16.66326551847081,-12.67306450559972,1
1.113284061970361,1.9862370369067437,-17.88056683045356,1.9984904712724216,7.335709252285333,3.863688613190829,1.4076321342116316,-0.1703816962891599,-0.1598600657723955,1.3886893439574062,-0.052086872466998,1.846835288516725,8.23888852975037,4.957115925090392,1
1.1052888359296196,209.10225600109493,64.70008546932222,1.936948954895801,12.5247641020676,8.291718296169751,95.73961216594536,1.0356328822230283,0.0738961805007,0.9288479031247636,1.1006488946113189,1.981826812695785,-0.9724643175579786,-13.19789293437811,1
1.0224295699904584,60.56362395997945,69.89614338376924,2.0746651824904347,2.7352462200658207,4.1315199051911735,12.571216220750507,0.1888424891163558,0.0734764737922096,1.035589087494995,-0.0053883796744907,2.0332873267219025,51.93310928850672,13.755186375109815,0
-0.0806102865509063,256.01710651037894,126.41472459594038,0.8791109674426044,4.751741086861522,3.786141745756357,2.0311888371921043,0.0041135711339239,1.113052607634147,3.01615602001125,-0.1194873289977847,2.032479948608873,60.52677170463373,46.428647522105045,0
0.8341693739114723,313.92952092676023,103.37688897380514,2.207810907837221,5.977145518617075,4.580606239346906,4.509218814178233,1.080523286651197,-0.1630380357928681,2.183710885038373,1.0783733163171194,1.997676320343257,85.95009787586392,-10.121475816160974,1
1.0269279331688423,184.3126712464154,2.499701059217827,1.0067555757601716,6.500858693370941,5.211880277009147,23.15886841164435,0.8224925368438676,1.032059168802897,1.3870605379727283,1.0575359072436896,2.0027803792578367,105.02685059440049,197.0783124920306,1
0.1851009457415168,81.75874179083846,141.72378498835067,1.7326528792437348,11.539614646635089,3.96169025726555,19.286159669088768,0.9120229716972316,1.0346515049496905,6.682267652492454,0.95541199955604,1.9745544722070416,1.2330078458103486,127.88425723326574,1
0.8401931890538599,87.90653124415616,46.48169162834946,1.8852171953843375,4.411781262220771,4.01286719230882,23.952288211429853,0.0042335627206191,-0.0332575890433371,-0.4984944079088063,0.0450653534768851,2.0394908800895326,52.56646371861759,17.48302108929552,0
1.0382897411132666,141.44343044511703,78.23154112932218,0.9686764535350786,6.395106040312775,5.014358138554007,36.96636231288851,1.1044407299630357,1.1175095671612008,9.163497039555152,0.9501409767494486,2.028973477244607,42.1308326862042,7.979766904739385,1
1.1013969569236086,354.80756477844363,200.63657641592795,1.0390184395534638,0.7727799121592271,1.3725108851871664,-11.296920821408284,-0.0335246260229847,0.8030206456800708,1.794536005274196,0.1359035338652061,2.053459811667048,-5.636015520505012,80.17092302551592,0
0.0967994188574739,185.75149097619857,40.31295171036543,0.8897650121735425,2.8491381125490687,7.750667045679046,11.074847179555164,-0.0749088156927251,-0.0284065718130018,1.429137950200359,0.98809309874406,1.8886609560746104,46.118271469072496,-21.07454850677734,0
-0.1620414118325658,63.54213957831615,178.73263091312592,2.045269810433823,8.417505109545758,3.2304925884565674,-2.8816611361962643,0.1971397960909249,-0.1036152614628485,1.4925196718748628,0.9315493542613272,2.004757999432542,57.15927704430872,9.15833403860021,0
0.9640719820833356,103.28373553217372,179.46187086850125,1.0198787397889442,0.7796516914214671,1.2676186924726611,4.449666540920539,-0.0691189187144266,-0.0166871174029047,1.8415678213532107,0.0391984656805555,1.9165744175590411,71.04699257628468,-14.75773331456437,0
0.0385610724790105,150.00161139804317,77.16436652858624,0.965068541596102,3.6229284163161055,3.675976558433576,35.47231757074422,0.1127757537504336,-0.0112744431368853,0.3225838290739684,0.9178436733795252,2.038852939458884,104.8552907885571,8.891200705185568,0
-0.0440774228056293,163.53214305106485,183.24795747401333,2.011881880931986,8.559548374327766,4.09126609397054,50.84853391137794,0.9296084953720158,0.9822284874655848,2.158660099138975,0.0817624515208345,1.9764860566959843,81.80690620509145,16.137768982697956,1
0.9871790872664474,62.67236109286057,88.73215140120854,1.9492995721966448,10.163545921223626,4.705369588526412,16.357695529264063,0.7799677419134086,0.8502220257160666,1.8932899980625224,-0.0470768182864265,1.920908834660032,70.93721605640326,5.540726886513504,0
0.9371251908335648,181.1949331792244,28.34695397056076,1.9348831087060328,11.74241445189679,4.251568436653397,58.327197011929655,0.9633715746570048,0.835083924422714,2.72566759077654,0.927564772589305,2.0775960763378243,153.3987483577933,228.8206844681632,1
1.04682724380368,64.19352822900046,10.891883960294336,2.015375781244062,4.4727009617679805,4.17755723816373,2.255174908567952,0.1640394753543555,0.0308085736258287,1.352894941910443,1.104079529729629,2.0216537965514965,107.7172710608898,-34.42531292101801,0
0.2123315812846334,51.81405817331087,164.88658600450793,2.035271278593866,7.654017671767471,7.444898805336146,101.0898709044466,1.111663162951799,-0.0307624203935936,0.6958357723945805,-0.0958162282371924,1.9910459523734108,105.81308152097291,-13.68875845378694,1
1.098326516817267,232.46948558342265,8.353169581056278,1.8858639137195483,8.392536921912326,3.464267896247839,8.362271019561682,0.0303823185416798,0.8874416412832523,2.174139713742769,-0.0093787957509954,2.03007763764958,89.79075547859391,123.8195578532304,0
0.150507753636342,97.34850775730874,151.23808476502256,1.8335283522423205,10.771446859138674,3.886033357910198,17.621058268869415,0.8887809944902714,1.0573442293463913,3.4229090503156483,0.851088328189,2.0417555324848005,32.93262492662346,3.498320598354937,1
1.0215343483801569,172.50732571683892,48.403946379310575,1.9311458585664687,2.448825050773377,4.692173986351063,8.043108777071371,-0.1212296961942345,0.0297801617067394,1.1276345249503792,0.0957055898270533,1.992049459124904,70.29687506925164,-1.5020951771507995,0
0.9044256915738508,170.35916501308722,38.1081233702185,1.9506697190154525,6.70743069139106,3.950170234337597,104.85610474154456,0.6986864329016013,-0.0388112311053776,1.272748090241628,1.0463643152189674,2.0574711999427517,155.06071989260244,-1.4067255689193132,0
0.0980532932709727,85.67438681850638,152.3836851767456,0.9836632986774084,12.48745124839184,3.924909835722957,62.89360576922997,-0.0968756906185736,-0.0174503926721845,0.44222770005734,0.1496713369078675,2.04475704095028,61.009384929302655,10.030916273106222,1
0.9798988925468768,202.8929510189801,22.66045979393963,1.9847989141282405,10.06683961871598,4.240812506005666,9.8475546742103,-0.0294031010322735,-0.0451340222983946,1.3528807295773384,0.060868305441055,1.97406985834744,45.29007294127746,20.23187662510638,0
0.9220009398173752,205.66277467002055,123.80154801714517,1.9897694741592775,2.3449984150287584,4.803999826651564,86.45827324854548,-0.0373112102396132,0.0480179582910163,1.421567681867638,0.088583694982305,2.08501396115528,82.18515012009992,115.42693541777736,0
0.1326713662103533,128.80655103263243,47.10826215538113,2.171421559718082,0.9144635039410228,0.3098439524180358,-1.8745617205902363,0.1452953003987606,1.0372099155741763,2.323632312258872,0.9317182358924552,1.966575097115949,72.3314532542649,70.44194289565726,0
-0.1135904578205471,152.6843368388106,45.30669056542106,1.958665108711669,0.7087592794161832,0.7969401602435875,74.04228947677431,0.0859691512344106,1.0077034734134616,2.7011755756119995,1.1022557845382337,1.998820074635924,61.45281186748357,-19.93446809559089,0
0.0738835789325973,335.8292142590725,190.6086226589877,1.963490606386869,8.231198198592853,3.902144070113824,99.91238396150626,0.7750645583908464,0.9182023080262915,14.369139569168867,-0.2312143961576544,1.9424521961509933,-7.440801994951812,185.07825698119453,1
1.0167397864681949,227.07166774740907,76.5382167434431,2.1380670877126056,2.887518858660425,4.146532163608728,-2.1820542508910776,0.1058613333740307,-0.1482293699860196,2.2907818080898297,1.019929746263572,1.8417305310438987,34.8593942864259,10.50086155398131,0
0.9362588471763554,51.0344204462142,27.70304831839966,1.157841014138946,8.17096111970648,7.357509896807021,10.036205078673724,0.0545076597747234,-0.0123806960533404,0.0216411447967415,0.1751832704202225,1.9361072921490687,104.09453104399438,80.9064281883449,0
0.99989538582631,98.48882624069782,44.19903962731697,2.167138600086484,9.160064799823449,8.729039066314094,-0.4039671259764006,0.0911170935325839,0.9285628082369506,3.1808440097749657,0.8731552720456001,1.961513559194782,124.7627423634599,65.05463378283795,0
0.9063556856177812,186.1537603676161,23.230220067211505,1.9128327555018785,4.00137187048046,4.943267150753653,17.72764329165128,-0.0095245245823988,-0.0035598842896424,1.5167514370871538,0.7336871063307897,2.012238830930297,140.54818064481998,231.5898720653168,0
0.1767828791851954,158.66414175155668,115.72564444858526,2.0759283836770965,4.567574376035028,3.835510205731838,94.97886786472696,-0.0268741011980184,0.043383444500445,1.2755045493941086,0.9618694025067897,0.920615223883532,33.348795053431246,-1.9677232055315697,0
-0.1229207392087337,44.832823607796826,14.221846427410028,0.9302428003743128,9.811549742421423,3.707681185152889,22.37216886980184,0.8983106614993566,1.1187746687612532,3.3254121020285186,1.0186804198963753,1.940114776451722,9.832156107337797,92.44980468510006,1
1.0483017491418345,219.54713437352035,49.18621417775323,1.9308831371853927,3.267728648724435,3.5841401250948115,9.51261700986026,-0.1033607648285452,-0.1547195944930063,1.1769038512599228,1.0233765315701493,2.101570136208041,95.83568362246407,7.301888649300096,0
1.1034404557631117,88.44329425192393,32.117483635161506,1.936128640529832,2.9109086887545947,8.143741386197334,8.19993797425364,-0.009379080049072,0.1067730683777223,1.006441760787622,1.079004112633943,1.9707463738297035,60.28186936016188,9.89884561176779,0
0.9444893404075084,99.14245840123814,33.84752195874828,0.9544899873376588,2.171277370125119,8.008700964227888,76.62971297019865,-0.0239098084839818,-0.101269168429018,1.1445495184557832,0.0219218086231989,2.0811697171600265,68.70252042079913,122.18479061650044,0
0.9680928073552972,197.0177716681092,206.7802092892552,1.9518420272557864,1.9496878972871905,3.988726355477621,59.42426085354559,0.9231697353446544,1.0999855182389218,9.66152885393432,-0.1090822109849526,1.9974236892757915,88.08844484824901,104.3396250872617,1
0.116669818710098,26.8192434692225,32.95271216343517,1.921284774398644,10.50539282163288,4.588260276211031,35.06075985154618,1.0461715156139126,0.8148537696195215,3.50158222436068,0.0600519578555523,1.989101238946324,6.308464911808066,-19.482519831080687,1
0.0414717520331591,144.7822934319825,78.60902197767658,0.9847916352065642,13.458415140662083,8.436871371386834,61.53923453200455,0.8982482152996198,0.9808357358769172,0.594381612436492,0.0035245433004305,1.988152890650062,14.701492240904642,24.02181694020797,1
0.9967621020458588,51.50211279935988,159.15734324352135,1.9759690799909997,13.991688593506504,8.191017191059728,23.44840224464936,1.0731922558106868,1.0952006271424302,3.1659903074957425,0.0567691609000411,1.9978078723346155,41.30738880936607,16.58918364108952,1
0.9871178459564742,24.39161591865711,121.211233415973,1.8979493224311736,3.826143202151008,4.0751398685447136,8.88744794710625,1.1429936868606312,0.0898994189123418,1.2339338121930123,0.1787881752670007,1.910487037907971,23.928737831894274,6.322315806535585,1
1.0726510496504982,108.96546150120297,65.31719126164117,1.8819900942651804,14.241717889819704,8.071170070048467,21.525405060569263,0.9977339133649415,0.9384032457054524,4.1358897668161285,-0.0352363251665699,1.9340705823733344,47.97727287367262,207.291016950309,1
1.062892615491941,277.4634944104962,24.53857709418808,1.9628661083010333,9.523303334707744,5.845004649515006,128.04798325838172,1.0552006590770056,1.1179090092513853,19.04276555832862,-0.1307356670744173,2.075032445653641,3.527090633364203,229.70922524022288,1
-0.0412167959998575,276.6852883124918,162.39959656437466,2.0518224812019525,10.54424154834621,4.282758093326514,78.41972691629454,0.942804942047492,0.947665918786234,7.135607203432613,1.1012067718486125,1.94212887401385,-5.446347582601803,19.23915375128949,1
0.928047932296907,257.23912658818745,82.4945940515843,2.133815427014364,11.850132970902129,3.987423762451359,73.62030357718885,1.153425443906589,-0.0362068319336372,0.1088759631273901,-0.1755881640737477,0.9614234208683214,-12.416631494872531,-8.048634082742005,1
0.9883205684667276,97.51498073000272,-3.737164194789216,0.929327433488827,4.14892142301583,4.336212539363244,4.082958857350427,0.1327530651172546,0.0847748184582558,1.6787575195314433,0.0552155408785266,2.1390057908440845,67.10772264678856,14.891885700644742,0
0.0490800565661785,191.1552147244033,41.63556062643371,0.8335841064593733,1.0982078985156916,0.6205098190266138,-3.199055663684298,1.0478608688355406,0.1402369562815448,0.9693122129103008,0.055210392675597,1.9137367191249224,109.26454907134064,0.129658358171639,0
-0.1255902627462499,10.543161692981698,19.93074238227682,2.2122279324570497,7.542254738893327,3.893371064938644,21.819706193131477,0.0211885470353008,0.0377660749563346,0.956963989770983,0.1082481263907053,1.963154422005035,47.09582499277866,26.82355012260664,0
0.0694555367870572,264.47951043315004,2.885727324150864,2.0331611806124097,12.607363088058678,8.05817159711568,1.246780643820557,0.9748088619899408,1.0707403623304466,12.488561941049,0.9214432133610012,1.9302320811688496,141.14539397333508,15.1509483802568,1
-0.0937919662414404,238.51243754304647,104.0051608907403,1.880485156115632,12.86106180669404,3.4050827653701123,121.61405740698376,0.8346408649011454,0.0523244276449316,1.304750367225425,1.1901196008001604,2.0506343909771734,165.09931526170217,12.885307128455658,0
1.0301852496654502,184.1286326314465,57.05593978951943,2.0572284985108986,3.009211615539119,5.353721195791503,63.73634220985196,-0.1420232276951055,-0.1419080079225191,0.3908093138574493,0.8947472856507925,2.0451030999380224,87.24025088460854,92.9694621087163,0
1.0141004024647438,293.7589676270209,116.68390662279468,2.0238330950748176,14.357077884647746,4.570942699160931,-6.343589326682249,0.1581126348885297,-0.091372993142651,0.1582703758805155,0.9961039455104116,1.994613773097118,147.67586973616855,-3.4307943783280166,0
0.939751538103754,169.32297894962886,62.706298343968825,0.9467415518280524,2.324457026451207,4.526814019173153,108.7266912197689,0.0687870766359554,0.0966354002467943,1.0316980317164526,0.077405847234201,1.8948170470242145,8.960555273567941,4.573280206007134,0
1.0665190896371972,45.05646356494904,132.34603283324333,1.9463152022110488,6.975465628523513,4.131512990271745,1.4627070795961146,0.0498182827331243,-0.2084945183279576,0.9652214891701164,0.1990444707502159,2.0079036394148337,1.6263866939010183,8.963466934470105,0
0.9588830546516685,199.6879235145128,3.071175310036395,2.032907856747657,3.2677035337323765,4.361646412391353,9.16675949275088,0.0378936181035116,-0.0934913729848735,0.3827082847685314,0.0923968843567179,2.105750782922525,128.43004544428945,167.9618496293939,0
0.9742938163995244,71.76545096887924,123.82648147234686,2.0832237336299557,4.761207658199275,3.866657364914774,47.18166835787827,1.0585591565981185,1.07037176428809,15.639673990524813,-0.0347490887495495,1.9723886791472651,25.91340887608204,65.22064078015751,1
0.1367144908391621,292.92117854368325,117.4829173339273,1.9203605977869944,3.713053614098396,7.451838863599592,104.61151239052104,0.977801641078924,0.8544722078576907,3.1811410001248204,1.031240427993942,2.0500523236818555,50.4165409618608,78.33396456280943,0
1.0209249862884593,290.03713392097416,139.31298239220507,1.9399482656809008,7.934249558285198,7.363696505834694,119.98106359703138,1.0449536458739044,0.9774981619700258,8.697788304738118,0.0985033316145132,2.0217691765070684,57.303711160390414,172.92330471622157,1
0.7989183487809076,361.48511903257855,131.0028974995113,2.0121271785595507,10.420654608120929,8.289125977827402,102.98853387715768,1.099631141465361,1.0513590505422663,5.4197942788575935,0.0520478955698885,2.1173266386306118,9.310962403672953,-25.23478723699308,1
1.026776063336705,239.1770379112321,32.85273394154984,1.9589657664145772,15.188277152053974,4.217785259079135,62.86325183093828,0.7335952080360564,-0.0066083542111473,2.679688045992245,0.1321435721582783,1.8896931211044512,150.10916493046687,107.54376001437508,1
0.9276385296954052,52.50434459922568,19.28763978853152,1.9513832274565903,9.809135741904289,4.250370566655019,20.415045227551808,0.2265204256839669,0.8980164998333051,2.0567787750282767,-0.1172037586135276,1.9535619259864687,130.18853065890926,75.64115671166397,0
1.1797219957552754,2.9838082605698446,4.427605340058875,1.1714488853311475,5.595123105868843,4.7225572097405175,7.038647680742418,0.1779978935467557,0.074228070538025,1.2476207429740809,-0.0065398406110178,1.962732688192672,18.699051730150167,14.03728938800542,0
1.132566551436465,179.2898580758712,183.6865988872678,0.9901625671521248,1.3751635884734237,0.9001701554425674,-2.880523057957973,-0.0653569698492141,1.0335383231641684,2.7113016855104237,-0.0452151825344868,1.9202113404053212,53.7161059429013,-0.6328993647663097,0
0.9392039595664804,214.70925235298236,64.74440187905105,2.1345798638632973,0.6922473399794011,1.071118656821851,5.40416860924238,-0.0873018485085506,-0.0072087850438921,0.7850532410092721,-0.0511995028647365,1.9737400544933328,11.25649599652442,141.30397337211738,0
-0.0228273279808428,3.95841959192839,6.9761172749498,2.226456536686636,1.409217384912333,0.8153265525003666,4.379738552830389,-0.1009781239886595,1.148862254559222,1.4669815589374071,0.0499312024140887,2.063659427353034,56.54885362102196,60.37250447905368,0
1.1041349261782527,312.1204390156754,41.459133578115626,1.0299773633945422,9.436177331725974,8.827000408995584,114.50374161597009,1.016001823093039,0.1064877506415181,0.3181455188089201,1.0331891591944724,1.9984554890792048,71.89528421612904,37.89242597741598,0
0.0356951435531939,270.8381595670241,40.960134616462334,0.9058506759146638,9.188179858217309,4.0401764049627005,-3.52495444745982,-0.0620725883513513,-0.0642269856157245,0.4283680260174174,0.8721393429386155,1.910395958668304,47.20140704801139,-6.614305951409847,0
1.0425745179412944,314.76589744430913,36.126861573696,2.11813609776487,0.8968438753598891,0.2498892781010484,-13.794039992023356,-0.1527740472100139,-0.0019496817333335,0.9468665687070286,0.0630959453534552,1.967185015815205,58.78015805938739,-2.0015133523365165,0
0.9890181877895396,92.40660500582008,42.58153392256408,1.8885679234915629,6.908935230491375,3.070813876896343,23.07546216295041,1.0748627521444565,0.9718123662156354,12.159477673064671,1.1085362610056353,2.0792884733473187,17.362316868937917,205.66553251920212,1
1.0420725591080648,97.05773490712645,73.18969074793378,1.9797304154051416,12.864424741488213,3.89243115218041,29.86082013657966,0.990165992393639,0.9758678878660856,6.308830277014252,-0.0891042632354741,1.9842894418368529,-5.325856907991735,243.074097860346,1
1.06463995807793,236.4980695181104,77.27257884439068,1.8291416432602507,7.884857508321751,3.663157329268653,-7.565795608458352,0.0044142371945131,1.0389262228043223,1.846790176407052,0.0774378097538324,2.035897500837035,71.94413843232105,-0.5064805652818052,0
1.1601723293301855,100.72569495672742,181.98369239071832,2.0734839753716585,12.023649601264434,3.9120499688838977,10.691209318506392,-0.0138762345928801,0.0839449204278853,1.446819088577701,-0.0746032621530186,2.0081635793853603,14.7468595049819,-9.078471939633353,0
1.1030020162493066,-6.690171675652891,88.34972538230024,2.076699684204072,3.2318533910480527,4.450504183387611,10.365511212500358,0.0200252021176883,0.0119960519960565,-0.6273054104628408,0.9919886146781952,1.9600925500581423,34.05697914505299,23.834092190963077,0
1.0700853790948344,29.19514612484745,1.8400310667030624,1.861021990451749,10.607266162976757,4.354027707510085,5.064781561994373,-0.069329654490336,0.8197878979926723,6.413155558449292,0.0822791330219026,2.0459776414831183,61.92566659814455,17.378690355316458,0
0.0958426054514407,216.72273254484637,56.070714548162805,1.906855851816296,3.25367020321592,8.151019587885473,15.346665389770198,0.1098796090721557,-0.0130832622316401,-0.0032002435412756,-0.031797723601011,2.012972892750278,90.13611619777843,77.6040825612686,0
1.0833288334546451,121.6937777006636,25.6486620522808,1.9982384020062207,7.220717037999493,3.169963422418369,42.00913284241498,1.1446155268430362,1.1657003801223629,12.286538994189144,0.1955061862927995,1.9974355890079944,18.792649014931285,111.4443053907124,1
-0.0011239398101985,84.15070157501654,211.51335434410373,1.9297779300752675,8.219314259618832,4.701281996028537,96.96449646865555,1.088587211857099,0.9328811954798332,3.413304125133257,0.0256783701592832,1.9691475359462896,27.992811309975497,115.65601184798106,1
0.914554308395707,218.5851522756936,79.99765196828967,1.0593535505980816,4.778692226666132,4.108436179812863,-6.452235447582453,0.903424673241746,1.055874794849227,11.017092415890062,0.731553181851454,2.0742209482886325,108.26043031417024,-10.89990200449828,1
0.7876199629251248,174.91519604061344,175.75408202091592,2.036680881004675,7.84779109053714,4.05167599419203,7.380703310540522,1.0779701260378314,-0.14330664695932,2.001129174594768,-0.040780191494365,1.9162323084599464,52.7106550316086,0.0216142625651656,0
1.1057660906710824,78.27304684244585,45.40103341085069,1.994855501595383,2.5760264673398083,8.618589629644317,47.67292745030131,1.197276613573412,1.0887722083232625,6.8106818064751575,0.0825778485431763,2.101877542465169,87.43091178108618,115.24371575814666,1
-0.0527230537418182,155.54514562454008,33.798058522754786,0.9146915909062248,14.048415776968678,4.06782453237017,32.78625755950212,0.0392717890141685,0.0456277733103411,1.258250423711608,-0.0187556376570987,1.9572279028610884,100.66405621149288,9.160206702124851,0
1.0080585840246636,247.0728955657161,134.63930836751953,2.0909828430906043,12.041735256869671,7.917798590669166,131.4402445570823,0.958218165939595,0.943238695780931,2.9381239102809538,0.9694881611210948,2.06595965886808,29.9564964561755,175.0189916112543,1
0.9833736564242852,213.07414013046224,63.327806822106695,1.9573064045512376,2.853636287707697,3.493579866035342,28.882647286586057,-0.1784804106052762,-0.0439432540766353,1.612290489366698,1.030197575445695,2.035253525573594,72.40006121956536,17.994622756226534,0
0.9853655244222234,48.2429201653097,32.30624237176258,1.0383400020250737,7.665078034795984,7.511995199894997,24.721536372031338,1.0172402216022691,1.1562419640135833,4.129000857839045,0.9881781550821408,2.017069334160428,57.04570664604008,82.18729217551706,0
0.9703563128637296,204.76861994408208,131.1485858384215,2.0882627706068204,5.585544088243046,4.449535317826661,98.59993130176112,0.8808887666896996,0.9423041298134992,14.17981443098181,0.0863159513815662,2.0437400688775944,70.14358110358998,205.1364238557772,1
0.8839843918193617,207.20984701342763,93.28836148580903,2.210159463875252,9.986131835583056,4.586118469338474,74.08793059696066,0.0410729503941205,0.0117098428286631,1.3585821767144086,-0.0153141192186919,2.0868348446641067,139.7898084511532,52.44963645834044,0
1.008454342908522,146.23887042424997,124.58032842609352,2.161315199553359,8.371911394338143,3.885571311711828,93.37468178528552,0.9409928576857736,1.0312272931746589,3.972276909073726,0.9273496487640966,1.9609348389517551,89.1948091564657,-1.3632870103717425,1
0.9756244679925008,237.59982972924317,156.7842266161021,0.9909788238311544,5.003956079303064,3.90576852212057,-8.929046061394736,-0.0802375819109815,0.0545372396248711,1.3188980526188538,-0.1561512221133075,1.9567427789229577,47.63458240639781,-4.3097141771471,0
-0.1091840413721607,17.639574005252086,29.969947025530143,2.839525774350853,13.412563592995683,1.2118989059806693,129.29756076025006,-0.1581252186289423,0.1592637009843051,0.5489000692593904,0.9554572566457192,0.9270227654631912,91.9663636738356,6.862562477364726,1
1.015885151114694,74.6121504290945,75.90061860115888,2.085253532648812,8.314205369149505,4.821592904118298,8.05635202545647,0.991626767012268,-0.0858431147966322,1.0568409419408322,0.938118608899617,1.9435692221078065,38.032654558621374,-4.210016318124012,1
1.0540162638641513,65.43606035145173,160.25559011164455,1.9854240146698936,7.982140219657744,3.9649895593458906,49.14934766236758,1.184847216649795,1.0085091110252176,0.1179585975291135,-0.0093652805745809,2.163601242163937,31.990796016110306,78.21902398893785,1
1.0556599540828544,70.55785713069012,168.97525768981836,2.086642137732502,7.562822389616522,3.600287650455117,-2.935929771753031,1.147163918099853,-0.0769958531698919,2.1935058259077227,0.0523213740560197,2.019701565903825,42.16964721100925,10.59856685513688,0
0.0712066149688218,303.79830300417524,27.34419832719543,1.9242573651821069,1.160062011819858,0.9857355041462976,0.2717889527278245,-0.0114199159272959,0.0105974244214699,1.6837071198655398,1.137286024314519,0.999865616995571,26.51994267354185,15.804399699304746,0
1.085571586366604,259.36499145945265,116.35992014122692,1.9583855326720376,3.758793623394874,4.399272463102117,5.906986233304568,0.1335959089551781,-0.0152874450284352,0.4388631259659306,-0.0223066550534909,2.0144817362358665,2.628597274808953,180.2454999994687,1
0.9950309802701588,80.9757854478773,141.711566679481,2.0478018026390026,9.475760626292455,4.291225387062525,39.10182180793021,1.0193632224972882,0.0099274987676738,0.5355774853529476,0.0324366748182945,2.121149289355805,49.16653879648238,193.415463987388,1
0.9887805913352724,67.62753909411693,179.2118723303568,2.0410335418605245,9.265468776362784,3.846127202953867,58.78359601820449,0.0541931706034333,0.3236491517509266,0.0385046561088269,0.9313094432988872,2.0250103090121745,47.66382732824611,29.332536491243832,0
-0.0090681082192888,354.4910812518835,227.08703749554329,2.127062705356412,3.577994942225132,4.50002829124305,118.5370375662028,0.8759933350046183,0.8528233123171498,14.192833079066109,0.0521347774327495,2.053949039049714,5.585259822839063,229.7231312544945,1
1.0405489747804189,343.67767621820224,189.4936945807713,2.096494438367752,13.93066158739559,7.557655713543024,137.63116508051016,1.0625002355194506,0.8748808698689687,11.432938301011912,1.065646579621374,1.99939109521269,15.667139119203584,152.31435313582887,1
-0.0268580549425526,197.6042563606821,23.413720171808933,2.1734311511377387,13.130462469762923,4.974652313800995,3.2888925619307443,1.0022456107732818,-0.1265882635122445,1.8954440984876224,-0.0500348040834332,1.9613587742879577,152.81723348764797,246.82720375057235,1
0.0754060364990888,83.63668687807957,177.47551198844212,0.9277482108772632,11.791795610182373,4.735205020234443,63.121760055467234,1.0034668723997051,-0.0517920235106145,0.7206692730934425,1.1705365844350295,1.9400278269657505,85.3105116239004,24.403926558622693,0
-0.0631594198981344,73.9842227628104,22.626789191650907,1.8680112325423155,11.286859451845864,8.040834049091476,35.92949404774235,1.1586567148746183,-0.0615638348208628,2.661213519043761,-0.022463361712593,1.9237374844096853,98.64489252547014,125.3638034729832,1
1.105910997729047,195.14372359861196,7.543280951884697,1.9049586324882688,7.561904710992123,3.3827296208664945,26.62804900517557,0.0338116414236279,0.1454055367797607,0.5363629851578571,-0.0641210319866071,0.9968679760540574,10.236591926055873,-1.2409704648344189,0
1.0239637128086398,95.08394437696356,54.40136507833611,1.927344523529162,11.632360088744662,4.082720962855744,71.59304745915605,1.076986952315548,1.1254240335799917,2.3088607025272614,0.999109775026346,1.8969630682334355,144.38959179512207,195.22626668801507,1
-0.0702734141537096,257.1152892160425,62.76320821728932,2.17198321059275,8.04152562401281,4.097700446372142,42.10246313074195,0.934674051970616,1.0213029523295694,8.173924772088029,1.0904849087452333,1.9281758136365783,126.3587458914995,199.4855661006208,1
0.9548591229618876,166.88742352863073,132.48198076403335,2.086097123730869,11.6951335853351,7.894736357129169,90.92122198732156,0.8549856596866433,1.0773486827203802,13.395936160973022,1.1281446047706505,1.9874093991780184,130.69232180240124,152.47050142693047,1
-0.0829145938724142,11.4583778782916,135.8075558098693,0.9842455354508468,7.525786094346838,4.234406555598659,22.761314021317183,1.0979136202764304,1.0278204615785898,4.437561281914148,0.9137124793435396,1.9016126905131436,26.68153285023788,109.8483853185009,1
-0.0696166056238435,90.0941754023707,4.2273320104075225,1.001263625056915,1.4213659618627768,1.3613812919869193,-1.5482387322166673,0.0017731872459354,0.0182202799224303,2.2474442427867443,-0.1476087435196242,1.9455896027639048,63.86652942987005,42.032314195997934,0
-0.0315158522928892,87.36258322823412,59.22926908558488,0.851248401851937,8.121011112889615,3.844527263791495,18.416130426160656,-0.0173985326870053,0.165027850706751,0.1100564981777059,0.0585180777930375,2.0190743570240373,34.98447607302073,3.577294199101516,0
0.909666021041382,95.70226131783772,-2.5142749366775803,2.0391124929498283,1.5515834858995072,4.597215876184436,-12.52588400242992,1.041856974472914,-0.17837007792317,1.0255831773816777,1.1633721520591935,2.0999362894571103,-15.656511330346063,5.335435061887779,1
0.8960762721880897,60.74925437848623,115.21014671359842,1.895739482491405,7.611469681450617,4.134068173196155,37.986277104110094,1.003417330882031,1.068885709268919,4.872753844299952,-0.0308997839745701,1.93763980248157,69.70184574890841,176.8378185765685,1
-0.0329150858245287,237.32561500162112,1.1724097636924284,1.9329197994972087,6.561423784213911,4.691240714859793,54.09703407813774,0.8364142747908432,0.0888689136873927,0.4125199708778915,0.1086307790036765,1.9562022109405668,-3.988886840159303,6.00987728124899,1
-0.176615026795028,100.42877011085832,34.34277307250895,2.217312784920343,5.712032101699766,7.785498731189437,34.945050457950224,1.0208417411301491,0.020018216019984,0.3458536931304579,-0.0174310781714288,1.8818354909496189,139.5442937721724,-10.196790805627424,0
-0.038337602220017,70.4312629786662,13.60895725969219,1.94154790938326,8.904014328789474,4.16478342119288,37.79190682925592,-0.1572165484772586,-0.0856558374792223,2.033136443656548,0.0074512144060151,2.026938612373827,74.58882161325097,-3.581492752233217,0
0.1333213356286156,50.58559730219436,53.47731159302053,1.8414974490736495,11.187770728195355,3.7642892125077103,-1.640279544156293,0.9937320830408928,1.060908610571342,2.8286450422075338,-0.0447288982241498,2.090168405398653,22.08224263842527,19.636299655556805,1
0.985608867053911,192.5135924326385,36.86983346860475,1.944213174093082,10.181826753940612,4.417666144368344,23.47574278697317,0.0567832669073509,-0.0734837853219715,0.0447915869600614,0.1030150651275867,1.8982323800290493,46.54871328387307,-2.6716686355340755,0
0.9221493570327114,195.09263806534605,71.52044443118902,2.061282282645675,11.816183937270068,7.672421142109655,60.98765245252663,0.0286582428270027,-0.1893574568570385,1.8371707024698096,0.9458141715848012,1.0842828485586244,110.1898610976328,3.974075026827805,0
1.0446149465000931,138.41028336213472,62.63279860780412,2.1177982938733364,0.643696244173837,1.8930733773160804,0.98606090921362,0.0407597136811279,1.159980387807962,6.105646852429354,-0.0998796551048887,1.9934471544759813,60.67154983956242,44.172391313699805,0
1.074269489154369,80.34988817221065,-6.70864771674465,2.105400144296602,5.162468386070094,4.196919783552243,33.06928230097327,0.1240623668726213,1.1118168034992624,12.495146707232983,0.0596229416708626,1.0310337605538302,-9.121125644110164,11.180435637197654,0
0.0448168639893494,79.9516886702038,73.99537658763367,1.952869582631839,11.030332566919771,7.975506033166399,58.1124664085293,0.8975923881142696,1.1006240080985663,8.375999780872261,0.8687735700644528,2.0721565982398547,65.6058146875569,207.55511516397584,1
0.9616076019035544,218.5470306464602,107.03788959703454,2.131998559084186,14.13488234289616,7.512447817459018,94.06648241465923,1.1649151561517137,1.1705467726610426,6.855254084918545,0.9618168830133028,2.087276415711385,-9.21066596146602,137.00098499646597,1
0.0255847400285756,267.4139182782755,65.23709195638048,1.9720061771204296,4.759064267913963,2.941041363937224,-3.0910833449667265,0.9557464520391372,-0.0039287074210467,1.3567500965900905,-0.0303349355755758,1.975536056791384,32.85181329922001,120.09202984572909,1
0.951921698015288,54.416665775203455,-8.211222073661048,2.110625857627677,3.527682197837614,3.6808876205765735,-4.567182427283413,-0.0204139549216474,0.1744873838077222,2.68820891200901,0.8345011154594659,1.9788326172888655,88.45975983974007,52.35903561016951,0
-0.049427380526116,236.85285403316243,109.2474979955017,1.05116496540925,11.4904666997637,8.202422023621303,101.68065338876131,1.008641770663007,0.9110055806004692,14.731828102763444,0.2145846515654553,2.005714860019697,-9.952969136184391,194.61999665740885,1
0.9417377965761876,258.4337768175701,81.952941951416,2.139245392845968,6.267725103255827,3.913186389764831,10.666265651147828,-0.2168279864087882,-0.19928382471191,1.6416828165664987,0.0060254442177905,2.0149564752696807,21.76618908934613,49.662449719821645,0
1.1645188255838546,224.18800386865183,94.2718850379862,1.954242008911517,5.322785199764549,4.389002082916329,16.04022584946971,0.974769772742961,0.0101605600264691,0.5944302692707701,1.0278829943610843,2.153150914922189,84.87845406241789,-5.325777766448823,0
1.029216330611446,159.28549093899125,34.745922176562495,1.066631115983018,6.2410135140533605,3.8982108220694993,70.40415324285843,-0.1366282218584675,-0.0797409117766425,0.4984768115434566,0.8880006124227767,2.026271947006018,118.036913515487,-12.192758161889197,0
1.028469321463517,45.68444059092116,176.81780408009888,2.0808417404432245,2.5638060109859264,3.4815054981514773,39.92818503408042,-0.0315902320628126,-0.0016623775450057,0.312192708270496,1.0876285667607872,2.0464491822601816,32.609024005907,177.37709049971448,0
1.0681869569784437,277.5968560422082,45.7476198898041,1.860237687128356,1.5335792651264637,1.5662462967612938,-2.3166681036304624,1.0101338274919318,-0.1986694261736866,1.2150687383991667,-0.10597956490563,2.0119220615566973,27.60048442887194,9.88689964120166,0
0.8833019472977955,56.61884197232536,23.5272224930601,1.2040979456560552,6.720835343887397,4.081081512186731,38.81049895318509,-0.0492870448831177,0.0139926404980043,-0.8749414138226044,1.0235987957430703,1.1136402828485057,81.8177814394877,4.774610755124172,0
-0.0982764633333342,324.3202153106121,136.70355448304716,2.0723809939544124,10.324424222843016,5.118698348332416,72.72272394625102,1.007194015214448,0.8718334675674688,16.375617730422892,0.1115538617902627,2.0177316050315643,-11.422026628797228,179.0606674955294,1
0.0386709258676286,60.67872034003369,17.50808424984909,1.9695863424090292,2.6376698432025787,3.4194097855150885,-1.73017896055984,0.0265936533176508,0.1252578095881505,1.4470044161602569,-0.2590334397494351,2.038298202609245,41.85197265657823,7.582560450160436,0
1.0582332757480015,78.46216516595044,157.2640033008256,2.1646320252860454,10.332386492061174,8.001715192766502,33.108078872129326,1.040200773385524,-0.0424938390433504,1.253779198270851,-0.0168245028672369,1.9055269186239352,32.08810404639935,-14.98953085503583,1
1.0815024055038878,247.45149392263656,74.50518175519417,0.996155194648642,12.96563187577694,8.384688074903226,112.31092480597988,1.034163546744761,-0.0640623727818671,2.325796561636592,0.912653745617192,1.979848934612774,61.99103662028653,-14.867738601396873,0
1.030220920091342,39.49841643979896,158.37728857373045,1.815003692826513,13.176978716548742,3.800827264873029,7.195966491339739,1.1084441305498234,-0.1293860906706895,1.6425738035066706,-0.0698559746586121,2.0956447057959378,38.91336437000896,-13.645393645387394,1
0.8791495190069342,83.90068456166962,21.762660124496705,2.1044709761225397,9.189555297326676,4.3103886342621545,10.08587409157801,1.074800817482367,0.9340288524041016,7.876450240863801,0.9178785987700544,1.9254259777213696,33.07643812250617,216.69522458197872,1
0.0179776554124446,71.02553596717291,130.45449184659805,2.136699718387031,13.276090360228778,8.42916959671285,0.1430941881654064,0.9170124012827632,1.0144397517302477,1.986262390314036,1.0282066770351437,2.0647664755564543,7.718761311926521,50.14810155029631,1
-0.1266719404761818,156.2419542858471,60.31689394037159,2.072217104388419,10.094902078311856,3.891826224040062,19.63409920876024,0.9759821509313578,1.0100954078537292,17.063688414285473,0.1129668231651642,1.978425186670335,41.24693592758134,169.63675973103028,1
-0.05044581701325,132.43999945057885,71.8842892990888,2.040542774003048,1.416905667304902,1.267634883478495,-9.607418222188834,0.0459729479191192,-0.1006024903611375,0.5243755614531826,0.2154290379567481,1.984875396451544,104.17311773591402,18.745261871532783,0
-0.0052025822309768,144.0988611524581,35.397465220548135,2.1037784418683074,8.757662720898246,3.91480934221401,11.823093151670047,-0.0584558795989039,0.0582425449012812,0.9291212081248208,0.9034032253708214,1.9428583907272463,115.34672381769676,-1.2725648283558968,0
0.0220744715909994,130.4656913436933,36.37325284130609,2.0026431881860987,4.201137728899866,3.201275567805322,6.642979367285076,0.1285785268955802,-0.0529380758755391,1.7476205120591082,1.1356085174425103,1.9018664574360575,102.64786940028031,15.92570237063446,0
-0.015440772043311,203.48420220105496,95.92008976698294,2.005244239996054,1.6547141063560753,0.960496430052483,3.897688156745126,-0.0541017548610227,0.0566055692449264,1.302950446123637,0.0862752760803229,2.04260735235991,58.430112670471416,-0.4298544077102377,0
1.0457225065557458,265.18572272629905,46.73670527435412,2.0092425859924083,8.15833781548788,4.307605549449895,62.03063429830783,1.0044169426148053,-0.080058345271943,1.0545631745699593,0.9972081373798832,2.0115366668145054,65.3515475577699,-6.609617305003269,0
0.8714501783376025,267.3293029220355,110.438824342441,2.0663134502517795,8.595609535894205,3.9419420130384073,23.153595715628377,0.0139773755830543,-0.0807953929423191,0.075312017345019,0.90631063599037,1.9620894084763028,-9.731122046081753,84.35447750553337,0
-0.065657484238672,307.6229515341819,86.82403115031768,1.1136695328251744,1.487272169416079,1.006422319729782,81.65271945839419,-0.0432766505564214,0.0324286211806504,1.4710141356933997,0.9095594673856268,2.002178604829041,-17.73833131990027,8.075877444832635,0
0.9500075014083348,193.5120849529937,83.35828917292707,1.9288689558321184,13.69779814874587,8.035673543502355,81.2310111608778,0.9396051921772242,-0.1822933067656487,-0.5453479836835475,0.8745044164873357,1.9215785560347616,161.57397139438484,-16.27261011079643,0
0.9833600241419312,132.7469936887739,86.62151263477492,1.76459856568103,7.671422147439845,3.753052872475318,59.07585249576461,0.0561057469135288,1.1114868731679777,2.42558964349115,1.058450634385124,2.0116941351205764,37.21387922526068,60.61194282926667,0
0.998679361069088,110.42122483724398,192.7987298518624,1.998072625862769,3.989641986441496,4.992171817437449,8.881533285324956,0.0938894542927488,0.0660003062000978,-0.4405465091601153,1.1112680743584784,1.972654459760184,68.60140074172271,-13.129414472668095,0
0.9071613070089536,159.79596823706615,110.0083829012951,2.117843538252169,3.442219902993995,4.643200405511477,84.15070598249599,0.9648659282386114,0.9733814470375904,4.158858581222484,0.0656578611641421,2.131448316970637,98.29405159921714,120.23174978373626,1
0.2532428683235387,63.63136839770054,2.2012091035717845,1.9177325077990908,10.923967439605477,8.35667683862958,35.29279100009646,1.0171846034167975,1.0523351189222343,1.4419725765025384,-0.0243258788555768,1.99879996783532,-13.611776288272196,111.12793907513424,1
0.0043562854350059,237.1533373849155,18.77237336657729,1.9247395213922869,0.5235264493424525,1.1970689592607604,-3.53142987984684,-0.2114965193893271,0.9947321303241646,9.806508048738015,0.1610561515888108,2.0105576322326857,60.65125677198872,8.849939648910016,0
0.998660792553414,256.0899727345141,112.57225996917384,1.8858241452878348,12.45528904687367,3.759250344228821,-2.1271728012144,0.993426748219558,1.0066471829758656,1.688217897931142,-0.0017372196051909,1.99762542776474,70.61241923506064,59.7493132533505,1
0.9803155052782352,30.417334324086227,71.62912884288787,1.0589402776361507,2.741657298288197,7.592954195186591,1.3016929888027209,0.1126805128013186,-0.2256658435124637,-0.2067362192332211,-0.0919620223128888,2.0872605646876345,47.60639767125174,61.14794580906503,0
0.999218223397231,30.711691762936127,20.622766201401568,1.9404009744771389,12.093251740281296,3.874242929713803,4.148902394851909,0.0757911642053212,0.0023612467117217,0.7597972341059696,-0.002991719080413,2.053378197588273,62.8862842502036,-0.8340306225036684,0
1.0268496068938744,238.87494662391836,69.73902783250749,1.9220883683336136,0.9625708412238144,0.8580064507867937,2.7940877600202683,0.112826700895817,0.9681858902764258,2.1472154511723662,0.0323701964967883,1.980494286376276,0.5605722496221048,-2.2390258397852776,0
1.2439519359570537,-9.66725701092659,104.57264721930616,1.0023029022208625,9.78108865418347,3.725865344953308,47.54321721195789,0.9747081883378012,1.156233242592434,3.353697100988991,1.0932630214896215,1.8707628654279371,37.21073351992459,155.96468727419946,1
-0.0242554021611743,64.01211776122535,161.27276567402544,1.9156046367446504,7.370230759416697,8.043282410970095,38.53258122874833,0.808649595146024,1.0275394376047804,3.890499531619802,-0.0632086011151664,1.9782365935664783,11.121505825380332,166.24476149546322,1
1.0432920398655146,261.5701217811803,216.69641093015852,1.0632235256077636,1.275592964512258,1.25163882772961,-9.19569344570867,1.0330683961351974,-0.0299424782304609,0.6107274422659641,1.0867474596480775,2.0883412236991816,17.550096835174763,20.10214723191876,0
1.0583507492277044,128.38150330266018,49.70734448735645,2.010853891009865,9.513663176941495,2.05705885222486,-7.880826113134368,0.0684217557061515,1.032005893204186,2.9535938124198475,-0.0388982772953815,1.9465659270247324,113.71194836955276,148.98585381671742,0
1.0387177357532962,164.62137072063706,26.948449015409743,2.0230098579877778,13.401578648454423,7.834615385535472,76.55587221081893,0.9859360602211652,1.1054725901253577,5.126627886739471,0.984192659290352,1.938151493050751,73.55381885580695,136.93468994178926,1
0.9752957026905236,174.94196052902848,117.10555364020668,2.1623925799002026,7.019568648664834,4.1411444337877965,3.816351027032333,1.084329284439703,0.1118040473822235,0.3309194103086934,0.9922835198895624,1.891193947866053,152.35875996311515,31.001643786103788,0
1.052144148402371,344.0074630420279,188.50799907236328,1.987960485584207,0.2821100629282931,1.193574583220438,6.857623614756534,1.1475219609926235,0.0367842618853546,1.745482912970766,0.9703906897806428,1.9714376288281148,5.368839995417979,-4.614859688454359,1
1.062691820595287,317.59685402451646,136.8299043004393,1.9347650870737687,7.57265212700894,3.844630253700557,126.5379649033144,0.9538504094353284,1.004944834194954,6.133477022101408,1.0246680847352243,2.0026388661365955,112.01797658579729,166.20052781958432,1
0.905795008796368,0.9973833399667172,68.91825053437394,1.8771930049447556,3.68894484988445,4.047301737167329,-0.9009244243368784,-0.0271084496385338,-0.0019691554474599,0.4712756044723223,1.0688616802857571,2.085755594269265,48.71685871624578,39.04918814011841,0
1.1615377917387062,151.24471873898278,48.998758508245615,2.1160865207479658,9.008872574738534,4.080748677511225,39.06085293762632,1.0396564148525949,1.0059748390205527,10.949674693665369,0.994898408162152,1.9952386070433252,156.5795295674082,42.99155186715093,1
-0.0666963987269265,116.54259529473674,64.82074559875865,1.030026761434417,11.753878708339998,8.167308329635194,49.81491801081443,-0.0166748318460701,0.0808152569601587,1.5040047123875693,0.1247294986053513,1.9688669653654367,86.98408599078732,11.039363766846236,0
0.0306992087685185,169.23159113027234,66.00155123316897,0.9067201164588192,13.46674532051322,4.549037339821589,84.84220345251802,0.0707761694133106,-0.1367430541745559,1.159106815669706,1.2132109123690502,1.948127132411692,68.4541478442471,83.53634669305637,0
1.079959067801423,218.8568505025358,88.93898131010498,2.0814678987498896,9.094731963997672,4.693060849302146,95.48890788559645,1.2179028670178544,1.0095244949658548,18.47017242576577,0.0206125221515168,2.01470171170686,34.18235167819893,173.69388446595528,1
-0.1969186852591083,106.28697572087675,194.35531594585612,2.0553999346711964,5.3524785334401725,4.268287656695575,43.24787451011267,1.1557138987709648,0.9133139806217832,12.817410206602052,1.07446273552348,2.003428488713155,27.694500327202185,127.02374042091802,1
1.2526298207955295,39.322151072693615,5.546089409761322,0.940327879742142,7.306075444109059,4.3729179111270575,2.3544392723818106,0.0127225435772783,0.9937161832884248,2.58980059029041,-0.0843747352092359,1.9357675865776305,71.06877179219929,10.731019174366466,0
0.8892800694858999,300.7073437301833,43.75544573916974,2.098508113072721,7.087171443556378,3.832718961381212,42.67451996005229,0.870030545928433,0.9986390835392124,2.126989057802189,0.9605955734255732,2.055258233126815,3.3444886972128884,-5.533670208404303,1
-0.1623250769405338,24.75663528450505,147.75585974795985,1.9682452339480607,11.21480891012755,4.445591792473431,0.6108778783684272,0.0866841808647551,0.9335937011424306,1.6149104058032704,0.9203492494517532,2.020462647504262,11.680349854792752,66.32512071701075,0
-0.1309357626823153,200.10046161602156,14.357707286638616,2.016316479080571,14.060803935598976,3.8256810542297632,4.7302090978582285,-0.0547174243886985,-0.0190493926332608,0.926655221488009,-0.0827757786014889,1.8791827847968188,96.82635744037006,40.227716538814896,1
0.9781109907615324,142.08997120249356,15.688591710728502,1.055857152131361,3.5001210045766404,5.419692346140023,10.852898300737175,0.9960459875363744,0.9969894076834036,12.361026713302554,0.7175785989385208,1.9428519627751963,43.051105113194254,11.228324983943152,0
-0.0012249839890554,240.11938455141424,116.05330437815624,2.085303579214723,11.90186457303223,3.734357765982804,9.145718975568284,1.0378950735844017,1.151140479641389,4.9240092623960825,0.8752578260522406,1.9842295705291395,39.4167209234332,-2.886547754048948,1
0.9011639929477372,330.0901617490726,32.60282561304496,1.962859900895456,2.07184024943208,4.792759942108314,70.93111089311105,-0.066529919213581,-0.0545001542037357,2.337564844237243,0.7197606279302814,1.9401171977184168,26.191622266276426,109.58461270969656,0
0.8509928730543658,266.5385295050636,198.7729364482987,1.871361708894321,9.99567001869901,4.964556661433536,39.54582431232574,0.8680997606274183,0.7786691352673949,3.803175720326824,-0.0315245763542172,1.9611050576630515,40.04182068287692,20.74126130498115,1
0.8619924490112318,75.81970501140516,13.499731556043898,1.9092852386570465,8.617752026642709,3.9801289524564782,20.68313330267863,0.9252056018033052,-0.0218326446396218,1.24278683110344,0.0979437534315781,0.8432281035132145,94.32837845098008,3.311425044070212,1
0.9965198506561008,24.66920041267855,-5.925922815883453,1.812074839870132,6.110477565202031,4.129004615449967,10.779863383154485,0.1569645085147823,0.1553422867733411,0.1952959483128142,-0.0351018321794541,2.028685223179777,121.3526342499054,156.50357745790387,0
0.0576580217548451,353.0637874578407,114.38878227695004,1.914930276525748,6.901101939611217,7.523831783276171,63.57136634521129,-0.0065575910280383,0.1025051778116757,1.4952828029447378,0.0455447300207941,1.9759671136414256,12.206403115889728,59.48906540686862,0
1.1585197079556262,43.00081530888487,158.30127094541098,1.9112152125293744,13.0946145455858,4.265608921458143,6.572380045595239,1.0052309977906309,1.055036651337681,5.502393409650876,0.1282211966667881,1.979152344373436,43.91052174595754,10.018008106466354,1
0.0436787913644256,56.04041512077046,127.33282295583273,1.917583833434488,8.646643919967222,3.980120781958453,3.657807117653441,-0.0680196875655997,0.1209634079517554,0.8754032458135779,-0.0426811912613024,1.978970834330479,57.90967208496078,6.3093432689279965,0
1.05297133321532,194.0981355111606,44.6183356288284,1.0761248731523758,9.960142137420604,4.316645383544112,21.45272306173296,-0.0786155182562522,-0.2533701816371272,0.6402899821053984,1.055624296521844,2.0090484859969027,106.54077935332612,22.190801863860592,0
1.014190089953616,10.712536980906208,139.36458150609968,1.041961294189249,6.405868436644215,4.037632054117221,2.900413013996925,0.1213414454602499,-0.0594043754420957,1.618703368558834,0.0041706347185012,2.08907529355843,56.906339213646696,3.861807994546929,0
0.8277597563511531,144.41662066504708,-11.61498843595568,1.8371204000536048,9.086111367911558,3.1069635297816403,21.400198392381725,0.9463384217482336,0.917749065395426,2.3196232333511038,0.030449870266164,2.053377026634998,76.93949589811805,17.57426483268445,1
-0.1278416983318828,156.47939740378246,75.3678885739868,2.0095705934475,12.71391974792382,8.588260288476647,20.678046146501625,0.8689608312386599,1.0664141368712623,9.375400049087292,0.9425045696086862,2.018741049113126,59.46444313751454,13.971829291485577,1
0.0448591753070055,96.59791416672488,30.89740528421192,2.0390575261795894,5.182590922271769,3.812250907912782,3.9147183226021696,0.0052410344962825,-0.0289086521838481,0.9165576553757416,-0.0251085596505431,2.009110924924685,105.57208039823374,113.71037883537916,0
0.0514047054468673,190.9419421707705,29.597446756176545,1.8606821331436405,4.274284447909087,4.375385176843984,12.848445969287166,0.954496229530344,0.8628195427192911,3.863144778889334,-0.0173222465183171,1.9564301678641225,4.486157496700493,181.5746910212418,1
1.1334477950249888,113.48980055529596,26.77041659646728,1.9353629689402467,3.878654925690525,0.6548416096505214,9.973964923639024,0.031107427622551,0.0363178275314495,2.095100650381975,0.1152248850122457,2.0457057129717584,18.88691599240568,-9.107153490006771,0
0.9114597670099605,245.6901123695092,48.67636718372994,2.0036758814718034,7.850478811189303,4.216602720748238,82.12146012432763,1.153819463220526,0.9400213009392164,7.8476010046056786,1.1769413599120793,1.949182274724805,150.2179293534427,233.6461307888654,1
1.0204440099708108,-16.946741545562332,22.06329035362114,1.9554051333039648,8.341890418497785,4.4049520147636905,50.19563805662973,0.9158094579625304,1.0987926351878148,5.964454258708709,0.9676551896007124,1.957688196951368,109.83551812826695,155.31315512747267,1
1.0142825122265515,129.9240851999872,77.41088275282675,1.9977421368480832,4.678657678077802,5.092556207234189,4.4871760576095525,-0.0561467095217139,-0.0368811341961729,1.4774307149137789,0.9056102544080344,1.9822050917998797,160.5146696832652,199.4894901140816,0
0.9279449660564154,140.78234246219947,38.95646440861201,1.9412881121731616,10.131678038326124,4.084198012472895,-0.0079746247387078,-0.0154966210538185,0.1338788194487399,2.1821958493525724,-0.0813902438774703,1.9974658829841536,32.831547664555075,-13.328560244725658,0
0.9760979414558943,106.21531290859846,58.86120676247215,2.0029748980589805,12.791828687967076,7.957721076907342,45.619977042683615,1.0616150517975402,0.9010842461310532,12.160170366923587,1.1100769607654075,1.9753755346935191,146.9319743870489,137.44791980772283,1
1.0405847302378268,37.08596969427491,-2.9997762886568182,2.032450233576944,8.317402073208692,8.189332840868815,47.18872835170957,0.1488119336099181,-0.0455022550757214,1.339353753434522,1.059253172773431,2.1026419422747704,37.07592595312846,-8.48989379820437,1
1.066561421762164,261.05001428919064,17.49556806556687,1.9291293504860347,2.9186927083503384,5.292463417719515,-2.744577217891233,-0.0831246531270107,0.071949199439301,0.6223927832628986,0.0540136246515813,0.9336210741057804,89.52696392564833,11.972905593509132,0
1.021997635612936,144.92315891611744,22.637097707680567,2.0214047084795714,15.340692611259778,7.3423118454900544,21.69879915929534,0.9576849187129742,-0.0515092181892889,1.655198487345814,0.0240804453694774,1.8940005257733148,5.753808756446659,207.6092433750108,1
1.035768777928016,357.73842852547955,129.276607614924,1.9792542432563731,9.994176570197013,3.8158113804786575,119.52459346041738,1.0471942665002572,1.0150692426610517,6.642838971526221,0.0016691426068073,2.189899250012904,2.3959252169328598,3.837150185932423,1
1.0239792922567852,46.156961272997606,-7.38738149822683,2.0663427620780586,7.794124582644403,3.796110268110839,11.171100411469752,-0.1046160283012137,-0.0789726671548601,1.170440412517507,0.0389073059736113,3.0296412536766013,73.4046642657945,3.885043610991687,1
1.0585900364163767,52.05814883666132,138.4020986073521,1.871243157876,9.475843429543676,2.224935581304759,6.0104075694677945,0.8633529605522714,-0.0970741187017727,0.4168567850379649,-0.0356040509786727,1.918659291247324,-12.116076237402552,-10.940009770693074,1
1.0611639904778372,137.84610431253714,186.8165935574907,1.9201531805149064,8.360906356974464,3.3488004550586266,96.72036499912548,0.9916641006261948,-0.0435342433937724,-1.3831084346851217,0.8757096953946926,2.066935808061489,143.86992408170258,120.23884551232294,1
1.017736821916151,43.97967346323821,61.70019117871776,1.1072615706502198,5.814117203135632,4.1447182011769135,-2.497234415242588,-0.1155103449613296,-0.0290677282164799,0.1355416925141042,1.0711868137763645,2.119277131014708,27.147674698247258,29.832937729634384,0
1.0125773192989185,31.2201160056712,134.87414808412103,2.0612884587279217,8.27679605925139,7.588432772392908,39.57165840687789,0.9822916083072966,0.9973849085537564,8.86478110332392,0.0756350810832983,2.079419086371294,6.184773135753581,202.68148413766107,1
-0.1305819232602312,278.1240568538903,184.91442587472932,1.814497975517324,5.972645241736561,3.5937573087170334,53.735539705056894,0.8923423268164514,1.0419769040934228,4.015583655775604,1.139540983428018,2.0004021815959705,44.91054104410706,-2.5868738465107697,1
0.0697071863687925,72.83726964872353,35.06897018843959,2.052813817759826,9.695596731545418,4.364436411179199,25.55998986513962,0.013181531749032,0.052130407149495,1.2449242522603554,1.053943990873872,2.0121827030064083,60.77328727200911,-22.64084043857525,0
-0.0038068793521518,341.12093674046514,60.3019468007365,2.191651371567275,1.9209654077715688,1.5769283892239914,119.33001926983783,0.0757340498376423,1.016134855700123,2.785124484711987,-0.0557257220730598,2.006430950557994,-4.9742165158642,16.782106860897407,0
1.044810117787627,231.79014095635935,136.68103156731365,2.0454292860265064,9.51301503923016,3.94284587340307,79.52920894411346,0.0673996071649863,-0.0559220926651789,1.4385708324848416,-0.0218026703960057,2.0142155427461192,139.8519398067587,78.55824916060473,0
1.0079211924622775,254.72246143965384,64.61754561270399,0.969905668681801,2.5074017201844168,7.27648252102413,117.00231048154764,0.2051790218675343,0.0453397551669019,1.553722759755071,0.9588430448182792,0.9854085833157168,78.0816896648866,30.183246078902616,0
1.003140165504795,79.2861286092838,-2.2726878763064637,2.0774795385175824,6.5425780562376366,3.6537008391306673,-0.9380326503036828,0.1073683665734367,-0.0131394424085729,0.4400154128348958,0.0922830131039603,1.1279634217535666,2.933975599721272,18.925843660678616,0
0.9542016130306216,156.6159489978226,111.41595022812798,1.1289104370367773,6.876367804626723,3.838796585838145,111.33778473510657,0.9218763628982248,-0.098108179388643,0.0757403036453761,-0.0436024676424552,2.014906271099078,-16.633333739449583,0.3265516045106977,0
1.0046472058458054,-10.58065918552353,72.96906203499779,1.9742591230269864,8.487175431511444,4.170610919211381,4.703648254664742,-0.1588938185922177,0.8365910367319416,2.3424220654497065,-0.0812401020890791,2.0180376833755598,8.202802569189913,-11.465000667465835,0
0.1033327330349853,-0.1090080686114447,1.0492856028085242,2.08411026791174,5.6037478311609,3.984966913028885,14.518895706955032,0.0703432648144506,1.1920375793582303,3.58152230425348,1.145662566444121,1.9494713810418265,109.17970074904142,-11.702671035817964,0
0.023426370841995,109.27117206032756,83.34360965413553,2.148836258149646,6.570251233454895,3.2692576282776606,67.6253088936447,-0.0330824049513057,0.9870281292362996,2.448444802810632,0.9545222804131104,1.9839443511187036,97.07656299984316,32.3532765710675,0
1.1615099783427598,23.671165537752387,37.117984483478665,1.0668123324909105,4.320039549469648,3.8502242941607214,3.02837858922014,-0.1373416443582905,-0.0235659170323451,0.7852123998176217,0.0231348209280699,1.966836252696888,49.34916320055029,19.71321177437939,0
0.0029129620121143,31.668498363350835,140.79504502052905,1.966496132133764,9.0536396912613,4.013700182960073,32.387892849153715,1.080093319097418,0.9033923201867444,6.824038892245857,0.9705764564434642,2.021385693544462,-8.545229995608864,137.94355686785798,1
-0.1150992308008023,345.5835011937746,194.1462373455037,1.906551889373668,10.787015030094302,3.814551081220008,114.63918069654648,1.0948658063198646,-0.0777016528526038,2.398944921813461,0.8679629930746973,2.096472349184369,-5.375629727774509,228.9852792810919,1
0.095757104196568,223.9549019536982,39.17371582664636,1.804399964765052,1.4718454200941649,0.9549392400063486,-6.352589414814602,0.0126460494344671,-0.057751801824836,0.5739312661711442,0.0604145410476227,1.920072752460312,32.65975182044592,-19.306242037723784,0
0.8867347553682182,163.110918484941,108.70887758823665,1.958191892004172,13.00077085352733,4.048268362697135,55.61288600968865,0.9769442477744958,1.078683439414568,8.694946941801302,-0.0223936398425554,2.009698774070716,107.83822328024884,143.0281860353965,1
-0.04469044167775,71.5278253700311,140.3853321320925,2.054312772270943,3.132179267378402,4.296202658238084,2.798269227151472,-0.1661607624678058,0.0998142971253569,0.9293014679815546,0.0786721874177531,2.0412210296200204,61.86761857721262,136.7094220414676,0
1.11485897847744,174.03033138553724,49.62434361136661,2.08101612522378,8.362389089570154,3.7529253905429663,14.512679016953497,-0.0743822154219133,-0.0054126882274152,1.9398786361075224,-0.1032913372379131,1.9949525326734447,152.22709316306566,-17.596172045631228,0
0.1151792494188024,-7.753547199775937,9.872362957867196,1.9262736236327511,5.597749225578891,4.591747093804304,4.751150573242981,-0.0558600781260414,-0.1133136965252907,-0.509148460792999,-0.1246852183713818,2.006686126423635,78.04103573946543,-6.141050066588548,0
0.96166246860889,162.2831671502619,-2.43922803329518,1.078757166193438,5.724151921908331,4.343226325077697,-0.7567133828431949,0.0376542196211914,-0.1115089478169965,2.071272071998388,0.1241226491157401,2.0573060650225528,-12.971108220767732,13.04586093209953,0
-0.1499582979399368,38.06656720347088,12.994464042539462,2.009210001645489,2.0583168996925405,4.209520155877929,0.2706980528345326,0.0100061857146168,0.9718900434717264,8.552133247666024,1.197524481535974,2.0027777335073704,86.59008860281233,24.574444920410656,0
-0.1042602527494147,129.93588625970852,61.41510597539509,1.051306347711484,7.753655687296792,3.8587421990573856,-2.306747953568099,-0.1548178179963832,-0.015892534578158,0.6718306954872748,0.1167378326985681,1.9285339184677857,32.67677157663667,-12.052965719922078,0
1.0028093641041722,36.04991228496607,12.948423815919725,1.0119668418266017,12.168606637620025,3.377930796852419,22.614308002709546,0.0683761894088961,-0.0364249848431676,1.236776788638286,0.0187455856492116,2.035976058096453,58.57781793426966,-36.85812234086183,0
1.0239770173023737,290.2983886473637,181.3368303147884,1.92117944505939,7.047805837901235,4.167361776999136,133.99478258003091,0.9195148772595794,-0.0341512794855151,-1.180081770409395,-0.0619262530410916,0.9686823148530952,25.59601875401703,3.4060912211572187,1
-0.0060879654511827,101.02201322496587,156.1432032678614,2.084860633096223,11.248435097492806,3.5997923990949023,48.21755111317744,0.984214879944002,1.0554610370098918,10.489739826167355,-0.0172321079383975,2.0098027638220657,26.27150818313961,156.17303583873462,0
-0.1116808382746967,300.60831851748907,184.47787487970308,2.110924234006248,3.302532066037112,5.31159486566029,82.4590388674266,1.0523387191770044,1.072102066726178,9.535050658548652,1.0557560082277224,2.0338123310278635,-4.068714266830895,-15.31210792495991,1
1.0878500249021237,74.08358106761067,171.48641507356604,2.0761857521987133,3.3612626781741746,4.477931185494868,16.10089167671249,0.964468440983963,0.0332295536226865,-1.362931281330935,1.0381530652464874,1.7821193759416831,16.10389974391729,49.5635067426609,0
1.0706552848758002,147.03621985170852,25.490942066890035,2.123966408198327,8.631392301278645,3.340983458152865,35.412461888683126,-0.1019946533242317,0.0051622486940303,0.7791949881241425,-0.0335639874178297,2.037008161476776,72.13478823680104,5.591692131008401,0
1.0043266799345512,181.8000107900719,95.41655943348933,2.0542174102990964,8.535064894620653,8.474066672557,104.26037359677316,-0.0127116386563089,-0.0169639710768483,-0.0407258655370839,0.9737342730699028,2.079807632581649,3.189051578516093,-18.55621214697872,0
1.1347737433724163,63.85253162372671,52.60702507074669,2.0833855880986296,7.892436154789784,7.451789150182293,25.09556318255155,1.0858838973109195,-0.1247285009789659,1.3160901249317625,0.0113944413000424,2.022522084251667,141.34959010591882,63.43519165300971,1
-0.0435766890917865,132.40627207005954,121.69616005577576,1.9550985387288395,7.653419252134852,5.294380672837979,67.5652368841185,0.9095608945073927,1.0152453257472027,8.781632810689079,1.1233778286293912,1.960282986160932,9.64575260482586,189.60761190645263,1
0.8893927613805378,162.38293311011336,5.342740131256093,1.15205309379781,8.394554464760594,7.636833715862185,65.71449889958978,1.1373269476747754,1.1114715902790742,2.022697205721645,0.9559039694912496,2.067180190403094,129.8381996823053,230.69560203081647,1
0.0378250856346155,-14.814601930565402,143.7145056587993,2.0313318180359774,6.409337550828696,4.070580932712262,45.11448521652464,0.1472025811156503,1.1213089777136398,8.688300403696536,0.968368490273837,1.990167157514307,-15.160212309083107,12.36833577292584,0
1.099394268609025,237.7908531330468,40.07448400412227,2.223270617642749,7.16421322756884,4.570669280025319,123.66448210105835,0.0580152188934169,0.9943816307139546,1.8626007722437985,0.92232762959118,2.025697291703083,107.14597741215884,63.66993539891768,0
-0.0541134360364197,50.05126233917032,59.09122969511132,2.213951933261442,11.329354867470444,3.472820284768117,1.3862181431130338,0.0508569767101503,0.1326956477579906,0.0220491635392883,0.987610720966222,2.011700923804195,45.974306667513744,135.00800167345594,0
0.1416402607046217,115.83718373806876,171.12408512846648,1.8799384718600896,13.338489805797376,7.077259471655871,81.06027210768976,0.9786642358632476,1.1811965949555914,5.607551832736984,0.0914896782703406,1.993997683612692,127.9466062258717,92.09826977443171,1
1.0211204541512493,187.5816454599376,54.9806585326579,2.101364339366251,8.411762910773293,3.4157818468997068,-5.002064063656235,-0.083269894790684,-0.0845809802231285,0.9271995922679896,0.0612468740445527,2.074957169658446,104.8424056384092,-5.475042234295266,0
0.924670135452333,6.736284168226064,87.5910203734714,1.0468706521022175,1.1705296446930706,1.3843061507180936,1.6379628325453552,0.0391589140184212,0.0300629592683305,0.9261914998680147,0.947105682143972,2.132227622476,58.83149949356818,-7.674184610491601,0
1.0568684082178683,109.11378011213456,44.56027590612622,1.9921874571353209,4.024473390950373,4.685487800586436,21.77597742719909,-0.0008167009892453,0.9551236896968358,4.179753316305015,1.079758557010634,2.018846288482055,57.03125645204208,8.819043922875878,0
0.0952515824644626,52.546331491924846,139.29111747550024,1.9596149803849323,10.877233220559017,4.298537425292359,64.84245632652457,0.960678607600768,0.8398021900081004,6.091817298437111,0.1075190879556927,1.928480877499291,70.89149913308616,240.8167937013566,1
0.1104823131495565,223.9826511374673,84.60218251037078,1.9577420937444967,7.572571494770841,4.276600031583175,66.85801125857358,0.0651046871354382,-0.0008701837544455,1.4137917881639714,-0.0417366382102848,2.133158002770811,134.53843441813342,19.319490571146567,0
0.0127786283490112,87.67394222339652,54.66047405417835,1.023015250087351,5.107294701972515,4.170211993673747,26.06958930359493,1.1348717290974109,0.0710763765157465,0.9309750392584076,0.8068108878297908,1.9210339950754904,131.8316430512984,-10.473947826740565,1
0.0093158111094608,34.89874658146776,30.345732192496264,1.1121419712932823,7.281666900557851,3.707760403934519,15.57218609761469,0.2028188343537928,1.0301452881361888,2.38686347051189,-0.1335465207995034,1.9999301290870384,175.69697063520783,-0.672182623198303,0
-0.0221286129562521,38.278354102722616,23.4779303764622,0.968033861438493,4.70684379295761,4.130599394354387,28.54142335036922,0.8467789004181683,0.0854707952325442,0.7351108932646402,0.993889268924729,1.937121648351638,49.91519481980852,19.887659401944887,0
1.0933666971418738,126.80925319332914,50.3503942966404,1.9615667028104504,3.9635188001692487,7.954011306758726,0.9298087114066576,0.0661369145975669,0.0643383853320737,1.4785817400489212,1.1531526126545462,1.086553842697462,41.541755192063874,6.419879562917807,0
-0.0625080180246316,49.51701850035131,72.29130732262604,2.2575273971421965,5.207032140108903,4.09116995936809,6.476153436441582,0.9998429686981198,0.010901732118917,0.1575730712813436,0.010610932569294,2.0305403850296764,35.02157371554807,9.284146949794874,1
-0.1262965397383807,191.73085537581187,92.76679964352772,1.9618115066566728,10.68972064019319,4.230303336806031,88.7972067088832,0.8902257858776521,-0.0535599305604854,1.2193138461285349,0.9373903723222315,1.98337615378651,5.070804169791856,200.93286642774072,1
1.0299765662300002,188.4315174862545,28.53878172576959,1.9082400850554209,2.9595614035632227,5.451008053148,85.18118917765455,-0.1420233855548139,-0.0309057677803761,2.09504981231883,1.0506280945173223,1.0116609696304932,133.9922186359261,-4.576040385443598,0
0.0556262213943983,260.1371000060684,119.09473200701736,1.8546200146170888,10.1916660406739,3.8096890121755047,97.1185811009235,1.0117709285880403,1.0577308028742487,5.8299832213747775,0.998005381292024,2.066611055260054,-6.655126541126705,-23.334407944769687,1
0.8681219054388267,151.0991143457638,54.13095788476757,1.963966175044216,12.312508727680548,7.796755537709979,78.3558515383865,1.088246163743547,0.9231449573945814,10.881714339932037,-0.0399211040346602,1.9376918676672727,126.06807272305458,103.87487067024551,1
1.067801955447956,61.57890664442186,58.268342405525686,1.993776143843577,7.552169153170555,3.24429072488076,54.46596848102431,1.0185852653918712,1.055168910863018,0.9215416984791668,0.0642733888832108,2.122695974610706,32.7235727422991,65.10409723571439,1
0.1578779352848472,193.9282673619156,122.43586193809652,2.032529315143839,1.9352516750937176,3.497852855609929,29.430481932939607,0.0101290928673163,0.0227033935355717,1.3785860569739643,0.091806948686739,1.9586650501712155,88.69975696146314,22.078728314216782,0
1.079553431094229,148.86813656850768,29.629321268771257,1.0641769895295592,7.876915877486495,3.535863532966506,15.416019329598653,-0.0017268841892922,-0.0080525961614492,0.6733646626778214,0.1175789682613601,1.9686546280841848,43.750115364346335,63.139851683651,0
1.1039829594492725,168.4485039353025,69.88793531248754,1.9951047448861223,4.7723165923961925,3.611398215438453,7.388772573257263,0.0557947969979486,-0.0219197197636335,1.5220653675127247,0.9986401506029268,2.0419028549807243,74.45311585788919,0.8244285088288876,0
0.9466911983611664,69.50563773969047,157.10865582821762,2.071592336130644,3.623298601306429,4.294229318179558,14.902734421515934,0.0073509930372556,-0.0518840440618539,0.3428921846322184,0.1285340378280658,2.045673568203304,-5.394585145347051,1.5786946652780005,0
0.8893684260756319,191.6066619904787,109.8423670604513,1.931882233764571,9.019569973740335,4.2271732236452975,7.488372653275924,0.1550210323189878,0.1263498815666063,0.1926610971193754,1.1677627772375248,1.9682904600670863,109.6372240398392,7.987741683613329,1
0.9754952749677912,290.4091597041591,63.87971157305445,2.144422758539781,7.057763312138438,4.838483501264696,54.66296543375911,0.8788269620708017,1.0550683128096467,12.338826915889769,1.1094261758393131,1.9227868363783225,134.17359197817433,211.71099181913488,1
1.0020934794575442,262.03181848488,16.7546400600187,1.9755598999708344,8.295734524885981,8.328941219681523,1.9629749473283056,0.9940661185667368,1.1149639469370132,6.110846686389864,0.179831511338903,1.9200266155215369,73.81458250809146,133.1951927639182,1
0.2885556877557693,97.58286434458498,71.69456289138877,1.0605102476359063,2.257281016478345,4.823249746573517,77.32495888298706,0.0646917155462097,-0.017233567453541,1.111449219502069,0.108360597255037,2.0515467493989483,67.5083911461004,101.26599607243529,0
-0.0445767869246533,317.1329934025266,114.85111691574028,2.0688614540732835,3.10948162980141,5.5128748931534135,64.85657959008986,0.0467111680871754,0.0500544067527903,2.210738021672777,0.829940271174845,1.972624183249532,28.82615808505161,23.45951123506339,0
0.8984864420197143,115.92231715534176,103.97209840578056,1.9420138399896196,7.566226549571973,3.969659535751634,28.34657561320784,1.0483180939036751,0.9994293346002144,2.9277120288024814,0.0725210417615306,1.996837346199298,11.715082556266168,-9.282361902716609,1
1.012730436790518,126.27924973786934,48.97697348248265,2.065264901598209,9.017699653938358,5.305309869032715,19.41472069718245,1.184886214688114,0.0941123027440712,1.5695526335035976,-0.0204505827783833,1.997531366924531,109.88400921869533,33.0258356346711,1
1.0681763887690745,96.52292305895357,87.29526244148396,0.9810964709123748,3.251391017556412,7.994848114190825,84.44614485127121,0.8738969010816152,1.0029112929471526,3.8295036109170497,0.779364893472039,2.0206465459281686,32.97229600677339,-1.2232319116225483,0
-0.096455514247413,270.9005952041856,53.84041187867528,1.937059913366928,6.67423365920808,3.956541198283533,5.163954680574033,0.0561667875752329,-0.1278242926388405,1.2843224765766794,0.1906184604369118,2.027839799065397,-2.469934605862491,98.6325359478347,0
0.8179038549199985,35.70165987123079,142.90457929689188,2.035726579858687,7.895678623256915,3.854365049641078,47.13200531903421,1.0284899049581375,0.9359814403678424,4.030415881954642,1.038181293614795,2.102611908351032,18.25253568551883,44.64565332073643,1
0.9775304942991904,139.61900192025834,100.17713367186008,2.0031116246605887,14.552604487868273,4.032222353585612,94.94824641506484,1.112577363401071,0.988268761512888,2.8403158431581947,-0.2840236426306059,1.980501520572653,123.51833204027857,11.21412685072054,1
0.9634196326344444,123.11417348850829,72.94257304101232,1.9537441536958695,9.013857510469078,4.058913268424528,71.61527864511281,0.9577135935725054,0.9652306752183692,6.02197253549255,0.9232002548074856,1.966678307731812,138.3803578947779,7.116679299300721,0
1.177987304437499,262.6607596699207,122.60587547450017,1.9919809609189572,3.0964741502743447,5.145522567075181,75.08006183975712,0.0850369605870626,-0.0699797423284815,1.7813006801910642,0.9639448036742796,1.9707524667313632,54.38034520930246,1.451626041541111,0
0.1202280032271854,98.53009364100132,67.96590833550653,1.91129660571098,2.9533890508838843,4.854380950097902,24.158427366881696,1.0953321466325756,0.0490043988923449,1.117421376396755,1.0391838084119074,1.9485230256277597,66.90634814881372,-15.15630202369332,0
1.1498834038580548,172.4991772498264,75.2675955846384,1.112556164097812,6.820546377076359,7.501626161870883,36.3739242069503,0.9206718187278566,1.0434995042227673,2.4226514120417137,1.027529640799264,1.915630624280396,41.6931154599237,235.7896744560257,1
0.9328297114752122,7.082410548325498,7.083974021858708,1.069770869774365,3.917135157442828,3.637300095902393,6.749849923457095,0.051423033777349,-0.1171223919732368,-0.3273543115007351,0.1985690217075081,0.9616347347210232,67.73314580329146,-4.779358775482379,0
0.9155839487774342,36.59270113236238,5.698688031764021,1.902160572051179,3.674862296960525,3.811061112664632,3.122050605463912,-0.0315449701974195,0.1166009086553741,1.1606451592134572,0.246306101256183,2.0101826278320973,95.32462284748694,103.0600444632835,0
-0.1945410981795482,98.31105574542303,72.30279986277381,2.015722765861278,15.55044341207802,8.49397374541956,29.69993348822246,0.9038958048754328,-0.0507578690071107,0.9235270188110972,-0.0772662854309279,2.0298873861722013,120.29189399962776,-14.81144754842756,1
1.1280717443896466,61.05249033033239,-7.952747301410127,2.0049101307102752,8.14774412318236,3.58818383631806,5.070855650636851,-0.0360629984956812,-0.1328577518058051,1.5414166752084035,-0.0561730052060759,1.9757313217683832,112.7334749892436,18.949614222809764,0
1.0201524510205833,51.221427839085294,105.064891740902,1.0197159190304332,9.04349972269844,3.7447638929307097,64.29758696747221,0.8950710290860019,1.0423121351916012,1.74179065046472,1.175331999591822,1.9460446642233988,17.21841213840913,79.91002698258603,1
1.0601051878642846,321.6710238666295,68.93981804877606,1.98595204758424,8.248495024922478,4.56042320025533,56.65769156555105,0.0643245925955561,-0.2028526941242737,0.960718468292416,0.9159754034609856,1.9272133492185348,98.90049640460276,-3.854302515387332,0
1.1023532377262744,137.2231669863136,39.61812872217597,2.0524934201508733,2.426545289671036,7.911277921046061,85.26213322720437,1.0018374423704448,0.9506330097075036,3.717077771079001,1.097130203781555,2.0782346405128136,72.06436321247705,16.710721676022764,1
0.12222778334196,333.83484598157963,203.7489417402313,1.9658851696512905,10.08373217215573,9.293389419837936,-2.358385007273604,1.0995482608188052,0.9016793314984382,15.237529508919105,0.091937437719345,2.039416970475291,18.67603522357581,192.9083944826092,1
0.0776040805101421,151.05991940566332,152.39307488106087,1.9655340941707335,10.11882559587858,8.792111984475754,2.3002200033313898,0.064382060235271,0.9468798985508404,12.151833096814991,0.976694722354556,2.0657624364005174,36.19711023336541,-8.647497990808375,0
0.8178326055620383,25.828915864539667,1.0867734709221537,2.014503892242734,11.278898477476991,4.097250801690231,16.080733026675333,0.0285887001605135,0.0991452811885787,0.9230001304208026,0.0316470879961595,1.9888819962931497,47.03471838525884,9.59664175922289,0
0.1319692637266887,131.02052335513642,72.40615531909143,1.0135141968401586,7.846127393620322,4.270170845355383,0.3079657187244464,0.0235316401417425,0.0862728720476994,0.5470167189661885,-0.061401195132624,0.9286733413238022,14.181998979738758,-25.56378714656079,0
1.1757278333740668,69.26442341448448,12.82231773547302,1.881551892160907,7.653287778731985,2.732301054996161,62.67092694211923,-0.0585183281238504,0.0750076384490634,0.4755675345921264,0.9548982939415468,0.9853359184405348,12.84134850886398,-26.45666840135308,1
0.1367727448774323,73.42292517722665,130.49871664278606,2.119274942739417,6.495398801050828,3.8196792975230895,50.46904123378204,1.1145510727523278,1.006388628326394,6.010924670346785,-0.0363805845357751,2.117819939967,22.553854979733742,165.410742487116,1
0.0645855897282534,101.85120564319446,21.750105716434305,1.9452083317979447,10.842683845390978,3.7871358873299217,31.88326690922029,1.1776102961385106,1.1233999668046335,2.8719335581429983,-0.1204003680056097,2.079866646289904,68.54755543658159,-24.08341031458334,0
0.9482624400556716,191.9589592318896,43.18308759804663,1.128789546203436,7.847918367701754,5.280478670766624,-10.997007566021338,1.0567699815546914,-0.0159649186373436,0.6118160535807244,1.0180319515886769,1.970389667809021,35.41076560554841,122.39885190710253,0
0.990763347327024,18.49188158740398,8.14359926372343,1.9737965413542664,7.612173374642353,3.902247599541637,13.340441915883291,-0.0731220304670026,-0.0062143626832408,1.1478283914740932,0.15548286388775,1.982065803995045,51.84340605356663,18.89877628349305,0
0.9829533810472744,165.61195369129624,59.36271248823421,1.1368512346802389,7.055745079990484,4.183498994354764,2.0570397643899554,0.0658011515056907,0.1562124275231965,0.8941444604668347,1.172359110543551,0.9634759324711978,31.047522561036484,8.10608315225241,0
1.1946678809730558,199.72219797882903,56.3200092239086,1.9743482504185337,9.643054531186769,3.795183477252203,2.7253402955099304,0.9987257674814723,-0.0562807300520297,0.5757320392891936,1.0292282769821424,1.941660933949071,89.1664562971234,70.14867904739853,1
1.0715622243031804,231.84757934339896,100.81525792507182,2.190005060692786,12.910131735665434,7.126985381772249,97.02071738183798,1.1230549657344322,1.0547237552638855,9.200698443122729,0.1005098543501525,2.0289312154976407,118.2315013947534,14.357819663573489,1
1.0859931325610557,277.859094596203,155.69566190932397,2.001236797233192,3.2558081909310337,4.793040132131862,11.042250377220956,0.9896602725136702,1.1755450889825996,11.362711506722489,0.0740198374475293,1.9964366406972125,-2.0228818848836667,172.18657470218656,1
-0.0682465149636203,127.80091808631433,22.9406436668801,2.1400299211192344,11.013884562946696,4.070385154865868,22.49150425038391,0.9984238057480224,0.8797576851457036,2.863076927329737,0.9066307769773624,1.9834336548361604,32.38900239465358,98.6118387844104,0
1.0976390360001416,111.76660403265048,84.67881382956121,1.8477645617343128,9.352173357353776,7.525423412576625,64.09811324400155,0.1020444701946955,1.057123741962092,1.3106278028386606,1.0151053348048669,1.971876907644714,135.26784203137606,18.369738282173746,0
-0.0563112882028857,-15.298274589651072,54.997691350038494,2.1480372088747424,11.200859272295467,4.151181862355428,0.7563436326466899,-0.0172685076063524,0.0954367218309417,0.9739266580381668,0.0528815741075582,1.98829476246837,34.84420531900176,-19.440310798579056,0
1.0370432490033537,29.875235563862105,53.09682896269687,1.040373166265098,10.050130410206902,2.589478450776437,1.8362706101191648,-0.0304013139540944,-0.0828977748539039,1.5668477570414532,0.1232672454234607,1.9969789562963849,44.063359043636815,-27.62130506315969,0
0.8373870636238128,22.32195497719367,4.568788206832508,1.9597387101316976,12.48028083336301,7.2185909087939395,11.27183594284276,-0.0930071668514146,-0.0988596191144509,1.0296761864616233,0.0172394844205465,1.889142390933855,67.33696584460307,32.20444583937695,1
1.0394539152373137,21.844478788055557,124.15152282098023,2.2009382927372805,9.721718110696662,4.129044021193519,20.200272220849307,-0.0351146500435038,0.0246305733833067,1.6823729543814705,0.0317965514653574,2.075193445006596,160.12410203109346,-3.825900650813203,0
1.109011037219779,200.45610588327307,48.44367011203623,0.990137581795514,9.143105851455042,3.544249523986922,62.3852181897653,-0.1407852929779527,0.0600880598742283,1.1338093760488688,-0.1639958517691607,1.0209892320427154,68.47879839558992,8.502709616837024,0
0.8514887711859161,38.49860899636983,155.87073290626282,1.96057676023075,8.78417611490391,8.771355793295808,58.03006301847167,0.9038944077533292,1.0344037441120126,11.671773785363488,0.9716642563681854,2.011067516227761,105.71082977962892,87.0710931617655,1
1.1118170325458117,123.90020339636877,159.68340819799664,1.995587070240246,6.207001403161306,5.3873409834716455,4.549753137687418,0.0827047419783494,0.0185166192540696,-0.0603254063261822,0.8589841691333171,2.067038478584606,176.0309765339701,5.691377193134564,0
0.1367122584087428,121.89855611811456,195.3283272113539,2.065962425185073,12.027454341961564,8.289898224796149,75.36032147497284,1.200764522960455,1.1054405973695616,2.5891718440618527,-0.1025981091276961,2.030147099716707,-1.5664887621904455,217.7943277299652,1
0.8934762444136626,108.2069305870889,10.261812680834396,1.005008691325421,4.403937047252903,3.925274221841095,5.019462062245822,0.0157948951426667,0.0769555932394828,1.650688860052437,-0.1614139050372841,1.8657947171218288,85.2394449477232,202.2558288509091,0
-0.0175641231863943,292.6359913778612,29.12425870061004,2.0683609695339977,7.212014766168695,4.233125610353887,19.832461581463352,-0.0199639022488503,-0.0700325125714925,1.5273075449953517,1.017063478037943,1.9150416269642985,82.97410017378927,54.79563304879001,0
1.118259709216387,281.7929037378188,67.31484959857573,2.169510667869774,2.860692655140763,6.207170082820285,18.34802305905702,1.0254918767997607,-0.0393578282844284,1.300205214326035,0.0832657574700598,1.9931969938715972,175.3873028550527,4.474473300988223,0
0.8560866889079407,193.9167869363198,214.3439470267556,1.9839480979921915,12.962107148635326,7.140129812164275,95.42151316359458,0.8665716703518986,1.0927624809568712,9.729945094239318,1.086003785378028,1.9513783466227568,2.6329874868237013,66.11406449406608,1
0.9718143564451528,158.19127909768264,83.4406209006065,1.0467403503673829,12.405772531519748,4.301586749874848,52.48780838488941,-0.0061816649806237,-0.1330201048368304,-0.0842644934619625,1.077381718217966,1.996432000603924,46.08731521166918,-6.752889388896939,0
0.9429517430816006,275.2643838437174,127.23428429110623,1.98765990002389,8.257973718981683,8.504062321374153,133.41357309336115,0.9694651042940868,1.0634935642404035,13.179723065458688,0.071728041326416,1.9197189328533395,-0.3434825555367098,137.15678896574408,1
0.9840522673538292,25.052940550103088,165.56013415799134,1.8857333294990315,9.41943907195667,8.410726326932448,3.646809637840661,-0.0137299102238327,1.0414031494285314,2.2780251905198625,0.058029158346593,2.0335192746059043,28.94292913229739,16.38705749177698,0
1.0695491422960894,107.02771636034528,56.179398438689866,0.9378292298441158,8.047972185189826,4.764853470354311,23.469817411427552,1.038401579800445,0.8451001183475415,7.225657954303651,0.9524482269251212,2.062737123840259,51.86386544527495,226.88531269686604,1
0.8635263296067185,0.4587881027765661,200.54955154843785,2.9821376380103466,0.4397885162805082,7.28152549369255,-10.654066933360204,-0.1578018946420664,-0.0330363704193373,0.8583715614226604,0.8550504306701421,2.963765389824017,139.30103389408583,234.285982421581,1
-0.0419087720507119,290.4011700216988,113.60232562453544,2.054790761713833,7.603400219372935,4.457029580488861,88.61647704760884,0.9214280556452976,0.8331337121110087,6.333813144625093,1.0246789378302592,1.9892967131540111,-1.3369891239545737,161.68728730935172,1
0.8764747450563648,334.784998061437,200.4648706984653,2.1752330387283383,1.6126500537681825,5.336849215905459,133.85729191474505,0.9479225116393306,0.9264922787626296,18.59776207219352,1.05728572983923,1.9157593661216863,-9.40795292209924,-35.85044822745085,1
-0.0059564782720802,39.08632965200678,1.133618244368023,1.9780119463792336,11.6288221555774,4.091982251638829,27.7083205411894,-0.1124012788790087,0.9042724419889572,3.728256081383211,-0.0177196376221766,1.95373116640396,99.19952353781102,140.09424715567076,1
1.0582660723394142,67.32806795056399,16.625805566091103,1.9070276757244853,10.955061420404254,4.025437061099312,67.22485043743549,1.0582119415279991,1.0080669504703994,3.97388299050194,1.1100275529241483,1.9647590226931544,-0.2938859883220175,106.17474565267582,1
0.929764426363206,260.3740745149988,155.52809141421156,1.946524551836163,14.72684764594926,8.460889919721662,117.4282665091487,1.0528843767195526,1.1349034002335143,7.483516696832283,-0.0316781434759683,1.9482230615449967,2.0996614337475137,-7.302283061447326,1
1.0863934463769165,142.28614881771978,94.89866600969908,2.064499066518612,5.676502576719137,3.4648939005105657,10.052038513917957,0.0545501647995131,0.1078959084255785,0.2450463808945291,0.9096776921685434,2.027464917438948,31.34360219957599,-26.397231724945705,0
0.9817232594060868,99.81573306174091,159.47396770455055,1.9615740142052824,4.1549785623678055,4.631506072649576,53.61170558726337,1.1382231501335367,1.0633964466413075,4.312169832845592,0.9941166741012476,2.142742403555858,33.52302261116141,-5.135518064492068,0
0.9989850142391152,98.94865973871528,74.17060349204219,1.0065585868672358,5.787140604511221,4.19159118853811,42.74744242018126,1.014671713790352,0.8572762322090679,4.876515817468334,0.9895958483527918,2.069202764810309,118.14485132996876,118.0212265635768,1
0.0102290751019266,115.8953700130386,29.842364458415997,1.805716863579716,13.85957760881644,7.935177612444651,42.2179954318884,0.8544429942990082,-0.0386552934660484,2.375424962735776,1.0448385807708336,2.0336406568768,54.05685197080015,224.7935749323076,1
0.8889712879826392,105.70681973126216,157.29590400403544,1.1403308818732512,3.938904261253759,4.96633501091559,13.46971041239222,-0.0096073013980061,-0.1537115926293702,2.2120277281022287,1.1124829401908094,1.9981284507372064,53.69970101887469,-7.516599173259252,0
1.064246479562124,152.1429006946425,101.85107100588054,2.047841322589398,6.9685801637044245,4.164402770244191,41.72782977481079,0.0369308128275406,1.0661360713046433,1.4600374558974183,1.0051648658250036,1.962758900795614,141.14384628222612,26.656497171668885,0
0.9143181668434912,324.2463815600852,139.917056079818,1.9854449749602003,1.936519144551105,0.7018912812006559,125.6628382806891,1.0953600630187197,1.0800575045868313,11.871304685462816,0.9712116595767348,1.8961591748943571,-0.7421135988422378,98.62527259720854,1
-0.1766730985445326,10.180332819425985,-14.534269684609528,2.0207071872507667,8.596097913492388,3.6369994097629146,39.58230974721071,0.0922660319018134,0.8268262834308165,0.9344202720296116,0.977269214847537,1.955071097559133,21.28956376786869,-12.360359097971305,0
-0.1399697797785937,230.8320147990309,179.95157957817304,2.03894069986822,13.294265076793687,8.129424484313967,114.54449760929909,0.9804307213961898,0.9035509078869732,8.680812254142918,-0.0401164784211423,1.9649433200708,-11.850727375475742,244.1366128335069,1
0.9453559683082984,27.13473755748126,58.27665628450868,1.9133713833741857,3.533158209425926,4.025085928178742,23.263527381787657,0.8043515971082119,0.9987810770816946,2.82183457674956,-0.0103054095936445,1.998328907559651,40.08041656538422,107.76789929836626,1
0.9193536833452782,128.02427930589445,1.1363308115463866,2.13788383790326,7.975491111058326,3.537347502366737,31.08265191604691,0.9199243687634407,0.8738838672620735,6.076458671665226,0.8776430206958429,1.8697900777696184,102.4981123361568,-25.19274287011047,1
0.8700700643610082,151.72098645539384,18.30767450891669,1.024929034697937,14.712050595651007,4.603807578290633,4.774180817703879,0.940741811008053,0.9677892004226158,3.411129746084516,-0.0104851731941806,1.9763963002285292,105.5323211127682,113.34070496886896,1
1.1897910821366728,187.39685642392672,121.07963285846378,0.9954186069020372,7.977368882248457,3.767454489493908,37.86489909057896,0.0317656533162271,-0.0775978520746258,0.8991769846329913,0.9392060355571032,2.1373343057971166,17.17238201377429,23.4498595641924,0
1.0086072741850702,102.4470554460031,19.01579385825648,1.8727475670948788,7.346227833516289,7.857446931580197,83.83442769358628,1.1718918311742188,0.8632411181373494,4.316735854189065,0.8963138685255432,2.028348573154393,104.79094239389556,39.39973891922334,1
0.0010392357583468,137.6842017724871,63.76089216284573,0.9352754701823688,8.675809933798305,4.396195751079895,62.18698587854854,0.0395033141938027,-0.1481538168738997,1.4762341118668612,1.0627170421867314,2.074362021370208,20.53698314517676,-21.59031763210374,0
1.027920985107617,163.8123220776114,102.90224705040532,2.040488333977469,13.202941174763849,8.272748674537379,97.97243298378454,1.0669500309965771,1.0745161145907505,4.13119972939132,-0.0219614487855134,2.091394270334148,100.59214848651104,99.68518805766962,1
1.0231715805674857,218.4549381447678,54.07796497490509,1.9745462224128945,8.686218346328195,4.092351570856876,4.982725900534739,1.0198145736187878,-0.1166153742699958,0.194566847357688,1.039747010979455,2.0878872848335788,132.40578062006114,213.0190876581389,1
1.0720318097130677,110.74223586415808,44.740268403459226,0.99117171410719,9.023242309976071,4.188210291400625,28.405310607111858,1.018955238629137,0.0655602619252934,-0.3598021606565882,0.9516816133262608,2.07338395967522,95.71069427299162,90.232878708109,1
0.1060672454293973,359.37343223932885,96.12647697118932,1.9730843513404064,1.1218390693411209,1.310110030203533,7.607790386830427,0.0283600523088754,0.0579068646998079,1.0517133513503656,-0.0671466836773305,0.9843974760282416,1.17516229559385,0.4961635428993176,0
0.7773230853626906,86.59668895952817,39.9211699805084,2.1263414223611554,1.124752929377273,1.3980445708237066,-3.5497764149040165,-0.1550837001345967,0.0258001410228687,0.9729056262146184,0.9510198802683344,2.0050559115876765,57.525020260368194,221.12437970605023,0
1.0921334368163076,229.64054786463325,217.4667267266149,2.058222793891123,9.297159642994831,9.387779678763346,136.07193978602857,1.0101816216830533,0.9245724945836132,11.30722422893846,-0.0535759717007222,2.0324033561815145,-7.814062081606508,164.35638375007028,1
0.051207123178951,83.9259157652577,142.81422459496852,1.869496187751518,6.981120505932654,3.8411424528276585,3.052493301945425,-0.1720098478914959,0.0810690541443144,0.1241023155843348,0.1488016567824548,2.10872688631028,-1.2897283613283577,108.37760100907232,0
1.0501055301128015,65.83771860229747,161.22175376848148,1.8653007907081856,11.285963223725853,3.299286493222903,63.45841698692009,1.0128483197819007,1.2361751011268038,7.112963317264591,0.9897701243854248,2.1073924649660354,42.98859951697,129.88510382229202,1
0.9523085836812086,186.52018202315367,51.63811030088398,1.1180246806631504,9.193912328972564,4.032406550311509,-4.8001668934088855,0.0011916697219301,0.0012916105876328,-0.1023006760484577,-0.0537618009768878,0.9806937927020928,56.81366512216466,7.70271144218168,0
1.0074820157303757,25.53232057474689,70.15446562202715,1.922293340975216,3.511695900578976,4.249486657855292,21.84818980393205,-0.0487583578498155,-0.0642747272901051,1.1014613123025834,-0.0408016399061749,1.9337571457846596,59.932654530669545,5.933761372195221,0
1.033331277397071,84.34495282285197,191.2459185044143,0.9948350583314358,6.009259274037475,4.261528301606613,-3.2810522685011634,0.0040293004260096,-0.0308971351885175,-0.278468233099161,0.9082801859994916,2.0936521758111155,41.54843645256504,93.77028655231852,0
1.0235926076364108,102.13271232767184,13.742030444084492,0.9316605275873824,14.001650968874916,7.393596857029447,13.086228392765117,0.1319083866605913,0.0851008922954177,0.4454224334592136,-0.081363404946916,1.9874556183468064,74.05540027710357,-11.971942786746077,0
1.1335831868751405,335.28830616382606,160.2631765808651,2.0403705344480256,9.38311819458454,9.464386109073711,133.62539998604117,1.0256182965379794,1.0679700997666404,9.38911364103054,1.017035031829148,1.9932493092944352,18.9154439181043,15.05702757118297,1
0.9346697835818264,205.92338413152925,45.520952878958255,0.8945589624039906,8.96284507816604,3.645015823050932,-2.380164163173646,0.9219649522270574,1.05168452766788,1.8128376073497323,-0.0177939977774369,2.0356491852390786,13.689919470814509,152.95739836359715,1
1.124087950122956,119.24680453912728,133.31943607944754,0.9190746398089016,2.1482137634358667,4.175004062871389,79.86127901388865,1.046885563543781,0.2248994196099416,1.5159790098162786,1.1468198475138354,1.0109235378393766,31.324682024794868,6.53929010198538,1
0.8958840203710094,318.73202127994085,116.38357219169468,2.041008527291598,9.762953038332586,8.74181652304977,1.3743118210771073,-0.1145728615643525,0.042427603001242,1.9122344576727976,-0.0078923727275181,1.987897945972592,4.444369789851429,-16.47055789191844,0
-0.0607813151029215,79.47789434411844,180.63003709224017,1.9244059575292536,12.67955321489702,8.118461282669443,43.43831263623871,-0.0488551228981322,-0.0183993397132942,0.4246631204266848,-0.2642323583845506,1.9177062641807567,81.30003646214112,-30.685917005647475,0
0.902031442922029,15.03247795034784,114.61005459864604,1.9976831400385864,2.158518648608374,4.199410952813162,10.445337463152462,0.1464083142632073,-0.0264884408901611,0.6505288521154844,0.0480679007808327,1.890324914379888,30.708626818134324,15.253487107875005,0
0.906246220545908,182.59432148600857,83.7854367928667,2.035323055550437,7.792224149228621,4.280544269397029,34.542220429983274,1.0046925650701632,-0.0858463495766672,0.2103298425006614,1.1022301220311972,1.9097508539194905,78.81797994208289,-1.4000910921566572,0
1.1397419386361056,182.6243482846664,95.03263987553665,1.9216725807897597,15.274537527103512,4.213541483695672,82.19861822014276,0.9332449041991298,1.0254072728144674,2.652629030802659,1.0697197037889024,1.94305342784856,103.41824701834372,182.42165437299488,1
1.0010693325265805,243.6207110607289,119.5194955917408,1.9825594991973747,5.203204819946366,4.939855014135643,67.58295485135349,0.875102977958736,1.0505824473584024,2.315475765548933,-0.1780384114101914,1.992673360537748,10.183698932844491,130.3889007287177,1
1.04782577099956,305.528655310452,34.454882498475655,1.870633928367971,2.604896938598018,8.16781088216053,84.48971822237792,0.8602100018755876,0.0381247890390021,0.9919234012706974,1.1907550354501029,1.984877361636695,117.77289998314886,-17.408856348512437,1
1.0135627439731203,142.4124388935198,53.25969085156137,1.8598446253061225,9.038489281521109,7.691672921443905,87.44979382879198,0.9379291982741595,-0.0618900743798586,1.9781383941271584,0.0990367112705356,2.0124613793624864,99.02035529022842,72.80776947560852,1
1.02648156564377,76.79351883233755,47.41716346373391,1.94066602362643,14.443066797344,3.729723948040767,48.34515874723408,0.9754543617761352,0.93572546298032,0.9894629451780408,1.0252308385609024,2.0534618075009226,130.52093666587876,53.52679957745314,1
-0.0174134682706209,215.69769433406245,37.75725073355891,1.8541795543234307,3.1091551101568458,4.51163691095018,45.83118268078541,1.1153489630206086,0.0581710868041817,1.9265997590728356,1.1554207049206813,1.9538466210171483,14.82553509683072,72.70844446536815,1
1.0373270796689456,17.172672522090267,56.45100678633357,2.182358423039379,8.738478858847627,7.327274325385826,29.18414671577028,-0.1002237837708656,1.1264042375219567,2.320184141366227,1.028228420821717,1.902096798583505,34.1764515805729,127.62428431367738,0
-0.0163470366907909,205.4206082008602,15.832218806191662,1.8605951851727616,4.452301022677152,5.251342922180909,29.48679008722826,1.0407289660743495,0.9682843799851308,4.634945433264941,0.995460310955993,1.970909923930708,72.12331834414934,30.356804035913893,0
-0.0960455751048998,89.40338220010163,185.7338403248184,1.917711888491313,14.017723835358964,7.449890586076476,12.6842537532106,1.0836022270769825,0.9569633674472277,2.799203908374243,0.8874203098988733,1.961280495782233,118.2156662365866,120.05948713012867,1
1.1032331564858255,198.14393605917505,93.38807139605264,1.0312007232153295,3.513434369002683,5.906814428959988,117.04998988352082,0.8421361100705618,1.0441945784407027,8.92037323084123,1.1198444287243718,1.974523453241662,78.74468631820568,14.478677982984015,1
-0.067301182650227,131.45059638287,6.3267459111262525,2.1480999484735115,7.837704480123019,4.181400452598074,68.5842578667567,1.0299970326748402,1.1429094713871764,4.998789752781773,1.238889195264612,2.064921449357352,103.92954708530564,192.70422288984105,1
0.0957188902035808,208.45404967616375,79.64115583646429,1.8146893540040685,7.803887947046837,3.7684242029272337,-7.261173857734512,0.045253131574257,-0.0445219716878739,0.1326366527965254,-0.0552609699595162,2.0639775465882897,58.56109637422348,-0.8890797846273131,0
0.8882742532301477,25.044509263899517,113.48452092051164,2.0010738722021446,3.353886729349897,4.177797268698654,8.831027474470265,-0.0098379515782969,-0.0418829243521711,0.9357233959791332,-0.1681362731326844,1.9135794703946216,5.800283106491662,35.511528991997025,0
-0.0280583186412939,123.6738807293262,182.84249586600947,0.9456316721061082,2.378187437525437,0.9810159692673688,59.83964914963089,-0.1396887264491639,1.0512714027639167,3.669908978271708,1.0029645452787503,1.9842338391280816,58.22941939085178,17.724789020000856,0
1.060236688466285,329.06032026621085,167.6674922506541,2.058112826314829,4.334421275785865,8.60119800479832,112.13221418740328,1.1057442038308172,0.047204073539896,1.7901145125607734,0.8717438123497534,1.992729507442896,5.640448419536021,178.45868611297766,1
0.9088576677504536,357.2782967057051,131.6051987046814,1.763624143350779,1.477561073516422,0.5873873167941559,79.39163926279475,0.1391323196411049,1.0016585483794356,2.8028836238497155,0.015325336993894,2.0948001526234923,10.203818072982417,6.880648900250812,0
1.1448042649790475,327.9072124719937,184.18600764309247,1.0974494327637614,9.550917793321494,7.770313723913689,84.87775699540103,1.182009472054114,-0.1506128308990806,1.8285361753649725,-0.1014711577258112,2.006119577022333,33.762240448541874,-12.91844317567189,0
1.0107381262595987,84.007318226796,32.21258978095487,1.9066550956901496,8.129336436615013,8.513616942195817,-9.594143881837772,1.0179453383970185,-0.0579198234860121,0.7010970979118114,-0.0901605268234254,1.9898745516156957,79.98253860119249,-17.3702390647019,0
0.8546399420997539,40.919781054931136,68.93875132508474,1.944354953043066,5.798309467674983,3.4117739189450225,28.33237996066603,-0.0392630019229757,1.135296487408005,2.0416466546198224,0.1424472669381459,2.015329613265613,31.86966052917232,32.447322028955966,0
0.977855167023998,50.279757966694575,36.01221316439983,0.88775053309526,12.947407684394223,4.012568639615929,44.47055599988427,1.1225970601990896,-0.0841231116766012,1.2525046850222252,1.0067729416329048,1.9070340283893232,19.834127518866676,21.17304884690304,0
1.1101481968646447,198.33091948833584,75.33404666159113,1.983110918342465,8.608897578885605,4.470078791381008,72.8892375681933,1.0822834617167487,-0.0596612231437609,0.6837490978220564,0.8149761098848133,0.9594518373273756,97.9302042007974,14.516967157547027,0
1.0544367234023089,278.1741145163181,55.834593663918994,2.037739594853501,3.283743265258284,4.1747958234294265,11.011606777341829,-0.0296251848172063,0.0065843243223087,0.4376688285487815,0.0986081664465666,1.929632544058572,64.21588832406601,-1.7698682441058151,0
0.9700112699079526,247.09632758481047,3.2957264208063464,2.0310979007047814,7.001381132054083,4.385822166516674,119.55710622456994,0.9036299599342588,-0.0637026695029882,1.51176568246559,-0.0168331293407343,2.0117285463984707,-10.292174621330789,-5.706955076685972,1
0.9397976158715848,100.88094624553652,-0.5955636024273616,2.0391093870042054,5.06378461279221,7.969198752007883,71.5705117127775,-0.1113417653944862,-0.0226871844039817,-0.284266226684871,0.9090352810783748,2.0135435016872214,123.16571581404123,41.813536821353175,0
1.1683251313213026,39.79604534485922,158.4907956742972,2.0216153216373183,8.101022852298653,7.501788787635083,27.34603097248599,0.0220948492399593,-0.0411692207651709,1.2722681777657177,0.0021232080291962,2.046204330523242,113.11611528575438,16.428481589548014,0
0.2204704305815592,173.43922712430313,92.05145103429506,2.010199211007558,11.726731492220356,7.774349399448564,35.418904375863285,1.1056051752350808,1.0374641752774376,1.3513404603905232,-0.1221054973712547,2.0896527401199845,4.707123839196818,-10.073541016732143,1
1.0554237171781249,205.2730001299469,50.9455413174606,2.0454347213467967,9.548871352771052,5.079861489940036,5.964231006462015,0.8556260164847502,0.0592848238893392,1.034004553400901,0.9587847989567098,2.076307300198049,40.83059560169835,24.8853329306222,0
-0.1033307390643297,334.2214599529483,102.79259137865094,2.072724647565356,7.354092296539226,4.154711320033524,72.08086792582557,1.078623755246409,0.9309119265319532,4.166822432485511,-0.1753680318665646,1.906531643302985,-7.268224329336789,31.88851623233655,1
1.0107565743106872,156.54057653978032,186.60507728581308,2.105580761170613,2.0058845566972723,7.9540765613625535,21.727436853991783,-0.0977388094095504,0.2784733282045588,1.3025692129281854,0.03794814470883,2.031358358820845,98.31348021548236,12.513920465670855,0
0.0965853005788455,158.03841987709086,52.900948167099735,2.021202469968322,2.7983846037454585,4.219363967043143,-2.260313652156256,-0.0783934837872899,0.0136745997162909,0.8427881811488422,1.047592040139378,2.047140410364596,6.611961218158086,-2.11308715858106,0
0.0605946648812414,135.98329310992466,157.11284036502195,1.9763762304171475,1.5738938129877962,0.9915004030827452,9.2542328179571,0.1313821456232012,0.1186509952813754,1.9720244924359087,-0.1033323844293478,2.0288226494237067,59.39654912195224,191.04158863093477,0
-0.0801007014589265,30.0201710485579,148.35718586371758,1.9789363893110767,9.036024478619424,4.02837578306874,27.18985605068004,-0.0598182018371306,0.9450689627815484,1.904383108928112,-0.0044599237946824,1.9737922289401224,40.98780757711068,-24.36571233357744,0
0.0378549877298091,294.4876874162365,4.499438203025861,1.1291277771170771,1.1510108933476912,0.3497223532049105,2.475335716035687,0.204175770785672,-0.1273798890834611,1.0239669241985565,-0.0225534401610166,2.005726062264398,2.791654924743014,17.562049246857597,0
0.8274991282341682,252.5403754065236,17.892327143988936,0.9062758232140122,8.464693296199666,4.36169892681236,10.921117469903056,0.6939516709342273,0.8735405346826304,10.520829836426106,0.9455396477446394,1.8815083751792876,113.39311472542651,70.1940363163056,1
1.0666912893396925,88.48804850604743,6.785770514243254,1.124729135385153,7.67562739883763,4.012784452783463,3.952445638579768,-0.0618999183995897,1.0466162164473107,2.569878640114383,-0.0410181479042501,2.08137605116311,30.40231423264102,-28.05400759953222,0
1.0061647343005804,53.37450848449423,-1.915316434291512,1.8911357771565105,1.9643100817325816,7.814615278402186,13.022151574920269,1.1545424843840677,-0.0081456506059202,2.024032599644904,0.9468635068237052,2.014617865911484,0.4883254773906955,-23.66385546008612,1
-0.0916181302277208,31.39411302713769,24.67631387873469,2.009573570069616,10.45144601468684,4.467282444246054,13.74465318164374,-0.0423698874300276,0.0519348714520248,0.1021046831034757,-0.0109093441999694,1.065042499488032,54.947147546805006,19.123196600342236,0
1.1190699501866597,326.3438561496232,10.519768277856215,2.0465103787798142,8.561604646786495,4.178421680926751,3.761723487093505,1.053745552391162,0.8976611891601359,4.189702569691188,0.8581304351520045,2.026654041824888,55.56045878652048,-17.634719539650284,0
1.1119761535313126,169.83538652734643,40.91734221222664,2.0530554851153724,8.408811192417204,4.123191792835993,38.12603208368106,-0.1163574761002155,0.1987547492814777,0.2264156825127732,1.0746571326880452,1.8992327934708155,89.41984641507413,23.030516986817936,0
1.1467338512083805,127.67390977570996,16.20336145395011,1.907210147804704,9.72931849512837,4.835174962606761,-4.791669107849813,-0.0345789604065497,1.1251426645202915,0.8333312644253783,0.0564678336699891,2.0729454527217444,111.72153146425246,205.99448073378755,0
1.096051061431144,-21.257726680666707,-0.4826970173730842,0.9585930840474288,8.706726437037007,3.9826608722752312,15.04054218058915,0.0661500851434797,-0.0405891971319002,1.1932362375388013,-0.0352815712414889,2.0513225244729005,32.712678830078254,120.03295739263908,0
0.8907248547592111,70.81925109640923,187.29717069009115,1.960261802490577,7.981126601626952,3.839622157082492,51.14301926574941,0.9765102371530026,1.2432290137918938,19.122423475628235,-0.0849919156578325,2.038672665747681,61.33057731151976,133.19209535428766,1
0.1264870988572429,90.28174503771814,39.876684668875406,2.0332766385038874,11.036014490936829,3.8903789284305903,13.665651136336244,-0.0311412473392951,1.085871330009681,0.7208437773661953,0.9460340847741056,2.122115392860132,63.2254429223397,8.532290596496786,0
0.2094519974036608,-9.616459339882766,88.43707532932376,0.9996829274490544,7.424986202963329,8.358287581797367,70.90465602060712,0.995229676467852,-0.0267816055406228,0.9097294706000524,-0.0104415799641214,1.9953196183942328,84.26601913743937,4.667702392454991,1
1.1421704992547852,261.66389710462886,113.63680101870337,1.9736023617590592,10.55725329445002,8.679591126128651,121.56975369201804,1.0804014527898127,0.0122433600972834,0.5270938243899157,1.0010944022654062,2.085756543385909,32.12117161815918,-23.865087127295617,1
0.0677660862843222,215.68588981475665,37.96069469485727,1.9700388750156956,7.406138790461678,4.219684054699111,50.09622075440072,0.9439704427152992,1.10977111901536,11.288147633557848,-0.0581458211372918,2.097726152047713,9.011232210393525,105.79867239941709,1
-0.0619153328851662,358.714758743982,218.2464222490135,2.0083890842278382,7.307657878317938,3.7892573339094975,93.53201529939622,1.003748285797211,0.9910088460949528,7.9751398171606755,-0.0213616407469847,1.9138860535110709,-3.763957566753774,213.28808848786443,1
1.0228022303033786,275.3480817530508,167.01444247147444,0.9323224223940726,2.181713856953742,3.8128125534365793,28.73591601956088,1.0741131615582162,0.0809391239046931,1.7650921715542198,-0.0606195572830273,1.070430680131517,-3.5524801501563417,10.494374600894758,0
0.9522660927988068,326.83999335716294,41.55115201517043,1.974050494037329,9.067053051383668,3.836728752857942,55.75080054068832,0.8838784708649317,0.9442368900411192,5.270403364801054,0.9438218303268148,2.061595255959608,31.632399436707285,28.81855530155741,1
0.8552549118068813,283.5123018569311,116.3839930316844,1.8515977829803167,2.414285720606893,4.58307491610224,109.23858123890123,1.0600445072697535,0.910566362227636,15.790178273553613,0.8148333907636407,1.9704783690874064,4.679948333498331,224.98508570423184,1
0.8011678804861003,293.0905656223837,23.241874726434624,1.0097810972105037,4.135715828274067,8.776815687744664,65.78577696693932,0.9972596163644408,0.0301221375312139,0.4063447357278176,0.0028226492936869,1.9044521615090355,76.00405363129715,85.09718315502471,1
1.0552263148231282,174.21863131870066,88.09275708235721,0.9700575780165388,3.067374347031338,4.254555666479392,19.656530886744022,0.001032444229004,-0.040386379454184,1.3183353897421095,0.8789630546643292,2.0426463661425864,138.08177962754252,24.86641666709474,0
1.1431121146300511,237.71243419539093,-2.015686732742012,2.064473131705648,9.423502044234333,4.780614716410348,-7.915891087581173,-0.092553617709832,0.1469241417797205,0.146710503484003,-0.1317860483026632,2.970964831644576,68.8758965669878,-0.4876675202046527,1
-0.0571601365903189,147.69585614357737,69.72649873052849,1.0983780445917128,6.440813186859161,4.008086127672556,39.77628012927163,0.0226628906457562,0.1002120693387391,1.34728791298126,0.0166145071528814,1.9524062546746643,70.99831838502944,-44.50178642867858,0
1.1598659990373823,217.53696517603984,45.97839958532396,2.0029358826220847,1.0806688050591289,3.567996218957453,7.264599610608602,0.0844765435966968,-0.192081825377794,0.6926753811320925,1.1006112325412305,1.9133202377975551,80.11383270631023,1.9585086149812407,0
0.9080051863367098,128.05027463647997,12.291372689103312,1.827809990797512,7.545201139410329,3.700125170661359,31.33477392031573,1.110715501451009,0.93872212593544,4.47596643279421,0.9341183193630834,1.889765423923462,130.13732536885482,-5.841077219664989,1
-0.0921090199752456,105.58806848342957,37.00961176468419,1.7976258663504363,0.8473081426576954,0.7831658931298233,6.690486484629233,0.0352040181680018,0.9405645363952144,2.475684027702673,0.0720703334952122,1.9541029909938203,22.45266643981848,61.6688768255167,0
-0.1130536679906627,156.29397464570135,76.62851174018351,0.9712822508287714,1.9194292854500297,1.2738214010193811,15.275065228300292,-0.1546167390620517,-0.0262558508417831,0.6270701072082168,0.8033302451017612,2.0633219879852303,60.50603886251322,51.74571006240841,0
-0.0102523222357056,158.55104940819143,52.01017132801811,2.010415270904798,9.096257997676837,8.327997382471064,1.569578447355532,-0.0728502235884519,0.9589902828135892,4.51112043121679,0.0002982697541357,2.0203170983170127,7.180373060314295,23.5541269047188,0
0.984078846790537,185.24584389159887,67.64486946305892,1.883256967960687,7.380961396776036,4.10868398511784,36.27515119474148,0.057124387176529,-0.1216526592448954,1.2879520030390612,0.1087720358697902,3.029072458062584,39.283075783649736,-0.3930420809271311,0
0.8722630731992143,160.25898082156448,71.33278028854976,1.9930477918413911,8.74786390995158,3.8055269976418944,31.21063088349417,0.1384552959987404,0.0439701618812645,0.9133228809332063,1.0616926843515238,2.0044071033657174,100.24550810439266,46.91216186985574,0
1.0068816401182066,217.14097176429243,38.41683918936732,1.956090003958944,14.30176135543628,4.134034931557713,-11.246334866726984,0.921516834701298,1.1191790688271803,6.063870904807172,0.8588006071291625,2.1406879686610543,148.73306037338338,6.5837845484012405,1
