A1,A2,A3,A4,A5,A6,A7,A8,A9,A10,A11,A12,A13,A14,target
0.2601887510330259,13.29007941370483,141.1800111988485,0.7241636478652766,12.555109029469447,8.51112501707642,-3.1220246656700468,0.0984925102471852,0.1074302344105601,4.194539063762857,0.8975281045750263,1.7354092986222236,80.530086550964,13.55195171948069,0
0.9895595519683028,32.00760123803565,-33.77776844765033,1.4362245196103955,6.331432695606093,4.3870138463499,28.33959014946345,0.4708935255443471,0.4660268603200236,-1.4141121550615567,-0.1053054965383625,2.0860556695393315,168.05790274971622,199.5107323737116,0
0.0780809589205293,84.7792399388623,36.86455861617126,2.109577731906325,4.722485762663325,4.796236452659248,-14.38985108182318,-0.4322241737774621,0.9826616338531896,2.203141050229651,0.792684473998071,2.148885897870163,48.86195996819743,-12.736810615361756,0
1.0876489918343382,149.8564728169737,52.23776652968749,1.1998933479490534,6.7230405421600805,3.6946324662084975,65.21245972857531,-0.4098846655754026,-0.2392227353299278,-0.5045695653696303,0.6640018372683301,2.078815841018053,140.110740546461,-38.57827448566757,0
-0.0684819839425286,-2.12474122421483,-3.0716481751505995,2.679369610059908,2.2276521547369983,0.4459796575010992,11.139215658491176,-0.3029343719659785,1.4465867636776664,0.4009446768122213,0.1497936072422662,2.190978282059103,63.64656086306587,63.11751343716104,0
1.1836869308830014,196.1033245368567,111.00914156981354,1.9540507714611792,13.260054015248588,8.505646986103546,119.27252588538326,0.8879173693074891,0.0689921119464235,3.8853829285352015,0.9837929251326064,2.0951640821514115,34.28278514666185,132.43091843713074,1
0.6882288165642692,88.24776313545871,99.63044014079529,1.6872184474742151,6.834409044351853,4.402204519588465,33.958831312330275,1.0102519926460942,1.2066571278067575,6.618261532899855,-0.0926993519237103,1.81291940744471,71.10553724672522,190.5134557297056,1
0.5616844662022901,113.61238962899864,221.64906914555823,1.9787037380941317,8.894914740584527,3.43320926415264,-14.422195898499156,0.3075963791286735,1.1150214315933815,4.186149109330738,0.4490396883696509,1.811016693755648,-14.274588711802878,223.8835899472103,0
0.9325914828975708,158.857005760775,90.53140101558024,2.0093348739817665,15.657813463604814,4.096667060756836,116.84473924519448,1.3377320902032124,0.9648062845386648,2.5209475294745847,-0.8520709278918177,1.9415045617179592,98.55499612083564,17.64238055216162,1
0.3980140986310601,60.41965309789728,49.32478646614337,2.514264679154247,0.7433905118230673,-1.0704681427458942,-7.623685161770716,0.4358859011962819,1.1116297467225298,0.9708969367766148,0.7951547076773657,1.8997252913478468,78.99435976279472,109.3258286869718,0
1.1669798622485632,95.67357139207036,210.9257730694551,2.2599264131975083,6.688467168849567,2.800862951365352,-22.8077893152591,1.4414917542995591,-0.2309875595096759,4.580517477723168,0.1569641221680593,2.059104697711475,36.50894163302775,29.795700565410637,0
0.350009456130294,-13.542269592332502,40.85813649030551,1.7638543231959325,9.516178464898644,5.764780828633092,27.182279554638537,1.1385145468417377,0.4445613088585646,6.504746673082038,0.1801558735666571,1.9673037168389715,16.925394735424206,-60.44755949324206,1
0.1937567691847601,105.5536169295834,-8.749682850697084,1.835624995393834,10.528051536172937,3.361407661989765,31.649800727660857,1.532830888415532,1.3701999004139016,2.6158006744289954,-0.3612011040168292,2.239599938869712,67.64266630974478,-74.25023094374998,0
1.0086656835363397,314.4468629333327,219.8002037468997,1.3108079102169523,7.874363292591786,5.865174006375291,6.435248909693637,0.8861806460904413,0.7765170732972951,2.83667272479875,0.9024678039776156,2.255745223479418,119.84056210983348,-13.64204925319715,1
1.0672887099713757,49.69087187993836,87.68843015130773,2.223995547471305,2.2057386601974622,4.3945597155735205,29.71364866225152,0.5665274673490674,0.2204294213766291,1.106767262484984,-0.0161651390234721,2.0998619801657075,49.79932786552016,19.26555912532945,0
1.1119812390068369,3.5180175662708564,39.35302035900072,2.547075269118136,10.21543657654288,7.981822976157476,37.55244014731085,-0.3006713513125968,1.3792127125658702,0.9605524240986814,1.0846852624651504,1.706290395750516,-3.470645258281301,136.8728529410321,0
1.1747982170182425,43.984203851692,-42.12258330172669,1.7210830271734556,10.86518426121276,4.076311183297936,91.67455131230643,1.174635824583997,1.0242008514111982,3.921648971505821,1.3300826587724446,1.894277068079464,-2.881657964966045,74.52423695802746,1
0.864136701314069,156.41097954351343,84.68080572442838,2.191139983748781,11.007748855603545,2.6243949187733526,76.25717333282441,-0.2555326893514485,1.0770404782468952,2.6246698607301644,1.145021693541077,2.060368440506418,8.651744461627445,-54.83452619668805,0
0.997654670191693,6.135075288808366,41.868298604204696,1.8212029234314169,14.279755220843892,3.6227287891414095,4.446707184555713,0.2273734926159638,0.0070837401351651,0.2793917023179082,-0.0089751572412389,2.160134592764819,50.65885275061079,-4.502091867511012,0
1.0062804383726331,282.0954554546399,20.26392018005609,1.9266796999125035,8.887203574657942,8.986823659044571,-6.111075158015069,0.9821983557002106,1.3448918408110395,4.332540059169591,0.5394945340167089,1.76007984656461,67.44374752427437,105.58557829175469,1
0.565764735420644,264.5369055707933,91.1519790950532,1.5547933489409518,1.2428571618206776,3.749224748306722,117.71574371670374,1.1801335218092612,0.7316990866829077,15.37053482066083,0.4445001722909222,1.91143510726222,12.039845000495,248.9552571126956,1
-0.2445174268670753,66.2931772695798,72.11392937003359,0.9514603792320392,1.710630181298164,-3.071785327724643,53.52049999045772,0.169739769353432,-0.1768242006446586,5.662100961003256,-0.1038604695074836,2.0237418909541924,-12.478513773716898,73.00274349276802,0
1.0030276743248845,174.85516916990926,45.67137243407121,1.8841004065013467,9.267463569901176,3.870350484706968,25.88418248831141,-0.1547226207968303,1.3266259798421896,4.634220068665572,1.167503829459243,1.9538630504155667,180.86496226687865,-27.04987624724148,0
1.7318558078711606,-31.001771032779743,139.71794165791852,1.0069087066625864,11.343265962550412,3.1775960348599237,56.62965163587367,0.924124565013404,1.4686997277773024,4.061091302966972,1.279789064468865,1.6122885962838118,35.632200559773764,167.89406182259836,1
0.5205795671615796,67.7195937324685,73.4450748850484,1.6556515861530132,1.2353437866623125,4.03860157692646,43.85686463428955,0.0127006881618573,-0.0997727671300113,-3.495483223726418,0.1351960604306555,2.1184726402685974,19.699391155852773,50.44906326788655,0
0.7615270792506798,-25.04165769194276,-9.562773537866349,0.6862979440126686,7.739893114876542,5.061754839346512,11.477523455860844,0.1521546433067345,0.1789921412911931,0.0967637846917055,1.6340909175821576,1.0420001795888876,100.46497310136728,-41.68895903110204,1
1.1503165903384052,51.5131558068924,155.6652613054444,1.5959023721245575,11.85788967117756,1.8978594796687087,74.37525096076027,1.038544959345702,1.7085253033804113,5.338889951793774,0.9693103731562744,2.322177394898106,64.96579855091,109.65531146687604,1
1.0861629673635371,100.72916459117096,170.75579558488735,2.630697169231166,11.88192888152069,3.1386746449835536,18.040255054336725,0.9357957940473252,0.0432995704755447,-0.6961905546437124,1.131179047867838,2.260153017396908,55.651858176598125,-48.17073940193081,0
1.0686530626971156,232.2574533581598,104.01436483515876,1.8379646472403344,10.400665274522062,5.496061184338915,21.04972840774796,0.9775953639546008,-0.0279019082160456,-4.358525279241327,0.9343549549871424,0.9718152720879322,131.5646879211207,62.71320584605035,0
0.1472401696985356,199.46564417321,28.90668187930114,0.5007523193781198,1.2946236955470765,-0.1384705429201593,-11.597166991052896,1.1435826065066217,0.4207108688446345,0.9079366387309028,0.165631178026791,1.7412101573747671,113.79364721402192,-1.61102492548509,0
0.6681782841416135,143.14879933034004,4.02822039376828,1.45615928139343,9.183663394281783,6.910501147586556,55.14349669876933,1.4119808430243266,1.3344147708372227,2.0680916171649355,0.8677119084737485,2.201540571209282,111.51459904691582,242.08680609244945,1
0.5967313189914687,186.37388937952977,30.746091976015123,2.071073122854795,6.907797743377581,5.988172404024745,-10.987136330085022,0.9802726125989656,-0.1673764322950205,-0.6383111637128756,1.12816911747701,1.1930387611358562,97.50209946983809,35.02630630098878,0
1.0646030451404702,145.52197715051676,5.211839137931733,1.7934375756994076,1.3464751523201317,4.076521959053188,22.129326331214116,-0.3636890885827035,0.0893404851202184,1.3829035748511362,0.2871167694811598,1.976148377374712,84.89062520775491,-6.506285531452406,0
0.939669968951741,345.3072916139143,32.46365845800152,0.5357454031578104,13.180527515799763,4.815133618466529,5.475015265912663,-0.1113054290517217,0.3212774256928658,-0.310999783090669,0.3432577773557996,2.097138552741594,7.770358572777056,81.34232262260697,0
1.0633613624537483,246.7449363798127,50.94197559797372,2.304093018098753,9.23528873231988,2.2473455406991194,-21.006192190968704,-0.2498096843720519,-0.2537429406693857,0.781598776803968,0.1837406221336581,2.2248715089753373,110.5272169152276,-18.4251267028858,0
-0.0036749519671666,228.3581536542428,110.15991313446872,2.255910737644169,13.70559371909669,3.203073297948411,-0.5628430732951628,1.1136852207532049,1.4534214389241682,6.772027787188248,0.6257734781567215,1.9526887115874187,22.250162770299617,-10.659643262146837,1
1.4347734017281386,369.948418517,-28.071431028481257,1.8722998225082013,18.00537651549171,8.288046933208289,-3.829317575595177,1.2152725092985093,0.2989992832792472,-0.3822752933421025,0.0655989993617296,2.166000528816236,-31.10519130044382,200.53808183806217,1
0.6294242351690946,364.3549941843111,195.394612095396,2.5256991161850157,0.8379501613045468,6.010547647716376,149.57187574423514,0.8437675349179916,0.779476836287889,19.793286216580565,1.1718571895176897,1.7472780983650595,-30.223858766297724,-109.55134468235258,1
-0.3056968396001969,-6.369521373659978,139.61435847528682,1.7562324637982565,11.866114775783116,6.53631419170985,23.72711652509537,1.1275769598503578,1.1194351853312698,8.029900253845021,-0.4606856798080516,1.8889304218184828,18.729808239050683,-16.577792038609495,1
0.066223414772998,173.39707403107985,-0.8802414760817214,2.0079295645582955,2.603413186699597,3.603826703415969,17.928938101855223,0.3857355806867407,-0.1588142276266175,3.242861536177324,1.4068255523275308,1.7055993723081735,113.94360820084096,43.777107111903376,0
0.2856237908782401,86.40126332648467,157.4880404134067,2.248221878583577,2.6020980412114803,3.329295552416553,26.199493988803223,0.0331482314152331,0.0003977103049904,4.562916895309437,-0.7326594491126526,1.7460107231474442,-8.846285730693808,18.16713531200446,0
-0.018263896353548,163.0660396748976,196.42960980358416,2.254581899288669,11.745305292478417,2.799377197284707,58.65265333953232,0.9526446398320058,1.166383111029675,9.469219478502064,-0.0516963238151925,2.029408291466197,30.81452454941883,170.51910751620386,0
1.2940953419808032,98.47265552241753,48.23567411660764,2.114798385703564,8.116143123708175,9.003052919262263,23.24453972110864,1.23639907852603,1.0576164428905652,2.910482334640042,-0.1890460913081671,1.8869922845773612,119.87909911143971,77.69898403044738,1
-0.5300192956335982,-11.459001541722046,-79.60280905382858,2.0621215617523,9.788293740477163,2.910998229288744,32.746929241632124,0.2767980957054403,0.4804788502924498,-1.1967391839111643,0.931807644542611,1.8652132926773992,15.868691303606065,-49.08107729391392,0
0.8400735950834994,62.51691321907143,133.3259674846529,2.2147770083919305,4.869895803919285,4.882687954538674,22.70820326454779,0.0220529791117669,-0.1556521321855616,-0.9713234461033452,0.3856021134841975,2.1370207046099114,-18.18375543604114,2.7360839958339795,0
-0.2047395448908611,117.40275425894296,2.821931000640305,2.4200897633577023,11.041653688840084,4.211155464597603,15.474512751151742,0.9952714172440668,0.6392730554371109,2.589230781989211,0.7198923309320868,1.9503009645084812,-14.832992816039235,65.83551635323124,0
1.3119488783478173,159.3455118059075,45.66380593746262,1.985314234658367,6.316949777188576,2.8341946463153604,-5.833682280228203,0.1673843909938459,-0.0657591592909006,2.5661961025381737,0.99592045180878,2.1257085649421734,55.359347573667584,0.4732855264866629,0
-0.026861078937484,182.82738336522607,20.828237304455456,2.1582134227257628,8.048729598226648,8.595632063549026,64.93881995834744,0.8070811169172956,1.2536949041054863,-3.3270231989317605,0.1036361397376645,2.290134554202113,149.84328371089953,161.98988619346312,1
1.2703862330638722,13.83204683891367,212.7853988663939,1.9323620296765864,1.0026445019984171,4.235444386894335,68.58338029368522,1.4610429853605575,1.1011077501095183,10.49746689762028,0.269237871648101,2.1957965517388875,38.68238400642214,195.8678991105816,1
0.6519531754580854,199.6295410402829,95.8650844574271,2.6304783916257564,7.958395506749171,5.758355408015422,76.26379179088198,0.1232188511823617,0.0351295284859896,2.075746530143226,-0.0459423576560758,2.26050453399232,131.36942535345963,85.34890937502132,0
0.9336009051108584,119.76033975371725,14.270323019232803,0.6637028655593993,11.100435999321489,2.300661162215904,-2.360934311501417,0.3134115886851973,-0.0089598520885831,-1.369049568370424,-0.4031707537590642,1.958793833841574,65.05296191865068,9.945081517775428,0
0.7132770747215522,177.07749503926163,-17.675629889344506,1.8520091570463573,8.122292074173178,3.850510703012791,106.56831422463364,0.0960592987048037,-0.1164336933161327,1.818244270724884,1.139092945656902,2.172413599828254,151.18215967780728,-6.22017670675794,0
0.5303486375555859,175.99242525467005,129.17693334575577,2.227785151031289,5.7027231281050845,3.506530617195514,98.93660359418088,-0.0806223035940553,0.130150333501335,1.8265136481823256,0.8856082075203686,0.7618456716505968,36.04638516029374,-7.903169616594731,0
0.0121784382272516,85.70389173537885,24.98909006948542,1.9864339377285676,9.353820393695983,3.352471963914733,26.35797481978146,0.9061583743766246,0.7875101153602007,3.2422349770462278,0.5528899273424028,2.0208662332116925,43.17761203709843,87.71463485205491,0
0.0949997593845253,301.2558569066391,76.61040511348058,1.3769366124358515,3.3650885571544533,2.9497272389951226,14.49505643869501,0.1190702369038749,-0.2274892070212735,-0.9581360061275132,0.2954360196568604,2.2134757060904624,94.84107216587044,99.6250518437542,0
0.2262181094972663,110.9100606342387,204.4265359653264,0.7832446326317898,13.375386830547114,6.205615060703329,59.36528016640169,1.0104006171991158,-0.1553760705318436,0.1620078192803271,1.511609753305089,1.8200834808972508,67.93153487170119,71.21177967586806,0
1.2635500747063708,106.250743202832,176.4592452206981,2.22855725659614,4.083788034522525,5.433793556484606,20.302675030137458,0.8934053229518888,0.0996886608680596,-6.088793843992808,1.1144591957394625,1.3463581278250494,-15.688300768248126,62.69052022798269,0
0.5544663135577487,-38.5041730108905,129.61219871878845,1.88173028069225,8.352528344711736,10.314067379887424,74.09018905541498,0.7116832232599875,1.103211232336038,11.01532135609046,0.914992769104556,2.0332025486832834,117.13248933888671,77.21327948529651,1
0.7187386616377245,129.78296445802573,79.35631037860013,2.105969166651312,5.376672447685863,4.841632808191086,45.62666128994983,1.01407769521049,-0.2575390487300016,-1.369010472498016,1.3066903660935916,1.729252561758471,98.45393982624866,-6.200273276469972,0
0.4103182346322968,104.26877553167988,161.49614992835822,2.357824828218252,7.486196403152484,3.459037892569269,35.4071237013461,1.3436532182569834,1.0191658849791816,10.032774011040358,-0.1091417536073255,2.353459819900999,19.661564939201227,204.232227461348,1
1.3282842895843223,291.83752753502085,116.17779546634785,2.1884307274363097,0.5283740978319464,3.920022888136187,-19.528068804139195,0.8446833454105965,0.4485819882729194,2.5421259902997577,-0.2089370460447498,1.8183845554217528,53.907081808745374,-52.02427432993735,0
1.3620417724915137,171.0859271291895,17.458822351566766,1.0035836622783236,9.024905178831991,3.8828488565682537,52.85808296356255,0.5548109309566371,1.0275102884886698,5.141429972609112,0.0257067414893505,1.8577408500492507,-6.427589999074044,11.211990374663408,1
0.93969667764063,172.67885305694034,9.981379381818869,1.9543967423847215,10.200518856147946,4.722437518016997,25.5426640226309,-0.0882093030968206,-0.1354020668951842,2.0586421887320148,0.1826049163231653,1.9222095750423187,59.87021882383235,48.69562987531913,0
1.3090060487479198,-46.0705150269587,107.04917614690072,2.230099052612217,3.695560173144157,5.351512550162834,13.096533637501071,0.060075606353065,0.0359881559881695,-3.881916231388522,0.9759658440345856,1.880277650174427,12.170937435158969,65.5022765728892,0
1.1880754617858624,300.7905620735493,162.48971290131794,1.804295261221307,8.71795638102682,3.533890761101672,131.61389470994314,0.8615512283059854,1.0148345025848629,4.400431066304224,1.0740042542056738,2.007916598409787,102.05392975739178,164.601583458753,1
1.038191310371554,170.837749213608,94.93092044744792,2.195794704794628,11.053098961815076,5.915929607098145,44.24416209154735,1.5546586440643424,0.2823369082322138,2.708657900510792,-0.06135174833515,1.9925941007735928,103.65202765608602,51.07750690401329,1
0.4264141837810725,318.4999730262314,116.9842881485319,1.941507424591109,2.8864733672769205,1.7433461201402398,-27.281321353984985,0.6494782429427521,0.7955796315676333,2.4504362219537925,-0.6074225718735962,1.997630892311648,37.61726311219038,-11.336291906084304,0
1.310321367289335,99.32988275577176,38.3524509054845,1.808385921589496,2.732726066263784,8.431224158592002,18.59981392276092,-0.0281372401472161,0.320319205133167,1.0193252823628658,1.2370123379018287,1.9122391214891103,26.845608080485647,17.696536835303355,0
0.766002819452126,202.98832401006177,153.40464405143553,1.9693084224778328,1.0349952450862745,4.4119994799546935,89.37481974563646,-0.1119336307188397,0.1440538748730492,2.2647030456029134,0.2657510849469151,2.255041883465839,100.55545036029974,88.28080625333213,0
1.0129800398036537,147.4000323702157,124.24967830046796,2.1626522308972893,9.605194683861956,9.422200017671,94.78112079031943,-0.0381349159689268,-0.0508919132305449,-2.122177596611251,0.9212028192097084,2.239422897744947,7.567154735548286,-57.66863644093615,0
1.0707778229092326,136.39813698301558,1.2260913322534748,0.7949815827621473,16.00495290662475,6.180790571088341,31.258685178295323,0.395725159981774,0.2553026768862532,-0.6637326996223591,-0.244090214840748,1.96236685504042,50.16620083131073,-39.91582836023823,0
-0.0805741648276578,246.81276908204632,34.241160515426785,2.520293453413216,13.391387409288772,6.9239569414029845,5.866677685792251,1.0067368323198451,-0.3797647905367334,3.686332295462867,-0.1501044122502997,1.8840763228638733,176.45170046294396,280.48161125171714,1
0.7819026966567618,166.10277511835676,5.6032983127552285,1.200028233129429,8.658836527267564,5.524773960127188,33.991870158709766,1.0089405059418983,1.1658615046095302,3.350988391221533,0.807847398259752,2.098021267101261,144.62516285988016,13.467079177269625,1
0.7173850263891037,-25.00784998009982,60.75475160312182,1.631579014834266,3.066834549653352,4.141905211501986,-6.702773273010642,-0.0813253489156017,-0.0059074663423797,-0.5861731865830344,1.2065850408572718,2.2572667828077955,40.15057614873736,53.14756442035523,0
0.1542141163406019,164.8258265123115,26.79234026852962,1.5820463994309206,0.8228533437272647,5.126155530531951,-1.4546620921384985,0.8634886885910324,0.5884586281578733,1.5894343366680022,-0.0519667395549514,1.869290503592368,11.458472490101457,194.72407306372537,1
1.1744104828544568,208.1743377578531,-26.734584607023397,2.306416796727931,3.7831300774749543,7.719371370320546,101.97136934908524,1.0026766787695949,0.1136908205146444,-0.9758675678726744,0.6189213572523794,1.8961565209387816,174.05503341762565,-7.231926455091163,1
0.502508121734417,365.78856278028064,126.13066692141538,2.6234327235116623,3.9314365558512248,5.741818718040718,5.527656442534692,1.2415698599535907,-0.4891141073786044,4.551132655115118,1.2351199489513582,1.993028961029771,97.85029362759174,-32.36442744848292,1
1.3041908707708258,368.4226943353309,193.90972924778384,1.1170553186603918,0.3183397364776796,2.1175326555614995,-37.890762464224856,-0.1005738780689543,0.4090619370402123,-0.6163919841774126,0.4077106015956184,2.160379435001144,-18.90804656151504,36.51276907654774,0
0.1160127776028856,38.03616102010111,-1.4757472504527271,1.908759027227088,1.913009529607737,2.258229356545264,-11.19053688167952,0.0797809599529526,0.3757734287644518,2.341013248480769,-0.777100319248305,2.114894607827735,31.5559179697347,20.747681350481308,0
-0.2763270599257371,78.76420545028873,31.02883529405256,1.3928775990513094,0.541924427973087,0.3494976793894695,18.07145945388769,0.1056120545040056,0.8216936091856433,3.427052083108018,0.2162110004856368,1.8623089729814608,13.357999319455445,-2.9933695234498856,0
0.4515232609090259,192.04552327192616,141.71425429506772,1.5005850567269612,10.314340577416024,3.658100073730594,14.86317480660825,0.666342983470814,1.1720326880391734,4.268727150946945,0.5532649845670001,2.1252665974544005,70.79787477987037,8.494961795064803,1
1.017090877771047,280.7457341496573,25.319100980288248,1.619366862874884,11.639172409995002,3.346050233539035,-16.118033187747315,0.1862645946857096,-0.0012404024542918,-0.1602968949778778,-0.1156779254484723,1.8930001719252587,157.66578026282644,-31.057318689206163,0
1.534683862043269,142.0525117658067,44.86535583590044,1.9780853247801649,7.267294965870012,5.8232044349714585,41.52978988562119,1.052830879959535,0.9406692061759858,1.8777079463845616,0.3899924878492794,2.0006638427580308,81.07040985299341,114.3957230754744,1
0.9649617054001828,152.5449421900081,-21.21149258436766,0.7879823004664809,4.446764269047491,5.00863761808973,4.248876572051273,0.3982591953517639,0.2543244553747676,3.0362725585943293,0.16564662263558,2.417017372532253,63.32316794036569,-43.324342898065744,0
-0.2948293900000027,318.96064593183644,108.1106634491415,2.2171429818632378,8.973272668529052,7.356095044997249,66.16817183875307,1.0215820456433442,0.6155004027024065,19.12685319126868,0.3346615853707883,2.053194815094693,-36.26607988639168,185.1820024865882,1
0.6351171671961677,25.51410958654648,11.773934502786204,2.362696726423327,7.714886847758567,5.47617121630145,-13.459115174725,1.0168248792860366,-0.2912187319706428,-0.0004667731461838,-0.0783529802350678,0.8699567869555471,35.36698773630327,-60.6087337544346,0
0.6678402084576998,374.1220311905498,21.266337217509204,2.295524339218163,7.261514330669135,3.4981568841436363,42.02355988015685,0.6100916377852991,0.9959172506176376,0.3809671734065656,0.8817867202767193,2.1657746993804445,8.033466091638665,-48.60101062521293,1
1.1927394386863717,172.4287020839275,107.55321301764162,2.143523967768194,6.9057404911132725,4.493208310732574,31.183489324432376,0.1107924384826218,1.1984082139139298,0.3801123676922553,1.015494597475011,1.8882767023868423,131.43153884667834,-6.030508484993348,0
0.9801892708996964,96.62652720147452,2.80275808108199,1.8026062328739427,14.987928768328498,4.883245519910568,-0.4773788096901228,0.8043359146407487,0.1627913303727305,1.4546879707352862,-0.4329006429070787,1.9878208021072936,8.250541302218508,-38.21356720110325,1
0.0130688563050178,287.46001215474644,34.31712009973185,1.7742185641768602,-0.4294206519726415,1.5912068777822812,-12.594289639540529,-0.6344895581679812,0.984196390972494,7.419524146214053,0.4831684547664325,2.031672896698057,43.95377031596615,-11.450181053269963,0
1.4846133752161186,201.73415621694835,54.996275524736845,2.3482595622438964,9.026617724215605,4.242246032533674,23.182558812878952,1.118969244557784,1.017924517061658,8.849024080996102,0.9846952244864564,1.9857158211299764,189.73858870222452,68.97465560145278,1
0.8193928476147546,98.64283873660963,-25.7866908072821,2.117328161012616,7.191353838376631,7.90759625602365,68.71153513833252,-0.3340252961834586,-0.0680615532119451,-2.852798680054613,0.7271058432351243,2.040630505061664,147.49714744212372,123.44061046405952,0
0.729296223791215,108.3605008543988,95.59869555958495,1.9210950915552891,16.69758273483371,3.1406555168066514,109.30749483520609,0.687964335882984,1.0216027612419023,4.861805238560069,1.3382059383136102,1.924707490021248,53.358801146790384,19.357263539829383,1
1.1148692233397997,164.33029133535106,28.69462338796658,0.9060293606052356,3.1853181209383257,5.043074415662019,36.89908693866553,1.3133221898891063,1.3525287014836025,9.490491118665457,0.8504229302483457,2.086920431733821,32.392498058612595,7.939300714218135,1
1.1337063192914334,51.96862489763164,74.39919721392154,1.24772596348537,-2.312513596195682,1.642209840446045,33.96385708758457,0.9978672407464048,1.0505140783843805,7.882164112298356,1.1986007312729672,2.1670895889803554,66.39180924950026,-9.368315605714024,1
0.7580610500358348,176.0728379176833,-30.591007565360822,2.41365151370978,7.926473333174978,2.612042507100211,21.24795574814073,0.7597731062903225,0.6216516017862206,6.229376014995678,0.6329290620875285,1.609370233308856,95.49433700847035,-77.57822861033142,1
-0.0060845797372328,-19.016133703183986,143.5487433874998,2.068439762084578,5.170993724123914,5.079640666368678,62.07269630749857,1.2906562300103444,-0.0819995489548773,2.8282512483457647,1.0233056444887436,1.778606382101246,19.614448557241985,7.36920765679104,1
1.2034058663438685,90.73671993326562,66.80502721657706,1.9813284315307316,6.656507459511663,1.732872174642282,59.39790544307293,1.055755796175614,1.1655067325890536,-1.2353749045624989,0.1928201666496324,2.3680879238321197,34.17071822689728,63.31229170714319,1
1.3805661853943607,152.33090598734992,13.576114470457895,1.2359535902105645,1.713910375446604,3.4106396590217383,37.98933737565099,0.3306797722817547,-0.1334684675086223,1.513691880621661,-0.3612593525069493,1.839567547077744,89.43565689268104,5.368877750354436,0
0.8360679049248948,25.404212672443776,64.82996885352603,1.740114150122557,4.599474628277779,4.075257784536225,-4.209417854637017,0.4130547913246357,0.996343231245084,2.4655037302486797,-0.0309162287809335,1.994986722678953,44.24124969615265,135.30369789509876,1
1.0805488206816232,244.62483987175503,5.217083497522452,1.7662651050008409,0.8877125236714427,0.5740193523603798,6.382263280060816,0.3384801026874511,0.9045576708292776,0.4416463535170987,0.0971105894903651,1.9414828591288285,-2.3182832511336926,-10.717077519355849,0
1.1947115423632964,144.94045063485328,91.91492202190577,1.7832803565072888,7.04791730517739,5.94450917434706,76.0550210024683,0.7559765819953423,1.156299400649695,7.351672140962931,1.1158761735925535,2.071480341700443,42.404567077409325,228.55343760204977,1
1.2929171080004251,129.29981209795147,98.0364414886836,1.5432936852029395,12.056520072061325,6.576270237729876,86.29433973200466,0.3061334105840865,1.1713712258862756,-0.0681165914840171,1.0453160044146006,1.9156307229341425,135.80352609412824,11.109214846521226,0
1.5339619133124978,263.9822790097621,163.81762642350049,1.9759428827568724,3.289422450823034,5.436567701225544,121.2401855192714,0.2551108817611881,-0.2099392269854445,3.3439020405731923,0.8918344110228389,1.9122574001940895,71.14103562790737,2.354878124623312,0
1.1721714705576989,250.00390843022768,93.14863123269784,1.3603477039338967,5.799552079539352,6.472729844346062,-2.5088685325683078,0.8958551551475427,0.649737204705233,8.946169366845378,-0.2018173900244766,2.072371542102196,16.64631220251494,184.03265823485515,1
-0.1714804097709569,79.08756843073216,63.17949619158547,1.295134133775138,7.322439560577483,4.024258383017667,25.3288403878149,0.0679886719372684,0.3006362080162175,2.04186373894378,0.0498435214586444,1.857218764023993,86.9949551550883,-135.50535928603574,0
1.1504624757308828,414.8333899418948,74.67566196527665,1.9692835328983984,8.642149628990783,5.9653878847194965,94.23625722759746,-0.645986244541024,0.1672351877614052,7.221223493429862,1.186071443350062,0.7931439800364979,138.79823687403405,-54.81928043632463,0
-0.3800158214285453,126.72586285754132,90.95068182111474,2.2166513131652565,12.284706234935566,3.675478672120186,2.9022976262807134,0.9279464527940732,1.0302862235611876,17.191065242856414,0.3389004694954927,1.9352755600110052,47.740807782744014,140.91027919309082,1
1.0237635773868332,302.1673843189616,61.85263683811199,0.9097170060454028,1.5222051605532494,5.829447563072391,121.00693144464292,0.615537065602603,0.1360192655007056,2.6611682792652114,0.8765291344548374,0.95622574994715,96.2450689946598,88.54973823670784,0
1.2788722322871924,183.24827583575143,129.73205589323044,2.0924014631706696,17.933168521370803,5.939412394253815,65.83505421441447,1.1385664418952948,1.234942750448826,3.959491148492762,0.1925605829651032,1.8684849607162952,164.81230072668023,66.08572992172466,1
1.7578894623865886,53.966453218080815,-11.361731770716034,0.8209836392264258,5.918226332327177,5.118753733381171,-2.936682182854554,0.0381676307318351,0.981148549865274,3.769401770871231,-0.2531242056277079,1.807302759732892,75.20631537659787,28.193057523099387,0
0.0210161937794789,181.4294708050992,29.62639970856916,1.7453679008460956,9.498155651877006,4.764855971252152,-16.55735463084322,0.2543857671499188,-0.0476050269044104,-2.4105264456539315,0.1360775103619493,3.038870418281007,58.700150979613255,-0.6324081087706048,1
1.3722638503688689,181.7404136173818,159.95830823834265,0.757223919426705,2.444641290307601,4.525012188614167,53.58383704166596,1.1406566906313431,0.6746982588298247,2.5479370294488355,1.4404595425415057,1.0327706135181298,29.974046074384592,17.61787030595613,1
0.9258871080715708,146.82588158708546,113.31666092062,2.4871777397006083,9.058705945994502,4.42343330136339,3.4490530810969986,1.252987853319109,0.3354121421466706,-1.0072417690739188,0.9768505596686872,1.67358184359816,173.0762798893454,91.00493135831135,0
0.9661502456495596,87.52116088164772,102.07219015512716,1.513615052550897,10.565815562754487,4.980224816397863,58.27138062106504,-0.0157993946068343,1.300957716074252,-1.5587817077634174,0.2131571983011053,1.861840121795718,-44.69435413333135,-25.99612670270954,0
0.5859773470336955,69.45911503421551,-25.500805331868293,1.7278557159711392,9.853256079928125,3.9403868573694343,16.04939990803589,0.7756168054099158,-0.0654979339188656,1.7283604933103192,0.2938312602947346,0.5296843105396436,78.98513535294023,7.934275132210622,1
-0.2088498168715307,104.28252620711206,-27.318003968777436,1.0037908751707445,2.2640978855883303,2.084143875960758,-12.644716196649997,0.0053195617378063,0.0546608397672909,4.742332728360232,-0.4428262305588726,1.8367688082917144,115.59958828961014,34.096942587993794,0
0.1817839946437241,81.94987932977399,137.33852109506586,1.9291286912514416,2.721681438963389,0.9745012092482352,25.76269845387129,0.3941464368696037,0.3559529858441261,3.916073477307727,-0.3099971532880436,2.086467948271121,48.18964736585672,143.1247658928043,0
-0.2206181386784089,53.35849541850003,82.4907106839356,2.1390945719430308,1.930440109388094,5.096849967113812,29.627927855894207,1.3184170744301178,0.6667687485694501,0.3605477026232182,0.1138760301101797,2.20970376659,99.11513452578212,84.8029612527646,1
0.2083666103611717,243.43853129945015,-23.342818027547395,2.099483541837229,11.822089264176032,8.174514791347036,-18.259658068538315,0.9244265859698216,1.21222108699134,13.465685823146998,0.7643296400830035,1.7906962435065488,141.4361819200052,31.452845140770386,1
1.4830480939155088,137.9589688984655,154.79898528853354,2.055297125477229,12.450019449989997,3.793381491779002,8.739146362150422,1.2549095030919493,1.222393247897804,7.316821177410123,0.2920575173695249,1.984095496653456,-9.310089917179994,166.24687826901027,1
0.988531768253502,179.40734797916318,123.46757110242709,1.1193505099194487,11.979775785269371,8.773884714187933,104.9609892832016,1.181673373710837,-0.4097011249934696,-1.1192375962803744,0.938721425275322,1.8699557439331669,21.54421834698221,-80.59954945776803,1
1.4007495606254206,323.8649184914781,152.7895297425953,2.1211116033440764,8.149354583753624,10.39315832722114,138.87619995812344,1.0768548896139385,1.203910299299921,12.167340923091622,1.0511050954874444,1.9797479278833057,46.74633175431291,43.17108271354891,1
1.1620487915924531,60.3081810543552,152.76677033493365,1.9562720440096808,5.946420658973232,3.8949686780376713,53.44804298710274,1.5545416499493847,1.0255273330756527,-3.646124207412658,-0.0280958417237428,2.49080372649181,47.972388048330906,54.65707196681355,1
0.9521568020614876,39.15882165030925,194.680402473974,1.6571999884970945,10.25831721587001,9.232178980797343,0.94042891352197,-0.0411897306714983,1.1242094482855944,2.8340755715595884,0.1740874750397791,2.100557823817713,10.828787396892182,45.16117247533092,0
-0.3733740099726551,37.60430294088761,9.52946629417606,1.5235254927339907,8.60353668029396,5.802158977919423,43.10677254235134,1.0658922336026224,0.8475775307948193,1.6688489036111815,0.2798400285479867,1.6108336071352984,61.64886465173527,191.61958796187457,1
0.850022504225004,178.53625485898107,96.0748675187812,1.7866068674963558,13.09339444623761,8.107020630507062,95.6930334826334,0.8188155765316726,-0.5468799202969459,-3.636043951050644,0.6235132494620069,1.7647356681042847,158.72191418315455,-50.8178303323893,0
0.7004912895411488,135.91322259843736,26.25964938370565,1.7800038447304234,11.790597135867296,8.174746242592809,3.4189477702448983,-0.0205511042562908,-0.0267179865226397,0.1105740074414178,1.041801761025317,1.8846377009803592,150.5140238944184,26.57363101374897,0
0.7838348981692465,202.34702738659843,22.869393225836028,1.8238643365194849,12.395034114978376,4.252594037418685,-8.023923874216123,-0.0464898631614555,0.4016364583462199,4.546587548057716,-0.2441707316324111,1.9923976489524613,34.49464299366524,-41.98568073417696,0
0.2903982565724214,163.2544729285957,40.93885513109629,0.6692950365206278,2.547414337647206,7.252001137037138,5.224541538665488,-0.2247264470781752,-0.0852197154390056,2.2874138506010766,0.9642792962321804,1.6659828682238316,32.354814407217475,-65.22364552033198,0
0.8334680212225252,45.42737520371446,35.54256587624486,0.8634699620129764,2.513832110375356,8.026102892683667,99.88913891059596,-0.0717294254519452,-0.3038075052870539,1.4336485553673497,0.0657654258695966,2.243509151480079,84.1075612623974,132.55437184950128,0
0.2328122415304262,145.17975821699,135.17922464318264,1.8966022825122013,8.356476787635739,10.376335953427262,0.9006600099941622,0.193146180705813,0.8406396956525215,10.45549929044498,0.9300841670636684,2.197287309201552,26.59133070009623,-33.94249397242513,0
0.666913863947918,189.12045919378647,209.8877120121063,1.4209926456197537,5.816712783761276,4.8990050327467705,30.409131237176656,-0.0288219041940184,-0.4611347778881109,4.636083184306685,1.337448820572428,1.9943853522116195,31.09910305662407,-24.549797519777734,0
-0.148282141578348,228.5585620994873,71.74249398650512,1.1534948962277494,12.471400099291106,8.607266070863911,89.04196016628401,1.0259253119890213,0.7330167418014082,14.195484308290329,0.643753954696366,2.01714458005909,-31.85890740855318,199.8599899722265,1
1.3096994694574768,208.4318081775252,104.16421418815796,1.093602169645988,4.540303107008048,7.720443286879964,131.14996965056244,0.5264083302116853,1.1325837353221084,10.76111969252369,1.3595332861731155,1.9235703597249865,100.234058954617,41.43603394895205,1
-0.0663858388687561,44.83506230816789,30.43379112938657,0.9041015843154788,2.1205313788728306,4.39179818306316,53.62427005110766,0.5403367012545051,0.2564123856976327,0.2053326797939205,0.9816678067741867,1.811364945054914,43.74558445942556,57.66297820583465,0
1.2449045428376948,72.68470128890142,58.45833032698329,0.9497062695322296,5.9465690522987735,3.327743415496532,3.846515812567034,1.2134394871643366,-0.1220974431750504,2.2539830004957926,-0.2429611621975796,2.135989882859318,46.95398278183134,39.120817464189074,0
0.3967550463427229,436.4553570977356,121.00869249853405,2.036381535678651,11.261963824362784,8.867377933482206,106.96560163147304,1.2988934243960828,1.1540771516267996,8.25938283657278,0.1561436867096655,2.351979915891834,25.932887211018866,-77.70436171097924,1
1.1939198742337902,301.494208554331,103.81773653317204,1.4874249297807527,5.654572524965254,2.989471987805959,-30.69738682537507,0.0132427115835394,1.1167786684129672,-0.459629470778844,0.2323134292614973,2.1076925025111044,61.83241529696315,-5.519441695845416,0
0.9560965732666702,46.72876049592908,16.91872711528775,1.1150200060752211,6.995234104387952,6.53598559968499,6.1646091160940095,1.051720664806807,1.468725892040749,4.387002573517135,0.9645344652464224,2.0512080024812835,81.13711993812024,88.56187652655115,0
-0.1236503879995725,286.05586493747546,167.19878969312396,2.1554674436058576,9.632724645038632,4.848274279979541,65.25918074888361,0.8284148261424762,0.8429977563587017,5.40682161029784,1.303620315545837,1.82638662204155,-18.339042747805408,55.71746125386846,1
1.1032452414085732,223.17065340290375,25.874230158311818,2.209829494536363,15.359566503568946,8.278178175296514,98.1056018720464,1.081015706349672,0.7437309099703217,3.6431439270759274,0.954405179567497,2.068688028269294,28.66517652604233,-45.136730376638575,1
1.116153207259889,127.86411216191122,-23.154652953770764,2.0690295739633333,12.204735945363272,7.503846156606417,67.66761663245678,0.957808180663496,1.316417770376073,5.379883660218413,0.9525779778710558,1.814454479152253,42.66145656742084,122.8040698253678,1
1.3572098505599794,303.0315684488696,-4.440695166431354,2.1395311363394423,9.684813940359485,4.535265042780251,-20.71482953871948,1.161236657173486,0.6929835674804079,4.569107709073565,0.5743913054560131,2.0799621254746627,40.68137635956143,-54.90415861895088,0
-0.1322322684168879,180.59642915319455,199.74387242204003,2.035645642795958,9.6786451229833,4.2737982819116205,58.54560173413383,0.7888254861160477,0.9466854623967542,2.4759802974169247,0.2452873545625037,1.9294581700879536,91.42071861527435,8.413306948093876,1
0.1120511621723713,279.5477833289906,80.66976614635523,2.335006858100426,10.213242011139116,8.880979385551727,45.6644111720118,0.9384350468477848,0.718002405916301,6.179915309618887,0.251200252312284,1.6905369514495645,24.020519429212197,130.36180397859673,1
1.1807100653988554,353.1809607986325,143.00247675196235,2.1743384789444877,5.003263827357595,9.803594014394962,120.39664256220992,1.317232611492451,0.1416122206196881,3.37034353768232,0.6152314370492604,1.978188522328688,4.921345258608071,171.37605833893298,1
0.2136198449064653,293.3949090125257,70.03259498158627,1.7727720955463202,1.480186035459571,0.957206512438892,-1.1846331418165477,-0.0342597477818877,0.0317922732644098,3.05112135959662,1.4118580729435568,0.999596850986713,41.559828020625545,-4.586800902085763,0
0.706094328766087,-12.90256614895651,119.83016379593816,1.99304942011576,2.475555945825123,4.598232858439486,1.3360123894573874,0.4392249427896222,-0.0794653226704833,-0.0484134436535468,0.1442037023424982,1.6709747431396635,16.125880454402974,43.76046132362499,0
1.3172982720132471,64.81914052733757,44.20310023255205,1.9845665047861492,3.728079402019426,9.855768888932952,53.01878235090392,1.5918298407202354,1.266316624969787,6.4320454194254735,0.2477335456295289,2.3056326273955072,124.29273534325851,149.73114727444002,1
0.9959823776602418,292.26991820354226,101.71677990752153,1.6574724358635042,15.36586714062101,3.277751032686464,-10.3815184036432,0.9802802446586738,1.0199415489275974,1.0646536937934257,-0.0052116588155728,1.99287628329422,73.83725770518194,-8.752060239948484,1
0.0767542200857269,256.24175483482645,21.71127586914143,1.9160185313612887,4.27719280374189,2.823124091811671,-11.273250034900164,0.8672393561174119,-0.0117861222631402,2.0702502897702706,-0.0910048067267275,1.926608170374152,34.55543989766002,64.27608953718722,1
1.200861732646647,221.14973934105348,97.26356549593793,1.0524376744129498,5.268379228638013,3.81658059265407,18.501036231074178,0.0940881993812288,0.0172947743062942,1.3332114242242208,0.1350968609652239,1.9473002761944969,72.29010415523591,75.41607539050884,0
-0.1307300672753598,91.21881621017864,127.08848016732726,1.8652956161865173,6.960257756404557,5.883142018513937,50.6957106523555,0.7286826835221785,1.0457359772416082,10.344898432067236,1.370133485888173,1.8808489584827963,26.937257814477583,166.82283571935798,1
0.9500800724257936,80.24098106632168,109.86453790432476,1.2937956970430904,7.014266442319537,3.259158617425954,61.22755748729383,0.1683172407405863,1.3344606195039326,1.2767689304734509,1.1753519031553716,2.03508240536173,5.641637675782064,115.8358284878,0
1.5840036429191675,203.1665939364871,36.9600276717258,1.9230447512556008,10.929163593560302,3.385550431756608,6.176020886529791,0.9961773024444176,-0.1688421901560889,-0.2728038821324188,1.087684830946427,1.824982801847213,97.49936889137018,56.44603714219559,1
1.1413223631020066,266.3378476283515,103.09067616268172,1.076367519226956,10.189444710164338,3.0121701942719565,39.89483083340436,0.2601397421654262,-0.5746684066155024,0.8607449121235677,-0.1283316152611879,1.9760233276861268,39.11991797016542,8.998425005761725,0
1.0899296986900002,197.2945524587636,65.61634517730874,1.7247202551662622,2.87868421068967,6.353024159444,103.54356753296366,-0.4260701566644418,-0.0927173033411283,4.285149436956489,1.1518842835519676,1.0349829088914797,129.97665590777825,-15.728121156330792,0
0.8355883493693954,224.9732186651344,90.59227739883912,1.9610006963226336,8.955322930405902,4.073960670228656,7.404583945318741,-0.1223681409614385,-0.4150046394086756,-2.7338639981135344,0.1952798886352241,1.9504270011154905,59.50619652887677,1.3707212380300078,0
0.8252133897285626,259.3013304527104,67.858825854248,2.417736178537903,6.8031753097674805,3.739559169294493,27.998796953443488,-0.6504839592263645,-0.5978514741357303,2.925048449699496,0.0180763326533717,2.0448694258090425,-2.701432731961603,48.98734915946494,0
0.9956637600933788,26.42787426309519,25.534175766938176,1.962876698385918,6.236991904943525,4.716506941244836,-0.3937032380727672,0.1465151858401302,-0.1347204387998081,-1.9247349042525776,0.5186799909886134,3.2770876067181707,89.45436489456065,-15.902888180109478,0
0.782915589086216,29.513033797677025,3.86291936559455,1.854149682369771,11.42740722571287,4.751111699965056,45.245135682655416,0.6795612770519008,0.6940494994999157,2.170336325084829,-0.3516112758405829,1.860685777959408,118.56559197672776,44.9234701349919,0
0.2032982588529668,237.05766944426995,47.8820840845718,1.9101166250470865,6.218416371385034,4.659052164097332,56.28866226320214,0.831911328145897,1.3293133570460791,9.864442900673543,-0.1744374634118757,2.2931784561431385,25.033696631180582,95.39601719825124,1
0.9969550427173456,50.84597921614591,110.51181047612654,1.0196757606017075,5.361421813533663,4.574773565614329,34.24232726054378,1.044015141371056,0.5718286966272036,6.629547452405004,0.9687875450583756,2.2076082944309268,114.43455398990628,114.0636796907304,1
0.0435646813544344,88.59944896231275,112.8737265395953,2.000021760813283,9.406542357833017,4.378059707619639,57.880952443199874,1.62727482850067,1.4670231547198886,8.933321475338072,-0.2281069943985297,1.8007027296497544,73.95897270624145,213.45203301395964,1
0.1626769262130342,139.7757724648225,33.573313082976746,1.730478314794775,6.74626690336791,7.258414511803401,80.12459543827572,1.292480172356694,-0.046047739830379,4.461239813832181,1.409087859169837,2.04360683152462,94.25822211723184,70.66343902119556,0
-0.0465717348692433,142.8725470861668,0.0173754600753852,2.10669661700273,10.487066429027848,4.090441271688611,2.1310522948280664,0.1343525030434431,0.3459013605982425,4.984869596783753,1.0925572884868988,2.105621964614308,92.15553343243496,-2.8301439509073774,0
0.9317424729440852,159.66784046710072,161.41348410314623,1.693032992771671,6.356704075636388,5.968708054071033,3.052517127381684,0.134169988873727,0.1620346792034567,-1.5074797408637206,1.152670145606948,1.7502834624462942,-16.311043811978095,47.88582784866219,0
-0.4869752308216016,66.26990585351521,183.26757924387948,1.9047357018441835,11.644426730382648,5.336775377420292,-6.16736636489474,0.2600525425942653,0.8007811034272918,0.8447312174098114,0.7610477483552599,2.061387942512785,33.04104956437827,60.97536215103226,0
1.1750522476831131,207.1445099079805,39.12203346206934,2.032561673029595,8.54098953082449,2.17117655667458,-33.64247833940312,0.2052652671184546,1.0960176796125587,2.860781437259543,-0.1166948318861447,1.8396977810741968,127.13584510865832,114.95756145015224,0
0.9409465158347056,-14.747997027741349,34.88738652866362,1.1768208329084524,2.2249718948645905,6.778862585559775,-0.0949210335918309,0.3380415384039559,-0.6769975305373913,-2.6202086576996626,-0.2758860669386666,2.261781694062903,52.81919301375522,83.44383742719508,0
0.966341774005818,118.88261728235076,207.63561699107035,2.123100625581573,11.796406329088352,3.5383816088616014,82.35078805461347,0.1625795118102999,0.9709474552527798,-1.88448603167352,0.7939283298966615,2.075030927036524,54.99148198473832,85.99760947373147,0
1.317732993187142,195.43117079583584,-47.370157144345896,1.714875897464808,8.68571413297637,2.148188862599483,21.884147015526693,0.101434924270884,0.4362166103392823,-0.3909110445264292,-0.1923630959598214,0.9906039281621724,16.70977577816761,-5.722911394503264,0
0.9996861574789304,15.466478722093484,52.59711888195093,2.5014158002594518,11.48019439947034,10.187117198942282,-15.211901377929216,0.2733512805977519,0.7856884247108518,3.5425320293248976,0.6194658161368002,1.8845406775843467,112.28822709037972,91.16390134851386,0
0.996038083207264,103.26367451173198,190.39618955558728,1.994217877588307,5.968925959324487,4.976515452312347,24.644599855974867,0.2816683628782463,0.1980009186002935,-3.321639527480346,1.3338042230754348,1.917963379280551,81.80420222516813,-41.388243418004286,0
0.9994622991274654,66.90881499892247,122.03086316477578,1.0365262711739862,4.122853216040012,3.6028897122230985,-9.807644164505206,0.1263489531856149,-0.0279067762293891,-0.6041462577513963,-0.1979703138543926,1.7831475415725346,72.08457869470413,77.42658345216591,0
0.5137103061199886,130.8475991004539,120.81134044809154,1.972091963610178,12.042395763123938,1.5093855286541276,38.47382033040397,0.8861112557130537,0.3768869522263566,25.03082526962179,1.4289782496587846,2.2669675038254087,54.93233893503862,91.00746290784028,1
0.911068938591189,150.30585983224623,105.4457575152645,2.2647883118204617,2.756632264729139,5.348605953479982,97.79979390528334,0.642666300069099,0.8269123894404974,12.539443292945428,0.2589478541446989,2.131220206632783,38.43074331076994,193.40927156733173,1
1.168398850561167,285.1040946855211,159.79777592193187,1.8559480672073727,10.44242564153455,3.246137126464316,84.56253800723053,0.6124923184655252,0.6932883625020247,13.124298850790408,1.110035200120862,1.6950033214173517,14.759961175600196,44.28485112622582,1
1.2316304886891647,40.55900746594658,54.24967211494194,2.0144239976638203,3.095611575218401,4.437593152731907,0.7207117355539552,0.1213639694263608,0.6632388610607147,0.3459387643836309,1.1253941051192349,1.225340998295649,129.5508534617012,1.5106648837969985,0
1.1111297470100607,37.62570669158633,81.2904868880906,1.1211194987952933,10.15039123062071,3.7684353523293126,3.508811830357488,-0.091203941862283,-0.2486933245617116,2.700543271124359,0.3698017362703821,1.9909368688891544,68.19007713091045,-84.86391518947906,0
0.3455377482564072,-43.26064159932778,11.617088873601574,1.7788208708982536,4.793247676736672,5.77524128141291,6.253451719728947,-0.1675802343781244,-0.3399410895758723,-3.527445382378998,-0.3740556551141454,2.0200583792709046,96.12310721839629,-22.423150199765622,0
1.1995572689115916,1.1693906948471522,119.03809849972998,1.838945606633146,8.92639688557054,4.394538970815237,-1.611878761211642,0.1494548481993731,-0.6254835549838723,0.8956644675103491,0.5971334122506478,2.023710918244501,2.8791600817030485,24.890400803410305,0
1.1587562610954705,65.52885957122494,14.756436793487625,2.1338681759667493,4.878458389087244,4.750270199715381,35.9526077616787,1.0025074750697636,0.61581541188562,12.29602973012289,1.2771009448745254,1.855425792413688,52.19966266982931,219.81484424100387,1
1.4192258159083169,221.87304485399915,111.09791962660992,1.765017742369278,17.823612581310538,4.640624451087016,76.5958546604283,0.7997347125973892,1.0762218184434018,-0.0421129075920223,1.2091591113667068,1.8291602835456804,110.25474105503116,167.2649631189846,1
0.7240155590101294,124.1508239094399,-23.12588193269005,1.483429972392536,8.635603418230986,3.100375511984076,44.00432176094717,1.332146504353027,0.8161663778063204,5.42789929838263,0.8023549580892502,1.669296271770386,132.4119761065645,-19.52323165899498,1
1.3834054557588238,178.51872424637295,87.58191731319549,2.256687814241197,6.144621499715491,4.033473149806429,-1.7315104788630151,0.9372449480018608,0.1159222441299446,4.389319491837613,1.0542017567655677,1.83670770147172,120.81192948081538,41.14873403580657,1
1.493556476751564,296.56401160595544,92.81565511395864,1.862726026734552,3.968355599293649,5.167006248748988,-3.879322451590866,0.9243093182288828,0.0304816800794073,-0.2167091921876904,1.083648983083254,2.459452744766566,82.63536218725366,-17.977333299346462,0
0.7034919788432116,378.2704852472177,5.808476839134883,1.888579702686368,2.2155207482962407,6.378279826324942,64.79333267933319,-0.1995897576407431,-0.163500462611207,5.012694532711729,0.1592818837908441,1.8203515931552496,76.57486679882928,126.7538381290897,0
0.6614112917446775,160.31768137290936,82.15435310288518,2.030597633022674,13.18019447666107,7.32304819834569,26.25671312758987,1.316815525705243,1.112392525832313,-1.9459786188284305,-0.366316492113764,2.268958220359953,12.12137151759044,-32.22062305019643,1
0.473625837518752,-4.884684774079346,76.89817090696454,2.069644282649856,9.909780274598685,6.221209508107787,47.20578000173772,0.1971540401965845,0.8046378638237673,0.4828296786147885,-0.2385176848852667,2.076643091682887,61.14689917645342,-13.95710693019472,1
0.7190670568533442,174.46128110284823,-14.309339798365457,1.7384982665056357,6.00411561144138,4.829801452260958,45.18292987495383,-0.0285735737471966,-0.0106796528689275,2.550254311261461,0.2010613189923689,2.0367164927908905,139.64454193445994,274.7696161959504,0
1.2119658546274006,161.10865955512554,-3.527173799329887,2.3718992245949817,7.894176903835935,2.0229503744585973,20.237385666049374,-0.3059839599726952,0.0154867460820911,0.337584964372426,-0.1006919622534894,2.111024484430327,78.40436471040312,14.77507639302521,0
0.9568266011617332,207.5407772979156,30.60950040581426,1.8326395222792464,12.545480261821837,5.252998433105033,12.427228360919532,0.1703498007220527,-0.2204513559659144,-1.8656252391198151,0.3090451953827603,1.6946971400871478,63.6461398516192,-10.015005906602248,0
-0.4809032121634612,262.124174714012,26.71232502707891,2.429123621830384,3.695727453890223,5.672346789513685,26.381979936087333,0.692411780012379,-0.1454890802347452,-1.931479782144339,0.6177446674362731,2.0719764808284715,56.92162073419352,200.9278927756673,0
0.811888703583187,55.3847968861642,186.72476095459365,2.1569695399107456,0.9400150671652564,4.363573089691915,22.568998915115856,0.1240334839141011,0.4797438537396055,-3.990752359254015,-0.1767034292919595,2.1058655184087964,-19.76277969723911,165.32984613281232,0
1.083762955322851,155.4369662328343,120.70674115121597,2.1214650019324086,13.60882352429154,8.818246023612133,99.91729895135362,1.200850092989732,1.2235483437722514,4.393599188173962,-0.0658843463565403,2.274182811002445,91.77644545953314,111.05556417300886,1
0.6374485570208026,53.70205368500886,27.287980373490115,2.313412928367618,11.56866589198003,4.931165902786463,14.257622274734022,1.224402452447102,0.8020865572123046,7.6293507225914015,0.7536357963101632,1.776277933164109,39.22931436751851,222.0856737459362,1
-0.2403021043767793,40.060513145673696,143.07155759115273,1.9368091679332304,9.108073435858266,4.085127349206221,29.56956815204012,-0.1794546055113919,0.8352068883446453,1.7131493267843356,-0.0133797713840471,1.921376686820368,46.96342273133204,-77.09713700073232,0
-0.4498748938198106,90.1997016104126,4.983392127618373,2.0276300049364653,0.1749506990776206,4.628560467633784,-9.18790584149641,0.0300185571438507,0.9156701304151792,11.656399742998069,1.592573444607922,2.008333200522111,87.77026580843699,13.723334761231968,0
1.0476554533440818,65.83645128728348,53.70185580347663,2.2557605979464355,8.942616107448515,4.464778712354896,10.169056076369408,0.9748803010368045,-0.2575293443898968,1.1705228258224976,0.8143558266988506,1.830707666323419,8.097963675864108,-14.630048954372036,1
0.9228814491985732,127.29635290663776,103.47944441704055,2.2496712008898654,2.283622974597825,3.599972094744321,49.545005073634826,1.1756774697943542,1.21111529286427,16.919021971574434,-0.1042472662486485,1.917166037441796,41.74022662824612,59.66192234047252,1
1.7269354759648912,128.19740032334906,61.06805022267213,2.0642487751460648,11.36155716711249,2.8010698188577483,-0.8777415923470571,-0.2614860750426087,-0.0141639704587448,-4.093073949993388,-0.1627186093564657,1.9556381762974315,28.03913872964233,-20.84149511125333,0
0.9286368669769186,154.01360658201514,67.2731693997075,1.7780314156214867,8.426869381991382,7.152222382706068,-2.968517882084264,-0.1089576242387437,-0.3411213041248515,-3.615563053781771,-0.034939959530758,1.8212269636885967,155.6521824270494,-68.7456298952545,0
0.9098464361458464,195.07526588178936,38.36708732479728,1.1808991113471112,14.220621783500558,3.7125137919003497,-9.35007141866962,-0.3128377216900674,-0.1760682366475932,1.047531475043336,-0.2350510049163544,2.0172093924828256,36.28577546982161,-71.39501444076762,0
-0.1969724527160162,278.86885460254564,76.47209345095305,1.3410085984755231,2.461816508248237,1.0192669591893455,74.95815837518259,-0.1298299516692644,0.0972858635419514,2.4130424070801983,0.72867840215688,2.0065358144871226,-55.214993959700806,14.227632334497898,0
0.7664480710981342,275.2779141960381,82.56133329356706,2.183846847937025,9.4485518118102,7.017263426328967,78.96295735757988,0.0859747284810081,-0.5680723705711157,3.511512107409429,0.8374425147544032,1.2528485456758731,108.5695832928984,9.9222250804834,0
0.9902863061375768,-1.493661601920394,145.4720297305641,1.9279072399729984,13.975065780519504,8.573051573179187,44.34520673394807,1.21957676743206,1.28560188142729,5.497970922487228,0.1703074827001235,1.9934236170038464,59.922166428098194,47.767550923268544,1
-0.0178694348162405,31.25898895602037,-6.599145266895917,1.9340358391377008,12.886466466732204,4.275946754916488,31.124961623568197,-0.3372038366370261,0.712817325966872,7.184768244149633,-0.0531589128665299,1.8611934992118804,125.59857061343304,148.28274146701224,1
0.5682600667238221,189.7503608089594,251.0318410802667,1.9518442939765737,14.886321445905974,7.420389436492828,102.26453949078372,0.5997150110556959,1.2782874428706137,9.189835282717954,1.2580113561340835,1.8541350398682692,5.898962460471125,76.34219348219825,1
1.0906627602740264,-11.50475068060311,147.1318657211914,1.4450110784795387,13.530936149646225,3.4024817946190886,-14.412100525980776,1.32533239164947,-0.3881582720120685,2.927721410520012,-0.2095679239758361,2.286934117387813,52.74009311002687,-42.93618093616218,1
-0.0568818075860517,44.95274529190391,98.65177934475444,1.3069489083317651,9.320525058885698,7.330166195745004,4.515409767756111,-0.4683608124137437,0.06790642114355,3.3401972706597505,0.0875691274345805,1.7153364960877584,107.57419192045052,33.341634840120584,0
0.2345310915150721,251.2559480931853,70.80249595055146,1.8403553703102444,2.0042382076747973,6.121854440285356,45.73426159704984,0.873882392793239,0.1710334147284221,-2.280469097104932,0.7989203300982501,2.0187870794113327,13.513242746701016,-3.247796058262708,1
1.2179531489514943,78.89638450360887,85.95157378492353,1.6459702827955411,14.725153669459107,8.213510210145401,12.576215181707797,0.9932017400948252,0.8152097371163574,2.4076693004483847,-0.1057089754997097,1.802211747120004,53.931818621017854,173.873050850927,1
-0.4861242354976972,68.62641873494846,190.19789273937775,2.1358094313014684,9.252515328637273,1.6914777653697022,-22.644983408588782,0.5914193882727746,-0.3108457843885457,2.477559015624588,0.7946480627839811,2.0142739982976274,45.47783113292617,25.475002115800617,0
0.3314469394486695,211.9479534124018,79.80654753111233,1.873226281233492,6.717714484312525,4.829800094749524,70.57403377572072,0.1953140614063147,-0.0026105512633365,2.2413753644919137,-0.1252099146308545,2.399474008312433,105.6153032544002,55.95847171343968,0
-0.0062428905856091,286.6917354896104,82.07469096835531,1.57014416973488,3.691691521276309,8.39986052498381,40.72920117892416,-0.0593460354134951,-0.6508174804536474,-2.729113636143825,1.6134271754154377,0.8042635797912299,125.48651505060262,-39.712554523492,0
0.6876520611130282,282.19606383982256,103.15071657508403,2.123025581874794,9.28885911499776,8.225449569149315,2.122935463231329,-0.3437185846930577,0.1272828090037261,3.736703373018393,-0.0236771181825545,1.9636938379177749,11.333109369554291,-75.41167367575531,0
0.563919826299262,102.7593431647934,66.81625397525421,1.8330648591291976,5.394928403024948,2.2353217568350674,48.997139881998095,-0.117789005768927,1.4058894622240148,2.1249399638594664,0.427341800814438,2.0459888397968387,47.60898158751696,53.3419660868679,0
-0.0272043246578665,407.4732437556505,267.2611124866298,2.3811881160692363,4.733984826675396,3.5000848737291497,125.6111126986084,0.627980005013855,0.5584699369514496,14.57849923719833,0.1564043322982485,2.161847117149142,14.755779468517204,245.1693937634835,1
1.5271835001222005,63.79327024345346,26.466953206419063,1.6446556764827205,6.959863336195957,2.1969031649884845,84.01278082635768,-0.1755549843715513,0.2250229153471904,-0.5732973962236212,0.8646948818246405,0.9560077553216044,36.52404552659194,-81.37000520405923,1
0.9275963923881588,281.9752209725944,95.81655801493218,2.0166233543524013,12.38717777439231,7.717774272884123,86.12874116854749,0.950324033083317,-0.0022073507156904,-3.209646590116382,1.137976125041958,1.9191995801759487,148.90672550330046,26.761308762310257,1
1.0206449203546195,189.4229152928773,13.25051756810197,1.8682700118768325,14.905284066308838,4.402104794673139,-41.73900460018094,0.7645505041038938,1.3575372064815414,6.191612714421517,0.5764018213874876,2.4220639059831632,148.19918112015014,17.751353645203714,1
0.9722900419810714,33.47564476221194,14.430797791170292,1.9213896240627988,6.83652012392706,3.706742798624912,30.021325747649875,-0.2193660914010078,-0.0186430880497227,1.4434851744222794,0.46644859166325,1.9461974119851344,69.53021816069989,54.696328850479134,0
0.6134436236939493,293.59682966665764,233.28060714883736,2.1283897511083896,10.225819197074976,7.658601860866981,136.70351611444102,0.6329838952333544,1.344014112309587,8.911837431493105,1.1095462680599906,2.104468411808451,-12.637449332936043,-25.898891914092893,1
1.3547791276491614,321.3787112134564,79.94454879572719,2.508532003609322,2.5820779654222905,8.621510248460854,15.044069177171068,1.076475630399282,-0.118073484853285,1.9006156429781045,0.2497972724101795,1.9795909816147923,208.1619085651581,11.423419902964646,0
0.0306872253057798,157.68611003911582,29.52709337524798,1.4171505907391468,13.578732826449324,7.805532837333952,72.65398629566522,0.5633289828970243,-0.1159658803981451,5.126274888207327,1.1345157423125003,2.1009219706304,56.17055591240046,234.38072479692264,1
0.786429144522132,89.28132508533773,45.90889202477885,2.107645414960183,5.083889076986626,5.020941850678043,-3.429807067567438,0.1896530910375791,-0.0031579069086426,-2.3293339094644363,0.9054764084378673,1.0654577899564717,114.96077636403226,-5.145015480818522,0
0.8557650940458643,29.249997325610394,-56.6336662209831,2.331877572883032,2.58304659351284,3.0426628617297204,-21.70154728185023,-0.0612418647649423,0.5234621514231665,6.064626736027029,0.5035033463783978,1.936497851866597,69.37927951922023,81.07710683050851,0
1.1886778464758223,270.39048323148864,51.61573128256423,1.8885983249031,12.56991000412323,7.535013948545016,132.14394977514516,1.1656019772310169,1.3537270277541558,17.128296674985865,-0.3922070012232519,2.225097336960922,8.58127190009263,223.12767572066863,1
0.616789219597643,226.7769424646934,67.99834086564927,1.9791433755241727,8.24359172985474,3.416580992925684,53.63189265048252,0.4153658879962213,0.1319104856437934,0.7399686427996186,1.1850780530545713,2.0132213100971525,96.736524313178,56.7364856095672,0
1.2228084674631068,87.04966451663196,-22.125943150233937,2.3162004328898065,7.48740515821028,4.59075935065673,47.2078469029198,0.372187100617864,1.3354504104977871,13.485440121698954,0.178868825012588,1.0931012816614905,-29.363376932330496,31.54130691159296,0
-0.4490953476180487,127.10411157535584,58.68234536592811,2.041499034169429,10.559057826797735,2.960350379550202,54.28678150318305,0.6914515720619917,0.7846792773326212,6.378851653221357,-0.5548355951985762,2.228352949265693,41.27144820154835,40.19335600625382,1
1.0708801006142026,228.9200736757294,78.86066419804746,1.08030831505461,8.112256923041704,4.291588332243085,74.95079205742364,0.6585391016102442,-0.1428480932655346,4.477828390272819,0.6526099727070782,1.620784696509478,-35.517329158383376,174.2687689908274,1
0.0681144464978192,75.50749958775269,60.94195586495104,1.6209962874381372,9.494434998320706,5.927292502743635,30.425269597072187,-0.414382133351871,0.0668220017468977,0.8709690888951798,1.2582956979750444,2.108701023977656,34.38217217990976,30.76460566999629,0
-0.1337303607739601,345.3989802075798,106.55335074722088,2.2065843622198504,3.3284448894042304,6.53862467946024,60.56973877026957,0.1401335042615261,0.1501632202583712,4.632214065018332,0.4898208135245349,1.9178725497485951,44.478474255154815,68.37853370519015,0
0.8113755725006941,163.58479953767315,-8.95913808831773,1.8046493261180985,9.227243355690373,4.75470530996019,98.98159103578897,0.8901147239710143,0.505251773268142,4.17700277232962,0.7826943177679149,2.2327882290134733,148.19624507337988,210.4620534044895,1
0.7343793010298811,229.0703371085276,78.02910155118981,2.0110276444154107,5.55143643356791,4.649808162244713,76.3643803729829,1.461458389661578,0.8200639028176493,9.542803013817034,1.5308240797362376,1.8475468241744168,146.6537880603281,244.93839236659625,1
1.2591803391307497,158.85844645315936,116.69599802909718,2.193497199555834,5.029507730157409,2.394681701531698,16.156115541753874,0.1636504943985396,0.3236877252767356,-1.2648608573164122,0.7290330765056304,2.082394752316844,30.03080659872797,-81.19169517483712,0
1.0425702698608483,-13.862389057281405,174.09374451829902,1.1258838825677469,5.217605309932646,4.112896162351665,4.701239041990782,0.3640243363807499,-0.1782131263262872,2.856110105676502,0.0125119041555036,2.2672258806752894,80.71901764094008,9.585423983640766,0
1.0866090678160616,331.23940328849176,0.9164060495575654,1.0523970393937063,0.2340710359507536,3.346590223355504,35.9198489568773,0.4037620633335007,0.5345928694354175,2.084007838900978,0.8874214288472595,2.446593786857699,126.16955056147694,-23.8931936641982,1
1.4265114977643552,274.99169131388663,134.91040305611003,1.920807085277178,9.67175988335006,10.038773378385953,124.7092610760541,1.241204358369438,0.0367300802918502,-0.4187185268302538,1.0032832067962187,2.257269630157728,42.36351485447753,-73.59526138188684,1
1.1073063337840483,453.21528557643865,93.82982284477202,1.93776272976912,9.982529710591042,3.447434141435973,134.57378038125216,1.1415827995007717,1.0452077279831546,7.928516914578661,0.0050074278204221,2.569697750038712,5.187775650798585,9.511450557797268,1
1.0502193594045846,333.2150032422272,83.61465023032932,2.414201263137816,4.662556575981273,4.439596490826185,-16.546162752673226,0.3175840001220923,-0.4446881099580587,4.872345424269488,1.0597892387907155,1.5251915931316962,28.578182859277707,29.502584661943924,0
0.9264858249033734,309.2274791124772,59.63913471916335,2.4332682756193424,7.173289936415316,4.515450503794087,47.98889630127733,0.6364808862124051,1.1652049384289405,11.016480747669302,1.3282785275179392,1.768360509134967,136.52077593452304,245.1329754574046,1
-0.1823439453087646,54.43368303235532,163.89011127672055,1.7732178725877616,16.03865964469106,8.355383848008334,56.31493790871613,-0.1465653686943967,-0.0551980191398825,-0.7260106387199459,-0.7926970751536517,1.753118792542271,47.90010938642338,-96.0577510169424,0
-0.1513374510397501,155.31999835173656,115.6528678972664,2.1216283220091423,2.2507170019147065,1.8029046504354849,-30.8222546665665,0.1379188437573578,-0.3018074710834124,-0.4268733156404529,0.6462871138702444,1.9546261893546324,90.51935320774204,52.23578561459835,0
1.043574468020579,153.80494615099713,104.9104145635846,2.0912147899741997,10.422165657371544,4.859190888107899,48.88560122481861,0.7113113375953491,0.6782641578423032,2.7776821282200927,1.237793390739209,2.0519647567373225,34.199659215453764,-109.00461538410951,1
1.075449037136884,10.87163259160792,137.92261527821222,1.163840699825164,8.958128121659339,2.822610934293399,51.60698225046371,-0.159648737520835,0.0048992757108707,4.427436746176751,1.2413888285543315,2.142586730500214,53.81630484668324,175.3211295027325,0
-0.094547556878668,82.08774968470235,73.68780725675464,0.5537452055558112,8.363033338668844,3.533581791374485,45.248391278481975,-0.0521955980610159,0.4950835521202529,-1.6698305054668827,0.1755542333791126,2.057223071072112,18.9534282190622,8.731882597304534,0
1.2516451867175018,326.7624304929486,156.80221962270903,1.7711071002093424,11.949888519077838,3.771435187221875,141.5773286305991,0.8673821347293311,1.4319050801711022,7.318050104928503,1.077194475075822,2.280331548568655,9.989796555412426,-40.019193516799184,1
1.0406882319193618,135.23731668055942,51.77907255468412,1.5795338759183677,11.115467844563328,7.075018764331714,102.34938148637596,0.8137875948224791,-0.1856702231395758,3.934415182381474,0.2971101338116069,2.037384138087459,113.06106587068528,64.42330842682554,1
1.1735265362009573,-25.6846342970338,21.141046377935155,2.037987158337304,-0.0375666824197198,1.5201650428105695,-15.999007389285984,0.1527816447783598,1.1638097189864265,-3.056297239433115,0.3558279156443991,1.4539926397717209,96.9538990543848,181.6902156706372,0
0.309998199104956,-12.327024205834364,-8.852143191574442,2.2523308037352194,4.811243493482699,3.9549007390866553,-8.443312879134893,0.2110297944433518,1.576112738074691,4.744566912760439,1.4369876993323625,1.8484141431254788,113.53910224712422,-39.10801310745389,0
0.2941598798129181,117.02316045551912,187.1510555302368,0.950989896032225,9.462353745175516,3.774729507168871,74.6808173076899,-0.2906270718557208,-0.0523511780165536,-0.6733168998279808,0.4490140107236026,2.1342711228508406,73.02815478790797,28.09274881931865,1
1.1217541907134807,-18.74209091717526,-64.99932886597047,2.097350700730831,8.952206219626076,8.567998522606446,39.5661850551287,0.4464358008297544,-0.1365067652271642,2.0180612603035666,1.1777595183202925,2.307925826824311,31.227777859385377,-27.469681394613097,1
1.1262176773241943,97.17320472137932,55.569072243801365,1.9391912462154253,12.593274224464633,3.677293456541231,55.582460409738985,0.970497977180917,0.9276036635982564,2.926490831042756,-0.2673127897064223,1.9528683255105588,-17.97757072397522,283.22229358103806,1
0.7139335459075009,-69.62781816763567,55.49097844188542,1.2400172395727886,11.969730217299803,4.616729378034931,45.90345463232362,-0.2676508884130625,0.0033991176137265,0.2761107411840915,0.6965573666765683,2.367050699417616,85.39568041548955,56.51514898761954,0
1.4293363438901536,275.1373025861727,-8.047060198226049,2.1934193951169427,12.270506132702993,6.3418441492310444,-25.74767326274352,-0.2776608531294962,0.4407724253391617,-1.5598684895479904,-0.3953581449079896,2.9128944949337283,76.6276897009634,-3.4630025606139654,1
1.2045291663072235,37.568769176860656,87.88578732445185,0.9432894127371244,3.754173052669235,7.984544342572473,63.33843455381367,0.6216907032448457,1.0087338788414582,5.48851083275115,0.3380946804161167,2.0619396377845054,54.91688802032017,-5.669695734867659,0
0.8895947770424635,223.56427545287937,33.386268484408795,2.190866996396692,-0.213330934970668,0.4779607843020512,12.70602385052613,-0.2139680551522494,-0.2323410059137369,3.894201639230824,0.2643175439525492,2.107772417370498,73.61262334893824,-85.18050625278383,0
1.0719378767703551,-17.52911618100717,-24.162144494680504,2.199028286234176,7.382373747933208,3.388330804332516,31.513301234409266,-0.3138480849036413,-0.2369180014645805,1.511321237552521,0.1167219179208339,3.088923761029804,90.2139927973835,9.655130832975049,1
-0.13407132503325,114.58347611009324,131.15599639627743,2.162938316812829,3.3965378021352044,4.888607974714251,4.394807681454424,-0.4984822874034174,0.2994428913760708,0.7879044039446632,0.2360165622532593,2.123663088860061,47.60285573163785,110.12826612440278,0
1.4170511361487936,275.86727361799655,50.239058278937335,2.0540761578797584,6.3359869327816005,2.2701304384056287,12.4566472057212,1.0149239351564785,0.9133271540510376,7.445577935877916,-0.0111573859832055,1.9429507011918408,33.54722570484735,195.8655956137569,1
0.2875278163543219,218.16819763453896,36.21214364448842,1.720567555448888,3.761010609647762,8.453058763656419,34.0399961693106,0.3296388272164671,-0.0392497866949204,-2.009600730623826,-0.095393170803033,2.038918678250835,86.40834859333533,60.81224768380578,0
1.1434773129986795,382.585965931356,69.36464749542698,1.6119017851039126,1.8146908157940531,8.503432646481592,83.46915466713372,0.5806300056267627,0.1143743671170065,0.9757702038120916,1.5722651063503086,1.9546320849100849,139.31869994944657,-54.22656904553734,1
0.7429545005304741,346.73914468025566,133.75116823945402,1.9563349248806008,3.809557433653313,0.1056738436019681,126.9885148420673,1.286080189056158,1.240172513760494,11.613914056388452,0.9136349787302044,1.6884775246830726,-20.226340796526717,107.8758177916256,1
0.8375909934694111,50.177417000172326,-39.30867585827163,2.222204985895375,9.631463946917354,3.162228209767179,21.584382250392203,-0.079576427262144,0.097442440445119,-0.5180421148635364,0.7359104211703718,1.1884874961013554,105.23269837898896,89.13445006366555,0
1.4845299350282797,-12.986503386742868,31.353953450435995,1.200436997472731,4.960118648408942,3.5506728824821634,1.085135767660404,-0.4120249330748714,-0.0706977510970354,0.3556371994528655,0.06940446278421,1.9005087580906637,58.04748960165085,49.139635323138144,0
0.7228050842026676,167.51987830606834,47.000182960408765,1.3167156703851757,8.32426079594461,3.1457476388366485,20.35669448861661,-0.6723882418254554,-0.2234989204051568,-0.9929053840814968,0.0234130512952334,0.9636617739692463,127.08548923431186,-6.615222559984801,0
1.2045608709353306,344.7905681266244,79.24285966941228,1.5807130613850684,2.600737795379389,2.6987388902838814,-8.950004310891373,1.0304014824757952,-0.5960082785210598,1.6452062151974995,-0.3179386947168903,2.0357661846700914,-1.198546713384168,25.660698923604976,0
0.3794612965717288,104.84523511315444,63.63005400662622,2.099829915511662,11.108043472810486,3.6711367852917713,18.99695340900873,-0.0934237420178853,1.2576139900290426,-1.8374686679014127,0.8381022543223167,2.366346178580395,51.67632876701911,1.5968717894903437,0
0.1729740652645354,445.1913623735222,97.16634683085012,1.7447908295772436,8.703305818833652,6.571495349828514,60.71409903563387,-0.019672773084115,0.3075155334350273,2.485848408834213,0.1366341900623823,1.9279013409242771,34.61920934766917,176.4671962206058,0
1.0023213043106818,169.64551692254338,-18.85682688711532,2.129711424967967,8.668788336603987,4.77452162644346,-12.50029579313405,1.0160201178405297,0.964626794459642,10.828987487031242,0.9465931346696516,1.8756396136094144,96.9822833303724,262.47911885378784,1
0.9282938243676836,78.64593872579542,80.58362028741647,2.008924694176942,12.375486063901228,7.873163230722026,48.85993112805084,1.1848451553926207,0.7032527383931597,10.48051110077076,1.330230882296223,1.9261266040805576,120.79592316114676,150.34375942316854,1
1.4805169879905566,92.17708487018226,177.95107717215492,2.220451926114975,10.070948803793303,3.736149906651693,4.073627955519179,-0.0416287037786402,0.2518347612836562,2.340457265733103,-0.223809786459056,2.0244907381560813,42.24057851494571,-33.23541581890009,0
0.9154430693354586,134.57383729304794,76.3218627018195,1.1402210511021489,11.217317594559244,4.904760249624543,83.46342515466823,-0.0185449949418713,-0.3990603145104914,-2.252793480385887,1.2321451546538975,1.989296001811773,62.26194563500752,-22.258668166690832,0
1.2054240872405333,263.7949407093216,50.15519314673656,1.938822427756497,0.3226581482135993,3.858858331899569,66.85730297212038,0.0723577083407639,0.4276802670659351,0.8988969834579446,0.2999774561514876,2.193367894516294,69.59585793779804,26.9198173843374,1
1.0719310519071208,296.895165942091,194.01049094436524,1.7635383351781695,7.143417513703706,4.502085330997407,145.98434774009277,0.758544631778738,-0.1024538384565453,-5.540245311228184,-0.185778759123275,0.9060469445592854,6.788056262051093,8.218273663471642,1
1.092640032356376,407.8137358142664,197.7112038762832,1.101887831823196,1.928265470185071,3.9534981706292136,125.18147101466472,0.7547149261769147,1.3210098428553183,21.21085148426125,-0.0530548111464881,1.932422927815559,-52.03837111789748,-33.33809443531744,1
1.0807837995065266,174.93801373924614,1.4991031776534811,1.0202667272805146,5.502576080112823,5.635640831027441,65.47660523493305,0.4674776105316025,1.0961775064086914,0.1611816139181847,1.1726077217310689,2.00834113777351,119.08055178320144,231.2349374760918,1
1.2086474268882683,93.0831490810358,64.5381953160696,0.8134876895323472,8.143916555569477,6.294560411062933,18.409452234282654,1.1152047394013342,0.5353003550426246,9.676973862910952,0.8573446807753633,2.1882113715207776,49.59159633582484,244.65593809059808,1
0.2857547473933877,95.6389944757745,163.87335242650067,1.8788449411547976,10.63169966167705,4.8956122758770775,70.52736897957374,0.8820358228023037,0.5194065700243014,6.275451895311334,0.3225572638670783,1.785442632497873,82.67449739925847,250.4503811040698,1
0.0539329662373341,113.07660790151871,75.36347553979411,2.410099155161093,13.828271080686338,9.287508790138547,-17.570717435503774,0.7510372038482893,1.0433192551907429,1.9587871709421083,1.0846200311054308,2.1942994266693625,-24.8437160642204,78.44430465088892,1
1.1662711515343749,233.8190003898406,48.836623952381785,2.13630416404039,10.646614058313151,5.239584469820108,3.892693019386044,0.5668780494542509,0.1778544716680176,1.1020136602027022,0.8763543968701291,2.2289219005941474,14.491786805095046,72.65599879186658,0
-0.2487437816172429,-31.62486636512517,125.42266742960796,0.9527366063525402,6.577358283040513,4.703219666795978,16.28394206395156,1.293740860829291,1.0834613847357697,3.3126838457424443,0.741137438030619,1.7048380715394305,32.04459855071363,99.54515595550274,1
0.9328386400420348,159.36452043063784,250.1937443071521,2.131158192628399,2.0836678157107418,4.542308270544881,112.85361545916864,0.9335926791271834,1.2955369493370816,4.3306844372353215,0.5559155087788336,2.0252915407831997,8.398219543588858,-9.450518184821595,1
-0.0767154277902448,168.03683778222518,-8.033502461356775,1.866687547222969,8.510599826374355,3.2664615484877118,11.957784707893722,1.20035079668239,0.3333711907800336,0.8911614129962606,-0.5861717709546181,1.1264800363988208,72.07083655470281,14.459143451980488,0
0.2510257081441781,183.7035301520804,128.69797450617506,2.054223745613223,2.4212974316583478,9.567244487789312,103.13503060294428,0.4202652360556272,-0.3763879711701121,-5.651171721866118,0.9300109193085156,1.9662495009385657,-10.744899997301289,48.02338652423682,1
-0.419909339335781,288.49604439709265,189.85473873451912,2.1168220996046587,17.882795230381063,8.388273452941903,95.63349282789724,0.9412921641885694,0.7106527236609198,8.042436762428753,-0.1203494352634268,1.8948299602124008,-37.552182126427184,290.4098385005205,1
0.8848228057106634,259.6410919393806,117.11366879110362,2.395995677252558,14.404647028688476,6.537343452377052,74.19944724397777,1.494745468455141,1.5116403179831277,6.565762254755633,0.8854506490399081,2.261829247134157,-29.631997884398075,111.0029549893978,1
-0.3788896192151422,147.19256612743555,68.30039893058319,1.885434519970017,12.06916192057957,4.690910010418094,96.39162012664956,0.6706773576329561,-0.1606797916814561,1.6579415383856042,0.8121711169666945,1.9501284613595296,13.212412509375577,190.79859928322216,1
1.156432445207113,338.0223891260837,163.5239972170898,1.9638814567526208,-1.153669811215121,1.5807237496613138,18.5728708442696,1.4425658829778705,0.1103527856560639,3.2364487389122973,0.9111720693419282,1.914312886484344,14.106519986253929,-15.844579065363073,1
0.0279474333283825,26.6962397444033,47.0371965774888,1.3364259138798478,5.845000701673554,3.123281211803557,-5.28344170715593,0.6084565030613784,1.0904358644085663,3.160590411535669,-0.4006395623985101,1.999790387261115,185.09091190562344,-8.01654786959493,0
1.199684265286492,299.15004286757187,-39.51329580329936,1.7873880514581044,2.7560781250510136,5.877390253158545,-10.233731653673717,-0.2493739593810323,0.2158475983179032,-0.1328216502113055,0.1620408739547441,0.8008632223173411,64.58089177694501,33.91871678052737,0
1.032214378778796,90.021954680388,56.6377693428646,1.7199652870704485,8.38800930984504,9.540850826587448,-34.782431645513334,1.053836015191055,-0.1737594704580363,0.1032912937354351,-0.2704815804702763,1.9696236548470865,113.94761580357746,-54.11071719410571,0
-0.2881367253146994,116.21014660030492,211.2015209744552,1.7531356654739387,14.053171506076886,6.349671758229429,10.0527612596318,1.250806681230947,0.8708901023416826,2.3976117251227285,0.66226092969662,1.8838414873466989,150.64699870975983,122.17846139038608,1
-0.3928072880469458,230.30138484806457,17.073121859915872,2.0489494372417134,16.182411806796924,3.4770431626892893,-5.809372706425314,-0.1641522731660956,-0.0571481778997823,0.7799656644640276,-0.2483273358044668,1.6375483543904563,86.4790723211102,50.683149616444695,1
1.0604573530617496,49.66428351725584,115.19467522270602,1.0591477570912995,9.130499168095314,3.234291678792129,88.89276090241663,0.6852130872580057,1.126936405574804,1.22537195139416,1.5259959987754663,1.8381339926701965,3.655236415227385,51.73008094775812,1
1.0794446969313096,38.38055649701268,40.25149039120173,1.8219980708792896,15.329200392031993,3.1891718441223,63.03547624170224,0.9263630853284056,0.8071763889409598,-1.0316111644658763,1.075692515682707,2.160385422502767,135.56280999763626,118.5803987323594,1
0.2693811528539759,221.4360579393031,-21.01262382248161,1.8969319245851208,4.85053933339684,1.9181149551420669,-11.136007048522735,1.3909330186892603,0.7801907032759496,4.440904321534577,-0.406220399186114,2.1922825875538887,72.76226593839748,5.172219763308426,1
0.6721745642776334,22.457753289227696,227.8915120702735,1.8807854074717307,7.943379804880855,3.5188664712474766,37.42905779724824,0.9295307114590076,1.7296870413756809,21.36727042688471,-0.2549757469734975,2.116017997243044,45.991731934559255,81.576286062863,1
1.4795979971121471,226.6108955281195,27.93519875597188,2.008807647866253,-2.7579935848226143,2.703988656872357,7.793798831825811,0.2534296307900903,-0.5762454761333818,0.0780261433962765,1.3018336976236915,1.7399607133926658,84.3414981189307,3.87552584494373,0
1.3158665077888585,245.3067680032848,48.10025640796664,1.810846864687403,11.574292306202798,8.875154888509254,81.21883649783602,1.106898646669085,0.2216885415021002,0.78654370937429,1.3019466838339555,1.9454804380873552,-4.91739295267395,-41.59367880313436,1
0.3319692560880719,105.79006687858453,-12.236490058474786,2.3790242670834663,1.374258788131819,2.1941337124711198,-16.649329244712064,-0.4652511004037901,0.0774004230686064,0.918716878643854,0.8530596408050031,2.015167734763029,108.57506078110458,245.3731391181508,0
-0.2755498132805225,97.40147981751412,174.09277138403996,1.9665474359770945,11.154834875930012,4.682280618170604,88.83669055481371,1.2216689835109342,1.2432078086036462,12.297893093195128,0.887568067768397,1.9179310399354264,59.2773161336408,36.70099199722013,1
0.1310363740932767,24.121245362311384,135.9984688674981,1.7527515003034644,9.939931759901668,3.940362345875357,0.9734213529603224,-0.2040590626967992,0.3628902238552664,0.6262097374407327,-0.1280435737839072,1.9369125029914371,67.72901625488234,16.928029806783975,0
0.967054563368619,123.21981501746026,-4.255398232307726,1.665703770474688,4.726805691474126,1.212441630689029,13.226386488851231,1.2245882564333694,0.9154370986469064,12.478433019194014,1.325608783016906,2.237865420041956,16.086950606813744,244.9965975576065,1
1.1706052246536052,115.34134033640368,73.68082771837867,1.9765623714059624,4.073420172851121,6.056463401759305,45.32793228159729,-0.002450102967736,0.8653710690905074,6.539259948915044,1.2392756710319015,2.0565388654461656,51.09376935612623,18.45713176862764,0
1.093204187893369,261.898200368273,142.88134753404802,1.808194978146164,2.8482565495947387,2.8724257063109184,126.34117406389724,1.1898219970278248,1.1795818060182568,19.01687081542269,0.840808471712968,1.693778691158844,-19.43090924808662,204.1437556004421,1
0.7732207152395486,118.16594734250532,121.05649044520824,2.5466642000017496,16.068644946566792,3.6926278411668014,73.19266400358296,1.2660253299303914,1.3330842691616596,10.169023898745928,1.0102170268628463,2.053857508596362,16.32577972724785,-4.8001914427716486,1
0.6804287332409876,66.62079176126673,20.785438042503216,1.0150260739762635,5.211811141758709,3.775822665523284,9.058386186737463,0.0473846854280001,0.2308667797184486,2.95206658015731,-0.4842417151118522,1.5973841513654865,103.7183348431696,236.7674865527272,0
1.188919340222804,142.87784005113588,92.6442374078392,2.3917750962797517,1.8785327332837527,6.120461410704719,15.811619995767328,-0.7042328057112555,1.1324282875971656,5.783758065063992,1.1087797476884185,2.1047764740177923,57.60890566055974,-73.12943783830428,0
1.257979397683166,235.5772837886091,165.08698572797186,2.0037103916995758,3.7674245727930993,4.379120396395586,31.12675113166287,0.9689808175410106,1.5266352669477987,10.08813452016746,0.2220595123425882,1.9893099220916368,-8.068645654650993,190.55972410655968,1
0.424920782113865,157.51155121420624,157.37225538539946,1.639815415580269,14.015469417392126,5.231778414967616,97.18081632306924,0.9359927075897432,1.543589784866774,2.822655498210952,0.2744690348110219,1.9819930508380743,121.83981867761509,52.294809323295176,1
1.330444590593934,164.99275846500757,52.00213998477341,1.9493327550273956,9.826692736656817,3.4102363741430244,48.667712704579856,1.2468503851502466,-0.178983669431283,0.0512472934661687,0.4449283296544397,0.8783555119821271,97.79061260239224,41.55090147264109,0
0.9451697782182602,109.4471991852228,128.42190311365158,1.884722042615847,4.464935687103418,5.894518217948729,56.83511676179013,1.4146694504006097,1.1901893399239234,6.936509498536779,0.9823500223037428,2.428227210667574,24.569067833484237,-27.406554193476204,0
0.3279533587900851,26.668070339369574,155.90861714290094,0.6796312742628912,2.4426861474466808,9.495668857299236,97.39976858387942,-0.3440693768014891,-0.1360317891776997,0.8156908321285199,1.1750599314951564,1.6847161408432534,-41.35507576835491,38.34055680272506,0
1.22966815266351,56.56618265701458,-13.505444739731857,0.7179508061265085,9.934214402043224,5.642359026206017,52.22044871232097,0.9354005703719164,1.318095352660681,2.6207257921172094,1.5879722893791826,2.437879805255295,-2.8844666668475227,95.75028167676967,0
1.1298761195965437,204.71036534354096,222.08923279047565,1.1896705768232907,1.8267788935367728,1.754916483188829,-29.587080337126004,1.099205188405592,-0.0898274346913828,-0.1678176732021081,1.2602423789442323,2.265023671097545,50.65029050552428,58.30644169575626,0
0.3666833500258799,315.5045379447388,219.246825220694,1.8976555089538705,10.25119651646719,9.880168259513807,-9.07515502182082,1.2986447824564158,0.7050379944953147,15.712588526757308,0.2758123131580351,2.118250911425873,54.02810567072743,170.72518344782756,1
0.8288552292448016,255.79315153115212,121.7028528733187,1.9629797000716696,6.77392115694505,9.512186964122463,146.2407192800834,0.9083953128822608,1.1904806927212106,13.539169196376063,0.2151841239792481,1.7591567985600187,-3.030447666610108,135.47036689723222,1
1.118361745711941,61.53343636416668,126.45456846294068,2.6028148782118405,9.165154332089983,4.387132063580559,8.60081666254792,-0.1053439501305119,0.07389172014992,3.0471188631444117,0.0953896543960723,2.225580335019787,158.37230609328037,-13.477701952439624,0
1.4496502115741643,155.49753174947926,77.80278675391521,1.3376684922934352,4.461639131229078,6.50487848561265,13.1217726208509,0.76201545618357,1.1304985126683025,3.267954236125141,1.082588922397792,1.7468918728411875,-0.9206536202288972,237.36902336807717,1
0.4604148607640794,211.49320833586552,16.861817694883513,1.92434582293059,3.708273378839594,4.271351210876211,49.8514218560125,1.1266038569162728,1.215509144754774,7.828339131282708,-0.3496609082830103,2.135239449116127,115.84927088740518,5.334956336716104,1
0.131860699270418,171.2311895926354,79.81565765520139,2.0207847671537875,6.273528173439596,2.971894220351346,23.75318246748045,0.1333389937085399,1.135147456377341,2.6793565819646235,1.013811926869456,2.124767671294296,36.874496467442775,106.71624728044048,0
0.5644132953991138,230.07994798813056,66.38688674803538,2.0335118926018896,13.078683122646424,4.309584400909189,34.129334781832824,-0.3534714845787819,-0.1015619952426458,2.612479049376322,1.1437671419942432,2.082306120595443,77.1915906571586,142.7673493358217,0
-0.0462297671631976,271.79058206848475,87.17508897419627,2.0095992217339487,0.8039057544546573,1.0045347102676412,38.43792476300673,-0.6951344593758753,0.4058758094481298,5.686127948939847,0.0043429397450829,2.1236376391074687,14.090341513607164,60.25248389477402,0
1.071891138425919,111.2518331308907,103.20409523500834,1.782033570587486,12.897080266233983,4.24816288856723,48.77914237746812,1.230960856946644,1.3762721007399752,0.926582107581785,0.9973293250790384,1.690889204700306,121.1687753853662,225.67880006404528,1
1.013941617537416,-43.74197755657059,66.90718610499336,1.92277736908096,7.461526294534331,4.511832757634142,8.110944763994237,-0.4766814557766532,0.5097731101958252,3.02726619634912,-0.2437203062672372,2.0541130501266776,22.60840770756973,-48.395002002397554,0
1.1449052474255037,202.64140312056105,43.55864253325969,1.7926494115561782,1.8031859461733069,2.7524203752844336,0.5378510295807857,-0.3100822944856355,-0.4641587834790189,1.5307115537797673,1.0701295947104477,2.3047104086241217,83.50705086739222,15.905665947900282,0
1.576121609225113,264.1722269010055,269.3264203935664,1.6263121455335234,8.205928318404132,6.368645519578693,8.887623352460409,0.6699784339069775,0.6814984869633851,16.68003514452003,0.2323811697061936,2.127464312695387,100.13904956074116,30.11319497509116,0
0.1621908173145155,55.90118802685781,24.74037090340606,0.933292515685303,13.264567446925046,0.9241023776247932,13.207275743130468,0.0032921079898687,0.260902280995106,-2.6219852865981848,-0.391697830204259,1.6349249000621038,92.90467817817546,-47.74181886237974,0
1.3842152331689404,57.15747099099714,-57.85824190423041,2.0147303921308253,8.443232369547081,2.76455150895418,7.21256695191056,-0.1081889954870436,-0.3985732554174155,2.6242500256252104,-0.1685190156182278,1.9271939653051495,104.20042496773078,54.84884266842927,0
-0.3575571548695681,-59.145416487465866,-12.410702378514983,2.1281932198676192,8.314526853049614,8.824800707900224,27.69379862056843,1.0475107315099297,1.1856956741886029,2.251723860354714,0.1365475946378571,1.881410758023388,21.95428568098874,-15.63820307100874,1
-0.1894782596944032,41.95266828843123,33.88036757495274,1.6040336976269467,11.86057835553759,8.12250214727443,33.78848214322706,1.475970144623855,-0.1846915044625885,5.983640557131282,-0.067390085137779,1.7712124532290558,99.9346775764104,94.09141041894956,1
-0.37677078823875,25.62948507894508,33.79222714683048,2.636683797371149,6.62676421667998,3.6801131948159305,13.459118579394424,0.0635656411059024,0.1132982248690038,0.8708919693129484,0.3247443791721159,1.8894632660151047,65.28747497833598,42.47065036781991,0
-0.5836232945386449,100.93316723626911,72.90839958832142,2.047168297583836,18.65133023623406,9.48192123625868,41.099800464667375,0.7116874146262981,-0.152273607021332,0.7705810564332909,-0.2317988562927834,2.0896621585166044,126.87568199888334,-46.43434264528268,1
1.0460567981172324,4.312654511891822,141.45099690663318,0.9391137028924736,2.3782097490020515,8.579455833172108,28.192455194309225,0.9734444205588766,-0.1277741014138625,2.926754676984693,0.929500121551539,1.9450527670498132,47.89677727492791,74.94642817137174,0
1.037731957896755,19.660348017013632,166.62244425236307,2.183865376183765,6.830388177754172,6.765298317178725,46.71497522063369,0.9468748249218896,0.9921547256612696,10.594343309971762,0.2269052432498951,2.2382572591138814,-29.445680592739265,210.04445241298328,1
1.0627749588653783,290.1114017629226,145.93894717661516,1.8198447970427016,7.802748674855595,6.0910895175040825,121.94319079109415,1.1348609376217131,0.9324944859100776,6.093364914214353,0.2955099948435398,2.0653075295212058,43.91113348117124,164.7699141486647,1
0.8001428084997517,408.60810254599016,55.57184444086907,1.6782983638963698,9.56718665801952,5.996192915875779,25.747686382903765,0.9879103063588044,-0.6516022779588718,-3.8920827661489454,0.0386854617619435,1.9358502546430765,-29.598503304442644,101.85626448083892,0
1.5049753939639074,71.3881360345777,163.4723870228916,2.0648459649119557,8.30306855689596,6.5053663629052485,26.03809291745797,0.066284547719878,-0.1235076622955128,1.816804533297152,0.0063696240875887,2.138612991569726,125.3483458572631,21.285444768644027,0
1.065992906838808,204.7694767483523,-6.088706876958312,2.0642141254387147,18.02207783377933,6.026935536470162,3.096397477886022,0.8730547561389228,-0.1545276545678667,2.965595462037441,0.0722413361084322,1.6820015773199444,15.261426269339973,190.82773012503228,1
1.2445072165116635,254.35448176790968,101.5155452655825,0.988465583945926,10.896895627330816,9.154064224709677,106.93277441793958,1.1024906402342824,-0.1921871183456013,4.977389684909775,0.7379612368515758,1.9395468038383212,63.97310986085958,-46.60321580419065,0
0.6681052782268958,194.81998597143607,117.5271011813539,1.7956467012937125,9.058709921221013,4.681519670935892,16.465117959827776,0.4650630969569636,0.3790496446998191,-1.4220167086418742,1.5032883317125745,1.904871380201259,128.91167211951762,9.963225050839997,1
0.7467518463323028,33.77810339708718,-4.9039359047079785,1.7064817161535368,3.0245868908815767,3.433183337993896,-6.633848183608265,-0.0946349105922584,0.3498027259661224,1.481935477640371,0.7389183037685492,2.030547883496292,89.97386854246079,103.18013338985052,0
1.0613320299124325,-64.840224636687,14.18987106086341,1.8662153999118944,9.025671255493355,5.214856044291071,64.58691416988918,0.7474283738875911,1.2963779055634448,5.893362776126125,0.9029655688021366,1.8730645908541037,99.50655438480086,205.93946538241795,1
1.0428475366796546,155.77225559996157,110.23264825848024,1.9932264105442496,8.035973034233406,5.277668621702568,-14.53847182717135,-0.168440128565142,-0.1106434025885187,2.432292144741336,0.7168307632241031,1.9466152753996384,157.54400904979565,186.4684703422448,0
0.1345775259210168,31.793742500174616,52.69221585263576,2.117172578538768,3.5477727668153087,3.436752723738345,7.744154967806502,0.0157231034888476,-0.0867259565515442,0.7496729661272257,-0.0753256789516295,2.0273327747740555,132.71624119470118,39.13113650613745,0
1.2244304463849156,259.4240662777729,-30.60236864111573,0.919643570105735,5.352308537326763,5.038847783721244,39.66262747937742,0.3165746798673099,-0.2241738054185837,-5.626637139794899,0.4717874850296018,2.254695661923447,30.89725993089932,-31.720641166305438,0
0.2897559017365366,114.11525963127256,60.70284450129919,2.063607409904969,4.395153811236375,4.6580919011294295,-36.78094095646875,-0.2351804513618698,0.0410237991488731,0.5283645434465272,1.142776120418134,2.1414212310937875,17.835883654474245,-8.339261475743172,0
1.0758132962014522,85.35172893776367,52.7520966095164,1.9654409943042428,2.6567896136873594,3.0724833803725806,72.1950006943241,0.9210418740744644,-0.4324808894189462,-0.6889229114335071,-0.0154156001949714,1.0979397013918588,113.3512417377313,30.49052344619125,0
1.238660293282687,148.604409705523,16.887963806313763,1.1925309685886778,7.630747632459487,2.6075905988995176,42.24805798879595,-0.0051806525678768,-0.0241577884843476,0.0200939880334636,0.3527369047840804,1.9059638842525557,15.250346093039006,43.41955505095301,0
1.2398772034042689,186.57055150760743,82.81694393031495,2.2444036962496683,11.28419589199302,4.079182547906437,88.46672365678934,1.6537086010535629,1.028573484897564,21.410517277297323,0.0618375664545504,2.04410513512058,28.547055034596788,201.08165339786572,1
1.0224460471911268,-53.40303827575934,84.46339686608144,1.7668800229256474,2.535087701736928,4.748459973565876,25.544569411796164,-0.1462750735494465,-0.1928241818703153,1.30438393690775,-0.1224049197185246,1.8012714373539782,53.79796359200863,15.801284116585649,0
0.1819186135360227,189.58522946558048,23.683333950027908,1.966816107235384,3.896514532616696,2.841470239634158,50.8196725536791,-0.2928926988267013,0.320115072432646,-0.0558091930862905,-0.0076645766578659,2.1006588494784406,69.43785780523555,108.7523430117347,0
-0.0114206380564554,373.3628102213953,70.90584040220952,2.574954114701825,3.762896223314707,2.730785167671975,159.9900578095135,0.227202149512927,1.0484045671003694,4.355373454135962,-0.1671771662191797,2.0192928516739816,-16.9226495475926,28.346320582692226,0
1.1216469243412563,353.0330286546068,156.48108374231396,2.2894833151032548,13.791984762186772,6.672967140629073,154.8934952415305,1.1875007065583514,0.6246426096069064,14.29881490303573,1.196939738864122,1.9981732856380705,45.00141735761075,156.9430594074866,1
0.1244152560994773,168.3468802959475,87.82706593302976,0.9543749056196924,12.375245421986252,9.310614114160504,66.61770359601364,0.6947446458988594,0.9425072076307522,-2.216855162690523,0.0105736299012915,1.9644586719501864,4.104476722713919,70.0654508206239,1
0.7892932790896178,275.1222235449964,168.58427424263468,1.839573655508489,16.180542937847775,9.382669759164989,138.28479952744607,1.1586531301586571,1.4047102007005423,4.450550090496851,-0.0950344304279048,1.8446691846349912,4.298984301242548,-23.90684918434197,1
0.2871566706107423,179.3621490284913,52.92346750939287,1.444068062012205,7.411663841140512,3.3052726087817006,-29.78352157320355,0.1357593947227712,-0.133565915063622,-1.602090041610424,-0.1657829098785488,2.1919326397648686,69.68328912267044,-4.667239353881939,0
0.759728604970616,18.89410519310161,-27.396372689284647,1.7531975233972723,10.77190231881643,9.07003051588874,43.878373000289365,1.0515538102503927,1.1570053567667036,0.3259177295076156,-0.0729776365667305,1.99639990350596,-42.83532886481656,77.38381722540265,1
0.7713351238595826,26.29959215439102,215.63724844434356,1.3538593619807329,6.811283556752411,5.156296935972718,21.10588172623593,1.101832883852251,0.1366079328393871,3.405227258774055,1.0247276353192585,2.2526416200241424,61.56146553540262,121.2053281645741,1
0.1668786641831948,250.4113000182052,115.28419602105208,1.5638600438512662,8.5749981220217,3.429067036526514,87.35574330277052,1.0353127857641211,1.173192408622746,9.489949664124332,0.994016143876072,2.199833165780161,-21.9653796233801,-72.00322383430904,1
-0.0171023158532491,99.02977477943412,61.02891941348312,1.7705669880428812,7.756720021072705,8.755975833813917,26.93635386244425,1.916871767441355,0.6776178661205823,15.958526494954224,0.1524999799051192,2.273988546094896,2.787198366725612,139.94142117565897,1
0.9615372617993424,90.01708327858171,52.19645420362564,1.8478987165899337,8.490637763670877,6.116108765579236,29.07308658779219,0.3399032257402254,0.5506660771481999,1.6798699941875672,-0.1412304548592796,1.7627265039800943,106.81164816920976,14.622180659540495,0
0.9898126864487568,357.3885754320749,18.94603722996505,0.9034396022423976,-2.0511350292531976,2.1245024888576056,34.98830017965649,-0.254785449925868,0.0273874455046346,-1.9113799795294255,-0.3089513556919885,1.7384055862643366,8.482176229928719,61.16011670195893,0
0.515094570739574,38.86023559220625,101.7315697983837,1.7570580196789725,3.9279526770925095,2.202793561941557,-10.4299290110958,1.1398523985063165,0.6104252561406542,6.032745369879718,0.27097501322261,0.9101845418745363,-2.810966674388183,-19.667618625726725,1
0.9613535378694228,27.174847755971346,145.63370024791902,1.693847967293521,3.4784296064530253,4.22541960563414,-1.3376561586812556,1.4289810605818931,0.2696982567370256,1.7018014365790364,0.5363645258010021,1.731461113723913,23.786213495682816,16.96694741960674,1
1.025363028725566,154.71661127274993,183.74098527828053,2.483945598660076,7.115734183014431,3.656713935135484,72.12404535585658,0.8229785730573208,1.093681879523976,5.916830727221178,0.7820489462922897,1.8828045168552647,49.58442746939707,-6.089861031115227,1
0.9268734039775022,268.79948918772936,162.3526798483063,0.9729364714934634,7.011868237909192,3.717305566361709,-34.787138184184194,-0.2407127457329446,0.1636117188746134,1.9566941578565604,-0.4684536663399224,1.8702283367688728,36.90374721919342,-14.929142531441308,0
1.0628795131708983,81.65766161528109,102.14025950317006,1.0481134210193015,12.521599562468438,7.800758962232168,-9.479637052914931,0.3930775925886323,-0.0600314680659815,1.3758130957004515,0.1715087885559649,1.8672858327920083,45.35994860292216,13.96138713310124,0
1.5118611106276147,-21.17237388449888,169.82889151320123,1.830724632147648,12.445966644161192,4.7063462720539295,-8.13035895407058,-0.156502967914148,0.2318801119172268,3.5462340776298045,-0.0211395959312581,2.008000882513989,21.98365845996528,6.744488633489311,0
1.3169861535438672,143.89030988057567,169.9998287803776,1.918953047287228,9.572262137219065,4.485965271645284,109.78341771198544,0.9357658732484146,0.889043166290106,16.564944593953676,0.2165734303445133,2.150622935633878,-26.84274631470126,246.2270139090476,1
1.3270331116593368,207.3683176498192,13.33101033610872,0.9704127453865424,9.429317554365124,2.632748571960767,57.15565456929592,-0.4223558789338578,0.1802641796226852,1.4014281281466054,-0.491987555307482,1.0629676961281462,67.43639518676974,23.508128850511053,0
0.4537115647599956,19.104979613692397,146.7137378906757,2.107179739576061,7.687035869770743,3.563095148923233,59.39601595710262,1.0854697148744132,0.8079443211035271,4.091247645863926,1.1145438808443848,2.3078357250530948,32.75760705655649,79.93695996220929,1
0.4895581915216911,100.65878174172023,94.4833427063248,1.0739595256490264,6.136823997282599,2.2957697734400253,63.1917302722015,0.8999679331652941,0.2488019198031871,-2.06620134796448,-0.2263903222434964,0.5722351066041866,-49.44095924600914,79.37495556073895,1
0.9042784220658914,261.0533150043276,222.3406278677656,1.8555260817673591,1.849063691861572,3.966179066432864,48.27278256063678,0.7695092060339633,1.2999565547167655,8.984586561802967,-0.3272466329548579,1.9922710678273745,90.26533454474703,47.01887526178506,1
0.3959077911800663,169.06157006540928,79.21846595727426,1.040542590520476,7.538382180860967,4.81051253606615,-5.076102843826661,0.0705949204252279,0.2588186161430984,-0.3589498431014344,-0.184203585397872,0.786020023971407,-5.454003060783734,-78.6913614396824,0
-0.3114272684951231,177.6991359023908,43.46032295442498,2.074497349762137,5.749288099336408,4.4847550756734575,-40.49076264422786,-0.5106478184768515,-0.247272524250982,-0.3490864299985445,-0.1220829855560644,1.0069121118316358,161.37396667444213,46.73589838778455,0
0.4534978166861149,13.486747593618986,1.2603204127664895,2.043511676728201,11.836695432430972,4.291752405070693,12.242199080025994,0.0857661004815407,0.2974358435657362,0.7690003912624075,0.0949412639884787,1.9666459888794487,35.104155155776525,24.78992527766865,0
1.0626761518645105,89.55453747311005,131.10187165909724,2.012579786632817,13.608570242988607,1.2780533402280896,38.83693500401481,0.8999423285406589,-0.2708058353311479,1.814064424929052,1.3669321546645232,2.1861707959077754,14.26141708150046,147.16952998834157,1
0.7984503296495158,196.9957464426644,0.4683646942132213,1.042918942221751,2.788696823213481,2.6208208088700697,58.521178831305136,-0.6622699789535786,0.1676339589681197,-1.9322061847818623,1.0396301583791847,2.0664654603307056,162.66712691797665,-51.47757225124023,0
0.1690837493546888,64.71707632151261,265.31965365552725,2.112135191073493,4.764264696531217,4.555549055119551,30.99999344081312,0.910898965673388,0.0295281650683411,0.7917317471083969,1.2364022058619168,1.0617459047825353,21.492607400792096,-29.002988962524263,1
-0.2748543906831627,-49.81766091858694,50.02894163620407,2.028720710208848,9.35433804406052,5.401847332738163,1.2339595449312313,-0.1271096622900829,0.1558046143560744,-1.6936859506895727,-0.0327280325999081,1.1951274984640952,58.84144264041502,55.36958980102669,0
0.837064505057396,327.12485693386543,189.58171589939025,1.2600666179247395,6.929604936702313,5.288876858810808,73.36775632294982,1.0337709839732416,1.470557337152063,8.160158750255938,0.0006424423632353,1.766375224363254,46.02555016235284,-2.632086811943175,1
0.579383213379209,184.8653665294044,83.0421446028803,2.3167491021003848,6.587748291848467,4.76475000709418,73.27466831956185,1.0743042320328176,0.9580291939405956,10.111830386077845,-0.1598755707715414,1.7182691875558016,-37.23858445203152,177.8179007317582,1
1.2000738680190774,97.46414551814227,-7.642688457270225,1.3741874061554589,7.026882196512891,4.038353358350389,7.85733691573931,-0.1856997551987693,1.1398486493419322,1.7096359203431482,-0.1230544437127502,2.2441281534893296,11.206942697923076,-98.16202279859668,0
1.0695147417024562,221.36481443430336,50.23389492471529,1.9236386672386827,8.058655038984584,4.277054712570628,10.948177701604228,1.0594437208563638,-0.3498461228099874,-1.4162994579269368,1.1192410329383655,2.2636618545007368,135.21734186018347,201.05726297441663,1
-0.368762217626201,-27.501529176609523,-11.334460717769929,0.7907284011229383,7.434649227264269,3.123043555458667,-6.883493390594495,0.6949319844980697,1.3563240062837596,3.9762363060855552,1.0560412596891258,1.8203443293551664,-18.5035316779866,59.34941405530019,1
-0.3350425148240902,349.82495555246715,183.43362463910924,2.332772702018744,3.907596198111335,5.934784596980869,69.37711660227981,1.1570161575310127,1.2163062001785343,8.605151975645953,1.1672680246831673,2.10143699308359,-14.206142800492684,-47.93632377487973,1
0.8645773688856632,150.66227058589217,179.44594229210003,2.258291371192607,13.085400756005296,7.684209071387507,86.76366596196466,0.5649569790599298,1.2320460481611408,14.187808482919069,1.3844338143119503,1.962228197534055,128.07696540720374,157.41150428079132,1
1.0032079975797417,252.8621331821867,120.55848677522242,1.947678497592124,3.609614459839101,4.81956504240693,56.74886455406049,0.6253089338762082,1.1517473420752076,2.9464272966467986,-0.5341152342305742,1.9780200816132425,28.5510967985335,161.1667021861531,1
-0.0841180914289003,100.13744052071468,88.26221282220665,1.8928649474093675,-0.1035408931705701,2.233141991285951,30.938021881060717,0.8886920561732773,-0.0252589682570141,-1.1172588898165057,1.1945309120909648,1.988256821160833,117.9624394010364,-6.972241998681625,0
1.1746998272440043,91.38649549785131,151.7920099024768,2.493896075858136,8.99715947618352,8.005145578299508,33.324236616387985,1.1206023201565718,-0.1274815171300511,1.7613375948125536,-0.0504735086017107,1.7165807558718056,32.264312139198054,-46.96859256510748,1
0.0702791125259851,81.81351618098266,104.0308289624066,2.4465087744489376,5.710753700364686,1.8077728848329813,74.87592668093407,-0.0992472148539176,0.9610843877088988,3.3453344084318952,0.8635668412393313,1.9518330533561103,95.22968899952949,75.05982971320249,0
-0.1865331258342502,72.9357529637532,173.11317595206862,1.0563889963122104,6.924425730537337,3.267090048798626,15.78775237871291,1.020251906663701,1.085820086399126,13.527018589123983,0.5644003749462501,1.9427283856431652,-12.015229980915649,-26.84575370630709,1
1.0258218225552105,71.34116633800933,5.04738157476946,1.618242701284636,6.038683500548865,7.572340794740592,95.50328308075882,1.5156754935226564,0.5897233544120479,4.9502075625671935,0.6889416055766293,2.08504571946318,102.37282718168667,-13.800783242329976,1
0.9274825880673244,157.53713544093054,113.23919993747704,1.6907058718867136,8.606136383906028,3.952070885957174,91.58548849468912,0.8122128056548154,0.7967931879049174,15.239265946426825,0.3008486180649161,2.4098146708070223,84.28793547421171,181.74431150599293,1
0.1049161991829394,69.15500387733157,171.58242643836348,2.143208936615899,13.302923962802002,8.138340925401572,12.22602759085268,1.3786371572003828,1.4516485596488815,15.337861236419606,-0.121999323027537,1.8291238742463969,36.33391178792787,223.7064190660093,1
0.410136775226228,131.6956683543437,211.98498163406165,2.19788727555522,14.0823630258847,8.869694674388446,56.08096442491853,1.602293568881366,1.3163217921086847,1.7675155321855591,-0.3077943273830886,2.09044129915012,-6.699466286571337,227.38298318989555,1
1.335451097637435,127.7006101891063,119.05022459398997,1.9867612107207384,6.621004209483917,6.162022950414936,-0.3507405869377535,0.2481142259350482,0.0555498577622088,-2.1809762189785484,0.5769525073999512,2.201115435753818,198.09292960191027,15.074131579403677,0
-0.0307569667071169,171.65314822457432,70.03051398405434,2.031245812714395,9.288773993030508,8.983992147413193,0.7087353420666034,-0.218550670765356,0.8769708484407683,5.533361293650369,0.0008948092624071,2.060951294951038,19.541119180942907,12.6623807141564,0
1.1404817314110394,68.58058468700139,-61.324348119117005,2.046127343732185,5.4181028853039415,4.53267171449119,0.7655247257038695,0.4921184260630666,0.0924257208774863,2.058684825731329,1.3122385891888868,2.06496138965449,91.15181318266936,-105.27593876305406,0
0.1051376073777725,-68.21480294892288,74.6796969885878,2.348531917482372,7.029984120164676,6.547870382228728,0.8253598751765523,0.012772998588021,0.5287263653498857,-0.1921971843053689,-0.1425588799748238,2.2774663729177265,13.629569294765531,145.47745843661536,0
-0.3452976924024068,368.75050358132376,182.43871203651105,1.719655668121003,10.361045090282907,3.443653243660024,109.91754208963944,1.2845974189595937,-0.2331049585578115,5.196834765440382,0.6038889792240916,2.289417047553106,-24.126889183323527,228.95583784327567,1
0.856798278396421,318.5199800714887,-15.346543954488697,1.922151482111987,9.201159154151,3.510186258573825,81.25240162206495,0.6516354125947948,0.8327106701233578,3.8112100944031626,0.8314654909804442,2.184785767878824,58.89719831012185,8.455665904672237,1
1.1371675196672373,255.55716817889717,48.21011582306237,2.0277277579772246,8.47501344646364,4.922816648349686,70.09190289492349,1.0132508278444157,-0.2401750358158291,1.163689523709877,0.9916244121396494,2.034610000443516,106.0546426733097,-21.82885191500981,0
0.5121611908714385,22.96586493158098,1.7063646204975385,1.8792161303950932,15.440842500089028,7.655772726381818,21.81550782852828,-0.2790215005542436,-0.296578857343353,1.0890285593848708,0.0517184532616394,1.667427172801565,64.0108975338092,32.61333751813086,1
1.080328190010115,215.53111373369623,34.55820182464953,1.876897299243732,17.564831456161926,4.6533557772374055,72.58975549281485,0.2007856241081691,-0.0198250626334419,6.039064137976735,0.3964307164748353,1.669079363313354,144.32749479140068,72.63128004312517,1
-0.0156807274202906,2.119288145906154,203.59665809697617,0.760631021596136,11.072574550848373,7.468799069638742,1.6535872689449604,0.9151424050291928,0.0899705452904167,1.3016293559630912,-0.0762783344457317,1.7247647238321206,-39.87440287742051,206.5510476799336,1
0.5553028372245502,103.27622537251538,101.17135496505206,1.1979586377312046,12.61884393990526,3.8850707717966513,35.8584790072663,0.7360689150916941,1.1039545148490708,8.046802957477363,0.8662359986681198,1.923663416621125,1.6990235374310458,143.65277169979723,1
0.8040093507454787,199.7701523945877,20.56285863687476,0.6836768872119716,8.888535234498123,2.935047469152797,-13.14049248952093,0.7658948566811722,1.15505358300364,1.4385128220491974,-0.0533819933323108,2.1069475557172352,11.069758412443512,144.8721950907914,1
0.8176118786994409,232.1277570589469,60.23320563715315,2.4037395915898925,0.0767420199382025,1.2133559704655528,14.212505827727131,-0.2619055455256518,-0.0216263551316764,0.3551597230278163,-0.1535985085942096,1.92122016348,31.769487989573268,123.91192011635212,0
1.1633101702069264,342.5223435489545,83.50378099175697,2.1132187845605017,5.851229795774853,4.52438747028828,23.034820332025483,-0.0888755544516189,0.0197529729669264,-0.6869935143536545,0.2958244993397,1.7888976321757155,78.64766497219804,-7.309604732317439,0
0.9335655010719944,76.83927390008373,16.036639493199488,0.6632515992857795,12.842223053182671,4.037705918847787,39.4116679996528,1.367791180597269,-0.2523693350298037,1.7575140550666752,1.020318824898714,1.7211020851679697,-4.497617443400003,21.51914654070911,0
1.4344127949371428,311.72163741598126,186.5580229292774,1.292348298291284,12.652753379964482,7.3109411717410655,84.63327098620309,1.5460284161623423,-0.4518384926972416,3.485608526094917,-0.3044134731774334,2.0183587310669986,29.286721345625622,-40.75532952701565,0
1.539165987265826,-9.048575218290466,11.282816020176613,1.5143466559934429,4.785369317606527,6.167671629221553,7.115943042227265,0.5339936806402672,0.2226842116140751,1.7428622289222429,-0.0196195218330533,1.8881980645780168,20.097155190450493,40.11186816401626,0
-0.2019035479506808,124.35178914860998,-49.019762266621214,2.4442998454205345,7.513113440369058,4.54420135779422,89.7527736002701,1.0899910980245204,1.4287284141615286,2.9963692583453203,1.7166675857938352,2.194764348072054,107.7886412559169,234.1126686695232,1
0.1344505919680482,91.85506601061138,97.98612976290104,1.8586087478955169,11.09099770075932,7.926518099499198,68.3373992255879,0.6927771643428088,1.3018720242956991,9.127999342616782,0.6063207101933583,2.2164697947195644,106.8174440626707,236.66534549192752,1
1.210256137284503,61.58543837454232,-14.479906799890829,1.5830659713552473,9.821798488930266,5.062083122530254,-2.805655314016903,-0.207988963471008,0.4593636939780167,9.239466675347874,0.2468373990657076,2.1379329244493546,79.77699979443365,34.13607106594938,0
1.400343385074967,108.46940166588786,44.31124978940183,1.8060889068207404,3.635964777071575,-0.0354751710484366,27.921894770917064,0.0933222828676531,0.1089534825943485,4.285301951145924,0.3456746550367371,2.1371171389152748,-7.339252022782958,-29.32146047002032,0
0.6648227596904431,43.1335277916985,102.4535627615349,2.003221616606434,4.061660188049691,4.533391806095963,18.493082423410787,-0.0295138547348905,-0.1256487730565134,0.8071701879374005,-0.5044088193980534,1.740738411183865,-18.59915068052501,6.534586975991083,0
0.403503641458301,255.27169686715104,35.72562417930387,1.02934329163151,4.407147484822202,10.33044706323399,47.35733090081796,0.9917788490933226,0.0903664125936418,-0.7809657928165468,0.0084679478810607,1.7133564845271063,102.01216089389143,65.29154946507417,1
1.2764003104489228,208.92164359389977,236.40018017984448,2.174668381673368,7.891478928984492,10.16333903629004,146.2158193580857,1.030544865049159,0.7737174837508404,9.921672686815375,-0.1607279151021667,2.097210068544543,-25.442186244819524,177.06915125021078,1
1.2801000914256218,130.42775957998742,69.05118288992121,1.884700108431352,3.890556400507746,7.86203392027618,-11.210573865780011,0.1984107437927008,0.1930151559962211,2.4357452201467638,1.4594578379636385,1.2596615280923855,34.625265576191616,17.259638688753412,0
1.5615558554105058,180.923423133812,198.98215743225643,1.886789664902156,1.1286423309351576,1.4566239299270096,9.611793539800043,0.2533720148591994,-0.4676953099743675,-0.5998966056614567,-0.346010462946781,1.8270497357315976,2.479838733157408,2.150475020700206,0
0.4286057949496785,115.50447948911786,150.14097191152737,0.8749939029808453,8.76259750462074,8.428188245556774,11.532650787233989,-0.6758247082402264,0.120849431222215,2.255654541152164,-0.0596775902710159,1.7943441654330785,94.46084994012142,-62.83224545209422,0
1.0877958472081692,-22.82924407126777,-0.8142689332682096,1.7308266727755317,7.957965504174146,3.2767765988768334,75.09751920302676,0.8161352806585394,0.2614868738151931,0.9540831249560032,-0.0126465010741343,0.8503350464599531,36.37348170173286,-32.34702927924997,1
-0.5907560557773252,134.86092716263028,223.0659478375685,2.166199804013589,4.057435600320519,4.804862970086727,55.74362353033801,1.4671416963128936,0.7399419418653497,12.452230619806157,1.2233882065704396,2.0102854661394645,7.083500981606548,139.071221262754,1
0.774010406356999,-43.79114749532178,96.77306112041416,1.1406119563066524,1.511588934079211,2.152918452154281,2.9138884976360586,0.1174767420552636,0.0901888778049916,0.7785744996040442,0.8413170464319157,2.3966828674279994,50.49449848070455,-27.022553831474788,0
-0.3917457697806933,242.3721705616709,192.74327762418804,1.4434939265519722,5.917935725209685,2.7812719261511,55.20661911517067,0.677026980449354,1.1259307122802682,4.046750967326812,1.418622950284054,2.001206544787911,30.73162313232119,-9.760621539532316,1
0.6436865203984777,172.67286281682902,127.90963359326771,2.4755066116366016,13.869485308048285,7.537843131673451,131.6886322421609,0.9282277182762364,0.8877125845418653,12.681590101941572,1.4210392465246926,1.5450809169503414,152.07679568370514,-19.21251379424624,1
0.1536213695368532,149.77774729577308,156.4426737849056,1.6084885632545538,4.943361517797962,3.5234273584829747,-0.8425200941637314,-0.516029543674488,0.2432071624329432,-1.6276930532469969,0.4464049703473644,2.3261806589308414,-5.869185083985073,121.13280302721697,0
0.8766491639550054,273.06377054353845,-32.78647406989083,2.098723570242972,1.8031106011971303,5.0849392371740585,13.50027847825265,0.1136808543105348,-0.2804741189546207,-0.8518751456944056,0.2771906530701536,2.317252348767577,137.29013633286831,141.88554888818166,0
0.6132105897439861,103.95352934921485,-6.078880046115955,1.2344020985909658,11.534120000547098,6.474653697064744,55.05001872086868,0.1697375742963514,0.2888150638306535,2.052024112315161,0.8671385274770117,2.10952895600472,76.45903782589969,8.872613027632205,0
1.0854079643905503,7.053321772763496,194.45341224029664,2.2425252213296725,-0.3085819670422198,2.444516494454432,41.784555102241264,-0.0947706961884379,-0.0049871326350173,-1.0634218751885118,1.2628857002823617,2.1393475467805447,33.82707201772099,210.1312714991434,0
0.8902588979033331,93.34252046552484,54.82771912303696,1.8612324610876088,9.041572531407231,4.176739805273584,68.84583593533844,0.8731407807175161,0.8956920256551073,10.06591760647765,0.7696007644224565,1.9000349231954363,199.1410736843337,19.350037897902176,0
1.1757701092491304,66.17444650998397,115.20629582205628,1.6137294736279983,8.427530288631031,2.674806743914277,16.031222708403376,0.590058881656814,-0.291222356105318,-0.7494296448861038,-0.1068121529360182,1.755977873741971,-38.34822871220764,-34.82002931207925,1
0.0570068984197538,223.80557053481212,97.9164569889374,2.170868849675768,14.85030117573474,4.664792055106124,129.45642720218774,1.6098650794159572,0.9741476036597556,2.25719859231962,0.7747417764121853,1.815062018226216,120.56541632986404,139.26140365156485,1
0.6856406135801469,96.5752019698172,18.648764418061944,1.1575625262262843,3.937385260533881,6.22784531827672,21.445823795117697,-0.8327039519466963,0.3635100161121157,-3.4104088403192314,0.2521080544082812,1.8408030709414516,127.02320735740967,217.8290125487236,0
0.2845834056012971,359.3493158717551,51.73660048891381,2.042464809439461,7.451392901428248,1.86929941130186,-34.28024313275049,-0.5501170528445765,0.112600261942277,-2.295135555583955,0.3753401128196656,3.005418910147084,58.24333827352739,-35.77977042492039,1
1.2146138190287843,237.09129839642748,79.56926538738621,1.1685525098603686,5.149937575219407,2.0374102525795705,-38.61526325232168,-0.4498332956680879,-0.2184711986498526,0.6859789122093378,0.1160289764201785,2.05816927355661,68.9103620638355,51.05763982121815,0
0.3628598887753745,200.7455881218403,133.2622460627478,2.110042643014025,7.543373271611421,4.15502798257609,-5.857890068378445,1.2339103781134948,-0.4299199408779601,4.003387523784301,-0.1223405744830951,1.7486969253798383,82.1319650948258,-1.935157212304496,0
1.024175752073991,203.21868669714829,131.91792510255857,2.272948529271813,10.125205770609012,7.753395772007497,146.32073367124693,0.8746544978187851,0.8297160873427932,4.81437173084286,0.9084644833632848,2.1978789766042404,37.869489368526494,165.05697483376292,1
0.9100338097238576,247.28898275443143,7.887179262419025,2.093293702114344,5.004143396162248,3.1574664995500235,106.6713186737098,0.7108898798027767,-0.1911080085089647,2.535297047396769,-0.0504993880222028,2.0351856391954115,-32.87652386399233,-19.12086523005791,1
-0.0078712958275763,-25.79113760194815,60.51023386890233,2.122892383822476,11.032418987812369,3.056343049040884,9.830066468721752,-0.0209171050324513,0.6041812422019636,-1.5601564042937373,0.1689459675848393,1.533851230407186,39.683717419588135,27.16255335198199,0
0.7418984257512311,170.64066043492613,100.54683740232532,1.1141106758399009,13.759706880601591,8.75896550929583,103.11861638715268,0.1908662948740206,1.101158027483936,-1.3143642465756704,1.02499753936421,1.900353833108403,83.58674999352462,75.3026688732322,0
-0.3391610039719882,242.88192393710403,95.88553522055052,0.9138467524863144,3.7582878563500888,1.8214642030581425,43.82519568490087,-0.4638502171861552,-0.0787675525253492,-0.1187896783753492,0.4099907353052835,2.1899659639556908,55.51811658753968,73.23713018722523,0
1.1277235538238832,360.29769233292734,-15.619415278912015,2.354408293294611,0.6905316260796672,-1.2503321656968538,-57.38211997607007,-0.4583221416300415,-0.0058490452000005,0.8405997061210853,0.1892878360603655,1.9015550474456155,38.34047417816218,-14.004540057009542,0
0.9488601431418232,188.83586107388868,40.08813746470263,1.410553704040717,7.167235239971452,4.550496983064291,-1.8288807068301336,0.1974034545170721,0.4686372825695897,0.6824333814005046,1.5170773316306518,0.8904277974135932,45.14256768310946,22.31824945675721,0
0.8922159462500069,127.85120659652118,164.38561260550375,1.0596362193668325,0.3389550742644012,1.802856077417983,11.348999622761614,-0.2073567561432799,-0.0500613522087141,3.524703464059632,0.1175953970416666,1.7497232526771238,83.14097772885404,-46.27319994369309,0
-0.1556221190706299,157.5156463314879,85.99600213143073,1.9216302467993591,7.275343521519583,3.393037735305404,-7.848009998984985,1.114744931941955,1.0687306650500348,4.055261316478853,0.8411271984625516,2.3395728939674965,110.49269127748344,-37.14201357829277,1
-0.2813758987243215,265.53731262913936,108.01548267222093,1.6414554683468967,12.58318542008212,2.215248296110338,120.84217222095126,0.5039225947034364,0.156973282934795,1.914251101676275,1.5703588024004809,2.15190317293152,157.2979457851065,36.655921385366966,0
-0.0033718194305957,72.45210472504962,268.54006303231114,1.7893337902258026,8.657942778856494,4.1038459880856095,122.89348940596668,1.2657616355712962,0.7986435864394996,4.239912375399771,0.0770351104778498,1.9074426078388684,41.97843392992649,126.96803554394316,1
0.8626048390918651,143.84784699346787,130.24785068438393,1.3867313111103314,8.629103413880168,3.5163897575144354,114.01335420531976,0.7656290886946746,-0.2943245381659288,-1.7727790890638715,-0.1308074029273657,2.044718813297235,-51.90000121834875,-1.0203451864679067,0
0.0087388860363429,31.005495090052506,134.3851350615871,1.899488396401293,9.160919073783903,4.041100548880219,17.16367854746115,1.2402799572922536,0.7101769605602335,6.47211667673757,0.9117293693303928,2.064157080633385,-47.63568998682658,163.83067060357396,1
1.3015053431659558,284.81248237302987,14.616025768798536,1.736454141614184,0.0616013604512408,5.918642005084911,38.70405712492367,-0.0406145976417033,0.0108521032204082,-0.975131556393074,1.2660631697157738,0.9319375982244074,-6.196328151211887,27.534352511257723,0
0.9343329722845976,130.26991360748067,-20.93422486781452,1.1675714563940836,4.500363013729922,6.2590770384200685,4.558694902211535,0.9881379626091228,0.9909682230502104,15.083080139907668,0.1527357968155624,1.828555888325589,43.15331533958276,-20.315025048170547,0
0.6954593260591428,153.7669514660253,81.91629521734168,1.8260415199688584,6.69867964871592,3.908978607254903,33.03972683962351,1.144954281711025,0.9982880038006438,0.7831360864074446,0.2175631252845918,1.9905120385978945,33.145247668798504,-29.847085708149827,1
1.053210465748453,-10.06097961028533,93.10057353615328,1.3217847119506594,5.442351609406896,4.43415460353074,-37.49170324572777,-0.3465310348839885,-0.0872031846494398,-1.593374922457687,1.2135604413290932,2.3578313930441235,5.443024094741773,5.498813188903156,0
0.1330844192515382,1.4417495892735983,34.46017099123396,1.901905166172697,10.37427715511222,8.729855957151608,-27.482002316526145,1.4785928454127162,1.0541390796909331,15.098466814964322,-0.3214841106045565,1.8346077023339908,-8.149825167313153,59.90932697925109,1
0.685678456482035,218.48069705865367,41.524122479923285,2.024609017890377,2.6196130604641628,2.825286893371598,22.98046564835718,0.3634735947753778,0.3292378494312861,-2.8509089019055303,0.0901455218391162,2.1819375435632,31.113789195429156,61.65547844731812,0
1.15891399964596,168.29440653348172,103.8550068864852,1.2283746194571277,11.880426412261814,4.949936150632338,48.35816918519888,-0.2358465547687569,-0.7601105449113815,-0.0791300536838051,1.1668728895655314,2.027145457990708,111.62233805997836,60.57240559158176,0
1.6445428773776305,39.05606779152613,63.93249144850627,1.0921350445834088,3.126560599728551,0.1344353580807631,-17.596152237023595,0.1377633957395847,1.2934349098085909,5.097376165706496,-0.3845521850158792,1.7562990078759375,-26.488920793061823,-75.04253659454545,0
0.8569257510436261,241.56054606946097,62.91433090265193,1.3540740419894517,9.581736986917692,4.097219650934527,-18.400500680226635,0.0035750091657906,0.0038748317628984,-2.306902028145373,-0.1612854029306635,0.9420813781062788,64.440995366494,21.108134326545027,0
1.2981828058270746,195.37255939914047,40.22345201236682,2.6698118529282464,7.492639682706519,5.712007840075956,124.99344630317508,0.1740456566802507,0.9831448921418638,1.587802316731395,0.7669828887735402,2.077091875109249,91.43793223647651,83.00980619675303,0
1.035699286133495,163.1127491459612,24.07122870509135,2.23717214488011,3.042551927248629,3.438140513284849,3.603099561493977,0.5763783623141563,0.4182221674310029,4.7672786509329,0.4354600301716212,1.8593574159569048,84.11074168263562,193.45898006643415,0
0.8844802547096857,-34.72272031582429,13.952349280114788,0.5979120227565804,3.1361419150832868,2.8118438718158947,-16.357912727907376,0.0904937481223238,-0.2153199106458799,-0.5202372333567089,0.2315260990024305,1.9930955670784836,80.13613024682267,-20.018300866222692,0
-0.3127807582482441,209.80765877912552,56.245317926185294,1.1539190431344517,7.2609670618903746,3.576226597172157,-8.92024386070429,-0.4644534539891498,-0.0476776037344742,0.0154920864618244,0.3502134980957046,1.7856017554033576,22.03031472991,-38.15889715976622,0
-0.3407713734616414,122.0530105164318,-16.07992830373685,1.8759953261350075,0.1262778382485487,0.3908204807307625,90.12686843032294,0.257907453703232,1.0231104202403851,2.1035267268359985,1.3067673536147006,1.9964602239077711,46.3584356024507,-69.80340428677266,0
0.0587701975181481,401.2545723407076,224.4093102053974,2.096976434122538,3.8069803012529366,-1.802098251038256,-5.326722174895011,0.9083615679253104,1.3421539494910704,15.801036155890486,0.5664859026628708,2.252821705725822,-31.413934711174235,121.25966428301405,1
0.2091215591063774,54.51180894617056,13.206910565318791,2.1584414532794787,11.08679019463625,5.093309233537594,28.67996959541886,0.0395445952470964,0.1563912214484849,1.7347727567810658,1.1618319726216164,2.036548109019225,76.31986181602731,-69.92252131572573,0
0.3442011064485159,118.14163067511444,88.11916620253001,1.5878261181653448,9.978696510270204,10.139269718942415,49.13616447343216,1.096210170716078,1.1906607209965192,8.602579732280855,-0.4550779669757911,1.958603839809505,8.22358733664668,289.6237697454355,1
0.6602042661046547,191.332755454823,88.12663276470995,1.874575676012516,13.00231256058199,4.144805088091405,30.83865802906595,0.9308327433234876,1.2360503182437046,8.084840825403907,-0.0671809195276664,2.029096322212147,105.51466984074648,113.08455810618943,1
1.2851006801273923,259.2903918154585,85.32946011114177,0.9816111058998253,-1.3249207125065254,0.2724122224315568,67.12102475873665,0.0604321687521328,-0.2995488019075285,1.7385564176292567,-0.0436790743381034,2.618819597754573,70.88938798683182,-11.58969046282197,0
1.4043212301172492,31.557594871180115,65.82107521224007,2.250156764295889,7.677308464369353,6.355367450546879,5.28668954765465,1.257651691932759,-0.3741855029368978,1.948270374795286,0.0341833239001273,2.067566252755001,150.04877031775644,36.30557495902914,1
0.5529786191630974,227.6155885151909,174.31880934489607,1.6140851266829634,11.987010056097034,6.89366998430061,32.637472936977225,0.6042992818822552,0.3360074058021846,3.4095271609804736,-0.0945737290626516,1.8833151729891544,44.12546204863074,32.22378391494344,1
-0.1875240540738949,46.551055501053895,70.8739219678781,2.7725821914265896,3.62109642032671,4.273509878104268,15.42846030932474,0.9995289060943594,0.0327051963567511,-1.5272807861559698,0.0318327977078823,2.091621155089029,41.064721146644224,25.85244084938461,1
0.2216507367977921,391.4876427772175,179.82586797696322,1.8904718191606067,8.693594595778556,3.7064322103414704,113.7371518845188,0.3251936751725395,0.7546069240788746,13.107418707506609,-0.6936431884729632,1.82735658845298,-24.322405984855408,179.2347709435836,1
-0.0522404048118629,153.09308300218737,47.27175220067672,1.5625386629702924,3.3274653304705364,3.5349107328505385,33.493548042356224,1.3460468890618256,0.1745132604125452,3.7797992772185056,1.4662621147620436,1.8615398630514448,42.47660529049216,30.12533339610444,1
0.3182017362881919,388.1202967179864,58.379430913568,1.9192530540212185,1.3655172080233626,1.930330090610599,20.82337116049128,0.0850801569266263,0.1737205940994236,1.1551400540510963,-0.2014400510319914,0.9531924280847248,1.5254868867815643,-0.5115093713020471,0
1.0322697229320617,191.62172961934093,189.81523185743927,2.3167422835118407,2.017653670091817,7.862229684087661,37.18231056197535,-0.2932164282286512,0.8354199846136765,1.907707638784556,0.1138444341264901,2.094075076462536,132.9404406464471,35.54176139701258,0
1.0423012073942313,315.2769028810628,168.051719868384,2.0714992852244527,15.071233653943237,3.7128280974827934,-25.030767980046747,0.474337904665589,-0.2741189794279531,-1.525188872358454,0.9883118365312342,1.9838413192913544,131.02760920850562,-12.292383134984073,0
-0.1689338646086574,-55.894823768953245,20.99307405011549,2.444111626624227,11.602577816886402,4.453545587066285,-3.730969102059909,-0.0518055228190574,0.2863101654928252,0.9217799741144992,0.1586447223226746,1.96488428740511,28.53261595700525,-60.32093239573714,0
0.287271312589704,217.8647058610946,25.521147479939096,1.4131998942951558,2.4155362602824946,0.8648177200190461,-21.057768244443807,0.0379381483034015,-0.173255405474508,-0.2782062014865669,0.1812436231428684,1.7602182573809362,51.97925546133774,-59.91872611317138,0
1.3137514740817569,5.392916059222699,127.8672040713891,1.2034204087097211,3.569347133008856,3.71518227009577,1.4999646778345053,1.4773594427443073,-0.1052857515734415,-4.900283561707039,0.1507978051406385,1.8747647334215376,39.17960213527619,101.22093996298771,0
0.7984891344256366,-2.7527683550235054,-2.7480779344238897,1.2093126093230953,3.751405472328485,2.911900287707179,4.2495497703712815,0.1542691013320471,-0.3513671759197105,-2.9820629345022063,0.5957070651225245,0.8849042041630695,65.19943740987438,-16.33807632644713,0
0.3606840096815559,27.59028092300396,37.89772500651958,1.7338898171329398,2.8601671526516528,4.563142850293704,44.475282100645074,1.2859964398977266,0.147013196677035,1.3522641291902655,1.117551425235722,1.8455690768832775,82.71904444644116,-47.46890607107998,0
0.9632058685563756,87.89371826590599,37.75374891841948,2.4233727593297862,12.953051613715274,4.152005490127431,49.4774115977744,0.3803505710090723,0.845020545523652,9.881724329638914,0.1339774380450291,1.824997070573468,133.46078374055185,246.7160323134296,1
1.216095429139203,96.22670759247428,42.22080521037766,0.9735151423215702,9.069726929928215,4.564630874201875,65.21593182133557,1.0568657158874109,0.1966807857758801,-3.079406481969764,0.8550448399787824,2.22015187902566,103.13208281897488,-37.30136387567294,1
1.3070597131788233,157.6695009589408,8.854386166527902,2.1574802604526204,-0.7203641309868924,7.733833763138184,101.78639968161308,1.0055123271113344,0.8518990291225111,5.151233313237003,1.2913906113446636,2.2347039215384403,88.19308963743114,48.13216502806829,1
-0.5298450803850844,119.28631033257491,57.02831921752684,2.651938354761029,5.136096305099297,7.356496193568308,18.835151373850675,1.0625252233904474,0.0600546480599522,-0.9624389206086272,-0.0522932345142863,1.6455064728488566,156.63288131651723,-32.59037241688225,0
-0.3087544264003605,85.75540323696305,19.820222291969166,1.6945249905085338,7.59015396705946,5.672896693664147,4.94257119307003,0.4484633854732063,-0.2222483392005974,3.534639566821449,-0.1949555866465892,2.0403694049283545,6.995622454195932,29.831389211971317,0
1.4402015536251414,101.02172932712992,10.610084361850369,1.7216304434141116,11.18795548538511,6.5055248878202825,-30.375007323549447,-0.1037368812196493,1.3754279935608746,-1.5000062067238646,0.1694035010099674,2.218836358165233,113.16459439275738,221.98344220136264,0
1.2341445665119446,260.09045031505,8.432979355743328,1.9545633486126264,8.88402713708174,0.5818501964968705,7.583635874307284,-0.0339696092528544,-0.0150280785601474,2.7090264586867203,-0.0223512913001265,2.7957229677252045,61.08738249574685,3.944433550791203,0
0.7289980631241464,69.1067839535132,-27.54282481003277,2.1173374788494845,-1.3452495423014774,3.791647628553307,-39.57765200728975,1.125570923418742,-0.5351102337695098,1.0767495321450324,1.4901164561775806,2.2998088683713305,-48.96953399103816,14.00630518566333,1
0.5335040238332294,319.9586483639167,1.7382840751236728,2.25286724412904,14.143205885633186,6.81062502034206,109.74410998460807,0.9677745880707548,0.1645432617345426,1.557971587801059,1.3576316438937148,2.013508421580616,50.35491784763581,284.77241027204565,1
1.3124047785347583,326.3613170470262,38.37740073434688,1.089932090183627,12.308531995177924,10.481001226986756,115.51122484791028,1.048005469279117,0.3194632519245545,-1.0455634435732382,1.0995674775834172,1.995366467237616,77.68585264838713,13.677277932247954,0
