A1,A2,A3,A4,A5,A6,A7,A8,A9,A10,A11,A12,A13,A14,target
0.8494407483548848,150.79038525370692,91.1523218180231,1.0665645609066088,12.609829013684262,8.442729880422569,96.40252622583904,0.1113386720098453,1.0590088493656291,0.4832875228308588,1.0145818979624557,1.9418730693132351,98.34227082955604,44.75989017605211,0
0.0071040889658967,79.99393684563766,25.410302540533166,1.9920864636749975,8.789728562989325,3.622275312283594,34.95881864487252,0.5285923850530311,0.8760475672934502,3.141303736610299,0.739185790949735,2.012171969373487,53.93694035497408,95.7502036636987,0
0.1130247820244434,103.2396098755903,10.312685003760038,1.904114580646403,10.72469672943421,3.627487802827363,31.7957170911355,1.3108180182423936,1.2159499419081092,2.7758837267502474,-0.210700644009817,2.139766631007332,68.20822201401779,-42.89596805052083,0
0.2103990056475743,71.9276638717523,56.69033958713642,1.8447690599942148,2.918430839046797,4.745166662671327,31.777247892042965,1.1668312566070074,0.0857576980616037,1.205487408694322,1.068571664720838,1.9099152948485787,72.83610926042401,-27.273528541463328,0
0.2321748908681183,103.16146430710674,47.93945877191697,2.299987729506644,0.8503111318967891,-0.2077730832684388,-4.030483011032921,0.2542667756978311,1.0651173522548087,1.8163565464530256,0.8805069128117966,1.9415064199529104,74.83004319496358,85.0234000674002,0
0.8383029657848895,195.2199290118732,48.66677339357178,1.1847508077246856,7.772485464301023,3.501686122654712,13.95807178502636,-0.3922264743981821,-0.1303743702363414,-0.162528140714206,0.0136576132555528,0.9788027014820604,128.71653538668193,-3.442213159991134,0
-0.039947823966475,1.6772342858746754,3.208205231162154,2.3962989392016127,1.7161304235965824,0.6768214668756416,6.914542467453185,-0.1767117169801542,1.260508945478639,1.0672177281404625,0.0873796042246553,2.1114039978678103,59.21049383678842,61.40188283834394,0
1.0376851096652744,162.38782000446813,32.206906163793505,1.8795052524913207,2.0354438388534097,4.46130447611436,13.3254403598749,-0.2121519683399104,0.052115282986794,1.2233604186631628,0.1674847821973432,1.986086553468582,75.76953137119037,-3.378666560013912,0
0.8635016446804068,204.65985567253605,134.90270903000405,1.982096579778736,1.8537472263003263,4.656999696640238,87.5519781849546,-0.0652946179193231,0.0840314270092786,1.737743443268366,0.1550214662190338,2.1487744320217392,89.07401271017486,105.2471369811104,0
0.9583715057365358,189.00793717284216,81.74268214982938,1.8705183257792004,6.1656738061616405,6.25546305657854,0.768364568784186,-0.0635586141392673,-0.1989874274061633,-1.6924117813727009,-0.0203816430596088,1.895715728818348,156.63043974911216,-39.68495077223178,0
1.133973089053714,67.58027321659185,-1.2115094315102368,0.8354713035737966,9.54495840119188,4.958042765286844,55.87859508218723,0.962316999383618,1.1855556223853971,4.445423378735039,1.3429838354711898,2.255429886398922,28.317394444338944,97.52099764478233,0
0.8419155368224187,85.72895730621603,-11.899981139185783,2.0684468626621992,0.4652711003241379,4.295127783322762,-22.67029700425236,1.0732497053275996,-0.3121476363655473,1.0447705604179358,1.285901266103589,2.174888506549943,-28.1488948281056,8.587011358303606,1
-0.1719838108333349,322.3103767935712,125.98122034533252,2.126666739420222,9.81774238997528,5.957722109581729,70.2647669059393,1.012589526625284,0.7757085682430704,17.407331028240062,0.1952192581329598,2.0310303088052377,-20.73854660039514,181.35616811717645,1
0.8899690839587382,174.59113306364267,14.357169448481343,1.886045440235557,10.799225290819384,4.440244764143444,73.57259477087689,0.9359002556497584,0.7113968677397495,3.269918283858945,0.8732383520312837,2.135793133591193,151.44780962613828,221.93619781928552,1
0.8062401216003249,328.23785152782074,35.32203004354703,2.1723891978772616,7.152550026223662,3.707258182417122,42.4304099300915,0.7725534553747578,0.9976183961936218,1.47223085115383,0.931042253494753,2.096701907971926,5.1028552201225565,-21.683922864707547,1
0.997688881870904,107.73714346517698,191.89777724075924,1.9966270952598455,4.731873476272617,4.986300680515535,14.792683249318674,0.1643065450123104,0.1155005358501712,-1.520956391030202,1.194719130127337,1.9521453045803212,73.55245129801473,-23.726475327169148,0
0.8252865855656701,130.94937984908844,26.15146214049496,1.8716689094260803,11.461181662589256,8.101935308179138,4.077719532642853,-0.011988144149503,-0.0155854921382065,0.4811681710074942,1.0243843605981018,1.932705325571876,119.8831806050774,52.1679514246869,0
1.1758781168468075,231.14061471760076,28.52601503179914,1.8462649159416076,0.8692674602632229,5.119207836299531,29.244033322872134,-0.0236918486243269,0.0063303935452381,-0.1521600745626266,1.1552035156675349,0.960296932297571,-3.197858088206928,16.478372298233673,0
0.0554165263076398,244.89924986220612,75.10606964953034,1.2198796905875802,4.046301658340099,2.9706742227471548,8.872116255905425,0.069457638193927,-0.1327020374290762,-0.1422460035743822,0.1723376781331685,2.1245274952194366,77.40729209675774,66.86461357552326,0
0.7838308038486386,345.8737466075148,198.5635237223143,2.3066578177745924,1.3221375940943192,5.589486127834553,139.75026085080384,0.9088643953688283,0.8713614878346019,19.04608362633866,1.1002500272186522,1.8525788907129517,-17.213917613673658,-63.48828439803899,1
1.1956798069551704,125.32535594364536,144.44596434649415,1.9922773729204308,6.3622524555322855,5.67784672107538,2.712067990952981,0.1447332984621115,0.0324040836946218,-0.8555694610708198,0.7532222959833048,2.1173173375230605,184.30420893444767,9.209910087985476,0
1.0543691096044654,280.6906168814926,132.930786061528,1.8881137372519288,3.3281496539302644,3.342248328681369,114.53235153727336,1.110729498266231,1.1047560535106498,17.75984130899657,0.4904716084992312,1.8213709031759924,-10.918030394717192,215.3338574335912,1
0.9028563457131396,78.99930220216677,34.4831634278095,0.9203574778409028,2.2997353977189574,8.015226687398805,85.35199769784765,-0.0418421648469681,-0.1772210447507815,1.2529616572976208,0.038363165090598,2.1420470050300464,74.47941073639848,126.07338357887572,0
0.2041721827426715,11.683676071139388,35.91724628601155,1.8622483551976277,10.134437437857542,5.029455483369303,32.106329740205815,1.080800152324347,0.6759940968341627,4.627768892631188,0.1050909262472167,1.9809271681560667,10.289813595664114,-34.844409704391204,1
-0.0036416861749386,279.3201790356061,87.87690306487393,1.74925076567868,3.82015338741118,8.233251972907222,34.5920340210391,-0.0346185206578721,-0.3796435302646276,-1.1753162877505652,1.3578325189923388,0.8858204215448839,109.03380044618486,-22.748990138703668,0
0.0122594463713627,148.33385796964117,17.698733163332008,1.851464608826889,8.873924130261587,4.446165983230422,-9.241790201325216,0.1483916975041193,-0.0277695990275727,-0.9894737599647928,0.0793785477111371,3.022674410663921,61.325088071441066,0.0477619365504864,1
0.1319605638734053,93.86420203663926,187.5821459797737,0.8735593690352107,12.38564231781915,5.286608785410276,61.713080097067646,1.0060670266994842,-0.0906360411435754,0.5111712279135245,1.298439022761302,1.8950486971900629,78.79339534182569,41.9568714775897,0
1.0277990144507143,71.32126325091537,67.57608255202804,2.1491936821354205,8.549859396011634,4.687787582207023,8.84861604454882,0.9853468422714692,-0.1502254508941064,1.0994716483964568,0.8917075655743296,1.901246138688661,26.8071454775874,-8.11752855671702,1
-0.2151112936152838,17.707441313644466,4.638231247967553,0.8779249006550472,8.92021204923749,3.488442074017556,11.401295522153212,0.8220436576238741,1.2078556703321932,3.569471178549908,1.0326907348186567,1.8952008587905136,-0.7937268121588588,80.03715819892511,1
0.7401053495753533,9.622565743647217,146.0237825859599,1.9310093304038125,8.622308201081847,9.349872638267662,64.0526102823254,0.831815213568326,1.060206552196022,11.4256041243861,0.9504124486443244,2.019368153398582,109.9939521143506,83.37441303308964,1
0.0764378848877447,44.07072646134832,130.58244017270724,1.8557717085103544,9.13162685994264,3.965211368427292,2.65116245589352,-0.1190344532397995,0.211685963915572,0.7819556801737608,-0.0746920847072793,1.9631989600783384,61.59192614868136,10.291350720623988,0
1.0511285785700306,155.74960914323466,41.30536380898436,1.1166044529702812,6.42177364959338,3.821868938621624,68.45726817500226,-0.2390993882523181,-0.1395465956091245,0.1223344202010494,0.8040010717398594,2.045975907260531,126.31459865210223,-22.087326783306075,0
1.0369607947646866,209.76787955489075,53.46615243215133,2.177387593890939,8.720585093853263,2.9776182320744864,-11.003612111398413,-0.145722315883697,-0.1480167153904749,0.8725992864689811,0.1071820295779671,2.13117504690228,106.9742098672161,-10.331323910016714,0
0.9939097386481766,27.421100722187475,-16.370364927796018,1.6711309697727308,6.193335739103555,4.225758077037442,17.364760920520347,0.2746878899008691,0.2718490018533471,-0.4082320904525747,-0.0614282063140448,2.05019914056461,138.86710993733448,172.63126055133176,0
0.9795609948167732,118.15121627750472,-10.290037340881142,0.8763230086054472,4.260612490277703,4.588371943885676,4.145178000363245,0.2323178639551956,0.1483559323019477,2.1878256591800254,0.0966271965374216,2.2432601339771474,65.68851463187998,-6.939200023871678,0
0.0386303252842489,146.56495985146324,22.403192472285667,2.0046255793256726,3.6019910255747645,3.352232243659315,10.875213892748878,0.2250124220672654,-0.0926416327821935,2.308335896103439,1.237314905524393,1.8282663005131008,106.88377145049056,26.3699791486103,0
1.4421021863921766,44.8137643772138,-0.7943435329176793,0.8955737895487484,6.785632027190854,4.65260634447235,0.3702687266681792,0.0222644512602371,0.9890033207547432,3.032151033008218,-0.1476557866161629,1.8875932765108536,72.62035063634876,17.279283555141312,0
0.9474104210850772,190.46057176437716,27.380800939465075,1.1055244816191483,13.71202937370866,3.832299711941871,-4.204208327557275,-0.1824886709858726,-0.1027064713777626,1.0277266937752798,-0.1371130862012067,2.010038812281648,47.41670235739594,-41.23042509044779,0
1.3406687917028477,201.0138464629508,49.06001614184005,1.9551094382324337,10.125345429576845,3.6415710851913534,4.019345517142376,0.9977700930925768,-0.0984912775910519,0.257531068756089,1.0511494847187492,1.897906634410874,92.29129851996596,65.01018833294744,1
1.13992836865249,206.74948837943768,86.64321729268373,2.1425688228123065,9.915780936995926,4.462856486278755,92.8555887997938,1.381330017281245,1.0166678661902455,19.572801745090104,0.0360719137651543,2.025727995487005,32.06911543684812,183.9642978154217,1
1.0926078189723576,58.22516808321456,35.27458812953445,2.078089769313937,6.179100726967559,4.437657616500639,40.55568786097924,1.0014626937906954,0.775892323599945,12.172684009238353,1.161642217843473,1.9156650455746511,59.1998032240671,211.5586591405856,1
1.2742829905453354,49.88326782747463,150.88320423708515,2.1648739278324247,7.069449480026754,3.5855909278357307,65.13019305639027,1.000047217355626,0.0449523273249134,3.95138867867134,1.0586351882826364,1.7514725345036877,6.2667444042739575,1.9630921621633703,1
0.0397334271237279,82.79604142618906,75.13280758788811,1.77891450100558,9.28842041568708,5.124253959933787,28.581407264958777,-0.2417229111219248,0.0389795010190237,0.9247319685221882,1.1506724904854426,2.0634089306536323,68.80626710494737,20.862686640831164,0
1.0419637614493735,22.274682227745828,-13.677917621896968,2.1160998336366026,7.639718019627705,3.643192969193968,18.799425720072072,-0.1830780495271241,-0.1382021675210054,1.298270721905637,0.0680877854538197,3.0518721939340523,79.70816246514038,6.048826319235438,1
-0.0447506662109762,149.6881553729647,14.480456897541885,1.922234402546732,7.881183232051707,3.572102569951165,26.558707746271335,1.1168712980647273,0.1944665279550196,0.9365108242478192,-0.3419335330568605,1.0737800212326454,91.20798799024332,8.851167013655285,0
0.9067095971320414,66.88486604445833,148.19014769938084,2.1252865882286263,4.09077255228625,4.5149013068142265,17.829785237652878,0.0128642378151973,-0.0907970771082443,-0.1499386768936177,0.2249345661991151,2.0799287443557817,-10.190524004357329,2.012715664236481,0
-0.3091779224529322,2.0655824339954734,-38.93497194806669,2.036237577688841,9.04317134861168,3.3647489670851005,37.01904205761874,0.1614655558281735,0.696945996003929,0.1352354760518208,0.96022112598319,1.9213744207284829,19.256736593770206,-26.130628421449774,0
-0.1194314011863355,123.90160665105005,15.39612641704018,2.24505236195866,11.024297985156716,4.123174021015268,19.86013243817185,0.997241660059039,0.7895759490049813,2.76038462282704,0.836603859710384,1.971008895963281,14.680754190643777,86.32071787271823,0
-0.0271668453403919,99.17565246693064,2.510135685043977,2.0622396932515925,10.700788750266245,4.052757408485023,2.076447171983034,0.0783722934420085,0.2017757936823081,3.324507264790522,1.0539917516173576,2.0616128126916795,105.4240611689204,-1.2342506380293017,0
0.8740838815195873,255.9184715293281,71.61553959027252,2.234176997275136,12.48773269907872,3.977991584289878,67.3355312600805,1.2684945268365306,-0.0633619558838651,-0.5594670645270674,-0.3072792871290584,0.9324909865195627,-22.479105116026915,-14.8351096447985,1
1.054040018874553,370.3913458916554,204.9148689278319,1.059434568563531,4.458154857607958,3.972873932867041,128.02252475855445,0.8569170402698669,1.1872557416656022,21.539663365819063,-0.0309486398354514,1.9605800412257424,-29.93904981877354,-12.780555087268503,1
1.0960167626419273,179.33752553951007,22.10094638411642,2.02431610477185,3.832573781607085,0.9877376723784664,-7.807544667063922,-0.0303756991914215,1.0159606871690166,1.7866982642688904,-0.0054676531332322,1.8491471683819496,14.462319691495097,16.20317800210193,0
1.2504462006025896,251.74675984193408,-4.277451782298527,2.1128279804848837,10.49112857741008,5.366075753718109,-14.602809403267052,-0.1619688309922061,0.257117248114511,-0.4932566189029943,-0.2306255845296606,2.949188455378008,71.78281899222866,-1.603418160358146,1
0.9803660348367272,86.84819341470461,189.8707765781244,2.0718086982559174,10.214570358634871,3.730722605169268,67.62129303185787,0.0948380485560083,0.5663860155641215,-0.682616851809553,0.8797915257730525,2.043768040771306,50.41169782443069,50.5819388596767,0
1.1720714044302172,238.8215997709896,-3.3819532331515347,1.80026184900921,8.68693961334657,3.062468818433719,7.133974284232945,0.0531690574479398,0.8030228722456916,1.554744499049846,-0.016412892564242,2.0526358658867654,97.13382208753931,130.4342262431532,0
1.0246757043133017,301.82819334728663,135.9468365898907,2.041707916380931,14.624886298133555,4.249149723531629,-13.351281321693932,0.2766971110549269,-0.1599027379996392,-0.4730268422090975,0.99318190464322,1.9905741029199568,141.43277203829496,-6.753890162074029,0
1.005054982062865,317.1773367111107,201.96678551902488,1.597971280959889,7.510045254011875,5.0880181703855865,16.670561863987956,0.9336053768860908,0.8696349594234222,3.7380590894659376,0.9431062189869426,2.149184713696328,98.65699456406952,-7.541195397698331,1
0.9601831092173828,128.9729069391421,152.07453239350195,1.8209359124501412,6.20807737745456,5.148413031541437,4.697301657639315,0.0782658268430074,0.0945202295353497,-0.4626965155038367,1.0890575849373865,1.854332019760338,-9.09810889032056,28.350066245052943,0
0.8450545922674306,239.45769664664112,59.68364257152739,2.0064327925756564,6.988337919581281,4.379054761309416,79.96255521757335,1.2691840606359204,0.8950372766436288,8.483301758059937,1.3096473798461383,1.9110689807684096,148.88137636852474,237.88072888051445,1
0.9207464090998736,143.7397380670495,68.56380333924989,2.1114983238534557,10.1711868324354,3.197563702617789,66.1500177774809,-0.1490607354550116,1.0449402789773554,2.364390752092596,1.0845959878989615,2.035214923628744,18.380184269282672,-30.32014028140137,0
0.5152988537902352,77.33496118754903,229.76979796572425,2.065412194792871,5.279154406309877,4.324070282153071,45.16666284047432,0.9480243966428096,0.0172247629565323,0.8785101858132314,1.137901286752785,1.0360184444564788,13.787354317128724,-16.501743561472487,1
0.9571167311936344,297.4660294822784,62.289495252845285,2.2527398274446164,7.101085796242268,4.717346127213218,52.16018950907844,0.7879471836239029,1.096369547416882,11.842947102807091,1.1914958077187978,1.864876963662064,135.0537859618051,224.244235683486,1
1.0099696786997774,245.4350115873001,42.26947557183481,1.7779640033436823,12.206183905830418,4.0351959695644375,-3.5688526928525945,0.1086543468999973,-0.0007235680983369,0.3231601445962382,-0.0674787898449423,1.9375834336230675,138.63837181998207,-17.700102568703592,0
1.0524589909025002,191.75515560094544,42.44286802009677,1.8394201488469863,2.929232456235641,5.789264093009,92.06708106089548,-0.2485409247209243,-0.0540850936156582,2.916337171557952,1.0885991654053144,1.0204066968533632,132.48638261287064,-8.758070674526302,0
1.2432798294201295,257.1725762771647,49.72278399604678,2.031544425429859,7.029325710789268,2.9909094224032837,22.683044203337367,1.008705628841279,0.9494408398631052,8.926587129262117,-0.0065084751568699,1.9667212423619076,47.06921499449429,202.58826410802487,1
1.0602263908216676,203.5162144850272,34.259967592348566,2.122400538479545,14.37641379374855,8.1622706022563,95.97826775869372,1.0472591620373086,0.8505096974826876,3.791833957460957,0.9734030214143732,2.040068016490421,17.13801964019136,-25.913092719705823,1
0.9982237749184516,80.91015454275178,87.79855611107382,1.0114775270176626,5.6274960578946365,4.335284579941693,39.558024235317205,1.0256754991331165,0.7502334063658688,5.533902680569586,0.9817927346173858,2.1211048384180407,116.75348982744534,116.5371464862594,1
1.180658023850195,202.00188810355635,97.42912494309216,1.0546012656268262,3.8985101457546953,6.586925250679979,122.33748229616144,0.7237381926234832,1.0773405122712298,9.610653153972152,1.209727750267651,1.9554160431729088,86.80320105685993,24.587686470222025,1
1.1467930255852097,288.9447511208867,171.0512947799136,1.8664791417887832,10.720768302795406,3.866670525879427,128.83677503451614,0.9226395785921098,1.2519446300998096,7.1855292278749605,1.045030110460896,2.163526736665049,14.160714657323917,-22.92786288479952,1
0.9943336785802532,31.62869739887978,154.02535067616236,1.957945889984249,13.985455038636378,8.334280084354527,31.284703928136373,1.1280864476687018,1.166601097499253,4.040483038117549,0.0993460315750721,1.9961637765855769,48.287930416390616,28.28107137190665,1
0.7097964043450766,333.37666162183035,111.90955570415898,2.3636690887151364,5.210004657579882,5.016060918857085,4.891132924811906,1.140915751639595,-0.2853165626375193,3.071494048817152,1.137153303554959,1.9959335606007,90.41267128276183,-18.4625826782817,1
1.0147951000899134,149.41802324243744,146.76557474566363,2.282301599218377,7.900844940091751,3.799749795495699,85.40569312424967,0.8967375009501038,1.0546477630556526,4.70148459087902,0.872861885337169,1.9316359681655717,74.34091602381496,-3.13575226815054,1
0.1061191912293465,214.7580505215886,27.981944804182945,1.9806427292206408,4.772966810693072,3.3241909731199257,37.144808989646144,-0.1708540743155758,0.1867337922523768,0.3841113040329973,-0.0044710030504218,2.058717662195757,76.3387503863874,98.43886675684524,0
-0.1611907849566799,95.52911984600176,34.76682058819733,1.645845266113264,0.7327892496509678,0.6205403129771909,10.958351348101154,0.0616070317940032,0.8959879386916252,2.8324470484796773,0.1261230836166214,1.9196802342391852,19.042166269682347,37.42053444465424,0
0.6666867137206458,89.46094636865207,151.33223361505765,0.9270797767388264,9.278181877695433,8.249776476574784,19.64404629255316,-0.3942310798067988,0.070495501546292,1.7324651490054288,-0.0348119276580927,1.8800340965026288,93.43549579840416,-36.23547651372163,0
0.8727765730497777,123.1432854857081,10.76859068244056,1.116683135992167,10.884321307572744,4.8894514767408594,20.66192425924736,1.0052152951327742,1.0967525443555592,2.7880765615458944,0.8879109823181888,2.057179072475736,153.94801166826343,24.522462853407283,1
1.2534074637133332,321.837621825989,185.0755133754118,1.1705365073365823,10.714106138312614,7.598049016848956,84.78607474195181,1.3185165760946995,-0.2635724540733909,2.449938306888701,-0.1775745260201695,2.0107092597890825,32.08392078494828,-23.3572755574258,0
0.100901538070979,387.61162805122126,107.93036898466256,1.8511279839200587,7.57692839431963,7.1667056207333,62.49989110411976,-0.011475784299067,0.1793840611704326,1.866744905153291,0.0797032775363896,1.9579424488724952,20.61120545280702,103.35586446202008,0
1.1236467485326502,152.3133847404899,14.60914861705757,2.2169412143470724,8.354936527237628,2.846721051767515,29.72180830519547,-0.1784906433174055,0.0090339352145531,0.6135912292172487,-0.058736977981202,2.064764282584357,74.48587941440182,9.035461229264705,0
0.9326134819139832,7.245079815769174,16.472203746733612,0.7654486799413387,2.246082783798584,2.056908925225938,-9.1254490912793,0.0527880197380222,-0.1256032812100966,0.1131949472085871,0.1350568910847511,1.9959724141291155,60.07940931064657,-11.260675505296568,0
-0.1987833011859575,141.19758946791856,22.28670848948685,1.927663940245421,0.4903287389783202,0.6446452804262783,80.07400658435505,0.1504460146602186,1.013481078473558,2.477057257320999,1.1789476229419087,1.9979351306128663,55.79242076809624,-38.63531916728403,0
-0.3446076992034396,117.00220751153432,205.12180290524827,2.0969498856745936,4.866837433520303,4.469503399217257,47.93378039269717,1.272499322849188,0.8482994660881207,12.680467861553591,1.13030978716609,2.005999855248021,19.96537557260382,131.5415457366065,1
-0.0331810544251968,36.22243475361061,120.46353795110674,1.1790535298601963,10.02030628434999,7.609263614184586,4.717322364524399,-0.2732104739080171,0.0396120790004041,2.3651150745515213,0.0510819910035053,1.8339462893845255,109.00161195359613,19.865953656737005,0
0.2633885688635984,132.85988857529026,147.6666483387895,1.7086746164240607,10.60003200349268,3.800558376342847,16.586851970521476,0.8053667403579748,1.1003524013561845,3.740090838052384,0.73940457433075,2.0730721818484006,47.132093621591046,5.372061047121136,1
0.9709038987424988,223.6297452283089,61.32366193868671,1.9252862079646655,2.74386350348847,3.113764765561849,31.044632751525597,-0.312340718559233,-0.0769006946341118,2.071508356391721,1.052845757029966,2.0616936697537898,71.95010713423937,30.74058982339643,0
0.9996863411576882,59.8634754160381,114.51800351278588,1.0213069915181587,4.488331042690007,3.768352332130141,-2.3877924292946986,0.073703556024942,-0.0162789528004769,0.0642480163116854,-0.1154826830817289,1.8735027325839784,60.79933757191075,75.99884034709677,0
-0.0155792480726141,264.7895343797285,119.05910032879537,2.070366119852194,10.251334533281458,5.438571948836449,100.67557180057152,1.1431295204665848,1.016378923873514,8.107212132556556,0.1518546420841277,1.91591992130289,93.8150065065253,278.2430329521545,1
-0.28357247070699,65.44874426205325,183.0321040979704,2.07922216825919,8.730633941705076,2.6533620297989926,-10.29290698834346,0.3449946431591185,-0.181326707559985,1.8619094257810096,0.8802113699573224,2.0083264990069494,52.77873482754027,15.27708456755036,0
0.1246115761954381,299.8970302573067,43.35234707259199,1.8674503890686869,1.280108520684751,0.9750371322560204,-0.2743693327263159,-0.0199848528727678,0.0185454927375724,2.1964874597646946,1.2402505425504082,0.9997648297422492,32.15989967869824,8.157699473783303,0
0.776460378098625,185.2032164377378,70.08236550496207,1.9878336357224344,8.558761842415265,3.659672245873315,39.6186040461148,0.2422967679977957,0.0769477832922128,0.8483150416331111,1.1079621976151666,2.0077124308900056,98.92963918268715,50.59628327224753,0
1.314513492571732,-1.528335544002772,6.99830934510301,1.3000355493295084,5.291465435270474,5.264475117045906,7.06763344129924,0.3114963137068225,0.1298991234415438,1.4333363002046415,-0.0114447210692811,1.9347822043371763,19.223340527762787,23.815256429009484,0
0.7154273613416725,22.56342121008892,3.4953793619568927,1.9295427427304712,13.590491458385266,7.382534090389394,15.225712899974829,-0.1627625419899754,-0.1730043334502892,1.0519333263078408,0.0301690977359563,1.8059991841342464,66.08969022805537,32.35778021890967,1
0.980254309962243,91.47067718096116,89.95877759049084,1.7162754473213564,9.496725744940118,4.57179780956542,46.90830536228793,-0.0092163135206534,1.1755586677099803,-0.0759559961953266,0.124341699008978,1.919406737714169,-25.655039911109952,-5.581073909913897,0
1.0366797160163574,108.05030260891397,82.9151513768492,1.0280661622612592,13.137599744773254,7.883776061302098,-4.6964549475337165,0.2292952623433689,-0.0350183563718226,1.2192243058252634,0.1000467933243128,1.922583402462005,43.12663668503793,8.977475827642387,0
0.7871516808644312,18.633230592152103,18.951461793291948,2.2115730904136077,7.417017327859164,4.861099876175846,-6.601150518589577,1.0098145129168548,-0.1698775936495417,0.4163943823313927,-0.0457059051371228,0.9241414590574024,49.38074284617692,-34.938428023420194,0
-0.1824554423114757,159.8878009544899,59.476435456941424,1.0897861084950968,7.568897452769385,3.752798848350425,-4.786808918744171,-0.2709311814936707,-0.0278119355117766,0.4257037171027309,0.2042912072224943,1.8749343573186248,28.684350259114165,-21.84269000986361,0
0.8946458277752736,100.04165592968894,-10.042236304247892,2.0684414272573592,5.861623072386368,7.946097816013796,70.49839549736063,-0.1948480894403508,-0.039702572706968,-1.2474658966985244,0.8408117418871559,2.0237011279526373,132.29000267457215,72.42368943736805,0
0.2478704562330879,131.46507154162032,165.96714897481633,1.789892325755157,13.592357160145408,6.385204075397777,87.10547618845706,0.9626624127606837,1.317094041172285,4.563215707289722,0.160106936973096,1.9894959463222104,125.65656089527548,77.17197210525552,1
0.3715802672481084,54.67460180329398,158.05152550788884,2.0617247375392656,7.394530925593074,7.0285729093382585,104.90727408278156,1.1954105351656483,-0.0538342356887888,0.4677126016905157,-0.1676783994150867,1.984330416653469,101.9228926617026,-24.705327294127123,1
-0.2216758958333181,145.17342000023245,71.80456439565026,2.126379932679733,10.916078637045748,3.810695892070109,13.359673615330417,0.957968764129876,1.017666963744026,17.111454724999575,0.1976919405390374,1.9622440766730864,43.682137873267344,158.86432952930298,1
1.0819476766564398,65.83867440075082,-16.18920306948492,2.026907617177108,4.827226683093966,4.310725166786527,1.6965560899939192,0.2870690818701222,0.0539150038452003,1.617566148343275,1.1821391770268508,2.037894143965119,101.50522435655714,-60.99429761178154,0
1.041287063363719,114.98224657342575,9.04855327714786,0.8804059232779192,14.752889195531104,6.938794499801531,19.900899687338946,0.2308396766560347,0.148926561516981,0.0294892585536237,-0.142385958657103,1.978047332106912,65.09695048493126,-22.45089987680563,0
0.1666902693128095,68.70608011086846,148.50945558212538,1.929326215673632,10.785158135978278,4.5224404942616285,66.97429857141802,0.931187563301344,0.7196538325141757,6.160680272264944,0.1881584039224623,1.874841535623759,75.31012348290076,244.4293889773741,1
0.818133476329157,71.06119516235091,109.36775674879723,1.8175440943599588,7.320071942538581,4.234619303093271,36.47598493219266,1.005980329043555,1.1205499912206085,5.527319227524915,-0.0540746219554977,1.890869654342748,70.22823006058971,181.96618250899493,1
0.7022422783876532,78.71762268267014,118.0319499120228,1.0431430566285989,6.913147331748183,3.0058657011733483,61.02850932545087,0.9416479610130885,0.1451344532185258,-0.7886174529792793,-0.1320610213087062,0.7504704788524421,-24.257226226838668,46.71872407709772,1
0.9550141786991676,92.58953919553868,116.196342576607,2.1456415338524213,3.832113401848732,3.766650388600854,48.06791962628698,1.1024785240467063,1.1231505875041576,16.11942948341842,-0.0608109053117116,1.9516801885077144,31.84846553314357,63.13612136527564,1
0.1464316630841038,230.07705925538025,153.40715179526876,2.03163051827438,3.0790901684673697,8.914225951210433,105.99543451838416,0.6618213876991159,-0.219559649849232,-2.8798501710885684,0.9591730362633006,1.98031220888083,-5.851191665092415,28.43030880580481,1
0.745907755649483,224.21330299307616,67.0590172696873,2.019548604017769,13.045898488210414,4.18059090053036,21.992111956069145,-0.2061916993376228,-0.0592444972248767,1.9406127788028549,1.0838641661633086,2.048011903680675,45.44509455000917,131.61428711256264,0
0.9481235475115268,184.34508490214364,121.51002521723764,2.154459848561936,4.524702154425331,4.786686806196656,98.29987977808196,0.7915553417069744,0.8990322271736235,13.564675254218166,0.151052914917741,2.07654512053579,58.25126693128247,200.73874174761016,1
1.1071507096817508,203.14360597983307,97.25533258239123,1.9731962833523544,12.31836484222834,8.294960741893735,116.65897343314025,0.9346184654293688,0.0402453986354137,2.683140041645534,0.9905458729940204,2.05551238125499,33.74829133555275,130.16803575499293,1
0.0455472260369754,84.454556631003,31.92099252609989,2.063920343612023,6.504783361553606,4.4644712640512285,-5.477413131063521,-0.2521307680368529,0.9898859530810272,2.1184989459672963,0.8790659431655414,2.0868501070909287,64.33614331478184,-5.346472858961015,0
0.9052614128571564,60.93682658343387,-12.096727583991791,2.1296195751056355,8.53502063570179,3.511299789030854,18.42422297939545,-0.0464195825695841,0.0568414235929861,0.1144754329962709,0.8459477456827169,1.1099510393924574,105.96907405441024,52.41176253713823,0
0.8980411440083282,258.7591094307477,76.667648414978,2.243679437480443,6.468518930697697,3.848076182088454,17.1659648895087,-0.3794489762153794,-0.3487466932458426,2.122944928991372,0.0105445273811335,2.026173831721941,12.59083090635574,49.40928700968788,0
0.9371259686458372,112.49653718130402,173.8082740198772,1.034787794630652,0.6143904599875665,1.468332711827157,7.036916446610942,-0.1209581077502466,-0.0292024554550832,2.4727436873681183,0.0685973149409721,1.8540052307283224,75.5822370084982,-26.57603330048763,0
0.0785035567872597,72.29634979176852,39.070459247370856,2.068350670814281,4.569534113975597,3.671439088847368,5.350757064553793,0.0091718103684944,-0.0505901413217341,0.8539758969075479,-0.0439399793884505,2.015944118618199,115.75114069690902,85.74316296191353,0
0.9581713975478152,95.87679759004732,67.00711183432627,2.005206071603216,12.635700203942385,7.926011884587849,46.83495982469633,1.1078263406456954,0.8268974307293431,11.530298142116276,1.1926346813394637,1.9569071857136584,137.13095517733564,142.283859663515,1
1.1193271747122762,302.7944980738642,58.308334807157166,1.7554159524746231,1.9337637139713115,1.990931019332264,-4.804169181353302,1.0177341981108805,-0.3476714958039515,1.3763702921985417,-0.1854642385848526,2.02086360772422,16.800847750525904,15.8020743721029,0
0.8677120838897368,164.34680261646145,113.11628609303816,2.3188874500010206,14.790042885497291,3.820699574013968,73.11238733542339,1.155181442459395,1.1942991570109678,10.515263940935125,1.0059599323366604,2.0314168800145445,9.940038174227915,-2.3834450082834597,1
0.9567674797084162,164.39843092579986,115.68471887036168,2.2841870148253545,7.784245135163459,4.2470027591286446,3.6786142973065807,1.1475762477694802,0.1956570829188911,-0.170891031959786,0.986496159806734,1.8095894087655933,160.1278299354515,53.502876625681616,0
0.9974705267211376,34.99959332013886,15.31160253071394,1.978344740725119,6.971578611217057,4.417962382392821,0.1870064444575518,0.0854671917400759,-0.0785869226332215,-0.706095360814003,0.3025633280766911,3.1616344372522667,79.26504618849371,-8.860018105063851,0
-0.0304735694735867,192.2209650846093,41.32518878372809,1.744814220066004,3.1910214427744794,4.145364594162814,41.20456969137447,1.201860685286065,0.101799401907318,2.6215495783774614,1.2719862336111922,1.9192315867800092,25.19468641945376,56.73977781439426,1
1.2879079447717454,251.3290067701407,93.72579881647589,1.919923515595155,4.8148740995879615,4.680753645103577,8.570395236571997,0.9558471023001818,0.0177809800463209,0.2902529712238473,1.048795240131898,2.26801410111383,84.03729460923131,-10.070111091285431,0
1.20100321233552,162.8030799246902,37.34260131989158,2.1417782191416155,8.63418090674777,3.567619433450191,5.897188279668608,-0.1301688769883483,-0.0094722043979768,2.644787613188164,-0.180759840166348,1.9911669321785288,156.8974130353649,-43.54330107985462,0
0.957764562226426,284.9022122340134,105.47632550871045,2.009696956705568,11.80918703506218,7.835368325849071,90.24176568165272,0.971022352631935,-0.0012876212508194,-1.45562717756789,1.080486072941142,1.9528664217693037,134.36225654359194,16.027430111347655,1
0.8834166382915218,384.1880598184943,77.83357592384029,1.8123407122728823,8.914192217178055,5.164445867594205,21.26948372336053,0.9929476787093026,-0.3801013288093419,-1.8537149469202188,0.0225665193611337,1.9625793152084607,-16.84912692759154,100.66615428048937,0
0.0899582345320177,181.1483987988484,28.54553182330895,1.7561937330013704,2.979997783840904,4.656924059476971,7.48478044625254,0.9203684016781022,0.7599341997587594,3.0105033630563347,-0.030313931407055,1.9237527937622143,7.10077561922585,186.50570928717312,1
0.0858900989908123,194.27162576770584,36.862231096259,0.7087721863039032,1.1718638224024618,0.3358921832965738,-6.348347411447527,1.083756520462196,0.2454146734927034,0.9462963725930263,0.0966181871822947,1.8490392584686144,110.96296087484612,-0.5230978731996316,0
1.1810207975854454,92.52576494086686,34.45559636153262,1.8882251209272056,2.844090205320541,8.251547425845335,12.099891454943869,-0.016413390085876,0.186852869661014,1.0112730813783384,1.1382571971094002,1.948806154201981,47.743271380283296,12.822979820593623,0
0.2762863867484827,212.62446788335225,128.0127583916689,2.0569263015017176,1.8866904314140056,3.121242497317377,28.25334338264431,0.0177259125178035,0.0397309386872505,1.6625255997044377,0.1606621602017932,1.9276638377996271,83.97457468256047,37.88777454987935,0
1.047123883045474,180.7971746812269,2.1244768536311938,1.0118222575803002,6.126502713399146,5.370790484766007,39.028019720377614,0.6893619394767682,1.05610354540507,0.9273559414522744,1.1006878376764568,2.004865663701214,110.29698854020084,209.8870468610536,1
-0.0035493381800525,-3.5927446601906468,141.65343364270822,2.039923194549337,5.51641300573895,4.629790388715062,50.3757395127075,1.1695494675060345,-0.0478330702236784,2.0664798948683627,1.0135949592851006,1.8708537228923936,11.85842832505783,4.715371133128109,1
-0.0551527415125563,85.3845206494097,64.65122089977353,0.7396847032408898,8.211769447556826,3.727922711635116,28.47822824578115,-0.0304474322022593,0.2887987387368142,-0.5574011281890141,0.1024066361378157,2.0333801247920658,28.972833127786288,5.510264848427646,0
1.1497502761415572,240.88873505404217,116.62986024714712,1.9271746821760665,3.5778888409410308,4.698726810428706,8.837225908283,0.2337928406715615,-0.0267530287997615,0.018010470440378,-0.0390366463436092,2.025343038412766,3.850045230915669,168.42962499907026,1
0.8936069292413404,221.24119161771904,63.05270328833933,2.2355147617607707,0.4614328449639515,1.1244576494382392,8.707295066174158,-0.1527782348899635,-0.0126153738268112,0.6238431717662265,-0.089599130013289,1.954045095363333,18.948867993917737,134.7819534012054,0
-0.2624270213948895,57.61649260607402,9.990312074444049,2.016117502879605,1.3520545744619454,4.366660272786374,-3.2762784075395786,0.0175108250005795,0.9508075760755212,9.71623318341554,1.3456678426879545,2.004861033637898,87.03265505492158,20.505278610718648,0
1.2337705770314953,331.0045357866956,157.46055901651394,2.0706484352840446,8.920456840522947,9.812675690878995,135.59444997557202,1.044832018941464,1.1189476745916207,10.430948871803448,1.0298113057010092,1.9881862912652617,29.35202685668253,25.5997982495702,1
-0.1218290598417263,95.4148069541487,-7.602168981786832,1.0022113438496008,1.7373904332598595,1.632417260977109,-5.709417781379166,0.0031030776803869,0.031885489864253,3.183027424876802,-0.2583153011593423,1.9047818048368328,83.26642650227258,39.05654984299638,0
-0.0771354899098513,169.93125033936352,189.43392557952336,2.020793291630976,8.979209655073593,4.159715664448445,53.7349343449114,0.8768148669010278,0.9688998530647732,2.2776551734932062,0.1430842901614605,1.958850599217973,85.41208585891003,13.241095719721429,1
1.0468581108392336,230.30981634465616,33.49228439771222,1.9281900912255103,16.07948501609446,4.381124203388486,66.510690704142,0.5337916140630987,-0.0115646198695078,3.9394540804864286,0.2312512512769872,1.8069629619327896,147.94103862831705,94.45158002515636,1
-0.0345879182152153,256.3179963632592,162.95090399972952,1.87570734469984,11.924579996980563,8.078997174025432,27.04072847299169,0.970303952239276,0.2391717732523288,3.3657102030855697,0.1250916914286741,1.8755986807623484,15.91881558375222,164.63298803602072,1
0.9648074818885156,303.92925344145,35.60380076716756,0.7291848185087229,11.438641050883197,4.475494610772142,6.110425571782383,-0.0649281669468376,0.1874118316541717,0.2352501265304436,0.2002337034575498,2.05666415576593,4.949375834119948,78.69968819652074,0
1.071023277916197,16.150446964981086,-26.24960850514944,2.0567879087596515,8.555453628115211,8.331332471520426,44.33027461549174,0.2604208838173567,-0.0796289463825125,1.5938690685104138,1.1036930523535038,2.179623398980848,34.8828704179748,-15.607314146857654,1
1.1626754688341956,198.97816090418837,139.8436992710511,2.053900853516224,16.294348304132967,5.131323896648059,62.57044829174177,1.080830424438922,1.137049937761815,5.226369836620778,0.1123270067296435,1.923282893751172,161.14050875723012,70.21667578767273,1
1.170868313000248,118.34155705713836,89.6879242017321,1.7335879830350482,10.366303375369109,7.169490972009095,72.42169817700272,0.1785778228407171,1.099966548433661,0.7935986549676568,1.026434335908517,1.9507845883782495,135.46872355490814,15.647041993804043,0
0.1060406635421723,115.72076294236815,149.69747063878842,1.958658403230008,2.004314172728644,0.9851257053948036,15.444907431424925,0.2299187548406022,0.2076392417424069,2.701042861762841,-0.1808316727513587,2.050439636491487,55.193960963416416,173.07278010413586,0
-0.0922653440481819,166.45400484294515,32.14660241482088,0.8507102840858932,14.084727609695186,4.118692931647797,37.87595072912871,0.0687256307747949,0.079848603293097,1.451938241495314,-0.0328223658999227,1.9251488300069048,102.66209837011256,5.530361728718496,0
1.0150627298238728,90.78234703050543,13.777639251948855,1.7773082424160378,6.855898708653505,7.750532130265345,88.21024846377597,1.300810704554883,0.7606719567403614,4.554287744830863,0.8185492699197005,2.0496100030201885,103.88414918931724,19.449543108640853,1
0.8064373324159412,155.17013294269836,4.84979522969816,1.2660929141461676,8.69047031333104,7.364459002758824,61.75037307428211,1.2403221584308572,1.19507528298838,2.039720110012879,0.9228319466096866,2.1175653332054147,122.96684944403422,234.9673035539288,1
0.9359843571102776,111.9498036048895,66.14950282177156,1.919052268967772,9.024250643320883,4.103098219742924,70.57673762894743,0.9259987887518843,0.939153681632146,7.538451937111961,0.8656004459130997,1.9416870385306717,161.16562631586132,11.704188773776266,0
0.1517767714359317,27.33587965799448,149.0216731993283,0.8390954612547448,13.157146933857176,8.298156259961246,-1.4045143883075255,0.057453964310858,0.0626676367394933,2.863481120528333,0.9402247276687652,1.845655424196297,68.22588382139567,19.571971836363737,0
0.9708800422483796,113.05723895535432,95.33764711085612,1.588047489941803,7.42498875801973,3.567842526831807,59.88274186758807,0.0981850570986753,1.1951020280439608,1.994781876109513,1.1022886101739668,2.020464736461009,25.3742886442062,81.32089995121666,0
0.94416241287177,221.0311004191911,212.61536625619655,1.9157235476976264,1.911953820252584,3.9802711220858376,55.24245649370479,0.8655470368531453,1.1749746569181132,9.407675494385064,-0.1908938692236672,1.9954914562326351,88.90477848443578,82.84434390270795,1
0.9280453456404196,227.2038661503974,-10.37544320743632,2.0575887493084,2.71848118403166,4.632881221684868,10.791829112314048,0.0663138316811453,-0.1636099027235287,-0.0802605016550699,0.1616945476242563,2.18506387011442,131.75257952750653,158.18323685143932,0
-0.086497915920703,233.74249455803425,95.183121492128,1.0895386894661871,11.85831672458648,8.354238541337281,96.94114343033236,1.0151230986602624,0.8442597660508214,14.530699179836027,0.3755231402395468,2.010001005034469,-18.16769598832269,196.58499415046543,1
1.184255462876834,222.67894800191613,58.47514957131388,1.889660671067652,12.168337178618298,8.510507018297064,90.29432129040435,1.0623575438903,0.1293183158762251,0.8754838304683359,1.1761355655698074,1.968196922217624,-2.4518125557264696,-23.84631263516172,1
1.1124313392337168,159.75007621562438,103.98937426029094,2.0837223145314465,6.945015286482742,4.287704847927335,37.773702105918886,0.064628922448196,1.1157381247831255,1.0550655478204822,1.0090385151937562,1.934828076392325,137.5017309938957,14.398870050420548,0
0.3858232535177285,168.51864746753046,88.34003931001637,2.017848619263227,12.271780111385624,7.605111449034986,31.983082657760757,1.1848090566613918,1.065562306735516,0.1148458056834158,-0.2136846203996956,2.1568922952099725,7.487466718594419,-18.37869677928125,1
0.947519722338917,247.1685732734184,5.017521236411099,2.054421326233367,6.252416981094645,3.92518879140418,114.7249358929974,0.8313524298849531,-0.1114796716302293,1.895589944314782,-0.0294579763462849,2.0205249561973235,-18.761305587328863,-10.737171384200444,1
0.1715932632242022,97.43017693238616,165.4214490593048,0.9714107726854646,11.35303968468572,3.868592212515175,67.31381009615245,-0.1695324585825038,-0.0305381871763229,0.0238984751003448,0.2619248395887682,2.0783248216629904,65.51642362627965,16.804103477935882,1
-0.0158691893837555,374.35939219079614,242.1523156172007,2.2223597343737214,4.011491148893981,4.125049509675337,121.18981574085493,0.7829883362580821,0.7424407965550123,14.337457888365693,0.0912358605073116,2.0944108183369994,9.024204689968371,235.51547969536531,1
1.097404919644995,79.9762499787077,184.7067009571821,2.15162374103188,7.2349391818289135,3.3005033882964545,-10.387877100567806,1.257536856674743,-0.1347427430473109,3.0886351953385147,0.0915624045980346,2.0344777403316936,40.046882619266185,17.79749199648954,0
-0.0045915892327529,-10.46149693446975,51.96430309019303,2.0716872238964443,11.01891107622388,3.4495334452738486,8.650872106754353,-0.0122016446022633,0.7691057246178121,-0.07675790250468,0.0985518144244896,1.7280798844041918,37.31550182809308,35.84482278865616,0
1.0357770174489187,-34.90679770473409,19.110758118837,1.9219589832819384,8.598308232371124,4.708666025836458,55.59236659910203,0.852666551434428,1.172887111578676,5.93779495274024,0.9433965818012464,1.9259543446648932,105.96215672446718,174.29802147307714,1
-0.047001596149467,216.0574486311937,27.474010300665636,2.303504514491043,13.228309322085115,5.705641549151741,4.255561983378811,1.003929818853243,-0.2215294611464278,2.567027172353339,-0.0875609071460081,1.932377855003926,161.68015860338397,259.44760656350167,1
1.0036635890507026,269.55568234854,18.07062010503273,1.9572298249489604,8.517535418550466,8.575647134442667,-1.0647938421754617,0.9896157074917896,1.201186907139773,5.4439817011822615,0.3147051448430802,1.8600465771626893,71.42551938916004,122.84158733685688,1
0.617450645428301,142.6659512271501,78.90284695147584,1.759565235596451,11.237572964324286,9.247907336049742,54.912762609502096,1.0561225995843788,1.111218753914636,7.934838177163832,-0.2654621474025448,1.9758522398888776,26.88042594637724,245.1971990181707,1
1.0219097626465032,295.96676861291434,166.35240102709912,1.8487520387647167,4.021792478405259,1.7379993300854988,88.46989877268618,1.204899056890858,0.6572876882727622,2.3910605840180894,-0.0696286355074234,1.8559279738811252,-2.819015804352169,231.22878372403616,1
1.1012238127838918,1.2672966600636355,20.665610387128844,2.0221591756967605,0.3947527685884973,1.3034296083061658,-8.916087643750153,0.0891226261207099,1.095555669408749,-0.1161733896693171,0.2075662841258995,1.681495706533504,104.0564411150578,163.06929247453837,0
0.9884437413581562,88.86547420086012,2.0516088806311643,1.8848536358431327,14.159625114858288,4.515226553281164,0.9715290276807664,0.8858626168737701,0.0949616093840928,1.265234649595584,-0.2525253750291293,1.9928954678959208,5.229482426294133,-21.874580867310225,1
1.0502617309620634,96.6753460115164,174.60754742451763,2.3679066820515136,10.681125180887069,3.49756020957374,20.52348211502976,0.9625475465276064,0.0252580827774011,0.010555509791168,1.076521111256239,2.151755926814863,70.79691726968224,-27.682931317792985,0
1.2236531825259809,198.30258914371757,54.8394517660307,2.149734558307365,5.25102920816737,4.01952600405375,0.2399522206632411,0.9633928863344188,0.067621309075801,2.977103036905274,1.031617691446581,1.9047461591918369,111.30695886380896,24.4200948542205,1
1.2092292846232873,251.5602268923302,189.89551045489253,2.011401981715112,9.81969858090175,8.884207501460523,6.006736749092834,0.9734851512207876,1.102471765310204,0.5819982186700958,-0.224803454368717,2.0426763162904225,148.25037296461812,19.032436338735188,0
1.0488617239383298,160.67156363582,109.57893233820931,2.070854584460572,13.355147055836731,8.477310180440412,98.70175772162294,1.1171625542440102,1.1304032005338134,4.229599526434811,-0.0384325353746485,2.1599399730847595,97.28625985139432,103.94907910092184,1
0.2333123373500773,51.77479527884012,38.835295287785925,1.722620535878887,11.328598774341875,3.5875061218884934,-6.620489202273504,0.989031145321562,1.1065900684998486,1.950128823863184,-0.0782755718922622,2.157794709447643,14.643924617244217,29.113524397224403,1
0.2393523035355065,84.99011906014661,142.12275412487563,2.20873114979398,6.866947901838949,3.684438770665407,44.82082215911856,1.2004643773165735,1.0111800995711893,7.519118173106875,-0.0636660229376066,2.2061848949422496,21.46924621453405,179.968799352453,1
0.8754170009712436,85.83077296644701,40.53018701445433,2.062793158726773,6.2989352949088655,4.595549412895525,3.832612543918998,0.1106309697719211,-0.0018421123633748,-0.942111447187588,0.9448612382554225,1.038183710807942,107.89378621235215,-2.584592363810799,0
1.3275742489894615,161.78866349472364,196.4895918354829,1.9339606378595908,1.4917080263788425,2.516363959124089,7.2735462315500286,0.1478003420011996,-0.2728222641517144,0.066726980030817,-0.2018394367189556,1.899112345843432,1.863239261008488,40.00444376207513,0
1.2945689798122793,51.64307935350365,160.3588924300201,2.0378268128653074,8.176789991522643,7.128130378361394,26.85555420185048,0.0386659861699288,-0.0720461363390491,1.4764693110900051,0.0037156140510933,2.080857578415673,117.70320175007016,18.24984278170902,0
1.2536178176747477,340.80324413491667,-15.5416680999474,1.9255082297964508,16.33646963403683,8.168027377704835,-1.400435252430526,1.125575630424131,0.1744162485795609,0.1936727455504403,0.0382660829610089,2.09683364180947,-17.728028258592232,200.31388107220292,1
1.2358540509017288,51.74193034152175,57.56229387380671,2.145924779172602,7.811763270882123,7.040631012819013,17.667235569465213,1.1502968202941093,-0.2182748767131903,1.5531577186305836,0.0199402722750742,2.0394136474404174,144.61178268535792,53.261585392767,1
1.0016818822834763,68.1013013221806,10.946928910848428,2.271991470776112,10.798345724401251,3.83438081821644,44.82688774069711,0.7698356696941882,0.8204882608621717,2.251217958680864,1.198066749096359,1.996538036687108,16.177427708227377,32.184429037842094,1
-0.1783231564334481,10.867779198698344,138.5250424439173,1.8578022705489827,12.338566952540152,7.146183278497412,22.17415130630563,1.0744198932460425,1.069670524776574,8.017441814742927,-0.2687333132213634,1.9352094127274484,23.425721472779564,-9.2537120225222,1
1.0670070469482165,150.0260032789548,59.65519697631384,0.9451837936863876,5.191435570547356,5.025126742469512,36.9411340475549,1.1827712774353123,1.2056417425321015,9.286119819221518,0.9127467093115352,2.050703585178062,38.47895720085735,7.964592083293915,1
-0.1801067487335435,67.94065188822844,28.228463003648685,1.8218062444633116,7.760923147451352,4.975856404637419,3.2998331959575182,0.261603641526037,-0.1296448645336818,2.478539747312512,-0.1137240922105103,2.02354881954154,4.497446431614293,17.818310373649936,0
0.0537236153449075,160.40528447797658,69.75271465804569,0.8367602038029338,13.816804310898137,4.960815344687781,93.72385604190654,0.1238582964732935,-0.2393003448054728,1.2784369274219856,1.3731190966458378,1.9092224817204608,68.04475872743244,98.93860671284868,0
0.6481071103665884,389.5989583070125,127.25507062414484,2.0212225624792133,10.736145564211624,8.505970461197954,104.47993428502592,1.1743544975643818,1.0898783384489663,6.484639988000788,0.0910838172473048,2.2053216176035697,15.544184206427673,-44.91087766473788,1
0.8390090760892421,126.58798061383992,-0.990097794069186,1.698667483895646,7.9541019939680755,3.4752190486573777,36.08585436055252,1.1937521275392655,0.8927637203870202,4.832941257389868,0.884707058885396,1.8070894918660585,130.99031939549596,-10.971885134413732,1
0.9701684168327304,174.3209189597684,52.13474685440987,1.2394896606904182,7.097553889983347,4.321123240120836,0.5998195876824184,0.1151520151349587,0.2733717481655939,0.8147528058169611,1.3016284434512135,0.936082881824596,36.33316448181385,13.43564551644171,0
1.116709756344462,91.854084885583,1.3750983999257045,1.2182759869240178,7.432347947965853,4.02237279237106,5.416779867514599,-0.108324857199282,1.0815783787827935,2.24728762020017,-0.0717817588324375,2.1424080895354423,23.204049907121792,-54.344513299181365,0
0.8824519950816214,3.394218459569629,3.3969545382527286,1.1220990221051388,3.8549865255249496,3.365275167829188,5.812237366049914,0.0899903091103608,-0.2049641859531644,-1.3228700451262867,0.3474957879881393,0.9328607857617904,66.78300515576007,-9.11387785709416,0
-0.0762592059106266,116.9609761226042,123.71828009760756,1.9214224427754687,7.393483691235992,5.515166177466464,61.23916454720738,0.8417315653879375,1.0266793200576048,9.367857418705889,1.2159112001014345,1.9304952257816312,16.130067058445256,181.06332083629212,1
1.0982326628273475,245.477388566554,151.54870262112695,1.915969705870968,9.424748290895154,3.5602466571041846,83.07814717088448,0.7739538524382231,0.8210848781261811,13.072507662961067,1.0641872000705028,1.8220852708267885,9.026644019100113,59.16616315696506,1
1.013862086808986,272.51430751939427,63.58070482223199,0.9473349201931516,2.137953010322729,6.733844411792228,118.5040433427084,0.3590632882681851,0.0793445715420783,1.9690148295713736,0.9279753284319884,0.974465020802504,84.89295691355156,52.07068063807958,0
0.0163026694415564,31.822806517568598,36.60503133686847,1.1962484497632446,6.74291707597624,3.4885807068854087,7.7513256708257074,0.3549329601191374,1.05275425423833,2.677011073395807,-0.233706411399131,1.9998777259023168,179.2196986116137,-3.426319590597039,0
1.12264941341596,41.34150571848304,-4.279945633269648,1.756788483290561,10.312715785209322,4.619548488142648,2.1133677334901435,-0.121326895358088,0.6846288214871763,7.473022227286259,0.1439884827883294,2.0804608725954568,68.61991654675296,23.662708121803806,0
0.097345887440197,256.4899250106197,117.66578101228038,1.7455850255799052,9.585415571179324,3.6669557713071335,93.45751692661614,1.020599125029071,1.1010289050299351,7.2024706374058605,0.996509417261042,2.116569346705094,-12.39647144697173,-41.58521390334693,1
1.244548392613185,197.34260949816615,101.05711978218912,1.8629270163820788,16.230440672431147,4.373697596467426,80.09758188524984,0.883178582348477,1.0444627274253175,1.6421008039046534,1.122009481630579,1.9003434987349803,105.9819322821015,176.73789515274103,1
1.0736269784391137,97.10103608747129,66.58195880888414,1.964528226958998,12.76274329760437,3.8117545163157183,39.50643523901441,0.9827904866888684,0.9577688037656495,5.040452984774941,-0.1559324606620796,1.9725065232144925,-10.070249588985549,258.1296712556056,1
0.9328133033312204,233.9573036313053,110.81630679481044,2.2309974783973257,14.236044100068275,7.1467836805532805,86.6163442256537,1.2886015232654988,1.2984568521568245,6.746694648607453,0.9331795452732798,2.1527337274949248,-16.868665432565535,127.2517237438154,1
-0.0882801797731875,141.019999038513,88.29750627340539,2.070949854505333,1.729584917783579,1.4683610460873662,-17.562981888830457,0.0804526588584587,-0.1760543581319905,0.1676572325430694,0.3770008164243091,1.973531943790202,99.05295603784953,31.30420827518237,0
1.0392517474833023,56.48634192996404,76.56825092159617,2.130664069358261,2.536680885115186,4.230159834084554,18.999628386313383,0.3304743559536227,0.1285838291363669,1.0622809031162408,-0.0094296644303587,2.0582528217633294,51.13294125488676,15.821576156442177,0
0.0948948736242699,122.78586727114646,43.33443263173643,1.8427790169636191,7.26865569363128,7.56740846521865,72.98934733899416,1.1706134338747385,-0.0268611815677211,3.019056558068772,1.2386345845157385,2.0254373183893613,103.73396290171856,42.05367276236407,0
1.1019082325590026,83.30878904041327,155.2120057764448,2.288106044250579,9.831676361107052,8.00300158734138,33.189138026226324,1.070351353424667,-0.0743642183258631,1.4441135969739898,-0.0294428800176646,1.8346721075918864,32.15418208119887,-26.981678996312706,1
1.0745054063972652,331.84032052754094,16.722007753967986,2.206738171088523,0.8194767818798061,-0.312693763323165,-30.13956998604086,-0.2673545826175242,-0.0034119430333336,0.9070164952372995,0.1104179043685465,1.942573777676609,51.11527660392794,-6.5026483665889,0
0.9001655503928009,267.9626717265054,125.1599975094359,1.9784048250418076,7.701454008217946,8.88210906240477,138.223752913382,0.9465639325146522,1.1111137374207063,13.314515364552705,0.1255240723212281,1.859508132493344,-1.3510944721892315,136.52438069005214,1
-0.122978474768992,244.4517561280744,55.0856143802563,2.300970618537312,8.072669842022417,4.170975781151248,32.42931047879843,0.8856795909485781,1.0372801665767466,7.554368351154052,1.1583485903041582,1.8743076738640123,124.37780531012412,193.0997406760863,1
-0.1088109900699793,67.54585589552269,171.3993526387067,1.0328935811821227,6.12258167614678,3.1558025284658653,9.626188887582533,1.0118136122204924,1.0500617170661566,12.89076084365566,0.7459002187186459,1.9665915582918465,-6.592217488867462,-15.243356328679134,1
0.1690242760129796,141.56723478490898,55.82665929242453,2.037104322444565,3.397173056554552,4.383886942325501,-15.205548891273438,-0.1371885966277574,0.0239305495035092,0.7248793170104744,1.0832860702439115,2.082495718138043,10.820932131776644,-4.4479025275168524,0
1.0107882850260157,46.905389847864896,-10.851803760010142,1.8094876100238928,1.9375426430320173,7.675576737203826,9.288765256110471,1.2704493476721184,-0.0142548885603603,2.792057049378581,0.9070111369414842,2.0255812653450964,0.1045695854337154,-42.16174705515071,1
1.2171539127151734,142.6819079434727,143.30901313903323,0.858380619665578,2.259374086012767,4.306257110024931,70.00723827430514,1.0820497362016168,0.3935739843173977,1.9029632671784875,1.2569347331492116,1.019116191218909,30.81819354339101,10.693757678474404,1
1.191499168924188,274.40522439542883,89.43704735536957,2.1099179243378474,1.9748848904019685,3.953346684746109,-8.891373469081195,0.9093986181561812,0.2616728264925363,1.8995734943415248,-0.121879943526104,1.894057657329356,53.529131055101466,-29.930826692463437,0
1.181970179036227,165.03488188677937,60.80388679685319,1.991433303550714,5.3515540366933365,3.3199468770172933,2.43035200320022,0.0976408947464101,-0.0383595095863587,1.913614393147268,0.9976202635551216,2.073329996216268,67.29295275130609,0.6927498904505569,0
0.8824293589622175,182.83085209155425,1.106546071624365,1.025036049629355,2.4600731468745307,3.195478805174208,66.63735431826133,-0.3863241543895875,0.0977864760647365,-0.7104536077894199,1.0231175923878577,2.038771518526245,155.72249070215304,-29.6119171465568,0
1.2069544911286774,296.6375815411829,72.05098679750753,2.296643668772105,2.756212146496336,7.112547644935498,17.10904035334979,1.044610784399581,-0.0688761994977497,1.525359125070561,0.1457150755726047,1.988094739275296,187.67777999634225,7.080328276729382,0
0.8351412653936439,-8.754579155058224,65.85693843515439,1.7850877586533218,3.455653487297788,4.082778040042825,-3.0766177425895407,-0.0474397868674343,-0.0034460220330548,0.0747323078265633,1.120507940500075,2.150072289971214,45.50450275343013,44.336079245207216,0
-0.1063673014301127,70.08631510220727,174.3525649114203,1.8677104256761945,13.939218126069784,8.207307244671528,48.26704711341775,-0.0854964650717314,-0.0321988444982648,-0.0068395392533013,-0.4624066271729635,1.8559859623163248,68.77506380874698,-55.20035475988308,0
0.9606783650235832,146.8332533604521,96.55998392575512,2.00544534315603,14.967057853769475,4.0563891187748204,103.15943122636344,1.1970103859518737,0.9794703326475545,2.720552725526841,-0.4970413746035603,1.965877661002143,114.15708107048746,13.624721988760946,1
0.157139005831486,270.42103379792684,-9.7573638964476,1.9398769560079872,3.246147944481489,1.535567057166206,-6.079337444971593,1.2280442609020683,0.871777910244304,3.4238608542285034,-0.2369618995252332,2.112164842739769,77.44465513073186,23.850461528596583,1
1.3321343937391776,186.9444987418717,130.1393575023116,0.991982562078565,7.960395543934799,3.593045356614338,38.51357340851317,0.0555898933033975,-0.135796241130595,0.8235597231077345,0.8936105622249305,2.2403350351449545,16.551668524105004,40.28725423733669,0
0.061201116190048,48.67375226177676,168.42308208904538,2.0835385463592746,13.5933723116345,8.080698873150917,17.96518276133073,1.2208716750335569,1.2634616597951809,13.947085721244768,-0.0711662717660633,1.9003222599770648,21.611448542957923,213.82874445517209,1
0.7443159386180025,99.19056061691587,205.12862366824237,1.98757718055491,8.522033598674307,3.669372070755706,-6.7462809407911735,0.1794312211583928,1.067095835096139,3.691920313776264,0.2619398182156297,1.889759738024128,-7.910176748551677,221.015427469206,0
0.0769187412410771,155.7181939290373,81.97580029886747,2.012124447506376,6.992891434506431,3.400271628538285,16.77268977269693,0.0777810796633149,1.0788360162201154,2.3962913394793635,1.008056957340516,2.0727811415883397,26.09345627267495,90.16781091359027,0
1.3114777827656234,263.15632942236124,138.06028208037526,1.985966681608176,3.1688297629801028,5.254664492381567,92.39010821957496,0.1488146810273597,-0.1224645490748427,2.3672761903343624,0.9369034064299894,1.9488168167798856,60.6656041162793,1.7903455726969355,0
1.023734801952961,139.72176806365968,52.7044589902324,1.7547280942857144,9.81735624266194,7.460427612526834,93.03713920038598,0.8913760969797795,-0.1083076301647525,2.7117421897225267,0.1733142447234373,2.021807413884351,104.28562175789976,69.66359658231491,1
0.0409961489734913,98.9745511055732,91.10131689473718,2.26046345176188,6.247939658546066,2.721200849485906,70.34429056387822,-0.0578942086647852,0.9772992261635244,2.784778404918605,0.9204139907229432,1.971902614457731,96.38398524972553,48.36823399936812,0
1.044011938329849,35.5084523451046,150.87152557895712,1.095573741564679,8.14224140430128,3.313189711671149,45.52073964610383,-0.0931284302204872,0.0028579108313412,2.999338101936438,1.140810149990027,2.083175592791792,31.80951116056522,188.1039922099273,0
0.9743896677388908,47.675110289291965,26.535924150584517,1.0670950035438789,7.413886560892972,7.145991599816243,17.762688651054837,1.0301703878039707,1.2734234370237705,4.225751501218328,0.9793117713937464,2.029871334780749,66.07998663057013,84.57776130715484,0
1.1186534220339233,72.51308662773828,61.46959920966995,1.98910825172626,7.21629601804847,2.6775087685413315,56.31544484179254,1.0325242144357747,1.0965455940102813,0.1126979723385424,0.1124784305456189,2.214717955568736,33.26625229902342,64.4321701625002,1
1.0419597802791538,292.77218013288643,186.0894530508797,1.8620640288539323,7.083660216327162,4.292883109748487,138.4908695150541,0.8591510352042638,-0.0597647390996514,-2.8151430982164403,-0.1083709428219104,0.9451940509929164,18.54303281952981,5.210659637025131,1
1.1021138111484827,157.9176307796553,45.737852852873786,2.0189943092672635,9.14891055964762,2.099852991393505,-17.54144569798514,0.1197380724857651,1.056010313107326,2.9187891717347334,-0.0680719852669177,1.9064903722932816,118.74590964671737,136.22524417925547,0
1.036618726004804,290.06498436170483,141.79771918635885,1.894909464941576,7.884936726999097,6.886468885210714,120.71686129480491,1.0786688802793327,0.9606217834475452,7.721129533291706,0.1723808303253982,2.03809605888737,52.28149453068322,169.86578325338775,1
-0.1426351656724606,60.75435340725487,84.56645879918626,0.9716852212186896,1.4145342724239285,-1.3752081078393743,31.636958327767005,0.0990148654561686,-0.1031474503760508,3.719558893918566,-0.0605852738793655,2.013849436389945,-6.86246636800152,43.00160037078135,0
1.2826911355427355,170.17825779321987,51.24782738942982,2.20315141130894,9.015527005792435,4.141310185644644,33.10649264084606,1.0693987259920408,1.010455968285967,10.161930713914394,0.9910722142837662,1.9916675623258195,169.01417674296434,52.73521576751412,1
1.1019656265939748,58.574118913487,-5.40484025934056,1.8372984325178487,10.921357485707444,4.044514856923795,76.39348826551209,1.1018708976739982,1.014117163323199,3.9542952333783954,1.1925482176172597,1.9383282897130203,-1.2643004795635235,94.30580489218268,1
0.8945651916815694,174.06521316185052,54.98602210194545,0.906797715699092,1.8177997962896129,4.1719245335530175,114.52170963459557,0.1203773841129219,0.1691119504318901,1.0554715555037917,0.1354602326598518,1.815929832292376,14.930971728743884,6.5032403605124784,0
1.2335336412937308,111.60715097176792,33.34822904381773,1.886885195645432,3.7876461199584175,0.3959728168884124,16.704438616368286,0.0544379983394643,0.0635561981800366,2.916426138168456,0.2016435487714299,2.079984997700577,9.05210298670994,-16.68751860751187,0
0.7692133345179467,174.42345010508666,57.22917629834323,1.9369408063273783,11.79689027344096,7.644322190992463,71.87274019217637,1.1544307865512076,0.8655036754405174,11.54300009488106,-0.0698619320606553,1.8909607684177283,123.11912726534553,75.28102367292968,1
0.9049542946168144,316.23949987808817,192.25600094131096,1.5683721937894315,7.375602879743016,4.751844834306305,88.63119118838739,1.0196997406510575,1.27449178000537,8.92675927098263,0.0003747580452206,1.8637188808785647,27.264904261372493,-1.1187173069668574,1
0.1856176795014453,370.1535064188254,81.97133469958133,1.952897614845711,1.2132183713469615,1.5426925528561828,12.563633176953246,0.0496300915405319,0.1013370132246638,1.0904983648631394,-0.1175066964353283,0.9726955830494228,1.3065340172892448,0.118286200073804,0
0.2392464522152996,125.5724732067005,201.5745726198693,2.1154342440738785,12.79804509843274,8.50732189339326,68.13056258120247,1.3513379151807967,1.1845210453967328,2.2810507271082425,-0.1795466909734683,2.052757424504237,-3.491355333833276,221.39007352743909,1
0.2015636864829042,-21.06870759960788,10.52663517626759,1.8709788413573143,5.296061144763058,5.035557414157531,5.314513503175217,-0.0977551367205725,-0.1982989689192588,-1.641009806387748,-0.2181991321499182,2.011700721241361,84.8218125440645,-12.246837616529952,0
0.8177970356492665,305.0310372398965,111.42125133546568,2.071764922760297,9.585167817082027,8.5481789153371,1.6550456868849466,-0.200502507737617,0.0742483052521735,2.596410300927396,-0.0138116522731567,1.9788214054520352,7.027647132240006,-38.57347631085727,0
1.185090658674394,73.22783197428025,44.951808468988695,1.9909971277919205,3.008046317844665,9.082531851877556,49.67762303802729,1.3452340737534707,1.1553513645657092,6.668693161331527,0.1445112349505585,2.1782856993140456,101.2540956169008,128.17650257675666,1
1.2219969414800438,176.35969515928744,18.752733441100432,1.137639594289496,1.8331143856771863,3.656206467762681,28.827113469129745,0.1928965338310235,-0.0778566060466964,1.2996535970293024,-0.2107346222957205,1.906414402462017,88.00413318739727,4.798512021040089,0
0.0662462285271658,287.353452978414,7.124016855295224,1.2259736099548857,1.2642690633584603,-0.1379858818914066,3.5818375030624523,0.357307598874926,-0.2229148058960568,1.0419421173474746,-0.0394685202817791,2.010020608962697,4.135396118300271,29.9835861820008,0
-0.0670908038850299,94.00471021266584,7.315675204461328,1.8977088414207048,8.832025075381578,4.288370987087539,35.38583695119785,-0.2751289598352026,-0.149897715588639,2.807988776398958,0.0130396252105264,2.047142571654197,72.7804378231892,-10.767612316408126,0
0.8856721212681959,203.61592223017615,36.16166753817694,0.8154781842069834,8.93497888679057,3.378777690339132,-6.41528728555388,0.8634386663973505,1.09044792341879,1.6724658128620318,-0.0311394961105146,2.0623860741683875,12.707359073925389,149.925447136295,1
0.268575335445713,182.1210381959216,16.502726988682042,1.9558683967095107,3.82982613765643,4.158288206344456,35.32999608267396,1.073852249867826,1.125713667773618,6.649864493248247,-0.2039688631650892,2.078889678651074,119.24540801765303,51.02872452975106,1
1.1100620771108964,274.81111521836834,34.69250991482913,1.9350156895268085,10.66578083573855,6.47875813665126,129.58397070216802,1.0966011533847595,1.206340766189924,18.324839727075087,-0.2287874173802302,2.131306779893871,5.422408608387364,227.24114417039004,1
1.080014386472555,261.57501477102335,47.28923423011972,2.0161745254867145,8.27709117710379,4.538309711537317,65.05361002203871,1.0077296495759092,-0.1401021042259003,1.095485555497428,0.9951142404147956,2.0201891669253844,80.61520822609732,-12.316830283755728,0
1.1351177850686796,34.07608768846882,34.14564206704946,2.0084139986372285,2.6391067522107337,4.255262672426946,3.337081845739803,0.0707956488320438,0.3868893356187502,0.6184642792237849,1.0731465613195537,1.1314489156724616,116.4046645193257,1.2978878488815797,0
-0.0021437219808471,235.70892296497493,113.84328266177342,2.149281263625765,12.578263002806402,3.5351260904699062,5.50500820724449,1.0663163787727028,1.2644958393724313,5.617016209193144,0.7817011955914209,1.9724017484259944,32.97926161600811,-5.801458569585655,1
1.2797654983154192,220.9396890580697,39.21219927431693,2.005137794588648,-0.3588295911465238,3.2439933831755416,7.463049318565055,0.1478339512942193,-0.3361431944111395,0.4621819169811614,1.1760696569471534,1.8483104161457216,81.69920723604291,2.677390076217179,0
0.8017858218943819,173.69410734864675,100.99053577941416,1.926835811007301,13.001348993672828,4.084469634719986,46.32255051695514,0.9596524336053678,1.1376960189754943,8.466157148152279,-0.0391888697244721,2.0169728546237526,106.96689074043545,131.79932556194385,1
0.0314608969717782,86.7946879425526,109.79536073154657,2.2392245071773043,13.483158130400364,8.751046794247486,-6.499585170710539,0.8547717022448356,1.0252695655279334,1.9759591830495635,1.0493616848115013,2.113341332223795,-4.492167704128576,60.75917771301854,1
0.7750378120908044,258.5762801135621,104.01794259927172,2.116048537940614,9.04231668781486,3.898398522817213,21.018792502349665,0.0244604072703451,-0.1413919376490586,-0.6182039696462165,0.8360436129831472,1.93365646483353,-17.779463580643053,86.1203356346834,0
1.0075716898854643,168.90001888262583,106.2289790086063,2.094880468023419,8.936363565586142,8.829616676974751,100.705653794353,-0.0222453676485406,-0.0296869493844845,-0.8212702646898968,0.95403497787233,2.139663357017886,4.830840262403157,-33.22337125721274,0
0.97745623042383,25.435327857649952,130.36965847795275,1.8214113142545536,3.695750603764265,4.131494769953248,5.053033907435939,1.2502389520061044,0.1573239830965982,1.409384171337771,0.3128793067172511,1.8433523163389491,23.87529120581497,10.314052661437266,1
1.1164084068650952,28.598811238660844,127.3555574581758,1.9060516038693351,7.707064849916148,4.230147732975555,0.3097373892932111,0.0871819947829676,-0.3648654070739255,0.9391376060477036,0.3483278238128778,2.013831368975959,2.0961767143267807,14.93606713532268,0
1.4269158879248436,-17.667699769121526,117.7521326337858,1.0040300788865086,10.366905144821072,3.5202643536682885,50.95063012092631,0.9557393295911524,1.2734081745367598,3.618969926730734,1.163210287606838,1.77383501449889,36.61878365986803,160.43820272984905,1
1.262295956751596,166.12356018719623,76.21829227311721,1.1969732871711705,5.935956159883629,7.127845783274045,27.65436736216303,0.8611756827737492,1.0761241323898432,2.7396399710729984,1.048176871398712,1.8523535924906929,25.71295205486648,236.38193029804495,1
0.9573428189868762,249.29970202617548,158.87239657817867,0.9842129417045204,5.756923138780362,3.835094913710997,-18.625830607440776,-0.1404157683442177,0.0954401693435245,1.5580715920829935,-0.2732646386982881,1.924299863115176,43.61051921119616,-8.291999810007432,0
-0.1167186977721213,98.19954176578932,72.18630479782763,1.0525468325102296,13.069287739594998,8.29278957686159,51.92610651892525,-0.0291809557306227,0.1414266996802776,1.882008246678246,0.2182766225593649,1.9455171893895151,83.97215048387781,5.81888659198092,0
1.2985856478661089,5.149448567375657,150.3168533827007,1.9012560354194608,10.59348054242736,4.412035325364792,1.09062394345883,-0.0912933979499197,0.1352633986183823,2.4853032119507192,-0.0123314309599006,2.004667181466494,13.240467434979742,4.3509517028687625,0
-0.0104238369761403,36.15107689101187,-1.7661680723559527,1.961520906163659,12.100438772260452,4.160968940367951,28.989560947081447,-0.1967022380382652,0.8324767734806753,5.024448142420619,-0.0310093658388091,1.9190295412069305,109.09916619116927,143.1649325224238,1
1.022010308773107,26.88520300992461,146.7797591472118,2.1072548027738627,7.734393103689934,7.279757351687589,42.25040221203632,0.969010314537769,0.995423589969074,9.51336693081686,0.1323613918957721,2.138983401149764,-7.176647012431232,205.4425972409069,1
-0.0355030306356698,78.01441801754916,156.8267324791295,1.0833217410195275,13.248982512778756,8.432278675021065,25.61881695237245,0.9893499370581644,0.923573594370388,5.213827221163227,0.0959536062299492,2.215476068170505,16.163050170292685,121.81437190483086,1
0.9612465422919968,60.2395764417155,28.52137303769971,0.8035634329167048,12.907963447689893,4.021995119327876,42.57347299979747,1.2145448553484066,-0.1472154454340521,1.4418831987888938,1.011852647857583,1.837309549681316,10.709723158016663,21.30283548208031,0
0.1368098033837921,239.0659697210248,89.21812263782168,1.9068739660143093,2.8358056211436318,5.237748423499791,37.51165259827907,0.9264313957960562,0.0997694919249128,-0.91360697331121,0.8827035258906459,2.0109591296566105,8.29939160224226,-1.4778810339865842,1
0.7584867857696558,73.43448376995904,-1.1254697769231825,1.8412491676498317,9.081066046624738,3.965225666798837,18.9454832796876,0.8691098031557842,-0.0382071281193383,1.4248769544310196,0.1714015685052618,0.7256491811481256,88.57466228921514,5.044993827122866,1
0.0624665012180892,281.96677924229226,32.68023557880909,0.8352386828506618,10.079314751880288,4.070308708684726,-6.918670283054674,-0.1086270296148649,-0.1123972248275179,-0.0003559544695193,0.7762438501425772,1.843192927669532,45.85246233401993,-13.07503541496724,0
0.904395517004958,20.56204646396148,167.95765786753543,1.8014347481767572,7.5486765864071135,4.173082262157035,6.238708209679359,0.2161272536749486,1.210523768671956,1.3636905191606157,0.0338328892555035,1.805185012310906,33.59944602531331,-18.187040813732477,0
0.9510850674050676,150.47909906899935,-45.980243848554025,2.191388678940124,8.584829003458102,5.315108879024031,6.777288319493337,0.774032308982502,-0.0726519483351877,1.0161202292789202,-0.1756079816900815,1.172290496346872,135.14749448979745,13.16020224907146,0
0.990933360476208,264.69680950777155,2.051173929327064,2.3585633990642965,6.914730109410346,3.7158911011537006,116.32987129228196,0.64988471969553,-0.1315729531073576,2.38737208908939,-0.1096759007847024,0.9133752864105288,152.13686531078855,35.07573116770344,0
1.087684677697403,60.46600755402058,159.1380690948426,1.7642763837393252,11.500435641520244,2.7737513631400805,67.55222972711016,1.0224845596183263,1.413306426971907,6.447685805213035,0.9820977176744934,2.1879368136905617,51.2300491546975,122.29893168901104,1
1.020824583577872,130.9824370018107,26.54155007796995,2.1383504178467305,4.691488624228366,3.672248632749495,3.351808077538152,0.3362207113499245,0.660629597668085,4.864245879710858,0.2540183509334457,1.917958492641528,86.56459931487078,187.43440503875328,0
-0.0985447543550501,-30.52198053188937,42.24595986256737,2.2590651155307997,11.351503726517068,4.264568259121999,-0.9263986428682855,-0.0302198883111167,0.1670142632041479,0.9543716515667912,0.0925427546882268,1.9795158343196475,32.47735930825307,-34.77054389751334,0
1.0350403041955207,174.1495307627583,77.29273277696909,1.030142665582484,9.266259841190694,2.9922055961782923,107.25880524420464,-0.0578393191452535,-0.0288468964000534,2.4791228824959384,0.8745443589038544,2.141210595650996,121.31506844637042,20.139411216737493,0
-0.0171650236055735,323.85862790559634,222.75277762188043,2.088012509727288,4.92998837816994,1.7737261409139131,33.25364319711955,1.0554870610857576,1.0202172891552106,16.240758371111948,0.2285135501698815,1.9373785890684316,-3.4922837775906643,47.91078486075903,1
0.8361224498311174,181.76908064332812,9.152885117620144,1.8474573221282875,4.7524007733408045,4.9007175138188925,28.023375760389733,-0.0166679180191979,-0.0062297975068743,1.9043150149025188,0.533952436078882,2.0214179541280197,140.20931612843498,247.7822761143044,0
1.0952642659540404,302.3047004035568,66.21053891185824,2.0660442909936263,4.246550714201998,4.305892691001497,15.520311860348194,-0.0518440734301111,0.0115225675640404,0.0159204499603684,0.1725642912814917,1.8768569521025007,69.62780456711552,-3.847269427185175,0
0.961694233832682,137.65744960436373,1.955035493774872,1.097750016229882,3.8752117580091214,5.73446160574504,8.492572026290063,0.9930804781886552,0.994731463445956,13.38179674827947,0.5057625481424115,1.899990934856593,43.08943394808995,-0.6004312780994852,0
1.248798373695874,266.66181993310056,121.61440178273084,1.9538041330783535,10.225193265287537,9.189284470725138,122.74706896103156,1.1407025423821722,0.0214258801702459,0.1724141926823521,1.0019152039644608,2.150073950925341,35.96205033177856,-42.51390247276732,1
1.0757610697646505,240.2477131170656,218.7187191277775,1.110641169813586,1.4822876878964513,1.4403679485268168,-16.842463529990162,1.0578696932365952,-0.0523993369033067,0.3187730239654374,1.1518080543841356,2.154597141473568,29.962669461555823,34.42875765585782,0
1.1428609833219887,74.06607575185916,42.85069269074026,0.9706619905604672,5.968831947174284,3.6078503257063104,3.910467557330776,1.1245063675125295,-0.0712235085187795,1.7314900836225458,-0.1417273446152547,2.0793274316679358,53.63982328940162,23.653810187443625,0
1.0222782643834063,142.98868704127133,66.20970359434463,2.114213577796866,9.780974394392128,5.534292270807251,28.72576122006928,1.3235508757041998,0.1646965298021246,1.9967171086312956,-0.0357885198621708,1.9956798921179293,107.54701613271683,39.79521236067442,1
1.062595361374028,393.5422499195892,115.984063326117,1.9636949256986531,9.989808997844774,3.677669915837651,125.16803855573042,1.08258996637545,1.0263711746568402,7.124968200170885,0.0029209995619129,2.332323687522582,3.4428691296325056,5.965012825381741,1
-0.1000302390330581,121.96774825126045,67.27137277842485,1.1721615780354973,6.771423077003532,4.014150723426972,34.35849022622536,0.0396600586300732,0.1753711213427934,1.6077538477172049,0.0290753875175426,1.9167109456806624,76.99705717380152,-78.62812625018753,0
1.0188240050437023,169.69600894461553,187.8088852501729,2.1847663320485737,2.0102979742202267,7.919633982384469,27.523014494485626,-0.1710429164667132,0.4873283243579779,1.5294961226243242,0.0664092532404525,2.0548771279364795,111.29859037709411,21.149360814924,0
0.8166236912550857,78.83553448239336,15.0451125772028,1.0919114736319993,5.630141401978097,6.966243102328086,15.426730547151989,-0.4857439719689063,0.2120475093987341,-1.572738490186218,0.147063031738164,1.9071351247158463,114.93020429182232,159.5669239867554,0
-0.0490688866668586,126.33017363708356,85.65295747962054,1.937504552655464,0.7729344789838342,2.9693328282501383,45.13051276395208,0.9350703661010784,-0.0147343981499248,-0.2350676857262947,1.1134763653863962,1.993149812343819,111.31142298393787,-3.650474499230953,0
1.0009043424368929,315.20809961866064,116.73301421369766,1.7280177855556345,7.259855554159862,9.95628662308398,132.483568832477,0.8165706332237554,0.9994806045412312,3.4385457100067898,1.0731004752053246,2.015490611651169,18.676724812260048,-17.57823548138372,1
1.0120428702068616,206.74670058751173,28.979468581392823,1.923157506928152,14.528082372013488,4.234561130225998,-22.681086016772227,0.8626544607272714,1.2085633704475658,6.111774083412551,0.7529010624760345,2.246203945156845,148.5328556534209,10.771622959702164,1
0.7163310119033267,119.2444328085981,145.47328192805338,1.9837203121059368,12.441397528488965,2.547141558381574,34.94306185940231,0.933564899165948,0.636517388798708,24.184648073946047,1.2502373123009578,2.155731043898155,50.793864378772525,90.1710200295735,1
-0.223722972080795,153.8389454566193,68.14380500447692,2.0167485385331254,12.49935955886669,9.02945550483413,23.436580756377843,0.7706814546676547,1.1162247395247094,8.906950085902759,0.8993829968152008,2.0327968359479707,56.06277549065046,23.70070126009976,1
0.9998169251960428,67.3554459212212,47.34831934780471,2.292492550151347,10.03011339969103,9.275818366049664,-5.956942470458706,0.1594549136820219,0.8749849144146635,3.31647701710619,0.7780217260798001,1.932648728590869,120.08479913605484,74.84560911996643,0
0.6283349351189685,184.60159307107352,159.81964353660288,2.064191541758181,7.733634408439996,4.090432989836053,2.416230793445912,1.1364477205662054,-0.25078663217881,2.7519760555408426,-0.0713653351151388,1.8534065398049056,63.74364630531505,-0.7121750405109566,0
0.1933440480117239,219.4696394905677,82.80381939314886,1.9260486640528705,7.252000115848973,4.484050055270556,68.25151970250376,0.1139332024870169,-0.0015228215702796,1.72413562928695,-0.0730391168679985,2.2330265048489197,123.69226023173346,33.05910849950648,0
-0.2805268737620189,287.489101916507,20.58218959912937,2.2503221127343904,3.405841014769297,5.392202293882983,26.22282162938428,0.8205735383405545,-0.0848686301369346,-0.7100298729175307,0.7770177226711593,2.041986280483276,69.87094542827955,195.1246041191393,0
-0.1177770696378971,128.78854367002248,-14.428194655529056,2.259174909828645,7.715982840215284,4.317450792046628,76.52245126682422,1.0524948071809703,1.2500915749275583,4.247882067368104,1.418056091713071,2.113612536375365,105.37670739928484,208.23239005722183,1
-0.1641359409225208,248.6467657003313,105.50903155879551,1.7908490232023564,12.75685816171457,2.958894839397697,121.32460046222155,0.7106215135770045,0.0915677483786304,1.5333131426444937,1.3327093014002809,2.088610184210053,162.17380170797878,21.7992874747974,0
1.0836950992492298,334.425146793291,47.5460443723324,1.773609374643949,2.308569642546532,8.293669043780929,84.10700688916134,0.7553675032822782,0.0667183808182538,0.98586595222372,1.33382131203768,1.973535382864216,125.85257497051047,-31.215498609896777,1
0.9680157039606518,103.42753285804665,147.82944348296343,1.932754524859244,4.2712124841436605,5.105135627136758,54.82048477771091,1.241890512733689,1.1109437816222885,5.296297207479787,0.9897041796771832,2.249799206222752,30.165289569532472,-13.48715661286112,0
0.1219875761453869,65.96522188526616,26.8706978297693,2.092424181079696,10.21729428020448,4.637763719563597,26.729982263994337,0.0230676805608062,0.0912282125116162,1.4286174414556214,1.0944019840292762,2.0213197302612147,66.60325272601592,-40.37147076750667,0
0.904093203798814,191.6510442213284,87.01216181598949,1.977250406188203,8.557271709403443,4.04314372430005,6.402673968102601,-0.0713814155608391,-0.2420860396550606,-1.178087332232895,0.1139132683705473,1.971082417317369,66.37861464184478,1.21625405551751,0
1.190769315134613,203.04818529572785,35.27642269606341,0.9827407681421496,9.250435240046322,3.202436666977114,60.42413183208929,-0.2463742627114171,0.1051541047798997,1.2341664080855197,-0.2869927405960312,1.036731156074752,68.08789719228236,14.129741829464784,0
0.691083060215665,148.26458614779295,90.8981518468446,2.3356893768396083,7.935749926980888,3.935864285661499,72.5115794280305,0.83279333797319,1.356653403896403,6.733671647862126,0.3689249082122453,2.145634992841979,42.90205470065807,-15.931721912097863,1
0.936483949742864,238.87437474054985,76.54718007867103,2.002015812062815,10.69845355971266,8.716040004580726,82.00557192269994,0.8179997833171133,0.8226529386611711,11.491570264372283,-0.2142423623429196,1.9949238540437904,21.328846525311725,-18.997007706100085,1
-0.1401762275531213,33.78529933497633,146.37507526150577,1.9631386812943843,9.063042837583987,4.049657620370295,28.08224808869007,-0.1046818532149785,0.9038706848677096,1.832670440624196,-0.0078048666406942,1.9541364006452149,43.22866325994369,-44.13999658376053,0
1.2774094889223455,28.751426790548507,154.0272241544692,1.844626621926405,12.415575454775148,4.46481561255175,5.501665079791675,1.009154246133604,1.096314139840942,4.379188466889034,0.2243870941668793,1.963516602653513,47.593413055425685,16.781514186316116,1
0.9125131274645856,187.8961486677389,88.12700605262236,1.8755206727062077,13.471146760305272,8.06242870112912,86.65426953153614,0.8943090863101424,-0.319013286839885,-1.7043589714462088,0.7803827288528373,1.8627624730608328,160.50444994017352,-29.22706769389375,0
1.1959582686797972,167.4619264228563,22.105348871396608,2.092847098951901,8.715419586730105,4.215585637462986,43.47055614644185,-0.203625583175377,0.347820811242586,-0.3537725556026467,1.1306499822040792,1.8236573885739276,82.98473122637972,39.553404726931376,0
0.8681727370415827,-12.211502705604374,91.03428565357493,1.0820236411788806,1.2984268782128732,1.672535763756664,2.116434956954365,0.068528099532237,0.0526101787195784,0.8708351247690262,0.9074349437519508,2.2313983393329995,55.70512411374432,-14.929823068360284,0
0.8285550251135507,4.556836413108698,116.5675955476306,1.9959454950675264,2.2774076350646557,4.348969167423034,7.029340560516811,0.2562145499606129,-0.0463547715577819,0.3884254912020979,0.0841188263664572,1.808068600164804,25.240096931735067,25.943602438781245,0
0.9913042154727776,115.45762453378528,139.99524168909173,2.083653154618254,9.8325810960118,4.509644427359419,40.67818816387788,1.0338856393702542,0.0173731228434292,0.1872605993676583,0.0567641809320154,2.2120112563726595,57.54144289384416,196.72706197792897,1
1.0419364974151195,101.14690265968623,72.70238888708819,1.8728529161760337,12.106630155303158,4.144761684997551,63.03783305352307,1.134727166552209,1.2194920587649856,1.790506229422708,0.9984421062961056,1.819685369408512,135.68178564146362,206.6459667040264,1
1.0877697775096815,342.8194774661053,76.47746947974471,1.9820820608573992,7.95792061691129,5.146476266086373,85.38781671609851,-0.3768253093155972,0.0975538595274863,4.629047037834086,1.108541675287536,0.8793339883546236,135.54897150985315,-31.56124692118937,0
0.0447732950500073,263.2243569869821,48.91491092366584,1.951010809960752,4.578362468849436,2.896822386890141,-6.159395853691756,0.9225562910684904,-0.0068752379868318,1.6243126690326577,-0.0530861372572578,1.9571880993849216,33.49067327363501,99.16105223002587,1
1.0780761563751629,122.21799588373578,56.35739756365721,2.206147014278339,0.3764684273042142,2.562878410303141,0.9756065911238352,0.0713294989419738,1.2799656786639333,6.18488199175137,-0.1747893964335554,1.9885325203329676,60.42521221923425,29.30168479897465,0
0.7611710768117574,-11.947120820140952,194.2117152097661,2.968740866518107,0.0196299034908884,7.492669613961962,-19.39461713338035,-0.2761533156236162,-0.0578136482338403,0.752150232489655,0.7463382536727486,2.9365894321920303,136.52680931465022,230.0004692377668,1
0.9835227875849524,111.08092532287102,180.69772411565552,2.095117522993576,8.36338792719209,4.172115544271605,62.65162932730814,0.1226043344098555,1.4926695462607935,2.471156338177315,1.0123801047326553,1.953367642124041,55.12294082630167,111.267354900007,0
1.1774446746163152,359.9132383622764,198.11400872787388,1.0682822692185618,0.602364846278646,1.6518940490775416,-21.269611437464494,-0.0586680955402233,0.6552861299401238,0.8904380092298427,0.2378311842641107,2.093554670417334,-10.613027160883776,63.79911529465285,0
0.1215471893773501,256.5891432580126,-6.949977182735978,2.058032066071717,12.312885404102689,8.101800294952438,-6.068133873314018,0.955915508482396,1.1237956340782815,12.854983396835747,0.8625256233817521,1.8779061420454868,141.25443945333635,21.26415966544939,1
1.0249943963964652,139.61714909997758,89.7190448174468,1.9960487394841453,5.937650936636154,5.161973362659832,-2.647441899183285,-0.0982567416629994,-0.0645419848433027,1.8355037510991128,0.8348179452140602,1.9688589106497891,159.40067194571412,194.6066076996428,0
1.0528866101598486,20.37222876964819,154.1602550040283,1.6762564624463976,13.309712753960298,3.651447713527802,-0.907058640155462,1.1897772284621908,-0.2264256586737065,2.1245041561366733,-0.1222479556525711,2.1673782351428907,44.09838764751567,-24.62943887942793,1
0.9627602809589312,358.0989116188664,195.09368695750732,1.7875205984530171,-0.6940312448163617,0.0375978684219511,136.24433374247027,1.3607929184678793,1.2359129115328862,13.32472536881761,1.24780814798756,2.09786204433357,-23.94246458614562,142.2911525055971,1
0.0613302709703673,-25.20863505353836,88.56315657667622,2.20331028519805,5.350824070096061,7.152924389633425,3.814793260519657,0.0074509158430123,0.3084237131207666,0.3045516424885348,-0.0831593466519806,2.161855384202007,17.950582088613224,132.36185075469228,0
0.1913061259608829,50.13970769796559,161.36336000002555,0.8131182433200198,3.0915669193438973,8.872473500091221,83.89986500726299,-0.2007071364675353,-0.0793518770203248,0.8924863187416365,1.1021182933721747,1.8160844154918976,-22.87379419820704,29.448658134922955,0
0.6766375738336338,188.498547703233,88.16171356234652,1.8065494799179236,1.9555891970120216,5.037455062371927,91.60603806579292,0.8400254998734791,0.0705187196425664,1.5461479340643056,0.7988214163973208,2.0165592089247544,81.50252825346935,20.75694258452758,0
1.307523708404617,67.21274097534786,17.939056037077776,1.7927158112815869,7.393253612780975,2.5315268462432825,70.67412214870865,-0.1024070742167383,0.131263367285861,0.0822431855362206,0.9210720143977068,0.974337857270936,21.72235989051196,-47.04916970236787,1
0.9655521342369116,13.48033506715089,57.85097547505377,1.103145485863264,2.5479002720043447,7.287669841576536,0.7779627304047665,0.1971908974023076,-0.3949152261468117,-1.111788383658136,-0.1609335390475555,2.15270598820336,49.561195924690544,69.5089051658638,0
1.0845280609982104,213.2074851536606,47.07587481106816,1.879045490074437,2.718525135267762,3.27224521891592,6.147079767255463,-0.1808813384499541,-0.270759290362761,1.309581739704864,1.0409089302477612,2.177747738364071,91.21244633931212,10.528305136275163,0
0.8223512735345,130.1140550218481,95.70117221011598,1.8985242199818344,7.240896461750953,3.94690418756536,30.106507323113718,1.0845566643314313,0.9990013355503756,2.1234960504043423,0.1269118230826785,1.994465355848772,19.751394473465798,-16.994133329754057,1
0.8608907962295632,-0.0243003202999432,-5.161617897088703,0.8170071340073901,7.431604317011317,5.036023656285465,7.111888682585491,0.0887568752622618,0.1044120824198626,0.4731122077368281,1.369886368589592,1.0245001047601845,121.9379009757976,-23.48522610147618,1
0.888452982558622,48.81023578087488,25.980334557199413,1.2762217747431557,8.29918195948634,6.875642319412286,12.313358887679016,0.095388404605766,-0.0216662180933456,-0.7121279966057026,0.3065707232353895,1.8881877612608704,108.66542932699016,83.08624932960359,0
0.118590650997564,223.7003071758241,41.68121571600022,1.947568031277467,6.960742883307937,4.384447095723444,52.41838632020125,0.9019482747517732,1.1920994582768798,10.754258358726236,-0.1017551869902608,2.171020766083497,15.01965636818867,101.8976766989799,1
-0.1978439189836598,188.76445562997736,83.84989554532113,0.94974393895035,2.609001249537552,1.4791874517839163,25.981364149525504,-0.2705792933585905,-0.0459477389731204,0.3473726876143796,0.6558279289280821,2.110813478974153,58.63556800939814,59.80499260921472,0
1.150487981981847,262.0034155433553,159.2174083413169,2.0021643951580854,3.4476643341293074,4.637820231230759,18.57393816013668,0.9819054768989228,1.307203905719549,10.884745136764352,0.1295347155331764,1.9937641212201211,-4.290043298546408,179.0765057288265,1
0.9210034651833036,160.80299117510376,150.09346633705837,2.150669966529021,12.216483774336425,7.815788624976045,89.36213847781272,0.7462249044516257,1.1353601947606653,13.692888281702787,1.2242530583486375,1.977966448561532,129.71156315420217,154.32337749712826,1
-0.2840688846459342,40.32411174788386,161.07275455892972,1.9444291594091072,11.37591559272321,4.779785636828504,-1.9309637128552597,0.1516973165133214,0.8837889769992535,1.3260932101557237,0.8606111865405683,2.035809633132458,19.690612245887323,64.31896125476881,0
0.7969726856838831,204.3672322734984,94.2546326001658,2.3677790617816914,9.22573071227035,5.025707321342329,74.90387854468116,0.0718776631897109,0.0204922249501605,1.627518809250215,-0.0267997086327109,2.1519609781621867,136.63216478951813,64.78686380209578,0
1.0784177061283473,197.88274667362896,154.4418052427989,2.079501250546386,9.89777631865278,3.899980278455372,69.42611565219858,0.1179493125387261,-0.097863662164063,1.7674989568484722,-0.03815467319301,2.024877199805709,134.49089466182772,87.97693603105829,0
1.1426292096318038,250.040114364614,84.6340680715898,0.9932715906351236,12.189855782609644,8.673204131080643,110.29411841046476,1.0597862068033317,-0.1121091523682673,3.320143982864036,0.8471440548300859,1.9647356355723544,62.734314085501424,-26.768542552444536,0
1.224125552681882,59.59185807808167,-26.667307777467727,2.008592728742981,8.25855221556913,3.2793217135566053,5.873997388614491,-0.0631102473674422,-0.232501065660159,1.947479181614706,-0.0983027591106328,1.9575298130946708,109.53358123117629,32.41182488991707,0
-0.1680797564335746,99.45591885017784,195.2842205684322,1.855995804859797,14.031016711878184,7.037308525633834,11.697444068118552,1.146303897384719,0.9246858930326484,2.648606839654925,0.8029855423230283,1.932240867618908,130.3774159140266,120.8541024777252,1
1.0399039030309123,282.3591430678389,169.27527432508026,0.881564239189627,2.317999249669048,3.672421968514014,22.537853034231546,1.1296980327268786,0.141643466833213,2.338911300219885,-0.1060842252452978,1.1232536902301553,-6.9668402627736015,17.61515555156582,0
-0.0721293929997506,280.1992545468607,164.19929398765566,2.090689342103417,10.20242270960587,4.494826663321399,73.48452210351545,0.8999086485831111,0.9084153578759092,6.487312606007073,1.1771118507350715,1.8987255295242376,-10.281108269553158,32.918519064756595,1
0.8327449602542387,172.87853877290263,17.189215897882363,1.9136720082770415,7.238003709934354,3.912797910090795,105.49818329770297,0.4727012575778022,-0.0679196544344107,1.477309157922849,1.081137551633193,2.1005745998998147,153.60625981205425,-3.211769745608798,0
0.8902684104235257,48.141131516929136,169.7561105568463,2.0915655649479348,3.0483421225130662,4.212084302320283,21.91524936715092,0.072352865616559,0.2798505813481031,-1.9112722095648411,-0.1030770004203097,2.0617548857384644,-1.528288156722823,138.52574357747383,0
1.105414204815999,338.10556046586896,158.4181114386447,2.101697446050951,4.585237232625264,9.05209650839706,115.2313748279558,1.1850523567039295,0.082607128694818,2.3827003969813534,0.7755516716120686,1.987276638025068,5.370784734188035,175.8027006977109,1
1.336070938714649,284.9337990255865,239.19041189624704,1.782015418227889,8.953458185735743,7.465043219754238,5.601113622268571,0.8074874197790702,0.8142074507286413,18.06335383430335,0.1355556823286129,2.0743541824056426,79.24777891043234,42.56603040213651,0
0.3093700385740918,165.1622480652242,120.7698777850242,2.1328746714349185,4.993255158061299,3.712142860030717,96.46301876327216,-0.0470296770965322,0.0759210278757788,1.48213296143969,0.9332714543868816,0.8610766417961813,34.36039134350469,-4.193515609680254,0
0.5049724535725962,104.7700126030237,75.96548505993034,1.1058929333628362,1.7002417788371045,4.690687056503656,74.56867804522734,0.1132105022058671,-0.0301587430436968,1.195036134128621,0.1896310451963146,2.090206811448159,66.38968450567567,93.96549312676176,0
-0.0576014001929253,215.069826252837,1.3017170864617498,1.882609649120116,5.482491622374345,5.209671251004638,51.16980963674104,0.7137249808839754,0.1555205989529372,-0.0280900509636898,0.1901038632564339,1.923353869145992,-7.730551970278768,9.767285242185736,1
0.6813317461099975,29.477904774653894,144.33301376956084,2.0625215147527025,7.8174375906996,3.7451388368718863,51.731009308309865,1.049857333676741,0.8879675206437241,4.053227793420623,1.0668172638258913,2.179570839614305,23.69193744965795,57.87989331128875,1
-0.0780093771181433,327.7327384544216,111.73945460254552,2.120507544628246,3.191592852152468,5.897531063018473,63.24901428265726,0.0817445441525568,0.0875952118173832,3.1187915379273607,0.7023954745559787,1.9520923206866805,34.69577664884031,40.30414466136092,0
1.004916387182301,18.83734649869064,2.4097416778595147,1.0209419731965526,11.54506161583504,2.9113788944917323,26.075039004741697,0.1196583314655682,-0.0637437234755434,1.4143593801170002,0.0328047748861204,2.062958101668793,62.76118138497191,-65.25171409650818,0
0.9329093200655576,158.74554251295834,-5.768649058266533,1.1378250408385169,4.76726586333958,4.600646068885969,-2.8242484199755893,0.065894884337085,-0.1951406586797438,2.8747261259971792,0.2172146359525452,2.100285613789468,-23.449439386343517,22.08025663117417,0
1.157725302620592,40.15202732269965,194.54148267206315,1.960544517311342,1.834875959499077,4.137342559021695,70.42363850464972,1.2689417414603252,1.058979520897219,10.29018902361183,0.1570554251280589,2.114214655181018,29.64805733707958,170.08960781450594,1
-0.0179415639124849,163.46433646433502,58.7677998240317,2.018226724083397,9.168451495934464,8.573995419324362,1.246762282872183,-0.127487891279791,0.9282329949237814,4.894460754629382,0.0005219720697374,2.0355549220547724,11.815652855550027,19.4697220832579,0
0.6985795736145178,134.97908616383236,-21.07622976292245,1.714960700093808,9.150694893845229,2.437186177117871,14.20034718666802,0.9060922380594084,0.8560608644419954,2.559340658364431,0.0532872729657871,2.0934097966112466,82.1441178217066,30.004963457197785,1
1.0413467253582849,240.62004297750883,88.08538744886103,1.0468465171151893,8.482149871774327,4.170093193808466,72.47129536683045,0.8008144759393092,-0.0833280544048952,3.0287332276591443,0.7973558174124622,1.7787910729638623,-14.051775342390314,173.74011524464933,1
0.9648230619570344,191.5626642832152,17.905804639394347,1.973398099724421,10.11696933275297,4.421421885509915,15.733220679868024,-0.0514554268064787,-0.0789845390221907,1.617541276760342,0.1065195345218464,1.9546222521080192,50.75762764723554,30.90578409393616,0
-0.03073721557619,289.362984911257,29.21745272606757,2.1196316966844964,8.121025840795216,4.407969818119302,24.206807767560868,-0.0349368289354879,-0.1225568970001119,1.922788203741865,1.0298610865664002,1.8513228471875225,80.70467530413123,53.89235783538252,0
-0.1286939142290719,50.709122327458346,101.03624789896244,2.081138500300101,2.792756730476388,4.639829147483057,32.699624582604955,1.185743293417569,0.8056151033321792,1.0436528265302107,0.0664276842309381,2.1223271971775,79.90049514003957,84.05172739744602,1
0.167724559540021,217.26478195348108,48.62375045928491,1.836997740678518,3.4439228556278607,8.264284278799577,22.35666443209785,0.1922893158762725,-0.0228957089053702,-0.7556004261972316,-0.0556460163017693,2.022702562312987,88.73820334611227,71.30714448222004,0
-0.1105289848217352,61.97238983491822,26.8468810853891,1.7690196569490522,11.50200404073026,8.071459585910084,35.12661458354911,1.277649251030582,-0.1077367109365099,3.907123658326581,-0.0393108829970377,1.8665405977169491,99.12856191957272,113.6366560777206,1
0.3239266550476543,89.82779813396732,126.51662372961373,1.5321425386765362,11.944325631611402,3.932957950214713,25.500779420905346,0.8460402004701549,1.060640133661958,7.1939683918617945,0.92197099922307,1.955470326362323,1.4077637301681063,133.79745015821504,1
0.8056997539696188,136.98693452970878,177.01783200706203,1.2455790432781897,4.643082457194078,4.941086269102283,19.821993221686384,-0.0168127774465107,-0.2689952871013981,3.1210485241789,1.1968451453339164,1.9967247887901116,45.22447678303071,-13.904048553203689,0
-0.208575007007248,-32.834826284355074,1.0937569458662608,2.0747793782561117,8.183473997612275,8.48113374627513,31.57138252866492,1.0277145933807923,1.1083224766100184,2.5635055852069164,0.07965276353875,1.9308229421803091,26.13999998057676,-8.705618458088438,1
0.0076234995112604,256.01834042360207,24.601653391510247,1.868294162436502,0.166171286349293,1.3448706787063305,-6.9300022897319735,-0.3701189089313224,0.9907812280672882,8.911389085291532,0.2818482652804189,2.0184758564072,54.38969935098026,1.2373943855925231,0
0.7456198986745695,64.10961684612947,68.14281481889829,1.9026211678253653,5.64704156843122,2.970604358153789,36.08166493116556,-0.0687102533652075,1.2367688529640084,2.072881645584689,0.2492827171417554,2.0268268232148223,37.77190592605156,40.28281355067294,0
1.0400476199066508,207.5668477922599,113.59171282050929,1.9054793775568617,10.23372141013787,5.2893690241977005,28.52900823785297,0.9869306289735172,-0.0162761131260266,-2.125806412890774,0.961707057075833,0.9835589087179604,133.41273462065374,36.999370076862704,0
0.1808322828112243,-4.6907641200700425,-2.663750195085086,2.1471929688455447,5.306558704531575,3.9736920978005488,5.908067487171312,0.1231007134252886,1.3360657638769031,4.017664032443589,1.2549094912772114,1.911574916823196,110.81447631082249,-21.979674312681432,0
0.094611310100134,53.8590263490004,21.515216360320203,0.9610873008164268,11.904331010706276,1.3723930536144628,18.537577516826108,0.0019203963274233,0.1521929972471452,-1.1128247505156086,-0.2284904009524844,1.7870395250362272,92.52772893726902,-27.43272766972151,0
0.85227191036051,35.53722698163419,1.722704055587016,1.828781001089563,3.43100901968092,3.669356947163106,-0.5364114404381581,-0.055203697845484,0.2040515901469047,1.2811290286235495,0.4310356771983203,2.0178195987061702,93.31808998310214,103.10507781074614,0
0.0179008814283715,131.56689752281756,29.724137802227983,1.6600045112645023,13.754260815428772,7.886560821778138,53.6314920058047,0.7452752400232642,-0.0676467635655846,3.4069936847876074,1.0784675163489583,2.0588711495344,54.84949094890027,228.3887561315382,1
1.0017661433561826,176.16551534911372,54.14163391987487,1.932391903792452,7.906020415775686,3.924371116079064,33.015773118181656,-0.0902548621314842,1.1905318215746106,3.953295040054917,1.0977105671845584,1.9730867794090807,174.25456132234586,-15.362427810890855,0
1.1715556161554683,117.02571572141022,46.47080990135446,2.0669657249937456,8.484416822163102,8.585114202902988,21.89264817064671,1.1378994624735177,1.033609591686163,2.531114695206691,-0.1102768865964308,1.9340788326701277,105.76280781500652,66.15774068442764,1
0.1693989830005792,177.31510920834748,40.5476654931395,0.8070887713036995,2.7359916969608697,7.563667329938331,8.880982564221537,-0.1310904274622688,-0.0497115006727533,1.750991412850628,0.9791629228021052,1.8051566731305684,40.95697507087687,-37.63045988686033,0
1.1017394483317664,226.8516970254143,-12.26184102076364,2.1787431314246266,3.456825878527057,7.836299966020318,96.14996545363309,1.0015613959489302,0.0663196453002092,-0.1525894145923931,0.3610374583972213,1.9394246372142891,156.1154361602816,-3.801957098803172,1
1.0463427398765974,62.388657956590734,44.73003606153434,1.8961655413462524,14.775366895351995,3.527016909071342,53.854027807659634,0.9570451331082366,0.8875195602155599,0.2315601540615719,1.0441539674815792,2.0935581631266142,132.41163916528782,77.921899260543,1
0.810968535780816,192.95963577652407,131.96419945707044,2.1620349655894926,6.959371483055332,3.2097751388868216,40.693812215672175,0.9280559473563976,-0.1189558242071413,-0.015295684981293,0.943097247024262,1.9893142833395367,124.83173639262404,-30.470750019434085,1
0.8504700396924872,222.77401648246376,70.24589094450693,1.1038687135466427,5.36271139666573,4.189763314672509,-16.541412033269282,0.8309931781730554,1.097780890986147,11.029911727807608,0.5302180682400445,2.129886659505107,109.20575304979792,-19.82482850787199,1
1.211191033953383,129.80012415869388,30.184313038413947,1.0020904696623556,9.014528020985328,3.931661832998148,58.75054839541149,0.7403063763913718,1.0160476682850574,5.915834150688649,0.0149955992021211,1.9170154958620629,6.250572500540137,6.95699438522032,1
0.904372944539522,26.4857907255922,60.73414849789018,1.848399920904825,3.933026866495371,4.0439003743127975,12.961172918128405,0.6576152949393709,0.9978668848929656,2.688210509311729,-0.0180344667888779,1.9970755882293891,41.64072898942238,118.09382377214096,1
1.0352667892860206,50.63749871839923,108.86356054657853,1.034502858303258,9.076124514722268,3.553336812628742,73.52077719307637,0.8163743009005033,1.0740462365853023,1.54813363831326,1.3068309992856888,1.905578162390948,12.132221242215977,69.34254721952557,1
1.0405502659930994,219.54614175334365,52.63643870608392,1.955455889222565,8.450882106074342,4.161615248999533,7.219770325935798,1.034675503832879,-0.2040769049724926,-0.4095080171240464,1.0695572692140467,2.153802748458763,133.46011608510702,208.53340340174304,1
0.7885116582621349,72.57619798292184,23.834655217869237,2.182824208214444,10.081721770321684,4.54318010995877,11.650279660261514,1.1309014305941427,0.8845504917071777,7.78378792151165,0.8562875478475952,1.8694954610123968,35.3837667143858,218.7166430184628,1
1.1102029484633025,98.34540669649591,121.9591384879062,2.2285354728298548,4.4291440944155225,5.653602489577753,15.890111664197608,-0.4108024699982324,1.07724983443168,4.623858871287329,1.063454852818244,2.061119609843712,62.35519496865985,-39.3255054056775,0
1.0677560375682686,150.83739876111488,8.159785776967041,2.0402672514786118,12.952762634795242,7.710576924687077,73.22277636893313,0.9753881053870394,1.184577032719376,5.221598801794075,0.9723371537581158,1.8917651128388144,61.96918299766216,131.63570739813122,1
-0.1149005974176761,296.84016518481826,82.94205451305595,1.1989216824440554,1.8527262964781377,1.0112390595271186,79.14225905218984,-0.0757341384737376,0.0567500870661383,1.824274737463449,0.8417290679248466,2.003812558450821,-31.79207980982548,10.382785528457111,0
1.0583297354448744,80.10366743999096,195.180357382725,0.9909613520800128,6.016203729565581,4.457674527811572,-7.241841469877038,0.007051275745517,-0.0540699865799057,-1.2373194079235317,0.8394903254991101,2.163891307669452,44.20976379198881,79.34800146655738,0
0.8063947456323559,192.8116584833377,112.72414235578978,1.880793909087999,9.034247454045593,4.39755314137927,10.854652143232864,0.2712868065582287,0.2211122927415611,-0.4128430800410929,1.2935848601656683,1.944508305117401,116.86514206971862,8.728547946323332,1
0.001818662577107,104.44735310185246,62.081561284980026,0.8867320728191456,9.182667384147033,4.693342564389816,65.32722528745995,0.0691307998391548,-0.2592691795293245,1.8334096957670067,1.1097548238267798,2.130133537397864,35.18972050405934,-40.03305585618154,0
0.9986318909451544,21.49546058513822,28.58984085245274,1.8957017053349927,12.91319054549227,3.779925126999156,4.260579190990832,0.1326345373593122,0.0041321817455129,0.5796451596854464,-0.0052355083907227,2.0934118457794777,58.300997437856296,-2.209553589381421,0
-0.2449471146125389,252.4560258983041,183.6652642618028,2.068146224769384,15.014963884388957,8.226492847549444,107.4528708162734,0.965753762443332,0.8312140888022033,8.441421444750105,-0.0702038372369989,1.9386508101239004,-21.48877290708253,261.489072458637,1
-0.168797149932973,303.07604160732484,56.72072078768174,1.889854848392124,7.17990890361414,3.923947096996184,3.786920691004561,0.0982918782566575,-0.2236925121179709,1.497564334009189,0.3335823057645957,2.048719648364445,-5.072385560259356,93.10693790871072,0
1.1135817330452562,180.38192953699772,101.53370451277836,1.8735802079625847,7.027951761353477,5.134297018369118,57.698762251439845,0.8576530061639498,1.0911746503789888,6.7884754155617095,1.0675944345956565,2.041696865991925,38.90266412848877,197.90617193452903,1
0.915862971526754,44.97916510660605,-26.369638628906827,2.193595250848435,3.1734438462158234,3.441553336009004,-10.992569247745967,-0.0357244211128829,0.3053529216635138,3.954365596015768,0.7103769520540655,1.962957080255515,81.30457971954513,63.12831231779664,0
0.8733674269669593,43.88260304864494,13.503369629930162,1.914920648049033,10.415987548332506,4.438148491646283,29.72632914821566,0.3964107449469421,0.8215288747082841,2.099362856299484,-0.2051065775736734,1.9187333704763208,125.8299286530912,64.12202424541195,0
1.1299716060201457,82.86230430136864,-12.490133504303133,2.1844502525190537,6.034319675622664,4.344609621216425,38.371244026703216,0.2171091420270873,1.195679406123709,12.866506737657724,0.1043401479240096,1.0543090809692028,-16.711969877192786,18.8157623650959,0
1.0141025220431614,230.62756724000317,133.61878964315918,2.1592199754085577,11.323036699521923,7.85614753367104,137.02042797489406,0.9268817903942914,0.9006677176166293,3.641716842991668,0.946604281961916,2.11542940301914,32.923868798307126,171.28323531969502,1
1.069044351665299,36.72783787909724,125.0151649367154,2.3516420122902404,9.51300669371916,4.225827037088659,15.850476386486289,-0.0614506375761318,0.0431035034207866,2.1941526701675733,0.0556439650643755,2.1315885287615424,159.46717855441355,-7.445326138923114,0
0.0050976835212001,31.419872135863955,138.39132878592582,1.941368231234088,9.093869459707276,4.023975320180128,26.678812486019,1.1401633084204812,0.8309365603268029,6.692068061430249,0.9485087987760624,2.0374249637028083,-23.2041524923155,147.6512245187515,1
-0.145100539276725,-4.697838712989665,131.91322266727133,0.9724296870389818,7.170125665106967,4.410211472297654,20.33229953730508,1.171348835483753,1.0486858077625325,4.01573224334976,0.8489968388511944,1.8278222083980007,28.692682487916287,105.9846743073766,1
1.0130935275281572,-4.068438994192945,75.5203148385475,1.8640133467066275,3.145467826013208,4.436601651246761,23.23433215688109,-0.085327126237177,-0.1124807727576838,1.1775572965295211,-0.071402869835806,1.8840750051231536,57.6321454286717,9.63408240134163,0
-0.2285183657054044,264.71709949430806,187.8502452807764,1.675371457155317,5.952129173038983,3.2890752902548086,54.28719448384956,0.8115990719287899,1.0734595821634896,4.027271397607307,1.2441967209990314,2.000703817792948,39.59344682718736,-5.277029231393847,1
0.4431750195661926,46.85489469597593,-8.897884068749377,1.856031888648409,10.866943019309584,8.624184467601765,38.51238425016879,1.0300730559793958,1.0915864581139103,1.0234520088794423,-0.0425702879972594,1.99789994371181,-24.57060850447633,98.47389338148488,1
0.9164656623979122,323.7199883750351,20.214516026548253,1.9545883645653257,9.117342839921417,3.7142753175013983,65.31390094620455,0.7967873240136303,0.9024145575719588,4.723205888401845,0.9016882030719258,2.107791697929314,41.85669901423774,21.182471777725475,1
0.7647599360783567,176.6347688047257,25.018553652675493,2.041459321665297,7.362882016970255,5.576433902347768,3.1741704741170693,0.9884923573493968,-0.0976362521720952,0.0443184878341558,1.0747653185282555,1.112605943995916,101.4595580240722,20.848678675576785,0
0.7466960956620423,276.39652824962945,106.9219878054477,1.7402961202155551,1.975000011062063,4.270381103178921,112.41751716807718,1.105077887722069,0.8434911338983628,15.632811978718816,0.6759584338363713,1.9483371459029617,7.439909583622082,233.97389998240573,1
-0.2014236539014039,354.2711270891055,189.75591535463144,1.8364658064039183,10.627276302665033,3.675464392135014,112.86856621895636,1.1660151610597629,-0.1359778924920568,3.448153613173556,0.7689352378807202,2.168826611072645,-12.407352023605398,228.9742387419108,1
1.109710686041753,311.2944945429037,146.45233252576878,1.885838902379096,8.002141222265646,3.728102943975976,128.4414385808002,0.9192382165118248,1.0086534598411698,5.483584788677463,1.043169148286643,2.0046180157390423,108.2814590251452,165.60092368427257,1
0.977563402716283,72.926631912506,75.03126495211495,1.911274251344128,9.536205362141343,5.234396779921221,21.12596717621211,0.6149435483484649,0.7378885450031166,1.8132574966094144,-0.0823844320012465,1.861590460655055,84.3901280987057,8.946272051398623,0
0.0676741202683499,52.187760595058975,10.389147437235906,1.9467760992158007,2.365922225604513,2.983967124651405,-5.27781318097972,0.046538893305889,0.2192011667792635,1.782257728280449,-0.4533085195615112,2.0670218545661787,37.9909521490119,12.519480787780765,0
0.7278773472360505,262.0592115456181,15.18066571048881,2.1475058924086063,13.250203433286025,7.306197928532868,105.2673974910214,0.9812018430412736,0.0959835693451499,1.3254834262172843,1.2086184589380005,2.0078799125886926,52.29036874445421,264.86723932535995,1
1.136584330465301,232.55276268377912,5.3359046241836126,1.9734952866906983,8.515682496631015,2.006079281289841,4.840454260012578,-0.0198156053974983,-0.008766379160086,1.9969321009005867,-0.0130382532584071,2.8808383978397023,62.71763978918567,2.717586237961534,0
0.1660069866007566,353.78710092519054,30.59635028519972,2.024771138839686,7.679979192499811,2.7570913232594183,-19.580141827437792,-0.3209016141593362,0.0656834861329949,-0.9221624074239738,0.2189483991448049,3.003161030919132,61.058613992890976,-20.45486608120357,1
-0.0782082729360624,87.6736943975544,136.92433123116183,2.0950473514741503,3.2313137179122027,4.518354651916646,3.3969711475150817,-0.2907813343186601,0.1746750199693746,0.8762775689677205,0.1376763279810679,2.072136801835036,56.51833251012208,126.7414885725683,0
-0.0099763509143953,96.10070195466992,66.01686965786516,1.8661640763583476,9.108086678959078,8.440985903058118,34.046206419759145,1.5348418643407902,0.8119437552370063,17.22580712205663,0.0889583216113195,2.159826651888689,2.0425323805899325,129.54916235246773,1
1.1739399700657935,221.883992982832,40.13034700721397,2.3907235808748104,7.28737314824547,4.998671240044308,124.16284367685212,0.1015266330634795,0.9901678537494204,1.7595513514266472,0.8640733517845651,2.044970260480395,101.25546047127798,70.92238694810594,0
0.8739036905987271,163.8690993088491,32.923812715071016,1.8972541963030327,10.980436567070718,4.147346521827567,-3.013955593292735,-0.0271190868441824,0.2342879340352949,3.068842736367001,-0.1424329267855731,1.995565295222269,33.45520841297139,-24.07498042826989,0
1.050521956226036,284.05631858495354,15.951236862241911,1.0305649396463288,0.9698747709712734,3.618844296957377,36.36991189151176,0.2355278702778754,0.3118458405039935,1.632337906025571,0.9343291668275682,2.260513042333657,131.09890449419487,-13.521029637448954,1
0.0784295119813615,84.41545517285664,82.99190902835893,1.917521769605718,11.053081992109604,7.957135558041199,61.94681621492627,0.8207866791999718,1.176092014172491,8.657999616526457,0.7703537476127924,2.126274046919746,81.06017570322457,218.4714515369577,1
1.0248326574188282,1.4969397165858425,152.38801763567443,1.0734322648311858,5.960269764127377,4.065856094705138,3.575722774494622,0.2123475295554374,-0.1039576570236675,2.0827308949779595,0.007298610757377,2.155881763727252,65.83609362388171,6.008163990457113,0
1.0013540941812311,174.3765515381503,2.7501843158493955,2.075664997897981,10.89012652968566,4.451804282092018,1.041494120671807,1.0093450687403087,0.9793656301014578,9.650242700768224,0.9688459952239634,1.9274564412721584,102.82299860938392,239.36281933137624,1
0.8420894638782087,110.71029216506597,94.09923907642457,1.9539721367405856,15.156923261986329,3.498715718137213,96.67937198720357,0.8179791959317407,1.012601610724443,3.66938638916004,1.197286797349606,1.9560793691790612,46.959300668961056,11.708403731567138,1
1.0498213125611546,31.197771034112023,183.43115714017304,2.1414730457756423,1.4866605192253717,3.092634621765085,40.624323809640735,-0.0552829061099221,-0.0029091607037601,-0.2036627605266319,1.1533499918313774,2.081286068955318,33.06579201033725,189.65990837450036,0
-0.2210189445421662,175.02899690767077,83.59189937617353,1.933170136649177,11.207011120338082,4.403030839410555,91.6451117405456,0.807895125285891,-0.0937298784808494,1.3837992307249358,0.8904331515639052,1.9709082691263924,8.123907297135759,197.13251624854627,1
1.2319914650138133,184.75725163277457,177.45154805271866,0.9827844925162188,1.6565362798284893,0.8252977720244932,-5.790915351426456,-0.1143746972361248,1.058692065537295,2.4947779496432414,-0.0791265694353519,1.8603698457093123,54.25318540007728,-2.607573888341044,0
1.1131199266363776,260.8716216566931,87.22701297768369,1.7009978757054391,7.048500639563065,3.4105253262201427,-16.24014231480212,0.0077249150903979,1.0681208899075645,0.9818828087123412,0.1355161670692067,2.062820626464811,68.15224225656183,-2.386340989243152,0
1.1802535284362865,-21.457800432392588,95.36201941902542,2.1342244473571266,3.4057434343340915,4.78838232092832,11.389644621875624,0.0350441037059546,0.0209930909930989,-1.847784468309972,0.9859800756868418,1.930161962601749,25.849713503842736,39.45966133418537,0
0.066193899860577,-37.17555337848941,143.50038490289882,2.0548306815629607,6.716340713950218,4.123516632246457,46.70034912891812,0.2576045169523881,1.2122907109988696,6.954525706468938,0.9446448579792148,1.9827925256500367,-27.280371540895445,13.394587602620213,0
0.8934127143057843,309.67301029295714,55.50204702828054,1.9792864258823892,8.516951514458825,2.9857604504688044,-10.577021285245202,0.8456461774435349,0.0717583931067195,1.3089272762334183,1.185764110923372,2.078674383343389,109.30143173933944,16.468365594541204,1
1.0995197143812696,111.44911519623548,55.48048283572089,1.9863280499868117,4.0428284341631535,5.199603651026261,30.60796049759842,-0.0014292267311792,0.9214664569694628,5.064568303533775,1.1395774747686094,2.032981004843597,54.80469879107363,12.43332686503279,0
1.145825458545629,101.21411097616132,32.13515859149138,1.996917203510887,6.636254816499113,2.547435989232145,41.26598247422621,1.253077171975313,1.289975665214135,12.501443239831003,0.3421358260123992,1.99551228076399,25.387135776129757,106.52753443374672,1
1.1791181660209804,144.8905422260488,28.081725263807947,2.0918634852640285,1.246454256924312,7.844736361830607,91.45873314760765,1.0032155241482783,0.9136077669881316,4.254886099388251,1.1699778566177206,2.136910620897424,78.11263562183484,28.49376293303984,1
1.0187917209542976,86.262806896893,41.37203211667102,1.8366464174577617,8.226338764076274,8.898829648842678,-19.039751793216112,1.031404342194782,-0.1013596911005212,0.4769199213456705,-0.1577809219409946,1.982280465327467,92.71944255208685,-31.14791836322832,0
0.8500567919761098,332.6811677301491,137.6048481396815,1.9745287061803507,2.6389085029644326,0.4783097421011479,126.15996699120592,1.1668801102827588,1.1401006330269547,11.77478319955993,0.9496204042592858,1.8182785560651256,-8.048698797973913,102.09422704511492,1
0.6917083968354222,190.08074227597635,27.15572907316472,1.9576783297830933,3.682039568706119,4.340034897195088,23.290907998680503,-0.2846008318799472,-0.0602864340435986,2.078181351458149,1.29427659855671,2.0817392506646324,59.30096542770621,-4.907895975242411,0
-0.1607373910803048,90.98419656021656,159.47078330735664,1.980486004319972,11.090320344292508,4.397997027266186,97.65473615697466,1.1293069070480453,1.1418712216854603,9.67377097103049,0.9344147061982316,1.952126439962332,50.4117677446238,21.82557866504507,1
0.1666138780123066,62.484070273782734,154.7846902411539,2.14479609584042,2.3512238573733635,3.608755738909657,19.86637149346855,0.0193364683255526,0.000231997677911,3.078368188930505,-0.4273846786490472,1.851839588502676,4.839666657095286,24.764162265335937,0
1.151188531159604,148.50076043100964,103.07266551697336,2.1128733664075696,5.433879509258489,3.0635643258934904,12.341067399356426,0.0954627883991481,0.1888178397447624,-0.3211688334345735,0.8419359612949511,2.048063605518159,30.851303849257985,-46.94515551865499,0
1.0969915050617185,215.977750227407,50.15469730555604,2.0795107623568945,9.96052486734934,5.139757607395063,5.187404261308522,0.7473455288483131,0.1037484418063435,1.059507968451577,0.927873398174242,2.133537775346586,30.95354230297211,42.79933262858884,0
0.8666121555847565,48.67476209006144,197.03839492586707,1.206417961155427,7.723248741438907,4.6745065459840855,21.89509767363763,1.0594025155804798,0.0796879608229758,2.403049234284865,1.014424453936234,2.1473742783474163,57.99418822898486,109.8697747626682,1
-0.0091470909951695,54.569584751778606,200.43138388990275,0.8603680959310794,10.625668487994885,8.106799457289267,1.3812592402178936,0.9504997362670292,0.0524828180860764,1.1759504576451367,-0.0444956950933435,1.8394460889020705,-22.843401678495283,217.15477781329457,1
0.0223625996107695,81.42939889094392,45.40582959481212,1.0402766876528644,4.437765728451901,4.2978709889290565,40.37178128129112,1.236025525920469,0.1243836589025563,0.8792063187022139,0.6619190537021339,1.861809491382108,140.70537533977222,-19.079408696795987,1
1.008132610230159,-23.01615357466619,70.69585856124613,1.9549534652972265,8.102557005145027,4.298569108619916,5.981384445663302,-0.278064182536381,0.714034314280898,2.5992386145369863,-0.1421701786558885,2.0315659459072286,13.604904496082348,-25.31375116806523,0
1.0301671909321175,266.89167401862017,128.22174536487375,2.199714142315976,6.536234290853502,7.483998084495477,75.13198998340025,0.7973752143647269,1.083721209450225,12.455517940621268,0.8828530139155426,2.0521141709283057,9.53944781316968,20.589882551271,1
0.6103153993847086,93.7942056791743,20.362047465889724,2.221097489132022,1.2183176264102276,1.6965779989414864,-8.462108726082029,-0.2713964752355442,0.0451502467900203,0.9525848458755816,0.9142847904695852,2.0088478452784337,76.66878545564433,230.21766448558796,0
-0.2619722861105285,127.89406508562423,39.6480347967914,2.024207769932167,10.74278373229868,3.393537721404284,38.33395587685678,0.8200134170361617,0.8743962451106957,5.804330131045791,-0.3236540971991695,2.133205887071654,34.075011450903204,23.862791003648063,1
0.8044799431527585,31.827891211824124,109.34791161089537,2.001879276353753,3.61930177636232,4.311145220222645,12.45429808032296,-0.0172164152620194,-0.0732951176162994,0.8875159429634838,-0.2942384779821979,1.848764073190588,-3.3495045636395844,24.6451757359948,0
0.2213524230001751,95.74305381600676,48.78419817053196,2.058234117381803,11.06302535913945,3.808163124753533,15.664889488588424,-0.0544971828437664,1.1502748275169417,-0.2385233896091572,0.9055596483546848,2.2137019375052307,58.89452511409448,5.931508543869377,0
-0.0424469537820553,77.52120608214437,168.97733992954448,1.8523081143031388,6.89790382897922,8.075744219197666,47.93201715030956,0.6651367915055418,1.0481940158083658,3.0583741803346536,-0.1106150519515412,1.9619140387413367,8.212635194415583,160.42833261706068,1
1.107036983336215,148.23068254694,184.42903872560876,1.8602680659010864,7.881586124705311,2.8604007963525966,98.01063874846956,0.9854121760958408,-0.0761849259391017,-3.1704397606989625,0.7824919669407119,2.1171376641076063,139.27236714297953,124.16797964656512,1
1.127139336888372,97.68955762710516,73.05508470787206,1.7934826649640656,14.42300630718448,8.124547622584817,18.16945885599621,0.996034348388648,0.8922056799845418,3.487807091928224,-0.0616635690414974,1.884623519153336,50.21022752892708,194.75927966304076,1
-0.0907795694578674,148.55079369336792,85.58100124333458,1.9542843106329597,7.577283720886424,3.645938678928152,7.088660833925424,1.066934543632807,1.0400928879458538,3.1989024346126635,0.9073241991031552,2.1980841881477065,114.870736578532,-21.249507920670787,1
0.9165400214421152,207.1603185405189,55.86669302654696,1.2065431911605136,9.339346575701986,4.056711463045141,-9.900292063465542,0.0020854220133779,0.0022603185283573,-0.929026183084801,-0.0940831517095536,0.9662141372286626,59.673913963788166,12.729745023817934,0
0.9608225400245204,150.87930358453875,227.1963508458387,2.0765089456999,3.715472892497933,4.31634649115118,101.6646090178484,0.9612623961575236,1.1723965537799643,5.026232588387271,0.7409507134543196,2.0147533987902,28.64896140042683,-5.096135607812592,1
0.9838358578222915,24.11079277795696,10.501298711516,1.954143947369966,7.321303405624118,3.828933299197865,19.59577335279576,-0.1279635533172546,-0.0108751346956715,1.2586996850796628,0.2720950118035625,1.9686151569913284,58.4759605937416,32.32285849611283,0
1.064825685755869,32.78166223675869,63.66945068471952,1.070653040963921,10.08772821786208,3.0315872888587654,2.463473567708533,-0.0532022994196651,-0.1450711059943318,1.9919835748225427,0.2157176794910562,1.9947131735186727,53.11087832636443,-49.087283860529446,0
-0.0733403510887459,296.70204753797293,99.80406984293704,2.095883832999208,7.305950383902637,4.799801765855506,75.57883483331548,0.8624990973792708,0.7079839961942652,5.8341730030939125,1.0431881412029536,1.9812692480195195,-3.089730966920513,159.9527527913655,1
0.167574932343994,221.67107841897183,34.05400269663114,1.6576999383388409,1.8257294851647885,0.9211436700111104,-11.867031475925558,0.0221305865103176,-0.1010656531934629,0.2543797157995024,0.1057254468333399,1.860127316805546,39.90456568578036,-34.53592356601664,0
-0.0270213510757943,195.5973538518462,94.36015709222016,2.0091774199930947,2.145749686123132,0.9308687525918456,6.070954274303968,-0.0946780710067898,0.0990597461786212,1.5301632807163648,0.1509817331405651,2.0745628666298424,62.502697173324975,-1.5022452134929123,0
0.2309462115217053,145.28591587148875,74.96077180840999,1.0236498444702775,7.730722938835565,4.472798979371921,-1.7110599922322152,0.0411803702480496,0.1509775260834741,0.2072792581908298,-0.1074520914820919,0.8751783473166541,6.818498214542821,-45.48662750648139,0
0.8331279017793756,-26.44956059778744,54.03640409109983,1.14001005641746,10.315675960091552,4.35975880385371,49.27701520218878,-0.1561296849076197,0.0019828186080071,0.5777312656907201,0.8229917972279982,2.2141129079936097,64.81414690903557,35.88383690944473,0
0.8588689458542369,146.04248878531527,-10.76142107979382,2.241296716330705,7.957109444352071,3.190358129141789,27.39464085308209,0.8598676453360214,0.7792967677086287,6.133802675414145,0.785875286217725,1.7721326360968326,99.87169658827438,-44.83730002269333,1
0.816645766281187,184.53040661754795,29.63907144662192,2.0143552604360537,4.861440951937428,3.3147506878000987,16.738604961541686,0.2120262636189703,0.1920554121682501,-1.246363526111559,0.0525848877394845,2.1061302337452,50.23304369733367,61.7990290942689,0
1.0041977790728465,206.95689718236164,16.845432564824492,1.2517873212439703,8.558784929530027,4.316720146235318,37.65305456227679,-0.0573191950375553,-0.0280739785536566,1.1910888876629548,1.2996033967783054,1.9749478107915217,84.84920396458966,32.99792599553776,1
0.7546402078045386,208.67146380881923,90.94125101834685,2.1847703095585578,7.176186503578272,4.446104170804938,78.16022318641109,1.0433441353524768,0.9755170297986808,9.23190105854541,-0.0932607496167325,1.835657026074217,-21.30584093035172,187.4771087601923,1
0.1358071408927487,148.8548589599108,145.93788104185654,1.939684664798784,9.457944792787512,9.38619597283257,1.775385005829925,0.1126686054117242,0.9070398224639707,11.51570791942624,0.9592157641204732,2.115084263700905,32.59494290838947,-18.133121483914657,0
1.1982471084481316,-2.5240851854131847,-32.79099195329371,1.997358324726738,6.837491191499333,3.76145507308395,0.9633562348703536,-0.2981679685060298,-0.2797551151016921,1.6802063519254606,-0.0911520268172464,1.731961754904269,13.66805492706314,7.924952868908178,1
1.3118989195252402,113.6972985300539,56.5881242376086,1.987216439455096,7.155922063424174,5.063535920400017,37.559044099945694,1.0308180133097289,0.9653903702693252,1.928662968724328,0.2274956179120796,2.0003872416088515,85.62440574757949,124.64750512736006,1
0.6981234744097943,246.19565696141635,21.561572501980656,0.8359826906245214,8.813213268349417,4.632973121921629,11.611955572330352,0.4644154241348978,0.7786959356946033,11.661452213745688,0.9046943835531188,1.792639656563753,121.9379507694964,70.33956355353479,1
-0.0156689627135322,222.48264029638187,22.98313842759901,2.0922911632566947,9.278425598965544,8.347452037070266,64.13097830903601,0.8874639848684225,1.1479886940615338,-1.1074301993768598,0.0604544148469709,2.169245156617899,133.24191549802472,154.9107669461868,1
-0.0106539395395697,124.28852314369028,171.25060571875744,2.14850610791839,11.43476142061241,3.299636698416079,52.13071444806052,0.9723760399020034,1.0970568147673103,10.107044695792872,-0.0301561888921956,2.0171548366886154,27.975139320494318,161.5528127177856,0
0.1419293008702642,60.16020305259589,157.7485270617302,1.904452621284769,5.079329533908858,7.970631883419852,-10.292657459062651,-0.2945337414966278,0.1440336103017148,0.2284842504992994,0.0576132320965769,2.1295602288249875,85.87283792099916,4.852390081407151,0
-0.2291375846940517,211.42580782803765,15.375987751617586,2.028553838391,14.856406887298206,3.694941844902085,0.7778659212519017,-0.0957554926802224,-0.0333364371082063,0.871646637604016,-0.1448576125526057,1.7885698733944329,92.9461255206476,44.14850394292607,1
1.1004333578253245,232.5022799176328,96.83670155240708,1.6268694939614396,6.716405379731289,5.859092409201869,22.703160022668484,0.9392488405027332,0.7956800360780525,8.135265463993138,-0.1177268108476114,2.042216732892948,10.127015451467043,150.68571730366548,1
-0.2197829598059374,16.200532962717972,25.128799168984443,2.371398881799837,7.198945793063322,3.813399363642626,18.68448583798008,0.0370799573117763,0.0660906311735855,0.9246869820992196,0.1894342211837342,1.9355202385088115,53.917693737362654,32.691212714561615,0
0.9785367566578858,120.02133565511184,33.68968686907803,2.2469674429423754,13.389280108000577,4.088669869241001,42.61182343203507,0.6385378330886256,0.9095953182221304,9.514339192289366,0.4948201721929337,1.8979149578345231,120.76879051532192,228.50101884950053,1
0.9976563869684744,269.6574522853997,108.50145494605422,1.8001922542537108,13.546755832028923,3.578688102400437,-5.222552402125196,0.9884968093842263,1.011632570207765,1.4543813213794985,-0.0030401343090841,1.9958444985882948,71.82173366135613,34.061298193363385,1
1.3759833451369512,36.94937287839024,37.710620011628656,1.0537454426736552,2.2404936831749884,0.4950872922137783,-9.847755471597097,0.0803619808480911,1.171170364055011,5.05680276332879,-0.2243221079259296,1.8578410879276304,-10.03520379595274,-42.94147968015151,0
0.7921504702324453,197.8091699764836,122.11395292940615,2.277378856788017,13.507199763028163,7.73040849347618,124.7350354745939,0.9581328356611378,0.9344990076494214,13.647594226132584,1.245606227139404,1.7346305348876991,142.87813081549467,-10.790633046643642,1
1.2623214030310872,90.761723310352,162.7120728583374,1.8753747853459184,8.37011586715544,8.432545151919213,96.5581638561157,1.205523567461185,0.6947175022434302,13.676767622347796,-0.0544233852564593,2.0764475616148284,-20.3612198298182,191.1260231450394,1
1.0054952896333913,82.50072506624664,-9.227203783536323,2.135589192405769,6.199511598415864,3.393976468478668,-3.8915571380314447,0.1878946415035143,-0.0229940242150026,0.0200269724610677,0.1614952729319305,1.223935988068741,4.384457299512221,32.37022640618757,0
-0.1198650156288493,110.1535473003374,146.80354711938134,1.114243656507535,4.678192777633973,4.027334221836039,81.67152198259652,1.4069276149748795,0.1091596501003194,0.1634000787687011,0.1194592846274023,2.22345795775127,11.696277804953247,-20.4199569692153,0
0.6654082738722923,308.29165093196826,153.24083475331028,1.9658793310114804,2.100442797578204,1.4336185700818067,-15.49743745649124,0.7955289750499388,0.8807547850811195,2.2627544628063787,-0.3543298335929311,1.998618020515128,34.02673681544439,-6.196170278549175,0
1.038495862322638,167.36552810320552,11.864920988440986,2.0374582398392502,16.346212069704613,6.849045729607594,14.722898528766844,0.925948607747705,-0.0901411318312556,2.1465973528551743,0.0421407793965854,1.8145009201033009,9.319165323781654,201.3161759062688,1
0.7743728440173252,84.389558787042,7.287319973099045,1.1367345575113967,11.728236666985808,6.693547989954434,40.44584425384007,0.099013585006205,0.1684754539012145,1.613680732183844,0.92249747436159,2.0638918910027533,62.51777206510815,6.42569093278545,0
-0.3404469218142093,99.29434755449032,72.52989975985416,2.0275148402572376,16.713275971136536,8.86445405448423,33.9748836043893,0.8318176585320073,-0.0888262707624437,0.8661722829194201,-0.1352159995041237,2.0523029258013525,122.7608144993486,-26.670033209748237,1
0.2681982712913182,59.30546554924662,59.98790866588837,2.35988939162064,3.6378657508255214,1.6775930949254776,17.3472496309637,-0.1445359077205326,0.9964146434101206,1.1732571936347944,0.046762400465377,1.900660641795913,66.09561287267012,48.436475143799285,0
1.0365610885876309,67.2401468593142,136.47609180114006,2.007338208869144,12.521665975076688,2.412197781799719,33.48821208567531,0.941633024982051,-0.1579700706098362,1.4748709145419467,1.2140437568876388,2.1085996309462023,15.819159964208596,131.26555915986592,1
1.1309177603912006,252.9973719953675,-10.768048373984172,0.953125415895012,6.038846646773946,4.605994540504059,28.969866029636822,0.1846685632559308,-0.1307680531608405,-2.8655383315470235,0.6918760329339344,2.148572469455344,35.52340162635794,-18.08704068034482,0
0.1675080578562663,197.5445869332866,69.62202271381251,1.6757063695071197,7.656803907331965,3.5947423551226585,-15.707054251035396,0.0791929802549498,-0.0779134504537795,-0.5178858576060805,-0.0967066974291534,2.1119607065295067,62.73191865489109,-2.305889623097798,0
0.8270369876585401,348.157783060877,22.554944822828688,1.935004826567048,2.125720436506141,5.38732989868955,68.62944406294436,-0.1164273586237667,-0.0953752698565374,3.3407384774151754,0.5095810988779924,1.8952050960072289,45.08533896598374,116.023072241969,0
-0.1808287933625769,333.6375549176595,103.38703491263917,2.127268133239373,8.369661518943644,4.270744810058667,69.14151887019476,1.1375915716812155,0.879095871430918,3.5419392568496444,-0.306894055766488,1.836430375780224,-13.46939257633936,19.054903406588963,1
0.9355969532747704,254.5791606808463,27.80865661590513,2.111339081231404,0.2922236212671114,0.6954771241761963,7.828513912806908,-0.1248146988388122,-0.1355322534496797,2.688284289551314,0.1541852339723204,2.062867243466124,62.9406969535473,-49.27196198079054,0
0.3665409954564063,-40.828803844794834,85.01488182631657,0.999445123035845,6.993725855185827,8.62700326814539,75.33314803606245,0.9916519338187412,-0.04686780969609,0.8420265735500907,-0.0182727649372124,1.991809332189907,82.96553349051891,7.418479186796233,1
