A1,A2,A3,A4,A5,A6,A7,A8,A9,A10,A11,A12,A13,A14,target
1.4654820509340023,107.49482413365766,43.02867635822676,1.7125788823842438,2.599089099395676,8.646836237888003,26.399720884141377,-0.0422058602208241,0.4804788076997505,1.028987923544299,1.355518506852743,1.8683586822336653,1.7684121207284562,23.54480525295504,0
-0.1208612472414869,283.7191536230695,42.36174077314018,2.7804401801198235,13.58708111393316,8.385935412104477,7.800016528688374,1.0101052484797677,-0.5696471858051002,5.029498443194301,-0.2251566183754497,1.82611448429581,194.177550694416,305.7224168775757,1
0.525014184195441,-43.81340438849875,46.78720473545825,1.6457814847938987,8.774267697347966,6.6471712429496375,21.273419331957804,1.2077718202626062,0.1668419632878469,8.757120009623058,0.2702338103499858,1.950955575258457,24.88809210313632,-91.17133923986312,1
0.8913945885822384,278.4628314588916,84.22483702239828,2.024935031528602,13.080766661588465,7.576661409326184,81.19311175282124,0.9254860496249756,-0.0033110260735357,-5.314469885174575,1.206964187562937,1.8787993702639232,166.3600882549507,39.64196314346539,1
0.2537621826016255,404.68284417042094,143.1960003821231,2.935149085267493,2.3971548337768365,6.612728077061076,6.291484663802038,1.3623547899303865,-0.7336711610679066,6.326698982672677,1.3526799234270377,1.9895434415446565,106.77544044138762,-49.0466411727244,1
1.2993359033673877,-31.7459139577293,109.05714774959496,1.7584184099497189,10.38959532835581,4.591808456222855,-3.9178181418174702,0.2241822722990596,-0.9382253324758086,0.843496701265523,0.8957001183759717,2.035566377366752,3.81874012255458,36.83560120511545,0
0.117121438380794,85.16885990829346,42.79683792425688,2.1643665978594875,2.583728643994986,5.194354678988873,-25.08477662273477,-0.6483362606661933,0.9739924507797848,2.304711575344477,0.6890267109971063,2.223328846805245,30.29293995229613,-21.60521592304263,0
-0.570023732142818,104.58879428631198,113.9260227316721,2.324976969747885,13.92705935240335,3.513218008180279,-9.646553560578935,0.8919196791911095,1.0454293353417814,17.286597864284623,0.5083507042432391,1.902913340016508,52.61121167411603,119.36541878963624,1
0.9843393279524542,37.511401857053485,-54.66665267147549,1.1543367794155932,6.49714904340914,4.580520769524851,41.50938522419519,0.7063402883165208,0.6990402904800355,-2.6211682325923347,-0.1579582448075437,2.129083504308997,203.0868541245744,231.76609856056731,0
-0.0091268696058492,-37.52420055477592,145.82311508124974,2.1026596431268665,4.756490586185871,5.6194609995530165,76.10904446124786,1.4359843450155163,-0.122999323432316,3.7423768725186473,1.0349584667331155,1.6679095731518692,28.921672835862974,10.553811485186564,1
-0.102722975913793,-6.687111836322288,-10.607472262725906,3.019054415089861,2.841478232105498,0.1689694862516493,16.208823487736762,-0.4544015579489679,1.669880145516499,-0.398582984781668,0.2246904108633994,2.286467423088655,68.96984129459881,65.17627015574156,0
1.0940142277967655,116.33180620966507,124.65280748864583,2.018869679949226,14.912855364482912,-0.0829199896578654,45.25540250602222,0.8499134928109884,-0.4062087529967219,2.221096637393577,1.550398231996785,2.279256193861663,12.392125622250688,166.25429498251236,1
0.9991934486911982,75.36322249838369,131.04629474716367,1.0547894067609795,3.6842798240600168,3.404334568334648,-18.71146624675781,0.1895234297784223,-0.0418601643440836,-1.406219386627095,-0.2969554707815888,1.6747213123588018,85.6268680420562,79.13987517824887,0
1.0129985253045095,311.17029439999897,241.20030562034964,0.9662118653254288,8.31154493888768,6.797761009562937,-5.84712663545956,0.8292709691356619,0.6647756099459426,1.755009087198125,0.8537017059664236,2.3836178352191277,145.2608431647502,-20.963073879795708,1
-0.3604531565651693,47.59076971851054,139.10733638672912,1.905213751899845,9.1621101537874,4.127691023809331,31.354352228060176,-0.2691819082670877,0.7528103325169679,1.5697239901765034,-0.0200696570760707,1.882065030230552,51.44513409699806,-116.64570550109852,0
0.4526757507942516,33.77116437981974,3.1609017541793065,2.54404508963499,8.07233027163785,6.214256824452175,-21.68867276208749,1.025237318929055,-0.4368280979559644,-0.5007001597192762,-0.1175294703526017,0.8049351804333207,18.55048160445491,-91.41310063165191,0
0.7601103926252492,57.27536982860714,115.48895122697932,2.322165512587896,5.804843705878929,5.32403193180801,28.562304896821693,0.0330794686676504,-0.2334781982783424,-1.9569851691550173,0.5784031702262963,2.205531056914867,-27.77563315406171,3.604125993750955,0
0.2906351537771403,108.33042539437508,-31.624524276045637,1.7534374930907508,10.2920773042594,3.042111492984648,31.474701091491287,1.7992463326232977,1.5552998506208522,2.4237010116434927,-0.5418016560252439,2.359399908304568,66.96399946461716,-111.875346415625,0
1.1314734877515074,142.78470922546057,65.35664979453124,1.29984002192358,7.08456081324012,3.541948699312748,61.31868959286295,-0.6148269983631038,-0.3588341029948917,-1.2568543480544454,0.4960027559024952,2.11822376152708,156.66611081969148,-58.36741172850136,0
1.8423337831157585,203.885134700718,201.97323614838467,1.8301844973532333,0.6929634964027374,0.1849358948905139,12.417690309700069,0.3800580222887992,-0.7015429649615513,-1.3998449084921851,-0.5190156944201716,1.7405746035973964,3.2197580997361115,-43.2742874689497,0
0.320429767359698,285.5923635187886,102.04889247237942,1.6591581433194804,1.7202790531893577,0.9358097686583382,-2.2769497127248144,-0.0513896216728317,0.0476884098966147,4.076682039394929,1.617787109415335,0.9993952764800696,52.839742030938325,-19.880201353128665,0
0.6728540449851428,217.65416267753517,-0.5950525308671644,1.3000423496941436,5.988254790901345,6.287160940190782,49.98780523806465,1.0134107589128476,1.2487922569142955,4.0264825868323,0.711771097389628,2.147031900651892,133.43774428982027,0.2006187659044442,1
0.0993351221594971,205.59561104661975,-28.820362214122568,2.0118943468374435,1.405119780049394,3.9057400551239527,26.393407152782835,0.5786033710301113,-0.2382213414399262,4.364292304265986,1.6102383284912964,1.5583990584622605,122.41541230126148,64.66566066785506,0
0.8929553004653779,112.02040987302271,49.909754099561255,1.66704712343223,11.140304072987076,8.228333574059103,-7.452776823126385,-0.1634364363581157,-0.5116819561872774,-5.923344580672658,-0.0524099392961369,1.7318404455328948,154.47827364057417,-103.61844484288176,0
0.7178330553747804,64.07719532924631,207.08714143189047,2.235454309866118,-1.5899773992521151,4.545359634537872,23.353498372673787,0.1860502258711517,0.7196157806094083,-6.486128538881023,-0.2650551439379392,2.158798277613194,-41.644169545858674,197.4947691992185,0
-0.729186353246546,72.43962810242269,198.79683910906664,2.2037141469522026,9.878772992955907,0.537216648054553,-37.46747511288319,0.8871290824091621,-0.4662686765828185,3.2163385234368818,0.6919720941759717,2.021410997446441,36.716746699389255,37.71250317370093,0
1.5321686914737422,351.0680668201846,89.41682319359079,2.762798005413983,2.373116948133436,10.432265372691283,12.566103765756598,1.1147134455989232,-0.1771102272799277,2.350923464467157,0.3746959086152693,1.9693864724221888,232.74286284773711,16.635129854446973,0
0.7836476410687964,10.374995988415575,-92.95049933147467,2.497816359324548,1.87456989026926,2.5639942925945807,-34.552320922775344,-0.0918627971474134,0.7851932271347499,8.596940104040545,0.2552550195675966,1.9047467777998957,55.068919278830336,102.6156602457628,0
1.3179487819411009,171.6629893326883,-25.29076069899483,2.557848836892472,7.341265355753903,1.034425561687896,8.856078499074062,-0.4589759399590427,0.0232301191231366,0.0063774465586394,-0.151037943380234,2.1665367266454907,83.10654706560467,21.66261458953781,0
1.475947408019871,54.728710791006336,43.30465034882808,1.976849757179224,4.592119103029139,10.783653333399428,57.028173526355886,1.8877447610803533,1.3994749374546809,6.148068129138211,0.3716003184442934,2.458448941093261,151.9391030148878,175.59672091166,1
0.5934970946862196,49.1601759302698,-46.314237215049175,2.176006218274227,-3.517874313452216,3.18747144282996,-59.86647801093464,1.1883563851281134,-0.8026653506542648,1.1151242982175489,1.735174684266371,2.449713302556996,-73.95430098655724,20.509457778495,1
-0.069857602303865,195.30882062925025,-2.9739368098869363,2.160044925504095,10.23059964354177,4.135661907532917,2.1965784422420995,0.2015287545651647,0.5188520408973638,6.977304395175629,1.1388359327303483,2.158432946921462,76.23330014865243,-4.745215926361063,0
1.0714831800161226,59.25467693092524,37.05278370521495,2.383640896919653,9.413924161172773,4.197168068532345,11.753584114554112,0.9623204515552064,-0.3862940165848453,1.2557842387337463,0.7215337400482761,1.7460614994851285,-14.353054486203831,-22.44507343155805,1
0.5970211479465901,9.129479646845908,50.987179699215055,2.7713970187313706,0.6150857677346,-2.1057022141188417,-11.935527742656085,0.6538288517944231,1.1674446200837945,-0.0436545948350777,0.6927320615160485,1.8495879370217705,83.99153964419207,138.48874303045767,0
-0.7304628462324027,97.40485878027285,209.9013688658192,1.8571035527662756,11.966640095573972,6.005163066130439,-11.251049547342106,0.390078813891398,0.7011716551409377,0.2670968261147175,0.6415716225328898,2.0920819137691784,49.06157434656741,56.96304322654838,0
0.0442898331630616,220.11838218276048,101.3933690941217,2.1650639645210377,7.315059907417132,4.232541973864135,-15.786835102567665,1.350865567170242,-0.6448799113169402,5.505081285676452,-0.1835108617246427,1.6230453880697575,104.19794764223872,-3.4027358184567547,0
0.300256035749844,389.4379725458752,-14.392573887314498,2.37930086619356,15.21480882844978,6.215937530513091,115.11616497691216,0.951661882106132,0.246814892601814,1.8369573817015887,1.5364474658405722,2.0202626323709243,48.0323767714537,308.65861540806844,1
1.24307318738868,56.46227158153279,147.1501555024005,1.9344080660145215,4.419630988459849,3.842453017056507,56.67206448065412,1.8318124749240767,1.038290999613479,-6.469186311118988,-0.0421437625856143,2.7362055897377147,59.95858207249636,36.98560795022033,1
0.4971704091730043,202.9219301186027,76.2098212966685,1.8098394218502376,6.076571726468787,5.244700142124287,73.3610506635811,0.292971092109472,-0.0039158268950047,2.862063046737872,-0.1878148719462818,2.5992110124686496,83.92295488160032,83.43770757015952,0
1.2469002467935275,209.72506567302588,-1.3118521551292162,2.0625271265561858,8.283761152703933,0.9684683004017698,-21.647972001021515,-0.0781089407779414,1.0410417670060426,1.451509822405718,-0.0140596794854543,1.6120927186964429,-9.954035079012598,10.23674343397638,0
1.0045415114873266,173.28275375486388,35.50705865110681,1.82615060975202,10.901195354851763,3.805525727060452,17.32627373246711,-0.2320839311952452,1.4899389697632843,5.451330102998358,1.2512557441888643,1.9307945756233504,188.797443400318,-41.07481437086222,0
0.8564176330988371,309.07997250649134,234.0109418016484,1.7832891226510388,1.773595537792357,3.949268599649296,39.90917384095516,0.6542638090509449,1.4499348320751482,8.476879842704449,-0.490869949432287,1.9884066017410615,91.89800181712056,4.02831289267759,1
1.3774677800762527,372.1436457394229,139.70332943406356,1.6566606503140135,13.424832778616755,3.6571527808328126,156.86599294589865,0.8010732020939967,1.6478576202566533,7.477075157392754,1.1157917126137329,2.4204973228529822,4.984694833118631,-60.528790275198766,1
0.1021716697467288,66.76124938162903,43.91293379742656,1.4314944311572055,9.74165249748106,6.890938754115451,32.63790439560828,-0.6215732000278065,0.1002330026203466,0.8064536333427696,1.3874435469625666,2.163051535966483,-6.926741730135362,42.64690850499443,0
0.5699156120823283,182.11624255889248,-59.51344483401677,1.778013735569536,9.183438111259768,3.7757660545191865,107.85247133695044,-0.3559110519427944,-0.174650539974199,2.2273664060873264,1.2086394184853533,2.2586203997423806,148.27323951671093,-9.830265060136917,0
1.0950420436806223,291.11740456971904,47.91296339696057,2.456139527148129,9.85293309847982,1.371018311048679,-33.009288286453064,-0.3747145265580779,-0.3806144110040786,0.6723981652059523,0.2756109332004872,2.337307263463006,114.7908253728414,-28.137690054328708,0
-0.2463743759679667,49.5756144822689,307.9794804832909,2.16820278661024,4.146397044796826,4.833323582679326,13.999990161219674,0.8663484485100817,0.0442922476025117,0.6875976206625949,1.3546033087928753,1.092618857173803,30.73891110118815,-44.004483443786405,1
0.8992579600630521,169.54678064595674,277.79061646072813,2.196737288942599,0.1255017235661117,4.813462405817321,126.28042318875296,0.900389018690775,1.443305424005623,3.4960266558529813,0.3338732631682502,2.037937311174799,-15.902670684616725,-14.675777277232392,1
0.6772848913635391,263.0682849078893,134.5713814426016,1.250877585090442,9.971510866124037,3.4871501105958917,12.794762209912374,0.4995144752062209,1.25804903205876,4.903090726420418,0.3298974768505001,2.187899896181601,99.19681216980555,12.242442692597216,1
0.3316994703366229,-96.25625951633576,109.91829807818269,1.822595421038375,8.028792517067602,11.471101069831136,86.13528358312249,0.5675248348899811,1.1548168485040566,10.52298203413569,0.872489153656834,2.049803823024925,125.69873400833008,69.81991922794477,1
0.8353883468549997,71.01378069828726,41.24157868455543,1.7918486916314136,9.062358797110848,4.265109707910376,66.76875390300765,0.8097111710762741,0.843538038482661,13.098876409716476,0.6544011466336845,1.8500523847931545,244.71161052650055,28.525056846853264,0
1.12117569925979,167.9070206088692,0.7486547664802288,1.030400090920772,4.753864120169235,5.9534612465411625,97.2149078523996,0.2012164157974036,1.1442662596130373,-0.758227579122722,1.258911582596603,2.0125117066602654,129.62082767480217,256.8524062141377,1
0.5760775395836556,-44.51177497014973,54.63212740468273,1.4473685222513988,2.6002518244800266,4.21285781725298,-11.05415990951596,-0.1219880233734026,-0.0088611995135695,-1.3792597798745518,1.3098775612859077,2.385900174211693,33.72586422310603,63.72134663053285,0
0.6757523472538697,248.52054107989764,10.804089838754052,1.735796504779227,14.092551172467562,4.378891056128028,-14.035885811324183,-0.0697347947421833,0.60245468751933,6.319881322086575,-0.3662560974486168,1.9885964734286925,35.74196449049785,-63.47852110126545,0
0.1740191664043285,21.054241530151657,-15.713620875679098,1.863138540840632,1.369514294411605,1.3873440348178965,-18.285805322519288,0.1196714399294289,0.5636601431466777,3.0115198727211547,-1.165650478872457,2.172341911741602,23.833876954602047,30.62152202572197,0
1.3667608247674954,259.5317226518645,121.77331789837376,0.9826983759188892,9.345343440996228,9.731096337064512,102.89916162690938,1.153735960351424,-0.2882806775184019,6.966084527364663,0.6069418552773638,1.909320205757482,65.45966479128937,-70.40482370628598,0
1.225474885507608,40.7697337103386,151.49789195816663,1.3938535581868363,12.28683450676634,0.8467892195030631,82.56287644114042,1.057817439018553,2.0627879550706174,4.00833492769066,0.9539655597344114,2.4832660923471592,81.44869782636499,94.48296720031404,1
0.4412398197193773,140.53474068327873,213.2265832953551,0.9264848440483374,7.193530617763273,3.6620942607533062,83.52122596153487,-0.4359406077835812,-0.0785267670248304,-1.5099753497419712,0.6735210160854039,2.201406684276261,82.04223218186196,41.63912322897798,1
1.0634518110913471,331.4153543215942,206.57757980257605,2.107248927836679,15.606850480914858,3.06924214622419,-39.04615197007012,0.7115068569983837,-0.4111784691419297,-2.787783308537681,0.9824677547968512,1.975761978937032,118.54141381275846,-18.938574702476096,0
2.1368341935798827,64.94967982712122,-24.042597656074065,0.7314754588396386,4.877339498490766,5.678130600071757,-6.905023274281831,0.0572514460977526,0.9717228247979112,4.654102656306847,-0.3796863084415617,1.7109541395993375,78.3094730648968,41.28958628464908,0
0.615205162839342,139.04350253151557,224.4774724510924,2.2968309133328297,15.623544538827048,9.30454201158267,41.621446637377794,1.9034403533220488,1.474482688163027,1.151273298278339,-0.461691491074633,2.13566194872518,-10.549199429857012,234.57447478484332,1
0.8647696542187695,200.6128988226841,51.55063098719592,1.2713486670206668,14.83093267525084,3.5687706878505248,-15.525107128004429,-0.4692565825351011,-0.2641023549713898,1.0712972125650042,-0.3525765073745316,2.025814088724238,22.928663204732416,-107.5925216611515,0
1.4055793495958082,-17.75192974162951,234.67809829959089,1.8985430445148797,0.0039667529976252,4.353166580341502,66.37507044052784,1.6915644780408363,1.1516616251642775,10.74620034643042,0.4038568074721515,2.2936948276083315,49.52357600963321,226.8018486658724,1
1.4737997616832876,272.4601520049272,35.65038461194997,1.7162702970311043,10.861438459304196,9.31273233276388,70.32825474675403,1.160347970003628,0.3325328122531504,0.679815564061435,1.4529200257509334,1.918220657131033,-7.876089429010932,-62.89051820470156,1
-0.4422440850000041,314.9409688977546,86.66599517371223,2.325714472794856,7.959909002793577,9.034142567495874,61.25225775812959,1.032373068465016,0.4232506040536097,21.190279786903023,0.5019923780561825,2.07979222264204,-54.89911982958752,189.7730037298823,1
1.0969045677107054,125.28296572577514,-27.182241293102408,1.6901563635491117,0.5197127284801963,3.614782938579781,32.69398949682117,-0.5455336328740552,0.1340107276803276,1.574355362276704,0.4306751542217398,1.964222566062068,95.83593781163236,-10.259428297178625,0
1.1548678621128596,246.75598010435567,15.811345237467734,2.314744241804545,16.53934975535342,8.41726726294477,100.65840280806962,1.1215235595245077,0.6155963649554825,3.46471589061389,0.9316077693512456,2.103032042403941,42.4977647890635,-68.20509556495784,1
0.9554921157808502,65.16326177989883,132.98963702028558,2.158720753672397,6.443079522953617,5.502044624012663,118.90441907000974,1.502484233283096,-0.1384308917711714,-0.3687390242243884,-0.4311730270673661,1.9597067856803487,87.6588668443781,-65.09941304204122,1
1.6440045158352306,303.20595387925914,-12.57059029733908,2.2901290926754143,14.405759199054488,7.512766223846567,-39.121509894115285,-0.4164912796942441,0.6611586380087425,-2.839802734321986,-0.5930372173619847,2.869341742400592,82.4415345514451,-5.6945038409209445,1
0.0182676573408774,92.55583760306828,24.483635104228128,1.9796509065928511,10.030730590543978,3.0287079458721,16.03696222967219,1.359237561564937,0.6812651730403009,3.363352465569341,0.3293348910136042,2.0312993498175382,30.26641805564763,78.07195227808236,0
-0.0093643358784136,295.53760323441554,75.11203645253296,1.3552162546023196,3.537537281914464,8.599790787475715,48.09380176838625,-0.0890190531202429,-0.9762262206804712,-4.593670454215738,1.9201407631231568,0.7063953696868446,145.22977257590395,-60.068831785238,0
1.0919980448686486,-100.76033695503048,8.284806591295123,1.7993230998678418,9.538506883240032,5.822284066436607,75.38037125483379,0.6211425608313865,1.4445668583451674,5.840044164189187,0.854448353203205,1.809596886281155,91.7598315772013,243.90919807362687,1
-0.4144905898886059,58.64630817543309,26.543252941078837,1.089316398576964,0.3128866419596301,0.0242465190842056,26.60718918083154,0.1584180817560085,0.732540413778465,4.140578124662027,0.3243165007284552,1.7934634594721912,6.536998979183167,-51.49005428517483,0
1.2621973255273635,26.476305777538016,-86.18387495259005,1.5816245407601834,10.79777639181914,4.114466774946903,110.01182696845969,1.2619537368759954,1.0363012771167972,3.882473457258731,1.495123988158667,1.8414156021191956,-4.822486947449065,50.786355437041166,1
1.1348945480350006,203.94182868814545,93.42451776596312,1.5870803827493931,2.818026316034505,7.029536239166,117.3153512994455,-0.6391052349966628,-0.1390759550116926,5.927724155434735,1.2278264253279512,1.0524743633372196,126.96498386166736,-24.092181734496187,0
0.9854294592063652,-41.24049240288062,135.2080445958461,1.8918608599594973,13.962598670779254,8.859577359768782,60.0178101009221,1.3293651511480904,1.428402822140935,7.246956383730842,0.2554612240501853,1.9901354255057693,73.8832496421473,71.15132638490282,1
0.2208602545478033,205.69846625981504,19.360022818951716,0.2511284790671797,1.4419355433206142,-0.7077058143802386,-17.895750486579345,1.2153739097599323,0.6310663032669518,0.8619049580963538,0.2484467670401865,1.611815236062151,117.19047082103287,-2.9165373882276318,0
1.4924264343764837,312.7562913025313,148.26669319952177,2.282646091154465,-1.207438853252082,3.880034332204281,-32.2921032062088,0.7670250181158947,0.6728729824093792,3.313188985449637,-0.3134055690671249,1.7275768331326289,54.36062271311806,-78.53641149490602,0
-0.1983484026253319,193.39464372979188,212.11580863306008,2.053468464193937,10.517967684474952,4.41069742286743,64.31840260120075,0.6832382291740716,0.9200281935951314,2.7139704461253875,0.3679310318437557,1.8941872551319308,98.63107792291152,2.619960422140821,1
0.8903101059662532,292.19923378159405,166.52901977245943,0.959404707240195,8.517802356863788,3.575958349542564,-54.18070727627629,-0.361069118599417,0.2454175783119202,2.435041236784841,-0.7026804995098839,1.8053425051533096,28.855620828790137,-22.89371379716197,0
0.1577064110666587,-119.82220442338436,58.01954548288171,2.522797876223558,9.044976180247016,5.821805573343092,-2.761960187235175,0.0191594978820317,0.7930895480248286,-0.7882957764580532,-0.2138383199622356,2.4161995593765897,8.444353942148297,161.21618765492303,0
1.205751279500856,248.33575226834571,49.31517373459356,2.041591636965837,8.71252016969546,5.384224972524529,76.13785434238525,1.0198762417666236,-0.3602625537237437,1.245534285564815,0.9874366182094738,2.051915000665274,136.58196400996457,-33.24327787251472,0
0.201866288881525,-16.809386249738083,69.03832377895364,2.175758867808151,2.3216591502229624,3.155129085607518,10.61623245170976,0.0235846552332714,-0.1300889348273164,0.6245094491908381,-0.1129885184274441,2.040999162161083,153.07436179205175,-16.803295240793837,0
1.757463090945861,95.08220405186654,167.2085805343374,2.097268947367933,8.454602835343941,5.758049544357872,25.057139376186957,0.0994268215798171,-0.1852614934432692,2.2252067999457283,0.0095544361313831,2.207919487354589,134.52251878589465,24.928167152966044,0
1.1359941404110396,-49.75712602090465,138.69779858178703,1.167516617719308,13.796404224469336,3.103722691928633,-30.61815078897117,1.487998587474205,-0.5822374080181029,3.891582115780017,-0.3143518859637543,2.43040117608172,63.11013966504031,-64.90427140424327,1
1.3445022289952648,43.34927398552186,-28.258167109597764,0.5769262091897629,10.401321603064837,6.463538539309026,47.83067306848146,0.9031008555578748,1.4771430289910217,0.4310886881758144,1.8819584340687736,2.656819707882943,-40.32670000027129,93.6254225151545,0
1.3474457330337473,48.338511198919846,78.37450817241292,2.0216359964957302,3.643417362827601,4.656389729097861,-2.418932396669071,0.1820459541395412,0.994858291591072,0.0189081465754461,1.1880911576788524,1.3380114974434734,145.3262801925518,1.765997325695487,0
1.6064818451758738,7.336392306770165,75.73161281836012,2.375235146443833,7.51596269655403,5.533051175820319,-9.569965678518033,1.3864775378991383,-0.5612782544053467,2.422405562192929,0.0512749858501909,2.1013493791325017,156.57315547663467,15.958362438543716,1
1.2504697933728448,114.51035708810552,242.38865960418264,2.3898896197962625,6.032700753274349,2.2012944270480266,-37.71168397288864,1.662237631449339,-0.3464813392645139,6.370776216584751,0.235446183252089,2.0886570465672123,32.26341244954162,44.19355084811595,0
1.0690851971758488,-13.531018232162268,136.67649535994977,0.9086705543387102,1.5673146235030764,8.869183749758163,30.78868279146383,0.960166630838315,-0.1916611521207939,3.89013201547704,0.8942501823273085,1.91757915057472,49.34516591239186,111.9196422570576,0
0.5022674262124203,128.72319899551007,3.042330590652398,1.6842389220901453,9.775495091422677,6.3657517213798345,47.215245048154,1.61797126453649,1.5016221562558345,2.1021374257474035,0.8015678627106226,2.3023108568139232,97.77189857037374,250.63020913867416,1
0.3789660205505433,64.68867255132326,-54.75120799780247,1.5917835739567088,10.779884119892184,3.910580286054152,12.574099862053831,0.6634252081148738,-0.0982469008782984,2.0925407399654787,0.4407468904421019,0.2945264658094653,67.47770302941035,11.40141269831593,1
0.9095450164609452,150.01827958541048,0.4720690727283028,1.9315951135770824,10.30077828422192,5.083656277025495,37.31399603394635,-0.1323139546452307,-0.2031031003427762,2.5879632830980226,0.273907374484748,1.883314362563478,70.80532823574853,70.0434448129787,0
0.1977910489056271,189.8467843889531,77.22348648280207,2.0311771507306813,5.410292260159394,2.4578413305270184,32.12977370122068,0.2000084905628099,1.2027211845660113,3.019034872946935,1.0207178903041842,2.187151506941444,49.811744701164166,126.57437092066073,0
1.1948141793948155,162.06554801531146,226.13384918571347,1.284505865234936,2.24016834030516,2.132374724783244,-44.880620505689,1.1488077826083878,-0.1347411520370743,-0.751726509803162,1.3903635684163484,2.3975355066463173,75.47543575828641,86.9596625436344,0
0.5939443356868225,105.54075128159818,97.39804333937742,1.8816426373329345,18.54637410225056,2.710983275209977,124.46124225280911,0.5319465038244761,1.0324041418628538,6.292707857840105,1.5073089074704151,1.887061235031872,61.038201720185576,28.53589530974407,1
0.729089271422132,96.96425810491444,-44.68003621092316,2.175992241518923,8.787030757564946,7.861394384035474,66.56730270749878,-0.501037944275188,-0.1020923298179177,-4.77919802008192,0.5906587648526864,2.0609457575924965,165.74572116318555,184.6609156960893,0
1.2908798113506852,350.24131283149654,123.72660479975806,1.231137394671129,3.981858787447882,2.484207981708938,-48.04608023806261,0.0198640673753091,1.175168002619451,-2.1894442061682664,0.348470143892246,2.161538753766657,54.24862294544472,-9.279162543768116,0
1.2256937135963244,501.2500849128422,72.51349294791497,1.9539252993475975,9.463224443486173,6.948081827079246,104.8543858413962,-0.968979366811536,0.2508527816421078,10.331835240144796,1.279107165025093,0.689715970054747,142.69735531105107,-82.72892065448696,0
0.8742187447558885,14.51768332028405,-144.94919846771035,2.492142317274605,11.075274580320832,7.381708546061795,6.427312821554299,0.4189402230978621,-0.1868192957190543,1.0414520181457947,-0.451563381488781,1.443032704891956,191.950700116622,32.26909149761234,0
1.0653617020308683,167.7074192264957,133.8656218453769,2.1368221849612987,11.133248486057315,5.288786332161848,36.32840183722791,0.5669670063930237,0.5173962367634548,1.1665231923301382,1.3566900861088134,2.0779471351059837,35.299488823180646,-165.50692307616424,1
-0.284217389541605,17.929002432646854,42.32055136242912,1.4060505464404198,12.290867533306386,8.183753220911644,32.182723214840586,1.7139552169357823,-0.2770372566938828,8.475460835696925,-0.1010851277066686,1.6568186798435838,100.9020163646156,70.63711562842435,1
-0.4220638480864823,285.80596894370905,111.02322400833135,1.4621832025203452,12.37477813012318,1.3228724441655069,120.26325833142684,0.2558838920551545,0.2354599244021925,2.371376652514413,1.8555382036007213,2.22785475939728,151.4469186776597,54.48388207805045,0
0.3425266993034351,130.91858444349796,241.47360371833744,1.9680556071411968,9.342372110876791,3.149813896228959,-23.63329384774873,0.4613945686930104,1.172532147390072,4.779223663996107,0.6735595325544764,1.7165250406334718,-21.91188306770431,227.32538492081545,0
-0.0853227113790776,55.42911793785588,72.47766901713163,1.460423362497648,8.480787588328546,6.995249293617506,4.273114651634174,-0.7025412186206155,0.1018596317153249,4.510295905989626,0.1313536911518709,1.5730047441316375,105.86128788067576,49.51245226018087,0
0.5842076263040015,134.2798174591025,45.00027444061315,1.4750735055777633,8.986391193916916,2.7186214582549733,28.03504173292492,-1.0085823627381831,-0.3352483806077352,-1.9893580761222456,0.0351195769428502,0.9454926609538696,125.1282338514678,-10.422833839977208,0
0.444136352753642,386.53249127646666,191.59191814309392,2.7885486742775227,0.2569252419568197,6.515821471574565,161.35781361635267,0.7656513023769874,0.6692152544318335,20.68992932487084,1.2577857842765343,1.6209171475475894,-45.83578814944657,-164.82701702352884,1
1.0256363166565703,323.118601224486,4.978651470432368,1.429050294312326,10.958758614992504,2.5190753503085523,-31.177049781620973,0.2793968920285644,-0.0018606036814378,-0.740445342466816,-0.1735168881727086,1.839500257887888,180.49867039423964,-47.08597803380925,0
0.8988872243463563,173.28550864116252,83.29710152337036,2.014002310972649,16.486720195407223,4.145000591135254,133.26710886779173,1.5065981353048183,0.947209426807997,2.281421294211877,-1.278106391837727,1.9122568425769384,79.83249418125347,22.463570828242425,1
1.1061667343638488,162.09720547452338,-8.160863001619802,0.692472374143221,17.507429359937127,5.271185856632512,44.88802776744299,0.593587739972661,0.3829540153293799,-1.4955990494335394,-0.366135322261122,1.9435502825606297,32.2493012469661,-60.87374254035735,0
0.6906222911461192,246.7398125037983,17.292726542325255,1.886518734395885,3.562410068259392,4.407026816314316,67.27713278401876,1.1899057853744095,1.3232637171321608,9.242508696924062,-0.5244913624245153,2.2028591736741903,111.77390633110775,-49.49756549492587,1
1.20055947893715,51.95293734644744,75.09879582088232,1.371588945228055,-4.4687703942935215,0.4633147606690677,36.945785631376864,0.9968008611196072,1.0757711175765703,7.323246168447533,1.2979010969094509,2.2506343834705334,73.08771387425038,-15.052473408571052,1
0.3125499155417576,227.6577969491753,-43.01422704132108,2.1492253127558434,11.233133896264048,8.261772187020554,-32.889487102807486,0.8866398789547326,1.31833163048701,14.198528734720496,0.6464944601245053,1.6860443652598232,141.65427288000782,43.679267711155575,1
-0.1418213353180019,78.13162452705352,84.53171088513196,0.3306178083337168,8.544550008003265,3.300372687061727,65.37258691772296,-0.0782933970915239,0.7426253281803795,-3.0047457582003227,0.263331350068669,2.0858346066081688,6.9301423285933055,12.5978238959568,0
0.9095049534276116,394.96093742087146,28.69548768700228,0.3036181047367154,15.270791273699643,5.222700427699793,4.71252289886899,-0.1669581435775825,0.4819161385392988,-0.9664996746360036,0.5148866660336996,2.1457078291123914,11.155537859165577,84.51348393391045,0
1.7403347151273456,350.8460174089332,91.72348267093795,1.7940890401018272,2.9525333989404725,5.750509373123482,-18.818983677386303,0.8864639773433243,0.045722520119111,-0.825063788281537,1.125473474624881,2.6891791171498487,80.9530432808805,-27.46599994901971,0
0.395096978487203,198.06083406929463,37.61913796402269,2.1066096842821924,6.361696615066371,6.482258606037117,-27.980704495127533,0.9704089188984484,-0.2510646484425308,-1.457466745569313,1.1922536762155147,1.2895581417037845,92.75314920475712,52.03945945148316,0
1.0901036393599104,166.5273648185213,95.03845571220624,1.077509711497816,9.684668163061785,1.408528675887037,117.09407062795478,-0.1487296778020803,-0.0741777336001373,4.803458840703842,0.6773997800384826,2.363112960245419,157.95303314780966,50.21562884303927,0
1.2755303963245022,187.654986805285,127.51371235472033,1.9310761571917687,14.39008102287288,8.758470479155317,122.40878882807488,0.8318760539612335,0.1034881679196353,5.328074392802803,0.9756893876989094,2.142746123227117,34.924177719992784,135.1463776556961,1
-0.2372537418381824,206.4531553104304,26.091263352396567,0.6161121590780112,14.217870996359048,4.305210395665765,56.53815901775954,0.1767230505637586,0.2053249798965352,2.1621269067022366,-0.0844003694569441,1.8075255628748972,109.98825295171804,-7.779069840438169,0
0.4773026044322879,409.6804450769796,30.069146370351994,1.8788795810318275,1.548275812035043,2.395495135915898,30.73505674073692,0.1276202353899395,0.2605808911491356,1.2327100810766445,-0.3021600765479871,0.929788642127087,1.7882303301723468,-1.267264056953067,0
0.7502020318337876,5.141062805571693,36.81384881436729,0.7952049430194644,2.7707481655630337,8.0391543390255,117.33370836589395,-0.1075941381779179,-0.455711257930581,1.6504728330510243,0.0986481388043949,2.365263727220119,95.66134189359607,140.33155777425193,0
0.5507369343117232,141.86983389765604,26.389474075558475,1.670005767095635,12.185895703800943,8.262119363889212,2.6284216553673403,-0.0308266563844361,-0.0400769797839596,-0.3341389888378732,1.0627026415379757,1.8269565514705388,187.27103584162768,-4.139553479376559,0
1.283016769713734,265.08572484723294,71.92359692384635,1.83289748735465,14.854865006184845,8.802520922817525,135.2159246627177,1.248402965846525,1.5305905416312338,15.692445012478796,-0.5883105018348782,2.3376460054413832,12.37190785013894,218.19151358100297,1
0.9251201086386904,40.86147159948251,127.29680685648714,0.9406935455646354,6.521399663479304,2.888737926138932,62.84133623094074,0.2524758611108795,1.5016909292558989,0.4151533957101763,1.2630278547330576,2.0526236080425946,-18.037543486326925,157.2537427317,0
-0.1960951009130399,60.32822431526796,131.13272025099087,1.7979434242797765,6.440386634606836,6.324713027770906,38.043565978533245,0.5930240252832677,1.0686039658624122,11.517347648100856,1.5552002288322595,1.8212734377241944,39.90588672171639,149.73425357903696,1
-0.5111570601924623,99.0795157746477,-62.11989245560527,1.813992989202511,-0.3105832426271764,0.0862307210961441,102.1903026454844,0.3868611805548481,1.0346656303605777,1.6552900902539975,1.4601510304220509,1.9946903358616568,35.037653403676046,-107.205106430159,0
0.0951325695140844,492.68303564660346,113.51303874780106,2.0545723035179773,11.892945736544176,9.301066900223308,109.94840244720956,1.4483401365941244,1.2311157274401996,10.38907425485917,0.2342155300644984,2.527969873837751,38.3993308165283,-117.05654256646888,1
1.8009428699687464,264.9734185146432,194.7264396352507,1.9639143241353083,3.434133676234551,5.654851551838315,155.8602782789071,0.3826663226417822,-0.3149088404781668,4.515853060859789,0.8377516165342583,1.8683861002911348,83.71155344186107,3.0323171869349608,0
1.0572869655573307,204.256623820412,129.3963806711719,2.293692057191941,12.579648442722617,6.373894410647218,62.86624313732101,1.8319879660965133,0.4235053623483206,3.562986850766188,-0.092027622502725,1.9888911511603893,98.97804148412902,64.61626035601994,1
0.1424996390767879,368.88378535995867,78.41560767022087,1.565404918653777,2.5476328357316804,2.9245908584926834,21.24258465804252,0.1786053553558125,-0.3412338105319104,-1.9372040091912692,0.4431540294852906,2.3202135591356936,115.76160824880564,138.9375777656313,0
1.442469325677701,262.11268512540187,-46.410736885246806,1.4863876117379684,9.766416148605469,1.5892055331152766,2.630219588027572,0.1367204334375595,0.4934873857746356,-0.7163712881575393,-0.0422045808794793,2.135349369423111,124.0583996536726,154.68801033953685,0
0.0163016596727738,88.71244601267165,99.178749303795,1.3817391772480172,8.468044765405308,11.208904578413623,42.20424671014824,1.144315256074117,1.2859910814947788,9.40386959842128,-0.6826169504636868,1.9379057597142573,-14.164618995029985,342.93565461815325,1
0.2072501632910854,169.77905156679628,28.971874759566425,1.8911728480136685,3.1823874623871635,4.874375449930227,1.7480491394641575,-0.7318307105484361,-0.1550222589692534,3.772466332320956,1.7567112534315397,2.210186644566197,22.059625385530254,-14.191732507766211,0
-0.0118069437413644,-44.1867064029222,70.7653508033535,2.184338575733713,11.04862848171855,2.584514573561326,11.24509970308263,-0.0313756575486772,0.4062718633029453,-3.340234606440606,0.2534189513772591,1.300776845610779,42.525576129382216,16.743830027972983,0
0.0315242906692184,221.14420620764872,43.93959956285374,1.6180518512691433,10.24723347781551,5.147283956878228,-25.33603194626484,0.3815786507248783,-0.0714075403566156,-4.115789668480898,0.2041162655429241,3.0583056274215106,55.55022646941988,-1.4486121631559072,1
1.4635090731218798,-75.6057725404381,121.07376422035108,2.3451485789183253,4.043340259716236,6.027268825244251,15.144800456251604,0.0901134095295975,0.0539822339822543,-6.322874347082785,0.9639487660518784,1.8204164752616403,-4.243593847261543,96.75341485933382,0
0.8843221737978597,168.94452935995665,88.21916662556086,2.3745068013347983,0.4254344618967387,3.399958142116482,51.31750761045224,1.2635162046915314,1.3166729392964052,17.878532957361653,-0.1563708993729727,1.8757490561626944,53.61033994236918,55.492883510708765,1
0.1573742987744092,93.73250581599734,175.37363965754523,2.2148134049238486,12.954385944203004,8.207511388102356,5.339041386279021,1.5679557358005745,1.6774728394733218,17.006791854629405,-0.1829989845413056,1.743685811369595,54.00086768189181,235.5596285990139,1
1.8641824138376688,239.25834035150825,305.4896305903496,1.439468218300285,7.308892477606195,5.052968279368039,12.831435028690612,0.5049676508604661,0.5222477304450777,15.020052716780045,0.3485717545592905,2.191196469043081,125.20857434111174,15.169792462636742,0
-0.3309272080176136,56.53774312775003,60.23606602590341,2.2086418579145466,0.8956601640821411,5.645274950670717,25.94189178384131,1.4776256116451765,0.5001531228541751,-0.4591784460651733,0.1708140451652696,2.3145556498849995,122.17270178867318,85.7044418791469,1
1.2891091580295575,187.64305312589124,111.82981952646244,2.215285951652292,6.85861073666991,4.739812466098861,23.27523398664856,0.1661886577239328,1.2976123208708945,-0.4298314484616168,1.0232418962125165,1.832415053580264,124.14730827001748,-30.545762727490025,0
0.2016758879520722,100.78259901591706,115.97919464435157,1.787913121843275,11.13649655113898,7.889777149248798,76.00609883838186,0.5391657465142131,1.4528080364435487,9.691999013925177,0.4094810652900374,2.3247046920793464,137.72616609400606,258.4980182378913,1
1.5965494814640917,204.8043613414204,154.58969499270512,0.9557315521845624,2.688236148130402,0.5507656994915529,-16.462353760810892,-0.2941063643214637,1.1509224542387582,1.7008575847969056,-0.2034683214051906,1.6409510318239464,56.22247674305586,-9.848047141448411,0
0.7170633587510411,150.37719930650974,-36.93870713247661,1.7069739891771474,7.340865033535556,5.132057964940286,129.47238655368344,0.8351720859565214,0.2578776599022128,5.26550415849443,0.6740414766518723,2.349182343520209,144.29436761006986,196.69308010673424,1
0.4561728355312038,31.05308052751332,31.43197056023518,2.470119392551427,13.352998837970045,5.396748854179695,17.386433412101034,1.3366036786706528,0.703129835818457,7.444026083887102,0.6304536944652448,1.6644168997461637,43.84397155127777,226.1285106189043,1
0.3492183622956393,140.76963732548498,122.26883696477395,1.8449034237683015,7.034715181453606,11.564503930140894,-0.1490099850087602,0.2897192710587197,0.7609595434787824,9.183248935667477,0.8951262505955027,2.2959309638023275,19.38699605014434,-52.91374095863771,0
1.2107225971165592,71.87087703050209,-115.48652217867549,2.0691910155982782,6.127154327955912,4.799007571736785,-0.3517129114442028,0.7381776390946,0.1386385813162294,2.588027238596993,1.4683578837833302,2.097442084481735,78.72771977400407,-158.41390814458111,0
1.720775481985835,85.7656273052734,174.9266157582324,2.3306778891724624,8.606423205689959,3.6042248599775393,-0.8895580667212357,-0.0624430556679602,0.3777521419254844,3.0106858985996543,-0.335714679688584,2.036736107234121,62.860867772418565,-51.35312372835015,0
0.6610156095354985,-81.68672124298266,103.65959168062123,1.2109179344599788,1.767383401118817,2.729377678231421,3.870832746454085,0.1762151130828954,0.1352833167074875,0.6678617494060668,0.7619755696478736,2.595024301141999,44.241747721056825,-41.533830747212185,0
1.6744753173612466,142.7462976242189,79.70418013087283,1.5065027384401528,2.692458696843617,5.757317728418975,-4.31734106872365,0.643023184275355,1.1957477690024536,3.901931354187711,1.123883383596688,1.6203378092617815,-32.88098043034334,238.55353505211568,1
1.1915853307358248,394.446538499391,-54.42912291836801,2.531612439941916,0.5357974391195004,-2.3754982485452816,-90.0731799641051,-0.6874832124450625,-0.0087735678000008,0.7608995591816283,0.2839317540905482,1.852332571168423,23.010711267243263,-23.006810085514324,0
0.541026014522334,-25.61457861549408,15.346587509779368,1.6008347256994098,2.79025072897748,4.344714275440555,59.712923150967626,1.42899465984659,0.2205197950155524,1.5283961937853985,1.1763271378535831,1.7683536153249164,94.57856666966174,-71.70335910661996,0
0.994057124810896,97.89551176759797,188.59428433338087,1.991326816382461,7.453388938986731,4.964773178468519,36.46689978396231,0.4225025443173695,0.2970013779004404,-5.482459291220519,1.5007063346131522,1.8769450689208265,91.7063033377522,-62.58236512700642,0
1.5763228497534103,54.2362064864957,-95.28736285634558,2.0220955881962377,8.66484855432062,2.1468272634312706,8.818850427865836,-0.1622834932305655,-0.5978598831261234,3.436375038437816,-0.2527785234273417,1.8907909479577247,97.80063745159616,81.77326400264391,0
0.3294679287446461,198.42338277278628,155.97821401734407,1.421127690024445,13.480515084145551,8.340504976450916,27.45620940546584,0.4064489228233827,0.0040111087032767,3.11429074147071,-0.1418605935939776,1.8249727594837315,47.188193072946106,40.835675872415166,1
1.4522580147489337,349.21872355954474,-2.0759613468022167,1.604681212421276,-0.9075979593231392,6.877963007627365,50.0560856873855,-0.0609218964625551,0.0162781548306124,-1.9626973345896117,1.399094754573661,0.897906397336611,-9.794492226817823,40.80152876688659,0
-0.0408064869868,447.20986563347583,297.39166872994474,2.5717821741038547,5.600977240013095,2.750127310593725,130.91666904791262,0.4419700075207824,0.3377049054271743,14.867748855797494,0.2346064984473728,2.2427706757237127,21.63366920277581,256.7540906452253,1
0.9014994584268964,121.404870411221,-48.4013373017218,1.2513571845911255,5.250544520594882,6.888615557630102,-0.1619576466827013,0.9822069439136843,0.9864523345753154,17.124620209861497,-0.2708963047766563,1.7428338324883834,43.22997300937414,-43.972537572255824,0
1.3579904399240303,148.4066145582845,7.331945709470645,1.2887964528830165,7.44612144868923,1.9113858983492764,62.37208698319393,-0.0077709788518151,-0.0362366827265214,-0.4698590179498048,0.5291053571761206,1.8589458263788328,-6.124480860441494,28.629332576429515,0
0.0575038275705503,58.53274000528434,11.472133243802588,1.10356862539308,1.9828261588763167,4.76595397153186,92.81315186617718,1.6069227809383493,0.3198436943208592,0.6893876766628346,0.1306489952340586,1.6446529778397063,173.2423937308429,-50.63276522033255,1
0.4355973848586321,146.38170939289353,41.408282696644434,0.5039425547809417,2.32112150647081,6.8780017055557074,0.8368123079982297,-0.337089670617263,-0.1278295731585084,2.931120775901615,0.9464189443482708,1.4989743023357471,22.03222161082622,-98.33546828049802,0
0.6128476386268467,194.46099065238923,111.820256103488,1.1711660137598514,15.139560320902389,9.138448263943747,111.177924580729,0.286299442311031,1.1517370412259045,-3.471546369863507,1.0374963090463143,1.8505307496626044,65.88012499028692,111.95400330984828,0
0.9232902147127348,206.25379161083305,25.63220619705394,1.6158305560610755,7.250852859957178,4.825745474596436,-4.743321060245208,0.2961051817756082,0.7029559238543847,0.5236500721007564,1.7756159974459778,0.8356416961203899,55.71385152466419,32.977374185135815,0
1.1723038350096997,181.49543700302655,-8.458064918050141,0.8590440409078536,0.7779771814074881,5.06461162349303,36.84863040799831,1.4699832848336598,1.5287930522254038,9.735736677998188,0.7756343953725187,2.1303806476007314,25.08874708791889,7.908951071327202,1
0.477929763187128,193.94431156042435,97.79762668614066,2.9457175874386348,6.437593260123756,6.637533112023133,77.89568768632296,0.1848282767735425,0.0526942927289844,2.613619795214839,-0.0689135364841137,2.39075680098848,125.05413803018943,110.02336406253198,0
1.326929723427242,56.3445767554133,101.4273606773853,1.4689554241933116,15.087730504188665,8.320265315218101,5.864322772561696,0.9898026101422376,0.7228146056745361,1.111503950672576,-0.1585634632495646,1.7033176206800065,58.39772793152678,148.8095762763905,1
1.167971858510255,-6.722973650593701,26.52953053850108,2.8206129036772047,11.32315486481432,8.472734464236215,43.82866022096628,-0.4510070269688954,1.5688190688488055,-0.0591713638519779,1.1270278936977258,1.559435593625774,-31.70596788742195,143.80927941154818,0
0.1151313301285904,247.86263225223968,-10.933086196287846,1.874027797041933,3.915789205612836,2.734686137717508,-17.409875052350237,0.8008590341761179,-0.0176791833947103,2.605375434655405,-0.1365072100900913,1.8899122555612275,35.833159846490034,22.41413430578081,1
-0.313274725307296,114.92378931066808,-50.97700595316614,1.0056863127561166,2.896146828382496,2.6262158139411365,-20.967074294974992,0.0079793426067094,0.0819912596509364,6.613499092540348,-0.6642393458383089,1.7551532124375713,154.3993824344152,28.1454138819907,0
-0.1854755819993587,293.0837974062132,170.79818453968596,2.2332011654087864,8.949086967557948,5.272411419969311,55.38877112332541,0.7426222392137143,0.7644966345380524,4.11023241544676,1.4554304733187555,1.739579933062325,-28.00856412170812,83.07619188080268,1
0.4251838293964645,276.6654136970401,65.49751129847391,1.96871506328626,7.865387594782111,3.124871489388525,70.44783897572378,0.623048831994332,0.1978657284656902,0.6099529641994281,1.2776170795818569,2.019831965145729,94.104786469767,64.1047284143508,0
-0.1150731416853673,190.05525667333777,-35.050253692035184,1.8000313208344534,9.265899739561531,2.8996923227315667,-5.563322938159423,1.300526195023585,0.5000567861700504,0.8367421194943909,-0.8792576564319272,1.1897200545982307,49.106254832054205,21.18871517797073,0
1.1131735557053255,-18.69255111258815,122.38392291731834,1.245761049737746,9.93719218248901,2.2339164014400987,58.91047337569556,-0.2394731062812526,0.007348913566306,6.141155119265126,1.3620832428314975,2.213880095750321,80.22445727002486,159.98169425409876,0
1.3153842059267546,85.87815756181351,-26.719860199836265,1.3745989570328707,9.2326977333954,5.593124683795381,-8.708482971025347,-0.311983445206512,0.189045540967025,11.359200013021807,0.3702560985985615,2.2068993866740323,93.16549969165048,46.70410659892408,0
1.726794902542419,-40.47975508011433,27.030930175653992,1.3006554962090966,5.440177972613414,3.326009323723245,-0.3722963485093942,-0.618037399612307,-0.1060466266455533,0.0334557991792983,0.104106694176315,1.8507631371359952,64.57123440247628,71.20945298470723,0
1.4393756620006375,142.4497181469272,108.0546622330254,1.3149405278044095,14.084780108091987,5.864405356594815,102.941509598007,0.4592001158761298,1.257056838829414,-1.1021748872260255,1.067974006621901,1.8734460844012133,136.20528914119234,5.663822269781839,0
1.0380445430883487,161.07491690912488,228.1114779174208,2.725918397990114,6.173601274521646,3.4850709027032254,56.18606803378487,0.7344678595859812,1.1405228192859638,7.375246090831768,0.6730734194384346,1.8242067752828977,19.87664120409561,-9.634791546672837,1
-0.2224232123675221,222.33784314923096,43.61374097975769,1.230242344341624,13.20710014893666,8.910899106295865,79.56294024942602,1.038887967983532,0.5995251127021123,13.793226462435497,0.9656309320445488,2.025716870088635,-48.288361112829776,203.7899849583398,1
0.9474425581002742,193.81741328501215,-34.317238876551485,0.6819734506997213,4.670146403571236,5.512956427134595,4.373314858076903,0.5973887930276459,0.3814866830621515,4.054408837891494,0.24846993395337,2.6255260587983797,60.48475191054854,-86.98651434709865,0
1.1358336234945263,163.5788468415091,11.751729052837447,2.257528243299044,3.041452269926032,6.591745381061763,83.81353994433381,-0.6391045246279752,-0.6385860356513359,-1.741358087641478,0.5263627854285663,2.202963949721101,98.58112898073848,148.86257948922332,0
-0.0402916184062258,135.24107504783908,18.242355956683184,2.237320134088644,6.573094397339973,8.893448095323539,65.90822993752116,0.7106216753759433,1.3805423561582293,-5.990534798397641,0.1554542096064968,2.43520183130317,169.7649255663493,170.48482929019465,1
1.570849278091541,123.49635898102488,7.364171705686843,1.3539303853158464,1.5708655631699069,3.1159594885326074,48.984006063476485,0.496019658422632,-0.2002027012629333,1.7705378209324916,-0.5418890287604241,1.7593513206166158,91.15348533902156,6.053316625531657,0
1.476599489780713,195.64675619375373,-88.55523571651885,1.572313846197212,9.528571199464556,1.222283293899224,18.326220523290043,0.152152386406326,0.6543249155089235,-1.0863665667896445,-0.288544643939732,0.9859058922432588,21.564663667251416,-9.084367091754906,0
-0.5892109320704187,252.9520772720969,19.1096827898738,2.0734241558625697,17.77361771019539,3.2155647440339337,-13.714059059637975,-0.2462284097491435,-0.0857222668496735,0.6699484966960414,-0.3724910037067001,1.4563225315856847,78.71860848166529,58.52472442466704,1
0.6422906188760196,-55.06248653791417,-14.844160306799523,0.5294469160190032,8.109839672314815,5.092632259019768,16.716285183791264,0.2282319649601019,0.2684882119367897,-0.3548543229624421,1.9511363763732368,1.0630002693833316,74.69745965205091,-63.53343854665304,1
1.4645492041862154,216.14771226628773,112.24632128223696,1.1404032544689822,5.3104546605120735,9.080664930319946,141.72495447584367,0.2896124953175279,1.1988756029831626,12.141679538785535,1.5392999292596732,1.8853555395874797,116.35108843192556,61.65405092342807,1
0.4040717292809639,162.65408690895467,-34.518935733722415,1.845397886877681,6.77580900009526,2.3771724327131003,-17.204010572784107,1.5863995280338907,0.6702860549139245,5.6613564823018665,-0.6093305987791711,2.288423881330833,67.14339890759621,-17.24167035503735,1
0.5691919448575933,115.76785266973164,81.44508100993933,2.149744873267493,11.16206520921573,3.506705177937657,22.9954301135131,-0.1401356130268281,1.386420985043564,-3.756203001852119,0.757153381483475,2.549519267870593,43.014493150528665,-3.604692315764481,0
0.9114197737520582,-48.62199554161202,7.331079792995411,1.2652312493626787,1.8374578422968848,6.168293878339663,-1.1423815503877464,0.507062307605934,-1.015496295806087,-4.430312986549494,-0.413829100408,2.392672541094355,56.72878952063283,100.1657561407926,0
0.3690748200688133,156.29804979410653,73.56321690432046,2.475123653150577,5.8816224377727,5.14712501064127,67.41200247934279,1.1114563480492263,0.9370437909108936,11.167745579116769,-0.2398133561573122,1.5774037813337023,-56.357876678047305,166.22685109763734,1
1.726920062824178,239.6012343254225,59.49441328710526,2.522389343365845,9.039926586323409,4.363369048800512,11.27383821931842,1.178453866836676,1.0268867755924869,7.273536121494155,0.9770428367296846,1.9785737316949643,214.60788305333688,88.46198340217919,1
0.7962050519711034,171.61646931527014,104.0212085866426,2.286709975623171,12.011623283405315,1.9365923781600287,88.3857599992366,-0.3832990340271728,1.1155607173703426,2.937004791095247,1.2175325403116155,2.090552660759627,-3.02238330755884,-84.2517892950321,0
1.5038926908909072,158.759239373059,-46.87196004498016,2.238749683019175,9.839650365877414,4.554363067761966,63.06714437656477,-0.5236086424509698,0.8943963717666499,-2.48112942869252,1.3359570970962034,1.5465475706186702,59.38930886783357,100.13732644068068,0
0.6373811731707976,188.76732682130935,147.05838307809915,1.4597231233704038,14.52320412608819,3.847667622451425,109.27122448460388,0.9039890613846144,1.8153846773001607,0.7339832473164281,0.4117035522165329,1.972989576257112,117.25972801642264,22.442213984942757,1
1.3598158051064035,162.35582726141115,78.22541589547244,2.3666055443745027,12.926293837989526,3.618773821859656,83.20008548518402,1.9805629015803443,1.042860227346346,23.615775915945985,0.0927563496818257,2.06615770268087,24.32058255189518,221.62248009679865,1
0.9251814539092832,262.33363058708005,53.97513069948012,1.8078788204805691,2.341363294684638,1.7211093971590397,38.97191278963725,-0.8031618477237423,-0.1977446433448589,3.755307202150141,1.1358890895056266,2.158640865081173,70.30027548804412,77.4758024030194,0
0.827234208565995,290.4616379090709,124.67050318665542,2.593993515878837,14.606970543032713,5.806015178565579,59.29917086596664,1.7421182026827116,1.767460476974692,6.348643382133449,0.8281759735598622,2.392743870701235,-44.94799682659709,91.5044324840967,1
1.467923317521726,152.51826770886126,27.49570890619392,1.9779713519875504,7.475424665782865,2.2512919694730407,-15.750523420342304,0.2510765864907689,-0.0986387389363508,3.3492941538072603,0.99388067771317,2.18856284741326,41.03902136050137,0.2099282897299943,0
-0.3162303636916937,198.01880147219129,26.934436977801923,2.773924447667373,8.186865308057644,4.439652008674639,-3.0389159116611992,0.7060332338677722,1.0958632854830628,5.282661474396132,1.4071820893535496,1.6767911613646036,117.11435651174776,169.68504745279338,1
0.6490042291781889,200.98248601509263,175.60696607715326,1.95396263371675,0.05249286762941,4.117999219932041,91.5622296184547,-0.1679004460782596,0.2160808123095738,2.8970545684043705,0.3986266274203727,2.3825628251987583,114.33317554044962,67.92120937999817,0
1.3051087995158026,112.60507989989844,73.20754082486559,1.971992647296097,5.984761189267494,0.5993082619634231,63.0968581646094,1.0836336942634208,1.2482600988835804,-2.8530623568437488,0.2892302499744487,2.552131885748179,35.256077340345925,61.96843756071479,1
1.3068413064029958,395.18585218993655,104.36428950411845,1.3710695920776028,3.401106693069085,3.5481083354258223,-13.92500646633706,1.0456022237136928,-0.8940124177815897,1.9678093227962488,-0.4769080420753355,2.053649277005137,-22.79782007007627,37.49104838540747,0
1.139592907455924,-14.658842210347617,-49.59455903392696,1.629796285095909,10.657853478224643,9.605045773833112,50.31755950043405,1.077330715375589,1.2355080351500556,-0.5111234057385765,-0.1094664548500957,1.99459985525894,-64.75299329722483,52.07572583810397,1
0.6570026857893738,-0.5506117684134608,237.9558726665153,1.530789042971099,5.716925335128616,5.734445403959078,20.158822589353893,1.1527493257783763,0.2049118992590806,4.607840888161082,1.0370914529788873,2.3789624300362138,65.84219830310394,134.80799224686112,1
0.2594610978968032,514.2870435602833,84.24952024627518,1.617186244365865,10.054958728250478,5.857243024742771,58.57114855345081,-0.0295091596261725,0.461273300152541,3.22877261325132,0.2049512850935735,1.891852011386416,51.42881402150376,264.2007943309088,0
0.2726759919655862,41.42481899466098,122.50778164259876,1.8936930368771625,3.5825221584450837,0.9617518138723522,38.14404768080695,0.5912196553044057,0.5339294787661892,5.37411021596159,-0.4649957299320654,2.129701922406681,39.78447104878507,107.18714883920649,0
0.6496721066472013,335.4168712940572,90.8419999403506,2.275770271905538,7.6728277177153,6.525895139493449,92.4444360363698,0.1289620927215122,-0.8521085558566733,4.767268161114144,0.7561637721316048,1.37927281851381,107.35437493934757,14.3833376207251,0
0.3523901000857331,186.62554121343916,278.5477616204,1.927766440964861,16.329482168858963,7.630584154739243,107.3968092361756,0.3995725165835437,1.417431164305921,8.784752924076932,1.3870170342011252,1.7812025598024042,8.34844369070668,84.01329022329739,1
-0.2005955411609403,366.59847031136974,100.33002612083132,2.3098765433297754,3.492667334106345,7.307937019190359,57.35460815540436,0.2102002563922891,0.2252448303875568,6.448321097527499,0.2347312202868022,1.876808824622893,56.21771138273223,102.06780055778523,0
0.0196032844575267,325.19001823211966,45.97568014959778,1.6613278462652905,-1.1441309779589606,1.8868103166734216,-19.391434459310798,-0.9517343372519718,0.976294586458741,5.62928621932108,0.7247526821496488,2.0475093450470854,31.43065547394924,-26.675271579904937,0
0.6154773519484453,127.40316329751984,184.7442248925373,2.536737242327378,8.229294604728727,3.188556838853903,24.110685552019152,1.5154798273854753,1.0287488274687724,13.049161016560536,-0.1637126304109883,2.5301897298514984,17.49234740880184,233.348341192022,1
0.9341448599000052,45.5931407438936,5.378090672931606,1.1725300091128317,6.492851156581928,5.803978399527485,-7.7530863258589875,1.0775809972102104,1.7030888380611238,4.5805038602757016,0.9468016978696332,2.0768120037219253,99.20567990718035,93.34281478982672,0
0.5017603126865497,429.1830467858247,4.399505826263805,2.4432865088272444,7.392271496003703,3.2472353262154554,41.53533982023528,0.4151374566779485,0.9938758759264562,-0.9285492398901524,0.8226800804150789,2.248662049070667,11.550199137458002,-80.90151593781943,1
0.9921169376170162,150.47652205936404,74.73152965432779,2.0458964495340117,14.270291714991606,6.984572297518536,19.3850696913848,1.4752232885578649,1.1685887887484694,-4.418967928242646,-0.5494747381706462,2.40343733053993,17.682057276385663,-48.83093457529464,1
0.4268751084019457,366.0239738076327,77.1049007333707,2.0636972141591925,7.177089352142371,0.8039491169527899,-51.92036469912573,-0.8251755792668647,0.1689003929134155,-3.942703333375933,0.5630101692294985,3.008128365220625,54.865007410291085,-54.16965563738058,1
1.3512168497679171,293.1356754725749,12.149469033614992,1.931845022918939,9.32604070562261,-1.1272247052546946,10.875453811460924,-0.0509544138792815,-0.0225421178402212,3.5635396880300805,-0.0335269369501898,2.6935844515878067,59.13107374362028,5.416650326186804,0
1.260289804301436,-58.02695144555071,21.71156956690273,2.056980737505956,-0.5563500236295793,1.7802475642158546,-24.49851108392898,0.2291724671675398,1.2457145784796402,-6.584445859149674,0.5337418734665987,1.180988959657581,88.43084858157721,204.03532350595577,0
0.2313211745109029,145.23873976846724,24.688510402794428,1.373069599146381,-1.7657199844091045,5.6892332957979255,-12.181993138207758,0.7952330328865487,0.3826879422368099,-0.1158484949979974,-0.0779501093324271,1.803935755388552,16.687708735152192,204.58610959558808,1
1.128111946585826,-21.92001734085477,207.680118360445,2.363787831994509,-2.4628729505633284,1.666774741681648,43.1768326533619,-0.1421560442826569,-0.0074806989525258,-2.095132812782768,1.394328550423542,2.209021320170817,34.740608026581484,234.69690724871512,0
0.8897287373550601,323.3412186687158,56.45870207874504,2.649902413429014,7.259934904622973,4.27317575569113,42.983344451916,0.4547213293186075,1.247807407643411,10.024721121503957,1.4924177912769088,1.6525407637024505,138.28116390178457,270.199463186107,1
1.106320150921304,214.8801105135941,67.79099629707119,1.1204624725819152,7.668385384562556,4.437382498364627,77.92618808613545,0.4878086524153662,-0.2142721398983019,6.216742585409229,0.4789149590606171,1.4311770447642171,-61.27599373757508,174.9031534862411,1
1.7052991185451485,40.27126012779189,136.55681089536182,2.423961528711949,5.607155805783081,2.934376671577594,65.33478214500354,1.0001214160573235,0.1155916988354917,8.589285173726305,1.150776198441065,1.3609293744380535,14.54305703956161,3.476522702705793,1
0.775033756337506,167.3043822884716,105.6123012781718,1.6799103012445338,12.640091669356416,8.160530945760595,106.5395502239501,0.7282233647975088,-0.8203198804454189,-5.954065926575965,0.4352698741930102,1.647103502156427,156.58287127473187,-76.72674549858397,0
0.3466199430986706,237.11992198219588,65.58033012205308,2.050267838902834,13.118024683969631,4.4643766013637824,48.69400217274925,-0.530207226868173,-0.1523429928639686,3.418718574064484,1.2156507129913647,2.1234591808931644,115.2873859857379,156.15102400373254,0
1.1609595006760722,524.8229283646579,67.24473426715804,1.90664409465368,9.973794565886562,3.17115121215396,145.86067057187825,1.212374199251157,1.0678115919747315,8.892775371867991,0.0075111417306332,2.8545466250580684,7.281663476197878,13.767175836695904,1
0.2503179962747923,243.11695002730784,112.42629403157812,1.3457900657768993,7.36249718303255,3.143600554789772,80.03361495415578,1.052969178646182,1.2597886129341194,12.2349244961865,0.9910242158141078,2.299749748670242,-33.44806943507015,-108.50483575146356,1
0.0419211499925737,20.544359616604936,59.55579486623321,1.5046388708197718,4.767501052510331,2.684921817705335,-20.92516256073389,0.9126847545920675,1.1356537966128493,3.740885617303504,-0.6009593435977654,1.999685580891672,192.1363678584352,-13.524821804392396,0
1.0943192697563475,49.98649242292163,125.21038925475509,1.0721701315289525,11.782399343702656,7.701138443348251,-15.2194555793724,0.5896163888829485,-0.0900472020989724,1.5637196435506775,0.2572631828339474,1.8009287491880128,48.039922904383246,19.94208069965186,0
1.0610323478790424,129.85597502083914,50.66860883202618,1.369300813877551,12.673201766844992,6.612528146497572,113.52407222956396,0.7206813922337185,-0.2785053347093636,5.401622773572211,0.4456652007174104,2.056076207131189,123.59159880602792,58.13496264023832,1
0.4312917245314829,219.2522964518085,21.31821546673263,1.580851333173332,4.141515914471643,8.679588145484628,48.0599942539659,0.4944582408247007,-0.0588746800423806,-3.514401095935741,-0.1430897562045495,2.058378017376252,83.61252289000299,48.21837152570867,0
1.0362636281109865,170.32803004572244,129.87688765383783,2.40942279390772,8.687808655913518,7.630093658011246,157.48110050687038,0.8119817467281778,0.7445741310141898,6.221557596264291,0.8626967250449269,2.2968184649063605,43.80423405278975,157.58546225064438,1
-0.0400609236152934,240.8873741193018,98.72340084547378,2.180941451048499,10.646288799866609,6.127756439865156,103.30861320146968,1.3680473383426466,1.0421172328176085,9.847116912288287,0.3904833653591855,1.783794083350288,47.952873873922194,339.910656162683,1
0.6743733836293239,12.269550696515523,-7.705620951608182,1.7812245235546564,12.641110838569304,5.126667549947585,63.86770352398314,1.0193419155778514,0.5410742492498736,2.255504487627244,-0.5274169137608744,1.7910286669391118,109.84838796509165,21.88520520248785,0
1.652160102592208,404.9226277754999,-43.10714654272188,1.808449733762302,20.008064773237567,8.432070399812433,-6.743976363392761,1.322908763947764,0.4484989249188709,-1.073412940013155,0.0983984990425945,2.249000793224353,-47.15778695066574,200.80712275709325,1
-0.3001337942711691,30.941678826315385,99.19335519441393,1.1351204264548764,17.892454187529992,8.752887483358373,59.66713104866494,-0.0750367433073156,0.3636686563207141,3.268021205744061,0.5612827437240813,1.859901344144468,72.92838695854292,-13.32286304919193,0
0.4649972986574341,-21.49053630875153,-16.278214787361676,2.378496205602829,4.21686524022405,3.932351108629983,-25.664969318702347,0.3165446916650278,1.864169107112037,5.616850369140659,1.6554815489985435,1.7726212146882183,116.80865337068632,-59.66201966118086,0
0.7563864902041166,37.26612550025851,-71.96301378740743,2.3333074788430626,10.947195920376032,2.7433423146507687,25.3765733755883,-0.1193646408932161,0.1461636606676786,-1.2770631722953052,0.6038656317555575,1.282731244152033,104.34904756848346,133.2016750954983,0
0.42843568631736,115.101894989727,160.73206062011008,2.3723328178753658,2.9031470618172204,2.9939433286248303,33.79924098320483,0.0497223471228497,0.0005965654574857,6.344375342964156,-1.0989891736689787,1.6190160847211663,-25.26942859604071,10.250702968006692,0
1.263655163873696,76.76166976497596,97.80944373308444,1.4205942104419975,7.6412954329465475,3.012210115871417,23.54683406260506,0.3850883224852209,-0.4368335341579771,-1.624144467329157,-0.1602182294040273,1.6339668106129563,-58.022343068311486,-52.730043968118885,1
0.8329542558368253,119.41433805877308,70.75703244757808,0.7969379565968069,13.428265909857888,3.827606157694977,48.28771851089945,0.6041033726375411,1.1559317722736064,9.070204436216043,0.7993539980021798,1.885495124931688,2.0485353061465688,155.47915754969586,1
1.0484045843980925,217.93259442901137,192.2228477861589,2.475113425267761,2.026480505137725,7.7933445261314915,48.77346584296304,-0.439824642342977,1.2531299769205149,2.361561458176834,0.1707666511897352,2.141112614693804,158.91066096967063,52.81264209551887,0
1.7133386858003177,-23.496331110018104,138.35571925434937,1.600468456382184,9.925765455136093,5.195240146561644,1.5757102051785878,1.0235394900578387,1.2476649310195649,0.2607703434289443,0.576995385000547,1.906185549680462,61.0973478568089,41.581036479098586,1
1.5380181604598815,233.5834405802777,153.5884554554379,2.029319381553144,7.964939208033073,10.273676432327058,6.017323069095859,0.9318189602820248,1.2634988250833823,-1.646290294848325,-0.578066025519558,2.1097390990325158,120.358101909018,-24.91659227182381,0
0.8267203820645286,-85.0840804737364,10.928523920172168,0.3968680341348709,4.204212872624931,3.7177658077238416,-25.036869091861057,0.1357406221834857,-0.3229798659688199,-1.2803558500350638,0.3472891485036458,1.989643350617725,104.20419537023402,-30.527451299334025,0
0.9004013576662878,108.14050963057582,8.405484528849215,0.4955542983390988,12.65065399898223,1.4509917433238555,-4.541401467252122,0.470117383027796,-0.0134397781328746,-2.5535743525556382,-0.6047561306385965,1.938190750762361,54.57944287797602,14.417622276663138,0
0.7432828438672023,241.18972729672825,117.55427930997806,1.9444695501075049,5.660881735417576,10.268280446183692,155.8610789201251,0.8625929693233912,1.285721039081816,13.808753794564096,0.3227761859688722,1.638735197840028,-5.045671499915173,134.20555034584834,1
1.6005150776124504,104.7041024988318,57.466874684102734,1.7091333602311105,3.453947165607363,-0.5532127565726563,41.3828421563756,0.1399834243014796,0.1634302238915227,5.927952926718886,0.5185119825551059,2.2056757083729126,-27.008878034174444,-44.48219070503051,0
0.9954325640760182,14.76896882421886,137.76771571418982,1.0295136409025614,5.0421327203004935,4.862160348421495,27.86349089081567,1.0660227120565844,0.3577430449408054,7.944321178607506,0.9531813175875632,2.31141244164639,111.65183098485944,111.0955195360956,1
1.2016455300443214,73.55563430361728,219.56464205291144,2.2044317871192782,11.308567676535722,3.742806430313815,32.38144024851063,0.3032982322424385,-0.251649416993305,2.9735687461817863,-0.0981120167820258,2.0639699423575366,114.83372913041418,122.5121212227213,0
0.9939735664903628,319.40487730531345,93.57516986128228,1.486208653795256,17.548800710931516,2.9166265490296945,-16.572277605464798,0.9704203669880108,1.0299123233913958,0.5969805406901387,-0.0078174882233593,1.9893144249413297,76.2558865577729,-60.12809035992273,1
0.5860233385151941,121.22623586415985,-49.68882289903509,1.225144958588804,9.45340512734648,2.6505632679761137,53.50648264142076,1.4982197565295403,0.7242495667094806,6.141848947573945,0.7035324371338753,1.5039444076555788,134.11796415984674,-29.784847488492467,1
1.558395775553303,228.6106204260727,179.937462357514,0.6358358791400573,2.6669619354614014,4.787518282921251,33.87575556249893,1.210985035947015,1.0120473882447372,3.3219055441732537,1.6606893138122585,1.0491559202771952,28.96106911157689,25.9268054589342,1
1.0565979368451324,10.99052202552042,190.4336663785446,2.2757980642756475,5.745582266631257,6.147947475768087,52.072462830950535,0.9203122373828344,0.9882320884919046,11.891514964957643,0.3403578648748427,2.357385888670822,-56.16852088910889,215.5666786194749,1
1.2985005949009618,131.12288955063238,91.62553301124946,1.2722961143615783,-0.3422354258474467,4.204623859580828,64.46231497344174,0.2911127199579442,-0.0775510535409347,1.5015214877593115,0.4876226876476664,2.231960372295267,62.287760157451736,67.1969823259588,0
0.376538562216267,128.05529522812054,99.04696175926254,2.081335618419834,1.631946147487521,10.350866731683972,99.70254590441644,0.1303978540834408,-0.5645819567551683,-8.976757582799177,0.8950163789627733,1.949374251407849,-16.617349995951926,71.53507978635523,1
0.5003707959218769,251.6806887906797,249.3315680181595,1.63148896842963,7.225069175641915,4.848507549120156,43.113696855764985,-0.0432328562910274,-0.6917021668321665,6.454124776460028,1.506173230858642,1.9915780283174291,14.148654584936097,-37.32469627966662,0
1.1256444329842763,149.1554493492514,134.06011172682395,2.182197502898613,13.913235286437311,9.2273690354182,101.3759484270304,1.3012751394845976,1.3353225156583772,4.590398782260943,-0.0988265195348105,2.411274216503668,85.1646681892997,119.58334625951328,1
0.8149737459325079,328.0956558153076,-59.67971110483624,2.148085355364458,0.7046659017956962,5.627408855761088,16.75041771737898,0.1705212814658022,-0.420711178431931,-1.7778127185416093,0.4157859796052306,2.4758785231513656,143.93520449930247,122.32832333227248,0
1.385072138649719,173.14246156753703,117.61964063552116,1.8127348970241703,2.914571305276935,5.79672608395953,19.58143804987057,0.6011815902983012,-0.0687935026279583,-1.5251159331533142,-0.1003799477407095,2.0651678130613997,8.328687736640298,125.10474999760922,1
0.0460308379586695,189.0291650586737,29.29064006287197,1.1257258861087205,13.368099239673988,7.708299256000927,95.48097944349784,0.3449934743455364,-0.1739488205972179,7.189412332310992,1.2017736134687502,2.1513829559456,57.75583386860069,241.571087195384,1
1.048321568168194,94.532932020582,74.9566540142969,1.5799479306056727,8.582013964767562,10.311276239881174,-53.67364746827,1.0807540227865826,-0.2606392056870543,-0.3450630593968475,-0.4057223707054145,1.9544354822706296,139.42142370536618,-81.66607579115859,0
-0.3071093173362917,109.6041313884144,-12.26710349903955,2.630134645036554,11.062480533260128,4.316733196896404,10.211769126727614,0.9929071258661004,0.4589095831556663,2.3838461729838167,0.5798384963981302,1.9254514467627224,-50.24948922405888,41.25327452984686,0
-0.0790385543387744,277.3619612003752,29.55916415274519,2.30762436290299,11.454066447759129,5.049065246592489,40.24607711658509,-0.0898375601198262,-0.3151463065717164,3.3728839524790817,1.0767856511707434,1.6176873213393428,72.38345078205171,50.58034871955505,0
0.5786005852800161,165.6919216542723,-42.46400969754819,1.6077473997584537,7.50617341716207,4.744702178391438,65.77439481243076,-0.0428603606207949,-0.0160194793033912,3.325381466892191,-0.1984080215114467,2.0550747391863355,138.96681290168988,307.1544242939256,0
1.0638554047912727,-32.29358358592211,200.1406167774485,1.1888258238516205,4.326407964898968,4.169344243527497,6.051858562986176,0.5460365045711248,-0.2673196894894308,3.784165158514753,0.0187678562332555,2.400838821012934,98.57852646141012,13.878135975461156,0
1.107906815155533,-65.29367427151072,-36.74321674202078,2.298542429351264,7.073560621899812,3.0824962064987744,46.7699518516139,-0.4707721273554619,-0.3553770021968708,1.7669818563287814,0.1750828768812509,3.133385641544706,102.82098919607526,13.98269624946257,1
0.272877920304034,159.3778441983707,18.52500092504185,1.950224160853076,2.844771798925043,2.262205359451237,67.22950883051864,-0.439339048240052,0.480172608648969,-0.5837137896294355,-0.0114968649867989,2.1509882742176605,61.156786707853335,121.12851451760204,0
-0.0055124279507499,219.53723048136413,105.73986970170309,2.383866106466253,15.058390578645035,2.8046099469226164,-7.844264609942748,1.1705278311298075,1.680132158386252,8.158041680782372,0.4386602172350822,1.929033067381128,9.37524415544943,-16.48946489322028,1
1.1299136017240925,387.8591049327376,-17.125390925663638,1.0785955590905596,-0.6488934460738687,3.019885335033256,35.379773435315954,0.6056430950002512,0.8018893041531263,2.626011758351468,0.8311321432708894,2.669890680286548,120.2543258422154,-36.3397904962973,1
0.9177546673273904,116.6707987778342,105.13285467047736,1.8270830639237703,4.697403530655127,6.841777326923094,59.25267514268519,1.6220041756009147,1.2852840098858849,8.904764247805169,0.973525033455614,2.642340816001361,17.853601750226353,-44.10983129021432,0
0.5781079924565867,90.17444668703855,76.03446556790018,2.158953749976968,3.565008671528795,5.262449212286629,53.93999193492475,1.0211165428157347,-0.3863085730950025,-2.553515708747025,1.460035549140387,1.5938788426377066,113.180909739373,-9.80040991470495,0
0.9702839063495446,105.93979080221176,3.704137121622964,1.703909349310914,15.981893152492743,5.324868279865851,-2.216068214535177,0.706503871961123,0.2441869955590958,1.682031956102929,-0.6493509643606181,1.9817312031609404,11.875811953327762,-57.82035080165489,1
-0.7950289434503971,-27.688502312583097,-128.40421358074292,2.0931823426284493,10.682440610715748,2.366497343933116,27.620393862448186,0.4151971435581605,0.2207182754386746,-2.795108775866746,0.8977114668139166,1.7978199390160987,11.803036955409098,-76.62161594087087,0
0.6370915750537521,212.10925687652497,-54.38651134804125,2.62047727056467,7.889709999762466,1.918063760650316,13.871933622211088,0.6396596594354836,0.4324774026793308,6.344064022493518,0.4493935931312927,1.414055349963284,90.24150551270554,-116.86734291549718,1
0.2343372872825366,126.98817261258036,66.22501405948721,1.1109392884735396,5.205235995923899,1.4436546601600375,65.78759540830225,0.8499518997479412,0.3732028797047808,-3.5993020219467207,-0.3395854833652447,0.35835265990628,-79.66143886901371,118.56243334110845,1
-0.5651561823581249,36.94422761841763,44.18834072024572,2.955025696056724,5.94014632501997,3.5201697922238955,7.188677869091634,0.0953484616588536,0.1699473373035058,0.8063379539694226,0.4871165687581739,1.834194899022658,78.93121246750397,54.20597555172986,0
-0.1725192099900769,180.44068340399787,-15.75969233138514,1.736965592224669,8.568064479552632,4.741525395367959,26.563580731651623,-0.7074744681476637,-0.3854512686565003,5.649113996454464,0.0335304648270682,2.1212237556822213,66.14969725962939,-37.11671738504951,0
1.2995263979297382,327.72506430135786,-82.26994370494906,1.6810820771871566,2.6341171875765204,6.316085379737817,-15.850597480510563,-0.3740609390715483,0.3237713974768549,-0.6992324753169581,0.2430613109321162,0.7012948334760116,45.87133766541751,50.37807517079105,0
0.5323432248464036,108.87164470318808,87.94566021119292,1.530827671211323,6.251613566527778,4.603306779382697,30.93824696849541,1.0153779889691412,1.309985691710136,7.927392299349783,-0.1390490278855655,1.719379111167065,72.15830587008783,200.77018359455835,1
1.1078965778606813,301.8427489131366,203.5157364165479,1.6453075027672546,7.215126270555559,4.75312799649611,154.97652161013912,0.6378169476681069,-0.153680757684818,-8.810367966842279,-0.2786681386849126,0.859070416838928,-7.317915606923364,11.827410495207468,1
-0.5531433264393014,-81.75229376491427,-30.501691076654907,0.6860926016844076,5.651973840896404,2.6845653331880004,-28.825240085891743,0.5423979767471045,1.5344860094256396,4.464354459128334,1.0840618895336886,1.730516494032749,-39.75529751697991,34.52412108295027,1
0.0808994493560011,144.61491185227808,34.04521330969116,2.6151487327416394,14.242406621029506,9.931263185207822,-30.85607615325568,0.626555805772434,1.0649788827861144,1.9381807564131628,1.126930046658146,2.2914491400040435,-49.26557409633064,99.6664569763334,1
0.40654857447472,259.94601455593715,68.58931048145404,1.837847787698973,9.90628927456247,7.085399919694904,48.10133192273922,1.397107736845962,0.6541523082756163,13.967714529694153,-0.1796449681559708,1.7196134045027298,112.30632725374562,-29.563081983895152,1
0.4215258025192113,226.4818631491597,80.47470954098448,2.298410526133007,10.680242911523925,3.7387390586728335,13.191180720327704,0.0628981901237446,-0.3635792682404367,-3.161095921947414,0.5783978619566643,1.8294023381433624,-47.29004920736784,92.59514877490018,0
1.601124340938131,315.2973777372172,147.18429461389297,2.181667405016115,7.224031875630435,11.08973749083171,142.81429993718513,1.1152823344209075,1.3058654489498818,14.251011384637437,1.0766576432311663,1.9696218918249584,67.61949763146937,64.25662407032337,1
0.5314780916695424,254.79409575973384,93.22607486262606,2.1845383728121908,8.93328867249664,7.838174353723973,2.6844031948469933,-0.5155778770395865,0.1909242135055891,5.105055059527589,-0.0355156772738317,1.945540756876662,16.499664054331433,-119.61751051363296,0
1.719396995668221,233.41634329217925,14.40279813395783,2.01321147179938,-5.636990377233918,2.0559829853085354,8.19069824773872,0.3801444461851355,-0.8643682142000729,-0.3829607849055851,1.4527505464355372,1.6099410700889984,87.51224717839607,5.313288767415592,0
0.2440153893195514,160.16365869723376,21.859969624465123,1.5957174721921632,6.119400355051864,6.887621767705101,88.68689315741358,1.4387202585350414,-0.0690716097455685,6.191859720748271,1.613631788754755,2.0654102472869296,82.88733317584776,104.99515853179332,0
1.0094206575589495,297.14318318195984,22.89588027008414,1.890019549868755,9.330805361986911,9.480235488566857,-12.16661273702261,0.973297533550316,1.5173377612165595,2.9988100887543854,0.8092418010250635,1.6401197698469154,62.66562128641155,84.878367437632,1
1.129244451045306,105.59374688675646,166.13369337733104,2.9460457538467493,13.322893322281033,2.708011967475331,15.060382581505088,0.9036936910709876,0.0649493557133172,-1.544285831965568,1.196768571801757,2.390229526095362,37.47778726489719,-72.75610910289623,0
1.460589569768235,173.00425143841122,-14.21842075020814,2.2362203906789304,-3.08054619648034,7.600750644707277,114.17959952241964,1.0082684906670014,0.7778485436837668,6.226849969855504,1.4370859170169956,2.3520558823076607,100.28963445614671,71.69824754210245,1
0.8888306621073561,125.7388223806282,110.47499138093002,2.730766609550912,10.588058918991754,4.635149952045085,3.1735796216454943,1.3794817799786636,0.5031182132200059,-2.0108626536108787,0.9652758395030304,1.51037276539724,188.6144198340181,136.00739703746703,0
1.7907752501833007,59.6899053651802,36.70042980962859,1.4669835147240804,6.439795004293935,1.7953547474827265,100.01917123953652,-0.2633324765573271,0.3375343730207856,-1.3599460943354318,0.7970423227369606,0.9340116329824067,54.28606828988792,-122.55500780608888,1
1.0194700597054802,121.60004855532355,145.87451745070194,2.2439783463459344,10.407792025792936,10.1333000265065,87.67168118547916,-0.0572023739533903,-0.0763378698458173,-3.6832663949168767,0.8818042288145627,2.3591343466174206,10.850732103322429,-87.00295466140423,0
0.490306399156982,212.4991331822345,72.68994914706494,1.8118635140187744,13.003468840872983,4.217207632137107,12.257987043598929,0.8962491149852312,1.354075477365557,7.62726123810586,-0.1007713792914997,2.043644483318221,103.77200476111976,90.62683715928416,1
1.395325112059556,130.376114804248,180.1888678310472,2.3428358848942104,4.625682051783787,6.150690334726909,23.454012545206187,0.8401079844278332,0.1495329913020893,-9.633190765989212,1.1716887936091935,1.019537191737574,-39.53245115237221,72.53578034197403,0
0.8912238821009864,123.8057031613958,129.85879990621552,1.5360588078300703,8.409204575859041,3.928106328935761,99.3782327420337,0.7183192084822231,0.695189781857376,15.358898919640236,0.4512729270973742,2.6147220062105334,63.431903211317575,188.61646725898936,1
0.2682417863071576,23.448797397371465,-0.4404530692536923,1.81882419559264,17.661263750133543,7.983659089572727,29.723261742792417,-0.4185322508313654,-0.4448682860150293,1.1335428390773057,0.0775776798924592,1.5011407592023476,61.5163463007138,32.92000627719629,1
-0.0889403611248393,277.2462763626665,181.7308959993045,1.6803903149424455,13.377491420807164,8.203135590351108,1.9618732162643584,0.9236387343295666,0.6150131312202742,7.083254807934323,0.3216643493880191,1.6801108933888955,28.36266864393429,198.6276835211961,1
0.0046765609125608,-17.421092023808,55.92401473280578,0.7087396158206598,11.041144702092373,5.782880879859526,76.84143645346845,0.1777649138721123,-0.6666921759325487,3.143053503400874,1.282226689840291,2.334629096165936,88.91642415329544,-107.65642934446684,0
1.1009330649570632,41.53630781990755,101.0326452269616,2.335993321206957,1.808607990296193,4.591839573360281,42.57047299337728,0.8497912010236014,0.3306441320649437,1.1601508937274765,-0.0242477085352081,2.149792970248561,48.19899179828023,23.39833868799417,0
-0.5876186546710401,215.5582558425064,198.61491643628207,1.1652408898279585,5.876903587814527,2.17190788922665,56.309928672756016,0.5155404706740311,1.1888960684204024,4.070126450990218,1.6279344254260808,2.0018098171818663,20.097434698481784,-15.14093230929847,1
1.064271305019482,175.15838339994235,134.84897238772035,1.9898396158163745,10.553959551350111,5.416502932553852,-28.807707740757017,-0.252660192847713,-0.1659651038827783,3.148438217112004,0.5752461448361545,1.919922913099458,155.31601357469347,176.70270551336714,0
-0.8861340836659878,156.2913907439454,244.59892175635275,2.249299706020384,3.086153400480778,5.20729445513009,65.11543529550703,1.7007125444693405,0.6099129127980246,12.178345929709234,1.3350823098556597,2.015428199209197,-8.374748527590185,148.10683189413098,1
0.6762156953360815,251.0760696468436,31.725673232129324,2.602169421564636,14.825598369059566,3.943406931031115,44.291366097349865,1.6904144975796502,-0.1629307437013676,-3.010058165926744,-0.7901467383318648,0.8264053939074469,-59.37484172692638,-39.71885337233899,1
1.238134391643205,74.29328935683742,-9.865344809768558,2.2008022639501235,3.3176875836308666,5.125405299573071,30.42891164251805,1.0037612126046451,0.4237231178284298,12.444044595184334,1.415651417311788,1.7831386886205316,43.79949400474396,229.72226636150583,1
0.2104387562781279,-34.82702716111899,92.3472563604468,2.1044664239747832,10.364670411898029,7.33181426216168,52.30867000260657,0.2957310602948768,1.206956795735651,0.224244517922183,-0.3577765273279001,2.1149646375243303,67.22034876468012,-25.43566039529208,1
-0.2797996887513753,79.40362944562979,175.16976392810292,1.0845834944683157,7.886638595806005,3.40063507319794,23.18162856806937,1.0303778599955515,1.128730129598689,14.290527883685977,0.346600562419375,1.914092578464748,-18.52284497137346,-40.76863055946063,1
0.3393271642458995,131.36509095135807,224.63980394798955,0.6748669489476844,14.563080245820672,7.308422591054994,56.54792024960254,1.0156009257986736,-0.2330641057977656,-0.2569882710795093,1.7674146299576334,1.7301252213458762,54.897302307551776,106.3176695138021,0
1.182631286070221,-60.61313637576293,-111.49899329895572,2.146026051096247,9.428309329439111,8.851997783909669,33.84927758269305,0.6696537012446316,-0.2047601478407462,2.52709189045535,1.2666392774804387,2.4618887402364664,26.84166678907806,-41.70452209191968,1
0.3136823386595661,40.767713419255855,-3.1896341520218243,2.2376621799192176,12.130185291954376,5.639963850306391,31.01995439312829,0.0593168928706446,0.2345868321727275,2.1021591351715982,1.2427479589324246,2.0548221635288373,87.97979272404096,-105.38378197358858,0
-0.2572206146564354,27.63135264609825,58.2692442873782,1.4427012006627074,7.983659340866225,4.0363875745265,14.49326058172235,0.1019830079059025,0.4509543120243263,2.5627956084156693,0.0747652821879667,1.7858281460359895,98.99243273263248,-203.7580389290536,0
2.097783711806741,-47.002656549169615,166.07691248687777,1.01036305999388,12.51489894382562,2.7663940522898853,63.44447745381051,0.8861868475201058,1.7030495916659536,4.591636954450458,1.4196835967032977,1.4184328944257176,34.44830083966065,176.84109273389757,1
0.6839399186344266,286.1833353174946,178.376411363952,1.7593604832627332,17.270814406771667,10.074004638747482,153.9271992911691,1.2379796952379862,1.607065301050814,2.175825135745276,-0.1425516456418573,1.767003776952487,5.948476451863819,-36.36027377651296,1
-0.0273958445303221,209.59905951234643,226.64441470537628,2.3818728489330034,12.117957938717623,2.1990657959270603,66.47898000929848,0.9289669597480088,1.2495746665445129,8.7038292177531,-0.0775444857227887,2.0441124371992965,34.221786824128245,181.2786612743058,0
1.2449652553103898,390.7835153234317,104.25567148763544,2.169828176840753,7.77684469366228,4.78658120543242,32.05223049803823,-0.1333133316774285,0.0296294594503896,-1.530490271530482,0.44373674900955,1.6833464482635732,89.47149745829705,-11.464407098476164,0
-0.5752876424934733,144.15728831702108,41.655498582940645,2.043067670513751,11.7126388656572,10.647171298144908,33.551207659257315,0.410323740573969,1.298863615920681,7.18930022089281,0.7412705632390878,2.0843347210090672,43.589994118815454,59.37323181168509,1
0.8274811087400051,145.7742521761786,-17.976526149828246,1.3544072478704716,1.258683648587489,5.544518462849635,-10.405210222794372,0.1694439882953617,-0.5017902651764842,5.820724323992748,0.5585519210208307,2.257877292601488,-61.86998699345476,55.20637419444787,0
1.0798156986226788,-50.59146941542801,116.65086030422992,1.482677067925989,5.163527414110344,4.65123190529611,-63.73755486859168,-0.5197965523259829,-0.1308047769741597,-2.890062383686531,1.32034066199364,2.5367470895661857,-10.835463857887348,-12.75178021664528,0
0.3902831265495388,-3.564880879442768,131.77001679827274,0.5862454717979151,11.832663544204172,8.766687525614632,-5.183036998505067,0.1477387653707778,0.1611453516158402,5.7918085956442855,0.8462921568625393,1.6031139479333354,95.295129826446,6.32792757922104,0
0.5021579173403435,197.2299789571541,123.29065177203086,1.6934700519405688,9.08806488183152,5.022279506403839,23.19767693974166,0.6975946454354454,0.5685744670497287,-2.633025062962811,1.7549324975688614,1.857307070301888,143.36750817927643,11.444837576259992,1
1.2821131926787936,288.185843110324,181.7345693519769,1.7064428918319603,9.576934571540232,3.300836141652508,135.42084206491472,0.7923268424589781,1.0222517538772942,3.100646599456335,1.1110063813085107,2.0118748976146805,94.58089463608768,163.40237518812947,1
1.0277413043526118,23.185288180224035,-43.61892395431181,1.5101109972042963,1.8393953677966168,7.165768752809838,-4.400317912858782,1.695441179728304,-0.0366554277266409,5.608146698402065,0.7608857807066736,2.065780396601677,-1.3025353517418663,-109.98734957038756,1
-0.2954586790740242,257.30328190381846,68.70814017642957,1.511512897713285,3.192724762372356,1.028900438784019,69.93723756277387,-0.1947449275038968,0.145928795312927,3.1195636106202977,0.5930176032353197,2.009803721730684,-83.32249093955126,18.841448501746846,0
1.3869690965247492,203.8659256829136,172.1304785919578,2.0055655875493628,4.1511368591896485,4.068680594593379,46.19012669749432,0.9534712263115156,1.789952900421698,9.13220178025119,0.3330892685138823,1.9839648831374548,-12.60296848197649,204.3395861598395,1
1.80874898089874,-18.07286282743567,16.42422403026491,1.7715199839901643,4.17805397640979,7.251507443832329,7.173914563340897,0.8009905209604009,0.3340263174211126,2.1142933433833644,-0.0294292827495801,1.832297096867025,21.145732785675733,59.6678022460244,0
-0.0995787583031343,49.75259346225184,35.65068669407986,0.8561523764732183,0.1807970683092454,4.587697274594739,72.43640507666149,0.3105050518817575,0.3846185785464491,-0.1920009803091193,0.97250171016128,1.7170474175823711,39.11837668913833,85.99446730875198,0
1.1398062818400536,239.34730055240948,154.82202130107203,1.7122924672192454,2.272384824392109,2.3086385594663774,140.51176109584583,1.2847329955417373,1.269372709027385,20.52530622313404,1.261212707569452,1.540668036738266,-29.646363872129925,190.7156334006632,1
1.0753290391068768,412.8225048633408,88.92197534549398,2.621301894706724,5.99383486397191,4.6593947362392765,-27.31924412900984,0.4763760001831385,-0.667032164937088,6.808518136404233,1.0896838581860735,1.2877873896975442,23.86727428891656,43.75387699291589,0
0.7264178180491613,245.1916355884204,56.84980845572972,2.6056093873848387,-0.3848869700926975,1.3200339556983294,20.8187587415907,-0.3928583182884776,-0.0324395326975146,0.0327395845417242,-0.2303977628913144,1.8818302452199995,47.154231984359896,110.86788017452818,0
1.14999074828682,64.55228770283388,209.60663326986432,0.9767577624914612,6.041666733168636,5.176877357229756,-21.76473520825524,0.0181318519170435,-0.1390371083483289,-4.753107048946226,0.5872608369977115,2.42143479115002,53.967964036542654,26.466289485433244,0
0.7851974175946315,312.2799701072331,-58.01981593173305,1.8832272231679803,9.3017387312265,3.2652793878607387,100.37860243309744,0.4774531188921922,0.7490660051850366,2.716815141604743,0.7471982364706662,2.2771786518182355,79.34579746518277,-6.81650114299164,1
0.1381464394583333,128.0421600862255,83.50698054926036,0.5802405240646866,15.100353942309493,6.47066802919715,126.28991553633112,0.3184927623598978,-0.6153437437855017,1.7159806705136762,1.9594491056607255,1.766572095852613,66.54366529911196,155.4135601187537,0
1.5430626587372702,220.62889069378429,2.1882335273501496,1.0053754934174854,9.037357768247988,3.82427328485238,45.78712444534383,0.3322163964349556,1.0412654327330049,4.212144958913668,0.0385601122340258,1.7866112750738758,-21.641384998611077,16.3179855619951,1
-0.0912935073488654,92.17993204512642,140.84016923204732,1.214255905478785,12.0688121757168,9.111573735768452,34.448386448957734,0.9726141238638512,0.8034749569524264,5.549841425848295,0.246737844591298,2.5540813181527278,39.99070043789549,160.8083848981365,1
1.3887705086961244,171.28766967973905,133.0439970436458,2.290245799333751,4.544261595236113,1.5920225522975464,20.73417331263081,0.2454757415978095,0.4855315879151035,-2.3972912859746174,0.5935496147584456,2.123592128475266,29.04620989809196,-122.2875427622557,0
1.1204922850151724,197.7966706005444,35.83730273697429,1.815345948865598,19.34724718424289,4.980033665856108,79.88463323922227,-0.1988215638377463,-0.0297375939501629,8.558596206965102,0.5946460747122531,1.5036190449700308,139.991242187101,46.44692006468776,1
0.993495640140068,16.141811394642787,37.80126365040727,1.944315047578877,5.355487857415287,5.074760411867254,-1.0905548571091472,0.2197727787601953,-0.2020806581997123,-3.387102356378868,0.7780199864829203,3.415631410077256,101.68154734184095,-24.35433227016421,0
1.0126421384687745,-44.27539471765269,-36.23209282836128,1.0538507882197066,9.258729869290102,1.2006885858358838,38.76438601219294,0.3076928523400325,-0.1639124317942544,2.0654955488722866,0.0843551354214526,2.16189226143404,78.10018070421347,-169.3615505338782,0
-0.273515917963147,35.65052454853294,151.33516691508083,1.6598268088816424,18.55798946703659,8.533075772012499,65.9724068630742,-0.2198480530415952,-0.0827970287098238,-1.5890159580799184,-1.1890456127304776,1.6296781888134069,22.85016407963507,-145.08662652541364,0
-0.2534007969129863,-86.34223565342984,-4.510388924826771,2.666167439936341,11.903866725329603,4.680318380599426,-7.096453653089874,-0.0777082842285861,0.4294652482392377,0.8826699611717483,0.237967083484012,1.947326431107665,23.798923935507887,-90.98139859360576,0
-0.4691711373723662,269.71148816868833,52.36797688927795,1.2308785647016771,6.891450592835563,3.364339895758236,-13.88036579105644,-0.6966801809837249,-0.0715164056017114,-0.4767618703072638,0.5253202471435571,1.6784026331050366,14.045472094864998,-57.738345739649326,0
0.5206430998614814,35.431187641900095,28.67815706375483,1.0225391109643955,5.817716712638063,3.6637339982849255,12.087579280106198,0.0710770281420001,0.3463001695776729,3.9280998702359655,-0.7263625726677785,1.3960762270482294,117.5775022647544,262.6512298290909,0
-0.0783606072177944,106.13962450328104,54.40762830101508,1.3438079944554384,3.491197995705805,2.8023660992758077,24.24032206353434,1.5190703335927385,0.2617698906188178,5.169698915827759,1.6993931721430655,1.792309794577167,63.21490793573824,-1.811999905843351,1
0.4286321210900817,127.95849171366176,182.310028639751,1.8182674117321964,10.447549492515575,5.343418413815616,74.7910534693606,0.8230537342034556,0.279109855036452,6.413177842967,0.4838358958006175,1.6781639487468092,91.5117460988877,257.6755716561047,1
-0.413324719920784,105.1022197262712,191.63915707605992,1.9498211539656416,11.23225231389502,5.0234209272559065,78.25503583222056,1.3325034752664018,1.364811712905469,15.446839639792692,0.8313521016525955,1.87689655990314,69.91597420046119,54.55148799583019,1
1.3081361308607995,271.1924110639825,51.73278972010484,1.9082336416347456,-1.0160127776796006,3.2882874978493537,63.78595445818058,0.108536562511146,0.6415204005989027,0.848345475186917,0.4499661842272315,2.2900518417744413,66.39378690669707,39.8797260765061,1
0.6015689515448217,216.60550566279144,100.04365232678472,2.0165414666231163,3.827154650351865,4.974712243367069,72.04657055947433,1.692187584492367,0.7300958542264739,10.814204520725552,1.796236119604356,1.7713202362616247,143.98068209049217,253.40758854989437,1
0.5431889890887143,182.150427199038,65.37444282601251,1.7390622799532875,6.0480194730738805,3.8634679108823535,36.55959025943527,1.2174314225665377,0.9974320057009656,-0.8252958703888336,0.3263446879268878,1.9857680578968413,49.21787150319776,-45.270628562224736,1
0.5552379682648173,414.4057278708266,-14.287284741297668,1.8328695540295517,2.323281122444361,7.567419739487413,60.189999018999785,-0.2993846364611147,-0.2452506939168105,7.019041799067594,-0.2610771743137339,1.7305273897328743,114.3623001982439,139.63075719363457,0
0.5285176847230524,259.2210455879805,55.78618371988495,2.0369135268355665,-0.0705804093037576,2.2379303400573964,30.47069847253577,0.5452103921630667,0.4938567741469291,-4.776363352858296,0.1352182827586744,2.2729063153448,8.17068379314373,61.483217670977176,0
0.1965545611399149,0.1818680434670625,142.49770330124716,1.6291272504551968,10.909897639852502,3.910543518813036,-1.03986797055952,-0.3060885940451989,0.5443353357828996,0.4393146061610986,-0.1920653606758608,1.9053687544871565,75.0935243823235,24.89204471017597,0
0.9423058926990132,110.52562491787256,24.79468130543844,1.7718480748849006,7.235956645506315,7.174163148368853,38.609629881688285,0.0098548386103382,0.3259991157222999,1.519804991281351,-0.2118456822889196,1.6440897559701415,133.71747225381466,21.43327098931076,0
1.03564536608025,337.7510764784423,59.77895525716799,0.8645755090681042,0.7833077408298745,4.744171344608586,124.01039716696442,0.9233055984039048,0.2040288982510585,3.4917524188978173,0.8147937016822562,0.934338624920725,109.8676034919897,132.32460735506177,0
0.4919300381851276,-1.4978944909456118,149.36292571435143,0.5194469113943367,1.664029221170022,10.243503285948854,113.59965287581916,-0.5161040652022335,-0.2040476837665497,0.7235362481927794,1.2625898972427343,1.52707421126488,-63.532613652532376,49.010835204087584,0
0.5822258815402913,47.08185706679765,173.037723055828,2.530295922134762,4.989989563472976,3.394401824801648,130.17817692123194,0.841896677073751,0.8802165116691573,8.21486361550118,0.2954603752386396,2.591517426367868,106.32323219647718,100.04287402681312,1
1.0387327338328156,48.01174950701399,-5.428927637845803,1.427364051926954,5.058025250823297,7.358511192110887,104.25492462113824,1.7735132402839848,0.3845850316180719,5.42531134385079,0.5334124083649439,2.1275685791947705,100.55924077253002,-53.70117486349496,1
-0.4322050879720492,136.31521990045738,230.3022814616828,1.629703498210908,14.079757259115327,5.524507637344144,8.079141889447698,1.3762100218464206,0.8063351535125239,2.0964175876840923,0.49339139454493,1.8257622310200483,174.97049806463974,123.76769208557911,1
0.5183066223846109,-69.89096239899172,12.92563331040236,1.6682313063473804,4.189871515105008,6.662861922119365,7.380177579593418,-0.2513703515671867,-0.5099116343638086,-5.791168073568499,-0.5610834826712183,2.0300875689063567,109.68466082759444,-34.634725299648444,0
-0.6736430214270731,126.15616736303376,81.52351804889217,2.062248551254143,10.338586740196604,2.440525569325303,73.43017225477458,0.5371773580929874,0.6770189159989318,7.068277479832036,-0.8322533927978646,2.3425294238985392,49.907172302322536,59.79003400938074,1
0.1680767432585571,254.32167499348597,74.00464921953285,2.50251028715064,9.819863016708672,9.32146907832759,35.4966167580177,0.9076525702716768,0.5770036088744516,5.76987296442833,0.376800378468426,1.5358054271743464,30.030779143818283,135.5427059678951,1
1.107836707638879,123.37774969633604,139.8061428525125,1.6730503558812293,13.845620399350976,4.372244332850845,31.66871356620217,1.346441285419966,1.564408151109963,-0.1101268386273224,0.9959939876185572,1.5363338070504589,103.75316307804928,248.5182000960679,1
1.854059869615028,185.2858539076702,163.35834786308703,0.9793837310591672,7.898159970118054,2.953545202722583,40.8920459076053,0.1429454399230224,-0.349190334335816,0.5462964308484595,0.7264271600069643,2.618004376087025,14.27571906198429,102.0243680388658,0
1.4183083484307888,164.37241375362717,117.59808383984566,2.1386021947560043,19.8997527820562,6.909118591380723,69.75258132162169,1.207849662842942,1.352414125673239,2.439236722739143,0.2888408744476549,1.8027274410744427,169.21845109002038,61.128594882587,1
0.3324761051966882,433.2314641658263,171.73880196544485,1.83570772874091,9.040391893667836,3.559648315512205,124.1057278267782,-0.0122094872411908,0.6319103861183121,12.161128061259909,-1.040464782709445,1.74103488267947,-36.98360897728311,174.8521564153754,1
1.0989893602582117,249.65421512252848,-27.63306031543748,2.096321188158072,20.033116750669,5.040403304705244,-10.855403783170978,0.8095821342083842,-0.2317914818518002,3.948393193056162,0.1083620041626483,1.5230023659799163,22.392139404009967,178.24159518754843,1
0.6201277694984542,31.667155095630772,-12.855903857061946,1.5597225742303054,2.5368803363223664,3.1497750069908435,-13.950772275412398,-0.1419523658883879,0.5247040889491836,1.7229032164605564,1.108377455652824,2.045821825244438,85.9608028136912,103.27020008477577,0
1.2833790103342058,196.31676007670384,57.46635611175881,2.587662644419627,-1.1822009000743705,6.680692116057078,15.717429993650992,-1.0563492085668835,1.1986424313957484,7.175637097595988,1.1631696215326277,2.157164711026689,51.91335849083961,-113.69415675745644,0
0.6152152087762289,215.64530344657464,91.1731280026729,1.641622690041474,2.7087412634427803,5.533274886198168,120.7518057573446,0.9001073848551578,0.3451249353596081,0.3151345005616912,1.1405819259727392,2.225235456568349,114.8744343283736,226.5028405326424,0
1.1893265159862918,97.259807082069,42.35360836570204,1.908786869323138,12.389911336696947,3.5159401848118472,74.87369061460848,0.9557469657713756,0.8914054953973849,0.3897362465641332,-0.4009691845596334,1.929302488265838,-27.46635608596283,313.3334403715572,1
0.9282352030922316,49.7382324754639,216.52060371096096,1.4857999827456414,10.887475823805016,9.848268471196018,-1.0893566297170452,-0.0617845960072475,1.186314172428392,3.2511133573393827,0.2611312125596687,2.1508367357265694,-2.756818904661735,66.74175871299637,0
1.1666946205150912,43.43856003737949,102.4357303321359,1.18167924819294,10.225586845931062,4.652653028493969,4.763217745536231,-0.1368059127934247,-0.3730399868425675,3.5508149066865387,0.5547026044055734,1.9864053033337312,86.28511569636566,-127.7958727842186,0
0.7955229563333789,188.9886378820051,139.26540001863364,2.341677726546933,6.554084692157627,3.259795925793271,101.90490539127131,-0.1209334553910829,0.1952255002520026,2.2397704722734884,0.828412311280553,0.6427685074758949,38.06957774044061,-12.3547544248921,0
-0.2270061765596253,172.47999752760484,148.4793018458996,2.182442483013713,2.87607550287206,2.2043569756532277,-46.73338199984976,0.2068782656360367,-0.4527112066251187,-1.1403099734606794,0.9694306708053664,1.9319392840319487,80.27902981161304,77.35367842189754,0
1.3241431437088047,85.34006138871139,40.3312078155665,0.9602727134823554,9.104590394892329,4.846946311302812,92.82389773200336,1.0852985738311165,0.2950211786638202,-5.119109722954646,0.7825672599681737,2.330227818538489,108.69812422846232,-132.95204581350947,1
0.1802467250291725,4.230121390428508,1.390480619149713,2.0652675150923017,12.255043148646456,4.43762860760604,9.363298620038991,0.128649150722311,0.4461537653486045,0.6535005868936112,0.1424118959827181,1.9499689833191736,26.156232733664787,36.18488791650298,0
1.23837099946894,148.9416098002226,148.28251032972778,1.3425619291856914,13.320639618392722,5.424904225948507,68.53725377779831,-0.3537698321531354,-1.1401658173670723,-0.6186950805257077,1.250309334348297,2.0407181869860618,115.43350708996752,89.35860838737264,0
1.217357871138255,189.96210468084155,39.337963799889536,1.6889741173342672,0.704778919259959,2.1286305629266504,-6.193223455628818,-0.4651234417284534,-0.6962381752185286,1.796067330669651,1.1051943920656715,2.4570656129361828,74.26057630108834,22.358498921850423,0
0.9505818450529284,146.32972252619038,-39.38309734846159,1.498555655712032,3.090208537211189,-0.1813375539664568,5.8395797332768495,1.3368823846500542,0.8731556479703594,12.717649528791018,1.488413174525359,2.3567981300629337,15.130425910220616,274.4948963364097,1
0.9003482516079915,96.7589108501256,1.0549592397992598,0.4948773989286694,12.763334579774003,4.05655887827168,35.6175019994792,1.5516867708959028,-0.3785540025447057,2.136271082600013,1.030478237348071,1.5816531277519543,-22.746426165100004,21.778719811063667,0
-0.0234116200393956,144.44487518606152,82.28859349246662,2.467002988407384,7.90948224404211,3.616642039963045,28.70391918251521,-0.2630514581950673,0.2620914520557655,0.6810454365616927,0.5653145141686959,1.742862758272609,162.06025717963544,-9.22654172760152,0
0.3517966372726082,265.883922139778,48.70374392582718,1.7605330554653666,1.006357311512195,7.1827816604280335,55.60139239557476,0.8108235891898585,0.2565501220926331,-3.920703645657397,0.6983804951473752,2.028180619116999,19.76986412005153,-5.371694087394069,1
-0.4631316396005408,107.13310485544456,9.73033343795376,1.541787485762801,7.385230950589189,6.509345040496221,6.913856789605045,0.6726950782098096,-0.3333725088008961,4.801959350232174,-0.2924333799698838,2.0605541073925315,9.9934336812939,44.24708381795697,0
0.2432862259717733,58.35178204028672,28.61055635510908,0.8999387735279547,14.896851170387569,0.3861535664371898,6.8109136146957,0.004938161984803,0.3913534214926591,-4.432977929897279,-0.5875467453063885,1.4523873500931557,93.3570172672632,-72.11272829356957,0
0.8976137094161275,196.5017607006511,172.62022615471932,1.5395494891575063,6.535056113454581,6.953062081106551,1.078775691072522,0.2012549833105906,0.2430520188051851,-2.761219611295581,1.229005218410422,1.6254251936694413,-24.966565717967143,71.32874177299328,0
0.8144585170116565,156.07176801761625,190.37201773811185,2.023829401505402,5.464732832600337,1.87679752320851,70.03360422022017,0.2067771901765593,1.2450406183357532,9.96693516257325,0.1956309308077787,1.9409688239642076,88.4478954007293,136.1756287868263,1
0.1054186687889776,61.22027427147398,119.54624344360988,2.6697631616734063,5.066130550547029,0.711659327249472,80.31389002140111,-0.1488708222808763,0.9416265815633484,4.018001612647843,0.7953502618589968,1.9277495800341653,93.84453349929422,107.08974456980371,0
1.3219207285431769,268.63694759464124,89.85389808107932,1.2528287647905532,5.72490636282911,2.556115378869355,-58.42289487848252,-0.674749943502132,-0.327706797974779,0.5289683683140072,0.1740434646302677,2.0872539103349155,84.36554309575325,76.08645973182722,0
-0.5363357323043522,-90.71812473119876,-28.616053567772497,2.192289829801429,8.47179027957442,9.237201061850335,23.040697930852645,1.0712660972648944,1.2785435112829042,1.8775857905320703,0.2048213919567858,1.8221161370350811,16.9314285214831,-23.957304606513127,1
0.9495126610087268,157.32392592352616,228.9534254866055,2.18465093837236,13.694609493632528,3.3075724132924025,100.02618208192024,0.2438692677154499,1.4564211828791698,-3.3267290475102795,0.6908924948449922,2.1125463905547863,60.487222977107486,128.49641421059724,0
1.5031766464561525,130.55091528365946,88.57533689098491,1.9801418160811075,6.931506314225875,6.743034425622404,-4.02611088040662,0.3721713389025724,0.0833247866433133,-3.771464328467823,0.3654287610999266,2.301673153630727,214.63939440286543,22.11119736910551,0
0.170347444784141,261.19459337306444,16.74747191361631,1.581074997026848,1.6795490200646102,-1.926249410577904,7.639010722160592,0.9187909685355242,-0.573209500875575,1.1078511588935052,-0.101490480724575,2.0257672801897924,9.062447161343556,75.5292216108592,0
1.3673568142565422,71.02705193335213,77.18749549047493,0.9245594042983444,5.919853578448159,2.9916151232447983,3.7697737188505513,1.3201592307465049,-0.1831461647625758,2.880974500743689,-0.3644417432963695,2.203984824288977,38.93097417274702,57.68122619628361,0
1.33421270119466,92.07449677494796,-33.68891472535091,2.47430064933471,9.23110773731542,4.886139025985094,57.8117703543797,0.5582806509267961,1.5031756157466805,14.228160182548429,0.2683032375188821,1.1396519224922357,-44.54506539849575,46.81196036738944,0
0.8366730136245077,200.96267790427103,82.12132020229693,2.005183516732952,10.224594867832556,9.841245726064727,60.0143278012284,0.5319994428154341,0.54396469941444,10.692609251243011,-0.5509089317389364,1.9869470532554616,17.13131963651586,-50.42087695854307,1
1.300110802028616,104.19621827721345,-18.464032685905337,1.5612811092331884,6.540323294769337,4.057530037525584,10.786005373608964,-0.278549632798154,1.2097729740128984,1.0644538805147228,-0.1845816655691253,2.3661922302339944,-3.1895859531153903,-150.74303419789496,0
1.131693770812254,-56.24386610690166,-56.22140339990234,1.5962400091632976,7.436948256261218,2.91516489831525,91.64627880454016,0.724202920987809,0.3922303107227897,0.9311246874340044,-0.0189697516112015,0.7755025696899296,35.56022255259928,-49.02054391887496,1
0.4346338526048049,81.17288944690881,66.55426675194879,2.095411114857453,5.592730716854563,4.987137851694144,-62.67141143470314,-0.3527706770428048,0.0615356987233096,0.2925468151697905,1.2141641806272008,2.2121318466406814,26.25382548171137,-13.008892213614764,0
-0.1481178862103795,133.4652675072951,1.775843936615928,1.6981390977374409,1.5264070289626028,7.110583216869069,40.43665335161982,0.2638642365587937,0.3999101115932672,-1.6436601310494885,0.4888385055165446,1.8029099492325509,-21.44999078071686,23.54444776562046,1
0.8666034078867835,109.45878974836933,86.16863627289676,2.3971824677306923,0.6349483970937078,6.022908930219972,97.19969085792502,0.4639994501036483,0.7403685841607461,11.309164939418142,0.3884217812170484,2.1968303099491746,14.646114966154911,184.6139073509976,1
1.26257837152467,266.2167648619708,31.18305019310401,2.048842509544392,7.811484296236736,2.2567648350118703,-52.96371750910466,0.3078979006776819,1.144026519418838,2.7911721558893148,-0.1750422478292171,1.759546671611296,137.2037676629875,89.43634217522835,0
1.2559078369804078,120.01201050460554,95.521241577568,1.9648435571089435,4.110130259276681,7.084695102638958,62.99189842239595,-0.0036751544516041,0.7980566036357613,8.308889923372567,1.3589135065478528,2.084808298169248,46.64065403418934,25.68569765294146,0
0.6977337016384549,-10.129152532535272,-10.122116901635836,1.3139689139846429,3.627108208492728,2.367850431560768,2.3743246555569257,0.2314036519980706,-0.5270507638795658,-4.9730944017533085,0.8935605976837868,0.8273563062446043,63.29915611481158,-25.007114489670705,0
0.7968660533284948,138.49340587883825,214.66891343815007,2.387437056788911,14.128101134007943,7.526313607081261,83.645498942947,0.3474354685898946,1.348069072241711,14.781712724378604,1.5766507214679253,1.9433422963010825,126.11544811080562,161.11725642118697,1
0.873164604003188,116.86075593957192,70.98279405272925,1.210331576653223,10.325976391838868,5.357140374436814,106.69513773200237,-0.027817492412807,-0.598590471765737,-3.8791902205788302,1.3482177319808466,1.9839440027176591,74.39291845251128,-33.88800225003626,0
-0.3731156724258645,-63.93729954768773,117.63400114441194,0.9291049095288104,5.866037424560769,5.054829500193967,11.425913095927337,1.4406112912439364,1.1251920771036543,2.4690257686136663,0.6117061570459286,1.5572571073091457,36.06689782607045,91.81773393325408,1
1.3749797505459032,26.12199965298619,55.91897923526358,1.992072809027995,4.493226670997718,0.2648354008826592,38.54109779086741,1.6507698707936629,1.7456517105506322,13.289425473851155,0.879777838317598,1.9884601505359745,49.56692056719079,88.49937425820585,1
1.4686071678021375,337.0419755705393,36.06610110152031,1.1348981352754404,14.462797992766884,11.721501840480132,116.26683727186544,1.0720082039186756,0.4791948778868318,-2.068345165359858,1.1493512163751256,1.993049700856424,82.0287789725807,-4.484083101628073,0
0.0653470220316516,98.39917344346914,113.81058980939294,2.0000326412199243,8.609813536749526,4.567089561429459,56.82142866479981,1.9409122427510048,1.7005347320798334,9.399982213007108,-0.3421604915977946,1.7010540944746315,90.4384590593622,219.17804952093945,1
1.660302330437712,81.03259399069489,6.415126542775525,1.5824456651211674,12.281933228077666,7.7582873317304255,-49.562510985324174,-0.1556053218294739,1.563141990341312,-3.2500093100857974,0.2541052515149512,2.3282545372478496,114.24689158913608,233.97516330204397,0
0.9352399017425996,218.81116594687336,25.91425060872139,1.7489592834188692,14.318220392732751,5.879497649657548,4.140842541379293,0.2555247010830792,-0.3306770339488718,-3.2984378586797227,0.4635677930741405,1.5420457101307217,76.46920977742879,-15.52250885990336,0
-0.566120149117722,249.56005129425023,29.329079801453886,1.693265855240096,11.26144255374493,3.222663539441907,39.63148470891858,-0.0726533358383636,0.3100406441510678,1.7373284814023693,0.3713009851061156,1.9756368114482803,41.71534832237303,-6.068736785410778,0
0.737820084592844,259.9519956790656,57.28823878137199,2.626604267806854,7.204762964651221,3.6093387539417385,40.99819543016524,-0.9757259388395472,-0.8967772112035953,3.887572674549244,0.0271144989800576,2.0673041387135638,-21.052149097942404,48.48102373919741,0
-0.6748123407297156,129.2995524156189,-1.0249118085724405,2.0414450074046977,-1.2375739513835686,4.9428407014506766,-16.281858762244617,0.045027835715776,0.8735051956227688,13.984599614497103,1.888860166911883,2.012499800783166,88.65539871265547,5.585002141847944,0
1.077572776682588,346.86430461930905,142.71305950967536,2.513550651669652,5.80745960505186,6.673137931559799,70.62511710017205,0.4789648369378692,1.2152831100148649,11.599903275883255,0.6987648929256808,2.134007868101357,-19.46999133756367,51.37398370326828,1
0.4153152896245371,245.2444390492723,12.3845352901251,1.1121806561407164,20.70422768042954,6.717134102307847,-3.0161863203325368,0.7333381495362383,0.8550514019017714,4.850083857380319,-0.047183279373813,1.8937833510283824,152.8954450074569,107.53317235991024,1
0.8924407365515251,57.96890808869313,96.8754304311247,2.013387041265413,12.063229095851844,7.809744846083039,51.28989669207626,1.2772677330889308,0.5548791075897397,9.220766651156138,1.4953463234443345,1.889189906120836,101.19388474172015,160.0156391347528,1
0.8650507145857865,247.4334741316472,11.33076889362853,2.1399405531715154,3.5062150942433723,2.236199749325035,97.0069780105647,0.5663348197041651,-0.286662012763447,3.302945571095154,-0.0757490820333042,2.0527784587931173,-49.8147857959885,-29.181297845086867,1
-0.3627462894790784,308.5769792967053,103.36626068173176,0.4559993534917199,7.38283489087685,3.037637855903608,-8.359650232635538,0.0185110701026581,1.5087367343536613,3.0727020900506257,-0.5376929804900317,2.146159768739929,44.87047267085181,142.4289138494727,0
1.0107942890444623,195.88916418321563,35.459683738120155,1.6474531117702096,9.436875533077211,4.814423233176531,38.6792831601403,-0.1473922158108567,-0.0721902305665457,1.4913714254190265,1.7704087345727857,1.9355800848924845,86.18366733751628,-1.5767617257600506,1
1.0535489292002425,201.6691237189418,21.10684305763703,2.3557582173201648,1.0638278908729424,3.157210769927274,3.904649342240973,0.8645675434712345,0.1273332511465044,4.65091797639935,0.653190045257432,1.7890361239353572,81.16611252395343,200.68847009965128,0
0.2249189035801887,100.37479299271178,-55.76744796180061,1.2670418002412205,9.38750115560201,-0.0186641159826175,-12.199107234282245,0.7585228978670505,0.6298707942794166,3.438304550079966,0.1370244161977386,2.240196619857492,101.22773154153126,75.58419174708001,1
-0.4913281861747233,-1.121916976365668,89.36476161488565,2.277865984578837,14.856536168480575,1.9535450769130125,179.33902342112523,-0.7115634838302407,0.7166866544293731,-1.029949688332744,0.7995576549057359,0.6716024445843602,56.84863653226017,27.38153114814127,1
0.7060140261182181,195.1552285918816,1.84428795531214,0.5255153308179572,8.832802851747184,2.402571203729196,-21.210738734281392,0.6488422850217582,1.2325803745054604,1.157769233073796,-0.0800729899984661,2.160421333575853,9.104637618665272,138.8082926361871,1
0.3458797394488928,149.1390147471901,65.22438096288131,1.7495972886937965,5.092392604537421,1.3529826352526002,64.49570982299714,-0.1766835086533906,1.6088341933360222,2.1874099457892,0.6410127012216571,2.068983259695257,59.41347238127544,69.01294913030185,0
-0.7213548182451915,231.686262071018,34.06848754061837,2.6436854327455754,4.043591180835334,6.008520184270528,26.572969904131,0.5386176700185684,-0.218233620352118,-3.397219673216509,0.4266170011544095,2.107964721242708,41.38243110129028,207.89183916350095,0
1.8020257930649035,176.07876764871006,30.79803375385066,1.9671279871702472,7.400942448805019,6.734806652457188,46.29468482843178,1.0792463199393023,0.9110038092639788,1.8165619195768423,0.5849887317739192,2.0009957641370466,75.60561477949011,102.0935846132116,1
0.186622884149216,186.0203204439213,94.74059889954462,0.9315623584295388,11.56286813297938,9.965921171240756,70.42655539402045,0.5421169688482891,0.9137608114461284,-4.325282744035784,0.0158604448519373,1.94668800792528,-3.843284915929125,104.59817623093583,1
-0.6298640090036715,331.744066595639,197.28210810177865,2.175233149406988,21.324192845571595,8.582410179412854,81.45023924184588,0.911938246282854,0.5659790854913798,7.563655143643129,-0.1805241528951401,1.842244940318601,-56.82827318964077,325.1147577507808,1
1.456286306156239,378.6340415029964,188.8645938716757,1.1755829779905878,-0.0224903952834809,2.676298983342249,-57.83614369633728,-0.1508608171034314,0.1135929055603184,-2.4245879762661198,0.6115659023934277,2.240569152501715,-28.86206984227256,3.769153614821612,0
0.7541599008698919,-5.269023378384759,233.89112023080537,1.489403638168804,8.410882650761149,4.4450686741180885,12.89953539631836,0.5557557951641537,1.5413468337278875,0.3637756206987266,0.0869988580855806,1.4990471745137586,36.112861207948505,-49.90953352102637,0
-0.2846264847454717,221.962357021547,-14.282977636173412,1.981108474673397,13.339483830662177,7.503069653266649,44.47600385104137,0.0175513831688597,1.1849648280389469,2.253833499804692,1.3801829346096923,1.8157724242044884,54.15700756861187,10.251091263745993,0
-0.1885894742282038,319.8052650976447,49.21046531040956,2.246558427712248,6.21530098717821,6.056633112199872,27.774146714239784,0.6464262504038392,0.2491017044995391,4.0021591508129175,1.111055220236166,1.9518352091930495,-9.516451057795592,153.59279289208268,1
1.2346486678106698,333.5335836891255,144.78599582563473,1.945822185128931,-2.230504716822683,1.8710856244919705,27.3593062664044,1.6638488244668057,0.1655291784840959,4.354673108368446,0.8667581040128922,1.8714693297265164,20.6597799793809,-24.266868598044617,1
1.4201501371384326,133.14163936998114,83.07677433488182,1.827050162647028,3.8358346007616193,7.79305088041427,-20.31586079867003,0.2976161156890513,0.2895227339943317,3.1536178302201447,1.689186756945458,1.3894922921385786,29.437898364287427,25.389458033130115,0
1.271065098098283,371.2714411979488,124.50371512794354,2.2615077184167305,5.5048957410363935,10.705391021592444,126.5949638433149,1.4758489172386766,0.2124183309295321,4.55551530652348,0.4228471555738904,1.967282783493032,4.382017887912106,166.06408750839947,1
0.0855103476296307,195.7083558022182,110.37468548340613,2.256303274513652,15.275451763602106,4.997188082659185,132.6846408032816,1.914797619123936,0.9612214054896332,1.8857978884794295,0.6621126646182779,1.722593027339324,103.34812449479604,119.89210547734726,1
1.6288387238624755,251.30956728099875,123.14687943991488,1.647526613553917,19.735418871965805,4.960936676630523,72.39378199064245,0.6996020688960838,1.1143327276651025,-2.063169361388033,1.31373866705006,1.7437404253185207,115.38211158254671,155.89744467847692,1
0.7533825240540932,264.95982799770155,94.8884160982587,1.9415010444839504,9.432984395608852,4.110941005342984,8.606875917978112,-0.1835522114421578,-0.6225069591130133,-4.600795997170301,0.2929198329528361,1.9256405016732356,51.25929479331515,1.556081857045008,0
1.2582572058365482,271.00586264534155,88.72294684904676,1.040521555900845,4.699328119309028,7.209094766519093,-32.76330279885247,0.843782732721314,0.4746058070578494,9.91925405026807,-0.302726085036715,2.108557313153294,24.469468303772416,224.04898735228275,1
0.1735248261555473,178.00725129119428,165.23964937863815,0.842808437182459,2.303177873422478,2.541894512951094,51.12542906834897,0.5074908918769515,-0.050734994115984,-2.048372769167143,0.6302965302078631,2.1748382275649782,128.84880854850692,36.51040317333506,0
-0.5087415059579824,307.82288590565605,110.32830283082578,0.8707701287294716,5.137431784525133,2.232196304587214,65.2377935273513,-0.695775325779233,-0.118151328788024,-0.6781845175630234,0.1149861029579251,2.284948945933536,51.77717488130951,89.35569528083786,0
0.6144317507957111,363.6087170203835,129.126752359181,1.934502387320902,5.21433615047997,-0.3414892345970477,127.98277226310094,1.4291202835842371,1.3602587706407412,11.42087108458268,0.8704524680953064,1.5327162870246087,-34.83951119479006,114.8137266874384,1
-0.0256534737798738,102.5446621691512,55.04337912022467,1.6558504820643218,6.135080031609057,9.133963750720875,18.40453079366638,2.375307651162032,0.5164267991808734,14.437789742431338,0.2287499698576787,2.410982819142344,3.680797550088414,152.41213176348847,1
1.6255767042231906,298.30091042699485,50.858587418406,2.081114236819637,5.503980399172401,1.4051956576084428,0.1849708085818022,1.0223859027347175,0.8699907310765564,5.668366903816873,-0.0167360789748083,1.9144260517877616,17.32083855727103,187.79839342063536,1
-0.5683344288227136,113.78884919115336,49.95059839587478,1.8281517799550264,13.103742880869357,5.0363650156271405,102.08743018997436,0.506016036449434,-0.2410196875221842,1.9869123075784063,0.7182566754500417,1.9251926920392943,19.31861876406337,183.19789892483325,1
0.2808693507423692,52.57939059870273,93.6676123275726,1.4834773792295195,-1.146984320006533,4.05790236538969,58.785296951434326,0.0190510322427861,-0.149659150695017,-5.743224835589628,0.2027940906459832,2.177708960402896,-4.950913266220837,75.17359490182983,0
1.5097782788666243,-19.061933333919622,-87.46255073704096,1.9932071207258977,5.010691635283997,3.386598759358729,-0.6656553960476685,-0.7667176333012193,-0.7193702959757798,2.749102047808327,-0.2343909261014908,1.3107587983252629,33.574998383876654,18.80702166290673,1
1.876005464378752,205.74989090473065,22.440041507588703,1.8845671268834008,11.893745390340452,3.0783256476349115,8.764031329794687,0.9942659536666264,-0.2532632852341334,-0.9092058231986284,1.1315272464196409,1.7374742027708192,103.74905333705529,46.1690557132934,1
-0.0461354500606753,181.47972233686147,83.5457709760815,2.0468687190715924,9.433160989545764,9.475988221119788,0.0631030130998979,-0.327826006148034,0.8154562726611524,6.300041940475554,0.0013422138936107,2.091426942426557,28.81167877141436,4.493571071234598,0
1.6745407506513672,18.10157422661942,110.40247306429612,1.6795351623180754,8.951726515542559,9.112258962077975,105.29242134429752,1.5284891734716184,0.2149878629116775,16.31168817175148,-0.1399458478023241,2.196579444152415,-53.92885099096108,191.3240595158156,1
0.9576300252184488,181.9223794016684,188.0798620116856,2.244587916269196,8.934426098493947,4.4425828281269855,47.961332555935215,0.3152682884824856,2.266864547527756,1.6401162981702393,1.031834555026828,1.8800882226046771,42.74470498191859,172.97319831430374,0
-0.3028553219260212,119.02768372291496,-90.52964339993186,2.6664497681308017,7.269670160553587,4.81630203669133,105.62916040040514,1.1349866470367806,1.6430926212422934,1.49455388751798,2.075001378690753,2.292146522108081,110.68296188387534,265.16900300428483,1
1.003481956466023,163.96827538381507,-44.78524033067299,2.194567137451951,6.003182504905981,5.16178243966519,-28.75044368970108,1.0240301767607942,0.946940191689463,12.243481230546864,0.9198897020044776,1.8134594204141208,89.97342499555862,290.21867828068173,1
0.9964820052875394,-12.29738706678745,57.80244790630704,1.731804385147125,15.919632831265838,3.434093183712114,4.670060776833573,0.3410602389239457,0.0106256102027477,-0.0809124465231376,-0.0134627358618583,2.240201889147228,41.48827912591619,-7.253137801266519,0
1.51686540314848,121.63649123491764,-7.690453748850246,2.3645725635070107,9.630750903065696,2.8881642574433477,-25.692944423709285,-0.3347199693986101,-0.0243570970233688,5.229453862483851,-0.4648110175706091,1.977286397030504,174.0219192337956,-138.68277420534048,0
0.1052554621874514,226.9075453007265,45.08843626895581,1.044014937447265,4.610721227233302,11.495670594850983,33.53599635122695,0.9876682736399838,0.1355496188904627,-1.67144868922482,0.0127019218215912,1.5700347267906598,121.51824134083716,50.43732419761125,1
0.7541018573873421,24.10631900866564,69.74495328028904,1.6101712251838356,5.3992119424166685,4.1128866768043375,-24.814126781955544,0.1195821869869535,0.994514846867626,2.198255595373019,-0.0463743431714003,1.9924800840184296,47.361874544228975,155.95554684264815,1
-0.0171309570846832,397.544215332093,78.85876060331428,2.8624311720527373,5.144344334972061,3.596177751507962,190.4850867142702,0.3408032242693906,1.0726068506505544,5.533060181203942,-0.2507657493287695,2.0289392775109727,-25.88397432138889,37.01948087403834,0
1.5358147758399692,285.54735267330443,-15.661042749647052,2.209296704509163,10.527220910539226,4.802897564170377,-39.07224430807923,1.241854985760229,0.5394753512206119,4.853661563610348,0.3615869581840197,2.1199431882119937,29.522064539342143,-82.85623792842634,0
1.0043248401575116,112.26048911417872,7.720674342181653,2.699406639138574,10.481460434174648,3.57412210398513,41.41199704750685,0.4081488649279121,0.5383983850741559,1.074560465179364,1.5093144976763515,1.991097808623992,3.884814106870401,81.18853181159395,1
0.0030300583568287,16.264294084740385,-25.327456405420648,1.3016348270713305,7.493915636475892,4.510786790102701,-49.339251087435095,0.134368434753646,0.3009789246528799,-2.7415509981008768,0.0041133522725004,1.9687548731381457,129.45857256564713,126.81992661687494,0
0.0131083290545145,30.508242635078744,129.57770259238066,1.8492325946019392,9.241378610675856,4.061650823320328,5.745517821191715,1.3604199359383802,0.5652654408403504,6.208175015106354,0.867594053995589,2.0962356209500785,-76.95353498023987,183.24600590536093,1
0.5139190920078125,229.0390634253477,202.62222717532396,2.4166613400872667,6.895526670713711,1.9679932142803984,13.49837426887131,0.8150010074878793,-0.3058864051040777,-1.61076033280904,0.853678635205245,1.972522442873096,137.13875072389044,-79.92478576425907,1
0.9492253684743392,82.78174132247158,116.60828523269072,1.2704225788263452,11.84872334413173,5.470337224596795,71.90707093159756,-0.0236990919102515,1.4514365741113782,-3.338172561645126,0.3197357974516579,1.7927601826935773,-67.54153119999701,-50.49419005406431,0
1.1137199443021784,60.02759340664548,60.1281449142746,1.948161491456364,1.98518442053104,2.608725070558871,101.29250104148612,0.8815628111116964,-0.6487213341284196,-1.5333843671502612,-0.023123400292457,1.1469095520877883,121.02686260659696,45.235785169286885,0
1.1208232310224346,248.93725980763256,-43.174374753716336,1.6493976575012612,0.8315687855071641,0.3610290285405702,9.073394920091228,0.5077201540311768,0.8568365062439163,-0.8375304697243529,0.1456658842355477,1.9122242886932423,-4.477424876700546,-17.075616279033774,0
1.9668143160664455,41.584101687289206,95.3987371727594,1.138202566875113,4.189840899592827,-0.2983469628788544,-26.89422835553541,0.206645093609377,1.4401523647128855,5.146064248559744,-0.5768282775238189,1.6344485118139067,-46.233381189592734,-113.5638048918182,0
1.7677916659414223,-52.75856082674832,193.24333726980183,1.7460869482214716,14.668949966241788,5.059519408080894,-19.195538431105877,-0.2347544518712221,0.3478201678758402,4.819351116444707,-0.0317093938968872,2.012001323770984,32.47548768994792,9.61673295023396,0
0.9420303068041342,29.262271633957013,163.9505503718785,1.5407719509402815,3.2176444096795382,4.338129408451209,-9.006484238021883,1.6434715908728394,0.4045473851055385,2.0527021548685545,0.8045467887015032,1.5971916705858695,23.679320243524224,24.950421129410117,1
1.441143012971205,76.20898328362627,50.35351117491146,2.1721975785553456,7.674214685562263,9.504579378893396,24.866809581662963,1.354598617789045,1.0864246643358475,3.3657235019600638,-0.2835691369622508,1.830488426866042,136.8186486671596,91.54847604567108,1
0.6896526976062469,33.07119712663416,69.39747942657009,2.9254298641673597,1.497369073551341,-0.4004748987630586,43.03578476533522,-0.3716637627099408,0.9907805116260244,-0.125910073510528,0.1202461726252552,1.7445559360466334,61.53157595829459,66.40807894119817,0
1.3129711403324027,82.6247236215537,70.8072929741044,0.7202315342985208,8.215874833354215,7.441840616594399,14.614178351423984,1.1728071091020011,0.3029505325639369,11.515460794366426,0.7860170211630451,2.2823170572811664,47.887394503737255,257.9839071358972,1
1.0048119963696125,259.7931997732801,121.33773016283364,1.921517746388186,2.414421689758652,4.729347563610395,48.62329683109073,0.4379634008143122,1.2276210131128114,3.419640944970198,-0.8011728513458614,1.967030122419864,42.326645197800254,184.25005327922963,1
-0.0268041522243609,25.388483434030547,-12.398717900343854,1.9010537587065512,13.829699700098306,4.413920132374732,33.68744243535229,-0.5058057549555393,0.5692259889503081,9.777152366224447,-0.0797383692997948,1.7917902488178203,145.39785592014954,154.42411220051835,1
-0.1261771371433507,68.70616078107201,91.39331923330998,1.839297421114051,-1.1553113397558563,1.3497129869289268,13.90703282159107,0.8330380842599159,-0.0378884523855212,-2.1758883347247586,1.2917963681364473,1.982385231741249,125.94365910155456,-10.958362998022444,0
1.0906860295926246,48.49642527588374,122.79201283405902,1.0887216356369496,9.195748752142972,2.851437518188194,107.33914135362494,0.5278196308870085,1.190404608362206,0.8380579270912403,1.7889939981631997,1.7572009890052946,-6.517145377158926,30.59512142163717,1
1.447274208740612,163.55883909871068,40.335178018550224,3.0047177793923696,7.738959524059779,6.568011760113935,125.99016945476262,0.2610684850203761,0.9747173382127956,1.381703475097093,0.6504743331603101,2.115637812663873,79.6568983547148,97.51470929512956,0
1.639767246646533,284.98753697083,150.86560458416506,1.881210627915767,9.007639825025088,11.058160067578928,127.06389161408116,1.3618065375541573,0.0550951204377754,-1.1280777902453814,1.004924810194328,2.385904445236592,50.0452722817163,-110.89289207283028,1
1.138960048534564,452.7206037213996,189.06680581442475,1.152831747734794,-1.1076017947223935,3.930247255943821,121.77220652199708,0.6320723892653721,1.4815147642829776,20.816277226391875,-0.0795822167197322,1.8986343917233384,-78.55755667684623,-58.007141652976166,1
-0.0235210911304361,-60.82106778114078,207.39498714546423,0.6409465323942043,11.60886182627256,6.703198604458113,1.9803809034174409,0.8727136075437893,0.1349558179356251,1.4524440339446367,-0.1144175016685976,1.587147085748181,-60.31160431613077,193.8265715199003,1
0.772641856109361,30.79035338830936,121.09735469757554,1.6355870295184587,4.391929015638765,0.8041903429123347,-22.644893516643695,1.2097785977594744,0.4156378842109814,6.549118054819577,0.406462519833915,0.8652768128118047,-16.216450011582268,-30.00142793859009,1
0.9042407224658232,397.54005844851366,198.38376646216173,1.453624396022044,-3.356080343813497,-1.474748338343554,146.05685819492354,1.9277532189174045,1.6066332010845643,9.120722376959566,1.6372209519680114,2.251645256857751,-63.13776607866015,130.17724930010684,1
0.9847190296731354,385.0828631481123,0.4190558449475503,0.8551594033635966,-3.576702543879797,2.6867537332864084,33.98245026948474,-0.3821781748888021,0.041081168256952,-3.367069969294139,-0.4634270335379828,1.6076083793965048,-6.276735655106947,90.7401750529384,0
1.0941624382980677,290.1671026443838,150.90842076492274,1.7297671955640523,7.704123012283392,5.136634276256123,123.41478618664124,1.2022914064325696,0.8987417288651164,4.140047371321529,0.4432649922653097,2.097961294281809,33.86670022175686,158.65487122299703,1
0.976685784081678,262.64893873426973,-21.43983846744472,2.922020169022477,6.780734567055177,3.269434260109516,116.84824046586785,0.0997035649313627,-0.3383304508474909,4.567528229087004,-0.282023744874949,0.7772507364842172,185.35193937059915,88.6233087169517,0
1.1742298108898337,100.29616824286684,-60.73197943065615,2.1035443609450004,11.307103918044906,7.255769234909626,61.00142494868517,0.936712270995244,1.47462665556411,5.56982549032762,0.9288669668065836,1.7216817187283795,19.49218485113127,112.20610473805168,1
1.3366456695773734,267.1360994166593,-54.40355296167361,0.8794653551586027,4.528462805990145,5.5582716755818655,52.49394121906613,0.474862019800965,-0.3362607081278757,-8.939955709692349,0.2076812275444027,2.3820434928851704,25.345889896348982,-48.08096174945815,0
-0.5025637722361352,386.7374333287008,182.65043695866387,2.499159053028116,4.361394297167003,6.402176895471303,59.56567490341971,1.235524236296519,1.3244593002678018,7.907727963468931,1.250902037024751,2.1521554896253847,-21.809214200739035,-72.40448566231959,1
0.4307350059161134,157.54322354273697,32.885201264089304,1.1661020930183077,7.117495761710767,2.9579089131725507,-46.67528235980532,0.2036390920841568,-0.200348872595433,-2.903135062415636,-0.2486743648178233,2.287898959647303,78.02493368400566,-7.500859030822923,0
0.4198158846159791,127.4302940238223,-22.118320069173905,1.3516031478864488,11.301180000820649,6.211980545597115,72.57502808130303,0.2546063614445272,0.4332225957459802,2.578036168472742,0.8007077912155175,2.1642934340070803,93.18855673884951,11.808919541448304,0
0.430906968884556,213.29705879164183,15.281721219908649,1.1197998414427337,3.1233043904237405,0.7972265800285694,-32.08665236666571,0.0569072224551023,-0.2598831082117621,-0.9173093022298512,0.2718654347143027,1.6403273860714045,66.46888319200663,-90.37808916975708,0
-0.0693446507447964,307.6858731027271,88.2626334612944,2.014398832600923,0.7058586316819859,1.0068020654014616,57.156887144510094,-1.0427016890638132,0.1088137141721945,5.02919192340977,0.0065144096176244,2.1854564586612035,20.635512270410743,51.87872584216103,0
-0.1262624338858227,213.53246328196784,168.29123139704262,0.7553425244774867,7.201843468864464,0.9145718617031582,104.77842117333898,-0.6285992690212379,1.230721312437626,9.514590402222684,1.0133404537543766,1.9290522760763675,20.532387258833,72.76155059000384,0
0.3049473882794503,253.0865041664049,55.3231261268577,1.8651749375706297,5.3276245570775504,4.988578246145999,60.93299339480321,0.7478669922188453,1.4939700355691192,8.79666435101032,-0.2616561951178136,2.439767684214708,37.05054494677087,87.59402579737684,1
1.2007672592504193,62.84627512960628,33.34759373511854,2.530092322430014,-0.6033669012177336,5.018830197922362,0.9372740914612904,0.1834187115650758,1.7199117451358288,6.475410835932095,-0.4494584479719997,1.970512195141916,59.52197427803092,-25.224239088350902,0
0.7671809802505223,100.81531654350324,12.32389419120986,1.579552957915462,7.315632654657895,6.262154018449808,-73.98653404709606,1.255464916996111,-0.0718421338680465,-0.7468277588867407,1.081143782149045,1.8667535051405943,-33.15155477503214,169.2948335819613,0
1.490549667489005,212.5524764747288,-13.00348449583693,0.9556191180798134,9.643976331547684,1.9491228579411497,53.233481853943886,-0.6335338184007868,0.2703962694340278,1.6021421922199082,-0.737981332961223,1.0944515441922191,66.65459278015463,34.76219327576658,0
0.7131648122935996,40.65489200796398,19.6637174327985,1.7102845636252575,8.769325038679161,5.108794535631595,20.66292285403176,0.2452844689862555,-0.0557131322400317,-3.402614848414664,0.7883247168910017,1.7124828146708095,125.42538969797472,91.07892684755208,0
