A1,A2,A3,A4,A5,A6,A7,A8,A9,A10,A11,A12,A13,A14,target
0.8279322838341541,154.76044028995076,93.03122493488355,1.0760737838932672,12.839804587067729,8.50597700619722,97.74574425810178,0.1272441965826803,1.0674386849892907,0.1237571689495524,1.0166650262428063,1.933569222072269,95.39116666234976,50.86844591548813,0
0.0081189588181677,81.1359278235859,25.32606004632361,1.990955958485712,8.902546929130656,3.568314642609822,33.23864987985431,0.60410558291775,0.8583400769068004,3.161489984697485,0.7019266182282685,2.013910822141128,51.78507469139895,94.14308990136992,0
0.8152033894684451,189.6799188707122,48.33345530693917,1.211143780256784,7.882840530629741,3.4304984258910998,15.237796325744409,-0.448258827883637,-0.1489992802701046,-0.3286035893876646,0.0156087008634889,0.9757745159794976,128.39032615620792,-4.07681503998986,0
0.8003275263607659,131.94214839895824,26.17309958913709,1.8533358964869489,11.527064757244863,8.116497495061871,3.945965180163263,-0.0137007361708605,-0.0178119910150931,0.407049338294279,1.0278678406835449,1.9230918006535729,126.00934926294562,47.049087342499305,0
1.1531121017756734,65.37745510467639,-3.6702964931545807,0.8119672040843391,9.62280960136215,5.094906017470678,55.146965808213984,0.9569337135812775,1.212063568440454,4.080483861411473,1.3919815262527884,2.291919870170197,22.077022222101647,97.16685445117976,0
1.2010035621106372,241.87498824868655,25.74401717919902,1.8243027610761229,0.7077342403008267,5.279094670056607,31.136038083282447,-0.0270763984278022,0.0072347354802721,-0.3167543709287157,1.1773754464771826,0.954625065482938,-3.79755210080792,18.689568340838484,0
1.043068696760313,159.01465143367784,26.807892758621144,1.8622917171329385,1.8976501015467535,4.384347972702125,15.086217554142742,-0.242459392388469,0.059560323413479,1.2552690499007575,0.1914111796541065,1.984098918249808,77.59375013850328,-4.004190354301606,0
0.9524245779846124,182.00907105467675,78.848779599805,1.8520209437476576,6.617912921327589,6.434814921804046,0.0209880786104932,-0.0726384161591624,-0.2274142027499011,-2.0770420358545145,-0.0232933063538386,1.8808179757923975,156.4347882846996,-45.49708659683635,0
0.2404560064543707,63.06018728200263,52.93181667101305,1.82259321142196,2.9067781017677685,4.708761900195802,34.31685473376339,1.1906642932651512,0.09800879778469,1.2348427527935106,1.0783676168238148,1.8970460512555185,74.81269629762744,-31.31260404738665,0
0.8193320420827642,82.40452263567546,-15.028549873355187,2.0782249858996567,0.1031669717990153,4.194431752368871,-26.05176800485984,1.083713948945828,-0.3567401558463398,1.051166354763355,1.326744304118387,2.1998725789142206,-32.31302266069211,9.67087012377555,1
0.2653427324207067,94.61310206526484,48.216524310762246,2.3428431194361647,0.8289270078820445,-0.3803120951639291,-4.74912344118048,0.2905906007975213,1.074419831148353,1.647264624517743,0.8634364717849105,1.9331501942318976,75.66290650852982,89.88388579131453,0
0.7785601389717999,337.41468746036657,32.51089147833947,2.197016226145442,7.174342887112757,3.665437922762425,42.34903992010457,0.740061091856866,0.997278167078425,1.2539781156043768,0.9211911468511462,2.110516466253629,5.688977394425777,-27.067340416808623,1
0.1291711794565068,103.70241128638892,6.5002114328686105,1.8904166635958888,10.685367690781955,3.574271774659844,31.76653381844057,1.3552205922770213,1.2467999336092677,2.7438671162859967,-0.2408007360112196,2.159733292579808,68.09511087316318,-49.16682062916667,0
-0.0456546559616858,0.91683918385678,1.9522345498996003,2.452913073373272,1.8184347698246648,0.6306531050007331,7.759477105660785,-0.201956247977319,1.2977245091184442,0.9339631178748142,0.0998624048281775,2.127318854706069,60.09770724204391,61.74500895810736,0
1.1058375073969802,59.68590638081663,31.17095786232508,2.0892454506444995,5.918972259391496,4.500180133143587,39.635071841119135,1.001671650046509,0.7438769412570799,12.19735315341526,1.1847339632496836,1.9036171949424583,57.79977511321954,213.20989616066925,1
-0.0041619270570726,280.79449032640696,86.71646064557021,1.7134294464899198,3.794461014184206,8.266573683322541,35.81946745261611,-0.0395640236089969,-0.4338783203024315,-1.4860757574292167,1.408951450276959,0.8695090531941532,112.32434336706842,-26.141703015661328,0
-0.1965529266666684,321.64043062122425,122.40710896609431,2.144761987908825,9.648848445686037,6.237396696664833,69.44544789250205,1.014388030428896,0.7436669351349376,17.751235460845788,0.2231077235805255,2.0354632100631287,-23.84405325759444,182.1213349910588,1
0.8742503816671294,172.38986635844878,9.693907941121523,1.8697662174120653,10.48482890379358,4.503136873306794,78.65439402385931,0.9267431493140096,0.6701678488454279,3.45133518155308,0.85512954517861,2.155192152675649,150.7974967155866,219.64136893632636,1
-0.2458414784174672,8.665647215593651,1.4436928548200427,0.8604856007486256,8.623099484842847,3.415362370305778,7.744337739603672,0.7966213229987131,1.2375493375225064,3.650824204057037,1.0373608397927505,1.880229552903444,-4.33568778532441,75.89960937020012,1
0.8889786808150167,72.2849168024763,34.69504391749657,0.9089799746753175,2.342554740250237,8.017401928455778,88.2594259403973,-0.0478196169679635,-0.202538336858036,1.2890990369115665,0.0438436172463977,2.162339434320053,76.40504084159826,127.36958123300084,0
0.0454096309985462,81.33833305850179,72.29463724330068,1.7473308582920914,9.329623332213805,5.284861668495757,28.95017973138146,-0.276254755567914,0.0445480011645985,0.9139793925967864,1.172197131983363,2.072467349318437,61.92144811993984,22.843070446664196,0
0.9398976240972308,191.3835105878596,29.57805821653152,1.120599407564741,13.81374785566704,3.808342527933567,-5.23338094577975,-0.2085584811267116,-0.1173788244317288,1.031687650028891,-0.1567006699442363,2.011472928321884,45.19051697988108,-47.26334296051176,0
1.313466274908955,49.00944894568529,149.58080484238303,2.1884273460941994,6.936513691459147,3.526389631812264,65.14879206444601,1.000053962692144,0.0513740883713296,4.373015632767247,1.0670116437515844,1.7159686108613572,7.019136462027383,2.100676756758133,1
1.062136125262246,276.93213357884866,134.920898356032,1.872129985430776,3.2321710330631586,3.2482838042072792,116.89411604259814,1.12654799801855,1.1197212040121711,18.011247210281795,0.5605389811419786,1.7958524607725628,-12.62060616539108,213.0958370669614,1
-0.0511436185268299,153.35789185481678,9.97766502576215,1.9111250314819792,8.007066550916237,3.510974365658474,23.638523138595808,1.13356719778826,0.2222474605200224,0.9274409419975074,-0.390781180636412,1.0843200242658804,87.3805577031352,9.97276230132033,0
1.0057771223575598,316.6312419555551,205.53346916459984,1.5405386068113018,7.582908861727858,5.243449337583527,14.623499273129092,0.9241204307269608,0.8510113821981967,3.5577818165325,0.9349785359850772,2.1704968156529456,102.89370807322231,-8.761366168798098,1
1.0282008049294875,304.51793525404184,142.36781324558933,2.047666190149635,14.714155769295491,4.141885398321862,-15.687178653364498,0.3162252697770594,-0.182745986285302,-0.683459248238969,0.9922078910208229,1.9892275461942364,139.3517394723371,-7.86158875665604,0
0.7529494901127297,349.5699961228741,197.92974139693064,2.350466077456677,1.2253001075363643,5.673698431810918,141.7145838294901,0.895845023278661,0.8529845575252593,19.195524144387043,1.1145714596784595,1.831518732243373,-19.815905844198483,-72.70089645490171,1
0.9766411369334552,125.0299614600054,-12.474328389578446,0.8586548669776539,4.29784284603166,4.672425078726487,4.165917714700846,0.2655061302345093,0.1695496369165118,2.3575150390628865,0.1104310817570533,2.278011581688169,65.21544529357713,-14.216228598710508,0
0.8440018796347506,204.3255493400412,138.60309603429033,1.9795389483185557,1.689996830057516,4.607999653303129,87.91654649709098,-0.0746224204792265,0.0960359165820328,1.843135363735276,0.17716738996461,2.170027922310559,91.37030024019984,101.85387083555476,0
0.0441489431819988,151.93138268738656,17.746505682612195,2.0052863763721973,3.40227545779973,3.4025511356106457,12.285958734570148,0.2571570537911605,-0.1058761517510782,2.495241024118216,1.2712170348850207,1.803732914872116,108.29573880056066,29.85140474126892,0
0.2333396374201959,6.638486938444999,36.90542432687033,1.8425695487972884,10.010785643265764,5.176520552422061,31.12151970309236,1.092343031227825,0.629707539239043,5.003164448721359,0.1201039157111047,1.978202477892648,11.61692982361614,-39.96503966216138,1
1.1966530336345338,240.93897116684525,-7.293660837887472,1.771727827439097,8.785073843824653,2.9285357924956785,6.724542039123367,0.0607646370833598,0.7748832825665046,1.348279427485538,-0.0187575915019908,2.0601552752991603,99.58151095718782,132.6391157064608,0
0.1508120729981775,97.27337375615912,190.95102397688424,0.8554964217545263,12.583591220364742,5.470410040468886,61.243520110934455,1.0069337447994104,-0.1035840470212291,0.4413385461868846,1.3410731688700597,1.8800556539315003,76.62102324780079,47.80785311724538,0
1.0688301609390487,207.4471022686025,32.58282010554121,2.139886329690909,14.57304433571263,8.185452116864342,96.40373458136426,1.0540104708997813,0.8291539399802144,3.762095951383951,0.969603453044998,2.045792018846196,19.44345101736156,-29.757820251092376,1
1.1097334430193455,182.10002918801152,19.972510153275906,2.027789834024972,4.237227178979526,0.9859859112896756,-9.06576533378734,-0.0347150847901962,1.018240785336019,1.756226587735875,-0.0062487464379797,1.8275967638650856,12.242651075994402,15.660774859545056,0
1.0479585845135702,14.313922545995212,-15.774762996453674,2.132685524156117,7.588249165288805,3.592220536221677,21.34220082293951,-0.2092320566024276,-0.1579453343097203,1.340880825035014,0.0778146119472225,3.0592825073532026,81.809328531589,6.77008722198336,1
1.0317703022293878,70.224300858189,64.80123720231776,2.1705070652976235,8.62841073829901,4.6431858082365975,9.11270405091294,0.9832535340245364,-0.1716862295932645,1.113681883881665,0.8762372177992338,1.8871384442156127,23.06530911724274,-9.420032636248033,1
0.1212790756906818,209.723486310387,27.12222263335194,1.9778774048235888,4.597676355077796,3.227646826422772,39.87978170245273,-0.1952617992178009,0.2134100482884307,0.2961272046091396,-0.0051097177719107,2.0671058996522937,74.95857187015704,100.50156200782313,0
0.0140107958529859,154.95298053673278,20.084266472379447,1.8302452672307303,8.99877043458467,4.509903980834768,-10.70490308722882,0.1695905114332792,-0.0317366846029402,-1.273684297102622,0.0907183402412996,3.0259136121873382,60.8001006530755,-0.0882720725137389,1
1.159918135602846,202.7137010050716,85.87796262020997,2.162935797499779,10.189463927995345,4.386121698604292,91.9778157711929,1.4358057340357084,1.0190489899317092,19.94034485153155,0.0412250443030336,2.02940342341372,31.36470335639786,187.3877689319105,1
0.997358722138176,106.84244967448798,191.59745970372484,1.996145251725538,4.979283972882991,4.9843436348748975,16.763066570649915,0.1877789085854975,0.1320006124001957,-1.8810930183202303,1.2225361487169566,1.9453089195203677,75.20280148344541,-27.2588289453362,0
-0.0310478232461622,107.91503139077788,2.011583640050248,2.07113107800182,10.658044286018566,4.060294181125741,2.087368196552042,0.0895683353622954,0.230600907065495,3.656579731189169,1.061704858991266,2.070414643076205,102.77035562162332,-1.5534293006049251,0
-0.0178048549401304,262.6166107196897,117.21040037576611,2.0804184226882216,10.287239466607382,5.501225084384513,100.9149392006532,1.163576594818954,1.018718770141159,8.265385294350349,0.1735481623818602,1.903908481489017,89.6457217217432,283.849180516748,1
0.0633331729230168,256.17057127109274,75.40693674232038,1.2512910749572344,3.910059038102969,2.966484825996748,9.996704292463344,0.0793801579359166,-0.1516594713475156,-0.3054240040850087,0.1969573464379069,2.1423171373936416,80.89404811058029,73.41670122916946,0
0.7029775423718324,-0.0027820072603219,142.74146581252563,1.9211535204615,8.568352229807823,9.542711586591617,66.06012603694333,0.8077888155066582,1.0688074882240253,11.343547570726972,0.9433285127363706,2.0221350324555223,111.4216595592578,82.142186323531,1
-0.2271809156410943,137.3686736776212,14.6133811308421,1.9173302174233384,0.4175185588323655,0.5938803204871759,82.08457895354863,0.1719383024688213,1.0154069468269231,2.402351151223999,1.2045115690764672,1.9976401492718476,53.90562373496713,-44.86893619118178,0
0.087357582728851,40.08083024154091,131.6656459116654,1.8351676668689765,9.293287839934443,3.960241563916905,2.3156142353068816,-0.1360393751311995,0.2419268159035109,0.7508064916271553,-0.0853623825226048,1.9579416686609583,62.81934416992156,11.618686537855986,0
1.505259641591059,46.644302145387215,-2.907821180477356,0.8806557594842839,6.612150888218118,4.745835822254114,-0.2911214552363645,0.0254450871545567,0.9874323665768494,3.179601180580821,-0.1687494704184718,1.8715351731552607,73.13754358439859,19.462038348732925,0
0.9996415327516436,61.27254333261497,116.02057544318386,1.024350847449324,4.415235477360008,3.735259808148733,-3.8717627763368014,0.0842326354570766,-0.0186045174862594,-0.069430838500931,-0.1319802092362617,1.8554316943816895,63.05638579646943,76.2843889681106,0
1.223634065091623,125.80040679273752,139.36681639599328,1.9911741404804923,6.414002806322611,5.774681966943291,2.0995062753748286,0.1654094839566989,0.0370332385081392,-1.120650812652365,0.7179683382666342,2.134076957169212,187.06195306794015,10.382754386269111,0
0.8560958645938139,255.47825317637492,67.98918810316859,2.267630854028727,12.700265941804252,3.9748475249027178,65.24060715437771,1.306850887813178,-0.0724136638672744,-0.7822480737452198,-0.3511763281474955,0.9228468417366432,-25.83326298974505,-17.097268165484003,1
0.9935242040917178,25.004225598719728,152.3146864870427,1.951938159981999,13.983377187013,8.382034382119459,33.89680448929872,1.1463845116213736,1.19040125428486,4.331980614991485,0.1135383218000823,1.9956157446692304,50.61477761873213,32.17836728217903,1
0.4460558329031259,74.81138421434174,236.87976910368485,2.0747567940489957,5.176176464354145,4.370366036746368,42.33332896054208,0.9405993104489252,0.0196854433788941,0.8611544980722643,1.1576014705746112,1.04116393652169,15.3284049338614,-19.001992641682826,1
1.0113939185140313,252.4971560997716,38.87940065352549,1.7462445752499227,12.092781606663332,3.897366822359357,-6.078688791831546,0.1241763964571397,-0.0008269349695279,0.2264687366814146,-0.0771186169656483,1.9286667812835057,142.44385350855094,-20.371545792804103,0
0.9544949819627232,135.1118936447338,153.94232273543082,1.7953553285144472,6.237802717090925,5.312472036047356,4.3683447515877845,0.0894466592491514,0.1080231194689711,-0.6716531605758136,1.1017800970712988,1.8335223082975292,-10.540695874652071,32.25721856577479,0
0.6683387478229447,339.8590418535204,114.75377794761026,2.4156218156744416,4.9542910372341495,5.161212478693812,5.018437628356459,1.1610465733023938,-0.3260760715857363,3.3674217700767453,1.1567466326342388,1.995352640686514,91.90019575172784,-21.242951632321954,1
0.993039701312202,28.3384008253571,-19.85184563176688,1.6241496797402637,6.220955130404063,4.258009230899933,19.55972676630897,0.3139290170295647,0.3106845735466824,-0.6094081033743715,-0.0702036643589084,2.0573704463595544,144.7052684998108,178.00715491580772,0
0.6597054610144607,83.10585449448017,113.3222284708832,1.0493063504326845,6.7578826648550665,2.8638465156266832,61.461153514801,0.9333119554435294,0.1658679465354581,-1.0441342319763205,-0.1509268814956643,0.714823404402791,-29.29397283067277,53.24997037382597,1
1.122457953922001,201.7355496912378,100.00609437987568,1.96936718097412,12.50670267683239,8.337097990735696,117.18168392358884,0.9252782462049928,0.0459947412976157,2.923588619023468,0.9891952834217376,2.0634427214342743,33.85519009777457,130.6206122914205,1
0.6190705299664523,94.66965299274524,151.0939812743516,0.9166626019872304,9.175065003080492,8.285458830371182,18.02176719148932,-0.4505498054934844,0.0805662874814767,1.837103027434776,-0.0397850601806773,1.862896110288719,93.6405666267476,-41.55483030139616,0
-0.1364930299272407,122.60183617262862,12.8812873337602,2.2800598422384684,11.02776912589339,4.140770309731735,18.983008500767827,0.9968476114960446,0.7595153702914073,2.726153854659474,0.8132615539547245,1.966867309672321,8.778004789307168,82.22367756882083,0
0.8546017977711745,131.73518341223783,9.7355322085035,1.133352155419619,10.439224351511708,5.016515973418125,23.32791343913984,1.0059603372945989,1.1105743364063536,2.900658927481022,0.8718982655065013,2.065347511400841,152.08344190658676,22.311386118179755,1
0.7096088635994091,225.38663199208708,66.92459116535693,2.022341261734593,13.052455415097617,4.206389600606125,24.419556521221885,-0.2356476563858546,-0.0677079968284304,2.074986032917548,1.0958447613294957,2.054870747063629,51.79439377143906,133.84489955721446,0
-0.205836284266907,71.50360215797537,26.546814861312782,1.796349993672356,7.726769311372973,5.115264462442765,3.628380795380018,0.2989755903154709,-0.148165559467065,2.6897597112142995,-0.1299703910977261,2.026912936618903,4.997081636130623,20.22092614131421,0
1.0538558663376845,179.62534249283075,1.9994021184356685,1.0135111515203432,6.001717386741882,5.423760554018294,44.31773682328871,0.6449850736877349,1.064118337605794,0.7741210759454571,1.1150718144873792,2.0055607585156734,112.05370118880096,214.1566249840612,1
0.893382396722333,66.01127547938096,145.21731165643524,2.1431846722612877,4.246597202612858,4.588458636359116,18.80546884303186,0.0147019860745112,-0.1037680881237077,-0.3142156307355632,0.2570680756561316,2.091347136406608,-11.789170290694088,2.1573893305559864,0
0.9775611826705451,93.25507818823384,193.4237446607136,2.0820670837210487,10.530937552725568,3.6922544059077342,70.56719203640898,0.1083863412068666,0.6472983035018532,-0.9229906877823462,0.8626188865977744,2.050020618024349,51.32765465649221,57.66507298248766,0
1.2068809115262231,93.88658850384785,35.234967270323,1.872257281059664,2.821817377509189,8.287482772394668,13.399875948507283,-0.018758160098144,0.2135461367554447,1.012883521575244,1.1580082252678858,1.9414927476594068,43.56373872032376,13.79769122353558,0
1.167763457811668,296.50828699529904,168.2014797484727,1.847404733472895,10.966592346051891,3.847623458147917,131.38488575373273,0.911588089819554,1.287936720114068,7.212033403285669,1.0514629833838811,2.1868876990457697,13.326531036941615,-26.34612901119946,1
1.016908685817044,150.47774084849996,154.16065685218703,2.322630399106717,7.743822788676288,3.771142623423656,82.74936357057106,0.8819857153715471,1.062454586349317,4.944553818147453,0.8546992975281931,1.92186967790351,69.38961831293139,-3.726574020743485,1
0.301015507272684,144.69701551461745,146.47616953004515,1.667056704484641,10.542893718277348,3.772066715820397,16.24211653773883,0.7775619889805426,1.114688458692782,3.8458181006312966,0.7021766563780001,2.0835110649696005,51.86524985324692,5.996641196709881,1
0.9597799793011608,312.20486107594286,34.975772305334345,0.6904969354385402,11.787018343866508,4.543422412311019,5.983343510608439,-0.0742036193678145,0.2141849504619105,0.1260001446062206,0.2288385182371997,2.064759035161063,5.513572381851368,79.22821508173797,0
-0.3533461970890655,-0.6393343611480304,-47.06853936921907,2.041414374501533,9.192195826984776,3.273998819525829,36.164619494421416,0.1845320638036269,0.6536525668616331,-0.1311594559407769,0.954538429695074,1.910142195118266,18.579127535737378,-30.7207181959426,0
-0.3240828236651315,66.0842791566323,184.46526182625183,2.090539620867645,8.835010219091515,2.460985176913135,-12.763322272392529,0.3942795921818498,-0.2072305229256971,1.9850393437497251,0.863098708522654,2.009515998865085,51.31855408861745,17.31666807720041,0
0.8229195340199207,237.3802247390184,63.352734367459874,2.0073517629436077,6.700957622378606,4.433205441496475,79.24292024865525,1.3076389264410522,0.8800426018784329,8.695202009211357,1.3538827198241583,1.898364549449611,148.43585870688543,239.29226157773084,1
-0.0040563864914885,-6.677422468789303,142.03249559166653,2.045626508056385,5.447329149415943,4.719760444245785,52.71513087166571,1.1937708200068962,-0.0546663659699182,2.218834165563844,1.0155370963258292,1.852404254734164,13.409632371494652,5.246138437860701,1
0.8917273289796074,58.78494466678156,-17.539117238847766,2.148136657263583,8.754309297944904,3.441485473178119,19.0562548335948,-0.053050951508096,0.0649616269634127,-0.0120280765756906,0.8239402807802478,1.125658330734237,105.821798919326,59.756300042443705,0
-0.0052475305517175,-13.527425067965424,53.67348924593489,2.0819282558816505,11.021612658541578,3.370895366027256,8.886710979147832,-0.0139447366883009,0.7361208281346423,-0.3734376028624915,0.1126306450565596,1.6892341536047906,37.78914494639209,34.10836890132133,0
0.9509905499355822,299.81831940831813,61.7594231461089,2.2888455170795616,7.115526624276877,4.676967002529391,51.32593086751822,0.7576539241416034,1.1101366256192935,11.677653831779535,1.2188523516786265,1.8455736727566443,135.3471839563487,228.42198363826972,1
0.1424132299376436,298.5966060083505,48.68839665439085,1.848514730364213,1.320124023639714,0.9714710082925948,-0.4564220945443651,-0.0228398318545919,0.0211948488429398,2.36741423973108,1.274572048629038,0.999731233991142,34.0398853470837,5.608799398609484,0
1.2862242292601025,256.42486839078185,-5.031373465484023,2.1289462634112954,10.847004088468662,5.561229432820697,-16.831782175162346,-0.1851072354196641,0.2938482835594411,-0.7065789930319939,-0.2635720966053265,2.941929663289152,72.7517931339756,-1.9753350404093128,1
0.9667473128485704,227.14828026092448,60.65561364421339,1.9146128091024752,2.707272575415395,2.987159732070684,31.76529457317211,-0.3569608212105523,-0.0878865081532707,2.224580978733396,1.0603951508913896,2.070507051147188,71.80012243913072,34.98924551245307,0
0.1961065865419454,101.34877363701275,169.76737035349117,0.9673265973548164,10.974902496783676,3.849819671445914,68.78721153845994,-0.1937513812371472,-0.034900785344369,-0.1155445998853204,0.2993426738157351,2.0895140819005604,67.01876985860531,19.06183254621244,1
0.9979700284782302,74.8973194774306,92.34120698408437,1.0131171737344715,5.574281209022441,4.38318237707622,38.49488484036252,1.0293434275807043,0.7145524644181357,5.7530316349366695,0.9791916967055838,2.1384055296206177,116.28970265993752,116.0424531271536,1
-0.3938373705182169,120.57395144175352,208.7106318917123,2.110799869342393,4.704957066880345,4.536575313391151,49.49574902022535,1.311427797541929,0.8266279612435665,12.634820413204109,1.14892547104696,2.0068569774263096,17.389000654404363,133.047480841836,1
1.042240908302499,217.16329091987512,52.96131706531581,2.2027286787325018,8.823525821546587,2.831563693799413,-13.00412812731247,-0.1665397895813679,-0.1691619604462572,0.8543991845359789,0.1224937480891054,2.149914339316892,107.6848112768184,-11.95008446859054,0
1.1413105697516004,154.07243970341705,10.981884133780085,2.2479328163966543,8.26278460255729,2.681966916305732,27.824923777366248,-0.2039893066484635,0.0103244973880607,0.558389976248284,-0.0671279748356595,2.0740163229535518,75.26957647360209,10.1833842620168,0
0.9281439641666712,115.56747106434744,171.9237417370025,1.0397574795778883,0.5593033828429332,1.5352373849453222,7.899333081841078,-0.1382378374288534,-0.0333742348058093,2.683135642706421,0.078396931361111,1.8331488351180825,77.09398515256936,-30.51546662912873,0
0.5628007376323438,137.76108711674294,80.74611080168667,1.72521741211023,10.98579767351347,9.426179812628275,53.75744298228811,1.0641401138107187,1.1271071473310128,8.068386488187237,-0.3033853113171941,1.9724025598730035,23.14905822443112,254.08251316362364,1
0.9517309282587728,284.3168139817296,103.54437200995478,2.0110822362349343,11.924785182928208,7.811849515256082,89.41916077903166,0.9668826887222114,-0.0014715671437936,-1.806431060077588,1.0919840833613057,1.9461330534506325,137.27115033553366,18.17420584154017,1
-0.0630317045857785,84.72516645646823,66.45853817116976,0.7024968037038741,8.242022225779229,3.68905452758299,31.83226085232132,-0.0347970653740107,0.330055701413502,-0.7798870036445882,0.1170361555860751,2.038148714048075,26.968952146041467,6.154588398203025,0
1.239119182426614,249.9259735912345,186.59486909130567,2.0130308362458416,9.651084092459143,9.010522858812026,6.007699141820385,0.9696973156809,1.1171105889259476,0.3794265356229664,-0.256918233564248,2.0487729329033404,145.71471195956354,15.037070101411643,0
1.3893357619461115,201.4443959576581,46.64001844781719,1.9486965008370671,10.286109062373534,3.590366954504405,4.450680591019861,0.997451534962945,-0.1125614601040593,0.1514640785783871,1.0584565539642847,1.8833218678981416,93.3329125942468,63.29735809479706,1
0.9485876327990488,99.5309019377585,113.65296294469373,2.1664474672599106,3.52241531639855,3.733314729829548,48.36333671575655,1.117118313196236,1.14074352857618,16.27934798104962,-0.069498177499099,1.9447773582945307,33.82681775216408,62.441281560315005,1
0.9407126257274594,177.53723988816415,118.297171676843,2.1765255412136413,4.1710881764860925,4.899070635653321,98.19986260352223,0.7617775333793992,0.8846082596269982,13.359628861963618,0.1726319027631326,2.087480137755189,54.28716220717996,199.27284771155448,1
0.1153160435096903,399.1275749156815,105.77756455390008,1.829860553051496,7.802203879222435,7.047663566552343,62.14273269042258,-0.0131151820560767,0.2050103556233515,1.990565605889476,0.0910894600415882,1.951934227282852,23.412806231779456,117.97813081373724,0
0.098160113132357,195.31042944880667,35.271121252867424,0.6671682129187466,1.196415797031384,0.2410196380532276,-7.398111327368596,1.0957217376710813,0.2804739125630897,0.9386244258206018,0.1104207853511939,1.8274734382498448,111.52909814268128,-0.7406832836567219,0
0.7567447781307786,20.00940639103098,17.515956335190793,2.2417978176155517,7.476591231839045,4.984114144200967,-7.972743449816662,1.0112165861906912,-0.1941458213137619,0.3330221512358773,-0.0522353201567117,0.9133045246370316,46.577991824202186,-40.07248916962309,0
1.22971795695488,159.0606627710745,33.248687222733224,2.1620322504475604,8.72477817914031,3.5058507810859325,3.0253580339069828,-0.1487644308438267,-0.0108253764548306,2.879757272215045,-0.2065826744758263,1.9899050653468904,158.45418632613138,-52.19234409126245,0
-0.2533438809523636,141.4839085716942,75.63378788074317,2.144434208776838,11.189804156623712,3.783652448080124,11.268198417520471,0.9519643018627152,1.0201908157074584,17.12737682857094,0.2259336463303285,1.9568503733406704,44.49387185516268,155.27351946206056,1
0.8784079191329606,223.41850470596464,62.488803758102094,2.2691597277265947,0.3844946799588014,1.1422373136437023,9.808337218484755,-0.1746036970171012,-0.0144175700877842,0.5701064820185442,-0.1023990057294731,1.9474801089866665,21.51299199304885,132.60794674423477,0
0.8834755931523751,258.86755363514027,74.90588390283199,2.278490785691935,6.535450206511654,3.826372779529661,19.33253130229566,-0.4336559728175765,-0.3985676494238201,2.283365633132997,0.0120508884355811,2.0299129505393614,9.53237817869227,49.32489943964329,0
-0.1054461074836367,170.09029124908017,31.596117045509587,0.8293831818124494,14.096831553937356,4.13564906474034,39.57251511900424,0.0785435780283371,0.0912555466206823,1.5165008474232162,-0.0375112753141974,1.9144558057221768,103.32811242298578,4.320413404249706,0
1.0936544876073595,66.38705645800093,-25.216232079411327,2.030751562488124,4.945401923535961,4.35511447632746,1.5103498171359109,0.328078950708711,0.0616171472516575,1.7057898838208858,1.208159059459258,2.0433075931029934,99.4345421217796,-69.85062584203604,0
1.3594439915105507,-3.032383478860311,7.855210680117736,1.342897770662295,5.190246211737684,5.445114419481035,7.077295361484843,0.3559957870935115,0.1484561410760501,1.495241485948162,-0.0130796812220356,1.9254653763853444,19.398103460300327,27.07457877601084,0
0.4246631625692668,55.628116346621695,155.7731720090158,2.070542557187732,7.308035343534941,6.889797610672295,106.17974180889324,1.223326325903598,-0.0615248407871872,0.3916715447891605,-0.191632456474385,1.9820919047468215,100.62616304194584,-28.37751690757387,1
-0.0395290493888175,258.22056727229625,164.6581759996909,1.8579512510855316,12.056662853692073,8.090282484600493,24.760832540561932,0.9660616597020296,0.2733391694312329,3.703668803526366,0.1429619330613418,1.857827063728398,17.05007495285968,167.7234148983094,1
-0.2999165958798736,64.13313440694174,8.98892808507891,2.0184200032909767,1.11663379938508,4.4190403117558565,-4.458603894330942,0.0200123714292337,0.9437800869434528,10.104266495332046,1.395048963071948,2.0055554670147404,87.18017720562466,19.14888984082131,0
0.9177661093033368,236.37584702902564,-14.85764937992721,2.0658157134953146,2.535407067464754,4.723292824782706,11.333518985501764,0.0757872362070232,-0.1869827459697471,-0.2345834304629375,0.1847937687134358,2.2115015658450514,132.8600908885789,154.92369925878776,0
-0.0537161098851052,222.2085127213642,28.82744034361786,2.3468623022754773,13.260924939525848,5.94930462760199,4.577785123861503,1.0044912215465636,-0.253176527024489,2.790888196975245,-0.1000696081668665,1.922717548575916,164.634466975296,263.6544075011448,1
0.0897183506140111,64.19582833344974,41.79481056842384,2.0781150523591783,4.365181844543539,3.624501815825564,5.829436645204336,0.010482068992565,-0.0578173043676961,0.8331153107514835,-0.0502171193010862,2.0182218498493705,119.14416079646746,76.4207576707583,0
-0.1392332112476871,97.18835080474138,-11.54533597918497,1.0025272501138296,1.8427319237255533,1.7227625839738383,-7.096477464433335,0.0035463744918708,0.0364405598448606,3.494888485573488,-0.2952174870392485,1.8911792055278096,89.7330588597401,38.06462839199587,0
1.1401707581896687,45.390292249694895,-6.3199378665938895,1.7220439809034982,10.214532325953511,4.708055415020169,1.1295631239887385,-0.138659308980672,0.6395757959853444,7.826311116898583,0.1645582660438051,2.0919552829662367,70.8513331962891,25.757380710632923,0
1.2188561930562147,277.89168502334724,94.78519697756523,2.12562048495754,1.6855827318879637,3.9466819254241248,-11.0187125360928,0.8964555636070644,0.299054658848613,2.028083993533172,-0.1392913640298334,1.878923036947835,53.604721205830245,-34.34951621995824,0
-0.0988547610522321,232.7057080663249,90.49499599100342,1.1023299308184995,11.980933399527403,8.404844047242607,95.36130677752269,1.0172835413260142,0.8220111612009388,14.463656205526888,0.4291693031309106,2.011429720039393,-20.905938272368783,197.2399933148177,1
1.058432661222892,154.5709818779825,43.491844353125,1.1332622319660357,6.48202702810672,3.796421644138999,67.80830648571687,-0.2732564437169351,-0.1594818235532852,-0.0030463769130868,0.7760012248455535,2.0525438940120355,129.07382703097397,-25.385516323778383,0
0.6747741272476256,22.64390995438731,3.1375764136650304,1.9194774202633955,13.96056166672602,7.437181817587879,16.543671885685516,-0.1860143337028291,-0.1977192382289019,1.0593523729232466,0.034478968841093,1.77828478186771,65.67393168920614,32.4088916787539,1
-0.0881548456112586,172.06428610212973,191.4959149480267,2.023763761863972,9.119096748655537,4.18253218794108,54.69706782275589,0.8592169907440318,0.9644569749311694,2.31732019827795,0.1635249030416691,1.9529721133919693,86.6138124101829,12.27553796539592,1
0.9521958829117888,92.43062581719695,69.72241352494432,2.005949796117961,12.583657375934152,7.915442153814684,47.23995408536723,1.1232301035950805,0.8021684922621064,11.320340733847171,1.2201539215308157,1.9507510693870385,133.86394877409788,143.89583961544568,1
1.329037651167709,260.37600773730367,93.54377007597242,1.9084840178230345,4.645570399529099,4.778004165832659,6.080451698939424,0.949539545485922,0.0203211200529382,0.1888605385415394,1.055765988722169,2.306301829844377,83.75690812483577,-11.651555532897651,0
1.1113199081657088,83.11571426138023,189.95051537963676,2.1732842754650057,7.125644779233044,3.2005753009102342,-12.871859543506062,1.294327836199706,-0.1539917063397839,3.3870116518154454,0.1046427481120395,2.0394031318076498,39.3392944220185,20.197133710273757,0
1.2896085299580953,319.81442494398743,185.37201528618493,1.1948988655275228,11.101835586642988,7.540627447827378,84.75551399080206,1.3640189441082282,-0.3012256617981611,2.657072350729945,-0.2029423154516222,2.0122391540446656,31.52448089708375,-26.83688635134377,0
1.061760021570917,377.8758238761776,203.4741359175221,1.067925221215464,3.95217698012338,3.968998780419476,127.45431400977648,0.8364766174512764,1.2140065619035454,21.473900989507506,-0.0353698740976587,1.954948618543706,-34.35891407859832,-16.892062956878284,1
-0.1405468283074195,240.230578432085,52.52641643457864,2.3439664211855,8.08305124802562,4.195400892744284,29.204926261483912,0.8693481039412321,1.0426059046591392,7.347849544176059,1.1809698174904666,1.856351627273157,123.717491782999,190.9711322012415,1
-0.1842180399504913,92.17613696685916,34.019223529368375,1.5952517327008728,0.6946162853153908,0.5663317862596475,12.380972969258462,0.0704080363360037,0.8811290727904288,2.9513680554053456,0.1441406669904245,1.9082059819876405,17.905332879636966,29.337753651033395,0
1.115684357467305,-4.123089531355873,20.760697585290103,2.0253247722248693,0.3082888783868531,1.3467766952070463,-10.33267159285733,0.1018544298522399,1.1092064793242846,-0.7041981596220763,0.2372186104295994,1.635995093181147,102.6359327029232,166.79347711375812,0
1.2105776718592387,227.20451200218983,56.40017093864443,1.873897909791602,12.049528204135198,8.583436592339503,88.47922433189069,1.071265764446057,0.1477923610014001,0.8576958062495268,1.201297789222637,1.9636536253915704,-2.944928635115972,-27.39578586875624,1
0.0520539726136862,84.51949329257486,32.90970574411417,2.0730518212708837,6.148323841775549,4.5308243017728325,-7.259900721215459,-0.2881494491849748,0.9884410892354598,2.1354273668197674,0.8617896493320474,2.099257265246776,61.24130664546495,-6.82454041024117,0
1.2780340907658625,260.91151574533103,49.82603885262489,2.036050771919838,6.890657955187734,2.8467536256037524,20.63776480381413,1.009949290104319,0.9422181027006916,8.630385290585277,-0.007438257322137,1.961967134127894,44.364817136564895,201.2437304091713,1
-0.2085205054988294,169.87177251941702,58.8302119507902,1.1026126954229678,7.507311374593583,3.717484398114772,-5.613495907136198,-0.3096356359927665,-0.0317850691563161,0.3436613909745496,0.2334756653971364,1.857067836935572,27.35354315327333,-25.10593143984415,0
0.8795952317431698,99.7618924910731,-13.191127204854736,2.0782187740084104,6.12756922558442,7.938397504015766,70.141023425555,-0.2226835307889725,-0.0453743688079634,-1.568532453369742,0.8180705621567494,2.027087003374443,135.33143162808247,82.62707364270635,0
1.0851490358825888,337.53179488861826,10.25372314739198,2.2362721955297404,0.7936877507197782,-0.5002214437979031,-35.58807998404672,-0.3055480944200277,-0.003899363466667,0.8937331374140571,0.1261918907069103,1.9343700316304104,48.56031611877479,-8.003026704673033,0
1.3743705702736704,165.6156154225413,196.98810495483764,1.924526443268104,1.4190948872901057,2.304415953284673,7.74119569320003,0.1689146765727996,-0.311796873316245,-0.0665977371076373,-0.2306736419645207,1.884699823821065,1.986559155438272,32.43365001380013,0
1.050299358091256,30.58108839440527,148.28174351880816,1.109227133216776,8.305418747772894,3.2150739561955994,46.73798816697581,-0.1064324916805568,0.0032661838072471,3.2849578307845007,1.160925885702888,2.0950578203334764,36.210869897788825,185.54741966848837,0
0.9094244675427126,146.2739863623423,71.7872038162856,2.127426655832521,10.33849923706903,3.082929945848901,68.1714488885496,-0.170355126234299,1.0513603188312637,2.4164465738201097,1.0966811290273848,2.040245627004279,16.434496307751623,-35.223017464458714,0
1.136373913956887,311.19371208441623,62.4952397796082,1.7204753742567125,2.067158530252927,2.132492593522588,-5.633336207260918,1.0202676549838636,-0.3973388523473733,1.4301374767983333,-0.2119591298112602,2.023844123113394,13.200968857743888,17.773799282403317,0
0.2666426712572313,52.1711946043887,33.95462318604106,1.6829948981472995,11.375541456390716,3.5285784250154206,-8.280559088312579,0.9874641660817852,1.1218172211426842,1.6572900844150673,-0.0894577964482997,2.180336810797306,12.164485276850542,32.27259931111361,1
0.061398417537037,157.46318226054467,71.00310246633794,0.8134402329176386,13.933490641026442,5.098074679643178,96.68440690503604,0.1415523388266212,-0.2734861083491118,1.3182136313394115,1.4264218247381004,1.896254264823384,67.9082956884942,104.07269338611276,0
0.9505914053810472,160.88392105805698,115.21110728041332,2.324785159800405,8.039137297329669,4.282288867575593,3.6327020540646657,1.168658568879406,0.2236080947644471,-0.3381611793826131,0.9845670397791246,1.7823878957321069,162.7175199262303,61.00328757220757,0
1.2695474867448329,47.70506324745341,59.21405014149339,2.1667711761972592,7.784872309579569,6.903578300364586,15.1911263651031,1.1717677946218394,-0.2494570019579318,1.6321802498635245,0.0227888826000848,2.0450441685033343,145.6991802118376,49.87038330601943,1
1.1711431727332084,234.72998291890536,116.71984028245384,1.916771065344076,3.5175872467897484,4.798544926204236,9.81397246660914,0.2671918179103561,-0.0305748900568703,-0.1222737480681392,-0.044613310106982,2.028963472471733,4.257194549617907,164.49099999893744,1
0.879503076207508,175.64595789925772,52.41259668793767,0.8934831036561052,1.648914052902415,4.0536280383463055,116.4533824395378,0.1375741532719109,0.1932708004935887,1.0633960634329047,0.1548116944684021,1.789634094048429,16.921110547135868,7.14656041201426,0
0.1028094108937346,177.88388434154098,28.194893512353083,1.7213642662872806,2.548568895818176,4.750770353687967,5.696891938574328,0.9089924590606884,0.7256390854385821,2.726289557778668,-0.0346444930366343,1.9128603357282448,7.972314993400978,188.1493820424836,1
0.1084512841420228,126.18384830988168,41.3822087219845,1.8203188765298504,7.164177935578606,7.5056096745356,74.41639695885047,1.1949867815711297,-0.0306984932202527,3.307493209221453,1.272725239446558,2.029071221016413,101.83881474482122,47.77562601413038,0
0.0699441327886263,52.770002584887706,169.054950958909,2.0954726244105992,13.535282641868,8.092227283601048,16.817351727235117,1.252424771466922,1.301099039765921,14.225240824279735,-0.0813328820183581,1.886082582830931,24.55594119195192,215.8042793773395,1
0.9774334970997064,90.68077392109848,92.3814601034181,1.6757433683672645,9.71054370850299,4.653483210931909,49.18092041404336,-0.0105329297378895,1.2006384773828347,-0.3725211385089455,0.1421047988674034,1.907893414530479,-29.462902755554225,-9.664084468473028,0
-0.0181362164385777,380.98216250376703,247.17407499108657,2.2541254107128244,4.155989884450264,4.0000565824861,122.0740751324056,0.7519866700092366,0.7056466246342996,14.38566615813222,0.104269554865499,2.107898078099428,10.17051964567814,237.446262508989,1
-0.1243554172228335,68.6238353091688,171.74211730137907,1.0375926642081403,6.282950487024891,3.178060032532417,10.858501585808607,1.013501271109134,1.0572133909327506,13.01801239274932,0.7096002499641667,1.9618189237621104,-7.676819987277099,-17.563835804204736,1
-0.0871533781835732,111.81254414011909,124.3923201115515,1.9101970774576784,7.306838504269705,5.588761345675958,59.130473768237,0.8191217890147857,1.0304906514944054,9.563265621378156,1.246755657258782,1.920565972321864,18.291505209651724,178.21522381290532,1
0.70778964413486,102.07492641933244,208.43271276370552,1.9858024920627544,8.596609827056351,3.622139509435093,-8.28146393233277,0.2050642527524491,1.0766809543955875,3.790766072887159,0.2993597922464339,1.874011129170432,-9.183059141201923,221.5890599648069,0
1.0599531324600002,192.86303497250907,47.07756345153917,1.8164801701108413,2.9191228071264472,5.902016106296,94.3623783553091,-0.2840467711096279,-0.0618115355607522,3.19009962463766,1.101256189034645,1.0233219392609865,131.9844372718522,-10.152080770887189,0
-0.0379212050573678,37.96849686126927,116.10118622983627,1.2046326055545102,9.880350039257133,7.553444130496669,4.676939845170743,-0.3122405416091626,0.0452709474290333,2.5601315137731677,0.0583794182897203,1.8102243307251724,108.716127946967,22.561089893413723,0
1.081169460475654,9.171939388549816,-33.99955257731365,2.0649004671538878,8.634804146417384,8.37866568173763,43.37745670341913,0.2976238672198362,-0.0910045101514427,1.6787075068690445,1.1185063455468616,2.205283884549541,34.15185190625691,-17.979787596408748,1
0.5978366975618152,398.9702380651571,126.0057949990227,2.024254357119101,10.841309216241855,8.578251955654803,104.97706775431536,1.199262282930722,1.102718101084533,6.839588557715187,0.104095791139777,2.234653277261222,17.621924807345913,-51.46957447398616,1
0.3157558705696946,218.85653472383112,129.87172387619302,2.065058630287677,1.8705033501874349,2.9957057112198595,27.860963865879214,0.0202581857346326,0.0454067870711435,1.757172113947929,0.1836138973734781,1.917330100342431,82.39951392292626,43.15745662843356,0
-0.0766752044400341,101.8625259573324,5.2179145193843794,1.88309581876652,8.808028657578948,4.329566842385759,34.58381365851184,-0.3144330969545172,-0.1713116749584445,3.066272887313095,0.0149024288120303,2.0538772247476538,72.17764322650194,-13.16298550446644,0
0.0713902871063877,285.6763191340483,29.920269232924667,0.8117013518293278,10.376359716434616,4.080352809925401,-8.049908894919632,-0.1241451767027027,-0.1284539712314489,-0.1432639479651651,0.7442786858772312,1.820791917336608,45.40281409602277,-15.2286119028197,0
1.0408880199416215,-40.893483091124665,18.126580707242283,1.9108102666079296,8.68378083699557,4.809904029527381,57.39127611325946,0.8316189159250607,1.1975852703756298,5.928908517417417,0.9353103792014243,1.9153763939027355,104.67103625653392,180.6263102549453,1
1.0041869589150887,272.06363696975995,18.50928012003739,1.951119799941669,8.59146904977196,8.657882439363048,-2.0740501053433817,0.9881322371334738,1.2299278938740263,5.221693372779727,0.359663022677806,1.8400532310430733,70.62916501618291,119.39038552783646,1
0.1905031649289251,74.09266298384966,151.58223495100046,1.919229960769865,10.754466441118034,4.597074850584718,67.68491265304915,0.921357215201536,0.6796043800162008,6.183634596874223,0.2150381759113855,1.856961754998582,76.78299826617231,245.6335874027132,1
1.0471852152728218,119.26542465534372,7.484060888168983,0.8633210551747649,15.003301937749836,6.787193714058894,22.172456785530223,0.2638167733211827,0.1702017845908354,-0.1091551330815727,-0.1627268098938321,1.9749112366936128,62.11080055420715,-25.94388557349216,0
0.2832805214092434,136.6743674761375,164.24817025693295,1.7598769437201796,13.676979611594753,6.154518943311744,89.12054421537951,0.9573284717264954,1.3623931899111827,4.215103665473968,0.1829793565406813,1.987995367225383,124.8932124517434,72.19653954886344,1
1.1952780720002831,120.53320806530098,91.3576276591224,1.6955291234686265,10.70434671470755,7.050846825153251,75.1962264880031,0.204088940389391,1.1142474839241838,0.6212556056773217,1.0302106696097335,1.9437538152894285,135.53568406275215,14.739476564347475,0
0.9707310488444468,47.48584033061938,24.61248474352516,1.0766800040501474,7.330156069591968,7.023990399789993,15.443072744062668,1.034480443204538,1.312483928027166,4.258001715678089,0.9763563101642814,2.0341386683208555,69.09141329208016,85.3745843510341,0
1.2064663129716513,203.2878721183501,98.7761427921053,1.0624014464306586,4.026868738005366,6.813628857919976,124.09997976704165,0.6842722201411235,1.0883891568814057,9.84074646168246,1.2396888574487437,1.949046906483324,89.48937263641135,27.95735596596803,1
1.076579482226533,152.88686089023403,53.46308225864438,0.9373529070701572,4.79021208062555,5.028716277108013,36.93272462577703,1.2088814599260709,1.2350191343224015,9.326994079110303,0.9002819534988973,2.0579469544892137,37.2616653724084,7.9595338094787635,1
0.9896381262585237,264.5106394374532,-0.0843726521976435,2.409786741787768,6.902548696468967,3.675304115604229,116.37699576260796,0.5998682510806057,-0.1503690892655514,2.5855681018164463,-0.1253438866110884,0.9010003273263189,155.15641749804405,39.94369276308964,0
1.211532181342165,71.54609368489172,44.80206682170137,1.989711003190766,3.1520529346796176,9.237179259288634,50.34585490060262,1.3945532271468235,1.1775444166465243,6.621363612950315,0.1651556970863526,2.203755084930338,105.86182356217236,132.48743151629336,1
-0.0405748921550512,79.30219202005618,155.37340854757656,1.09522484687946,13.141694300318576,8.494032771452645,26.42150508842566,0.987828499495045,0.9126555364233006,5.244373967043687,0.1096612642627991,2.2462583636234346,18.329200194620213,125.35928217694956,1
0.9361856147105942,229.0355433362184,214.56041857851037,1.9036840545115727,1.8993757945743803,3.977452710955242,53.84852170709118,0.8463394706893088,1.1999710364778438,9.323057707868644,-0.2181644219699053,1.994847378551583,89.17688969649802,75.67925017452337,1
1.116701498455409,167.76300660532036,44.414688974712895,2.02170778201973,9.027326353882994,2.11411770444972,-20.761652226268744,0.136843511412303,1.0640117864083725,2.9071876248396955,-0.0777965545907632,1.8931318540494648,120.42389673910556,131.97170763343482,0
0.7787855227610756,152.76586622022668,4.685480262512186,1.30410618759562,8.78910892952119,7.2736674317243715,60.42899779917956,1.274653895349551,1.2229431805581483,2.04539441144329,0.911807938982499,2.1343603808061884,120.67639936461056,236.39120406163295,1
0.179587435235984,260.62403862620204,-12.0084158816544,1.9312879497234137,3.56702622226456,1.612076636761378,-7.090671365681821,1.260622012459507,0.8534604688506331,3.627269547689719,-0.2708135994574094,2.1281883917025928,76.50817729226497,20.11481317553895,1
0.7921525443761794,74.49850875697247,107.42029342719684,1.7914789649828102,7.222939362901235,4.26813634639231,35.97255420822018,1.0068346617640629,1.1377714185378385,5.745507688599904,-0.0617995679491402,1.87527960496314,70.40369149781682,183.67563715313705,1
0.9268392652688888,108.22834697701656,63.88514608202463,1.9074883073917397,9.027715020938157,4.117826536849056,70.23055729022562,0.9154271871450108,0.9304613504367382,8.0439450709851,0.8464005096149709,1.933356615463624,168.76071578955575,13.233358598601448,0
1.0418499725769188,290.0742678419484,142.62596478441012,1.879896531361801,7.868499116570397,6.727393011669388,120.9621271940628,1.0899072917478088,0.9549963239400516,7.395576609476234,0.1970066632290265,2.0435383530141373,50.60742232078083,168.84660943244313,1
-0.0348269365412419,184.3953886681249,42.51450146711782,1.7083591086468617,3.2183102203136915,4.023273821900359,39.66236536157082,1.2306979260412172,0.1163421736083635,2.8531995181456704,1.3108414098413623,1.9076932420342965,28.651070193661443,51.41688893073629,1
1.0535521266734098,227.35407582246415,33.705467883099686,1.9179315328291544,16.376554304107948,4.43557051815827,67.72650366187656,0.4671904160721127,-0.0132167084222946,4.3593760919844895,0.2642871443165568,1.7793862422089026,147.21832986093378,90.08752002875012,1
1.2671663737502803,329.5766123276521,156.5263531617302,2.080741068896051,8.766236389169082,9.928772218147426,136.2507999720823,1.0512365930759588,1.1359401995332807,10.778227282061083,1.0340700636582962,1.9864986185888704,32.83088783620862,29.114055142365945,1
1.0914450131114914,260.3714454525981,47.47341054870825,2.0184851719848167,8.31667563097576,4.615211098899791,66.06126859661566,1.0088338852296106,-0.1601166905438861,1.1091263491399177,0.994416274759766,2.0230733336290108,85.70309511553981,-14.219234610006543,0
-0.133392797453853,92.08519058947353,74.6414911975173,1.060053522868834,13.507757416679995,8.334616659270388,52.62983602162886,-0.0333496636921403,0.1616305139203173,2.008009424775138,0.2494589972107027,1.9377339307308743,82.96817198157463,4.078727533692479,0
0.2735454897548646,88.84585035445328,145.99743328557216,2.2385498854788346,6.990797602101656,3.639358595046179,42.93808246756407,1.2291021455046556,1.0127772566527875,8.02184934069357,-0.0727611690715503,2.235639879934,21.107709959467485,184.821484974232,1
0.9229868364731236,-1.1484802105495362,15.96823285340986,0.7319413485043869,2.4240946100555245,2.2078959145439296,-10.571941818604913,0.0603291654148825,-0.1435466070972532,-0.0134914889044726,0.154350732668287,1.9953970447189888,64.09075349788179,-13.012200577481783,0
0.9867928472664642,90.417684800983,2.2018387207213124,1.8684041552492952,14.325285845552331,4.588830346607045,0.6817474602065943,0.8695572764271657,0.1085275535818203,1.303125313823524,-0.2886004286047192,1.991880534738196,5.833694201479005,-25.142378134068828,1
0.1673504720961187,220.80235343472023,148.46531633745002,2.0361491637421487,2.9475316211055658,9.04482965852621,105.4233537352962,0.613510157370418,-0.2509253141134081,-3.4341144812440785,0.9533406128723436,1.9774996672923773,-6.829933331534193,32.34892434949121,1
-0.1008916340265001,143.8799989011577,93.7685785981776,2.081085548006095,1.8338113346098048,1.53526976695699,-20.214836444377667,0.0919458958382385,-0.201204980722275,0.0487511229063652,0.4308580759134962,1.969750792903088,97.346235471828,35.490523743065566,0
1.2365194184327744,301.5858074756376,73.62969919715147,2.339021335739548,2.7213853102815277,7.414340165640571,16.696046118114044,1.0509837535995217,-0.0787156565688567,1.60041042865207,0.1665315149401197,1.986393987743195,191.7746057101054,7.948946601976438,0
0.9400225398159052,247.192655169621,5.591452841612679,2.0621958014095623,6.002762264108165,3.7716443330333487,113.11421244913988,0.8072599198685178,-0.1274053390059764,2.02353136493118,-0.0336662586814685,2.023457092796941,-21.58434924266156,-12.413910153371951,1
0.7445261463984286,193.51796164312896,69.66556057709951,1.986095583682782,8.495727819903161,3.611053995283789,42.42126176698834,0.2769105919974809,0.0879403237625289,0.8266457618664123,1.1233853687030475,2.008814206731435,98.49101620878533,51.82432373971147,0
0.9659067620945488,177.22390738259247,49.725424976468425,1.273702469360478,7.111490159980968,4.366997988709527,0.1140795287799107,0.1316023030113814,0.3124248550463931,0.7882889209336694,1.3447182210871014,0.9269518649423956,38.095045122072975,15.212166304504812,0
0.9900619605403174,126.9515708957546,139.423133358962,2.0956036052780047,9.951521252584914,4.58245077412505,41.20364361586043,1.0387264449945763,0.0198549975353476,0.0711549707058951,0.064873349636589,2.2422985787116105,60.33307759296475,197.830927974776,1
1.028565024453103,142.84817039997438,93.82176550565347,1.9954842736961664,6.357315356155604,5.185112414468379,-5.025647884780902,-0.112293419043428,-0.0737622683923459,1.9548614298275575,0.8112205088160688,1.9644101835997592,159.02933936653045,192.9789802281632,0
0.944097219891506,138.11897036457069,-54.977421541204606,2.2187299187887133,8.81123314680926,5.502981576027464,6.745472365135246,0.7417512102657164,-0.0830307980973574,1.0184231191759086,-0.200694836217236,1.196903424396425,140.31142227405422,14.897373998938818,0
0.0186316222189216,30.797493162935524,38.691464384992535,1.2242839425865653,6.563333801115703,3.4155208078690382,5.144372195229373,0.4056376687075856,1.0602905762723775,2.77372694102378,-0.2670930415990067,1.9998602581740763,180.3939412704156,-4.34436524639662,0
1.0448591399809168,55.12724791995892,78.79228676753849,2.14933036498087,2.470492440131641,4.263039810382347,21.14243244150101,0.3776849782327117,0.1469529475844194,1.0711781749899894,-0.0107767593489814,2.066574653443805,50.86621857701344,16.51037275021963,0
-0.002449967978111,234.23876910282848,113.10660875631248,2.170607158429446,12.80372914606446,3.468715531965608,4.291437951136558,1.0757901471688034,1.3022809592827786,5.848018524792165,0.750515652104481,1.9684591410582792,30.83344184686641,-6.773095508097896,1
1.0172145483701402,86.89411089200621,12.031587716512972,1.745495134189757,6.6924556670325765,7.714893863160395,89.66885538717254,1.3437836623484376,0.7264822362746987,4.63347170837813,0.7926277370510861,2.056697146308787,103.58188478779113,12.799477838446684,1
0.874592469055458,49.58986459077615,173.14984063639577,2.1046463599404968,2.626676711443505,4.242382059794609,22.045999276743903,0.0826889892760674,0.3198292358264036,-2.3271682395026767,-0.1178022861946396,2.0705770122725307,-5.175186464826084,143.88656408854155,0
0.885903486163201,265.5287676874348,124.46856858221248,1.97531980004778,7.515947437963367,9.008124642748308,139.82714618672227,0.938930208588174,1.126987128480807,13.359446130917377,0.1434560826528321,1.839437865706679,-1.6869651110734123,136.31357793148817,1
0.3069432405093864,187.99547222391035,16.574545129922328,1.9495638819537269,3.805515585893063,4.180900807250807,38.23428123734167,1.0844025712775154,1.1436727631698491,6.885559420855138,-0.2331072721886734,2.090159632744085,118.56618059160346,41.88997089114406,1
1.040046061937738,173.45660658600946,78.9059803165361,1.034448760665696,9.304296961360793,2.848234967060905,108.152920279091,-0.0661020790231468,-0.032967881600061,2.69042615142393,0.8566221244615478,2.1613835378868527,124.64579251013762,22.873612819128567,0
1.1330381792743944,23.112927129898097,125.69206566648666,1.8926304044220967,7.950931257047026,4.263025980543491,-0.0745858408077637,0.0996365654662487,-0.416989036655915,0.9304429783402326,0.3980889415004319,2.0158072788296675,2.252773387802037,16.926933868940203,0
0.890737733719952,18.213767387384564,173.95160899146904,1.7730682836305796,7.627058955893844,4.19780829960804,6.844237953919272,0.2470025756285128,1.24059859276795,1.2727891647549896,0.0386661591491468,1.7773542997838927,33.82793831464378,-21.070903787122823,0
1.116466551496003,84.92433033190088,154.5280066016512,2.3292640505720907,9.664772984122346,8.003430385533004,33.21615774425866,1.080401546771048,-0.0849876780867008,1.5075583965417023,-0.0336490057344738,1.8110538372478704,32.1762080927987,-30.97906171007165,1
0.9232152038071088,239.0940612929204,112.07577919406909,2.263997118168372,14.269764685792316,7.0248956349180345,84.13296482931851,1.3298303123034274,1.3410935453220854,6.710508169837089,0.9236337660266054,2.174552831422772,-19.42133192293205,124.00196999293186,1
1.100308317153922,357.2222599612632,76.1171079768511,1.979522355265599,8.094766419327188,5.310258589812998,87.15750481839831,-0.4306574963606825,0.1114901251742701,5.147482328953242,1.1240476289000414,0.8620959866909985,136.19882458268935,-36.21285362421643,0
1.0841451182161297,97.11546981425288,64.37938149586758,1.9594608308102837,12.728849482976422,3.784862304360821,42.72164027315933,0.980331984787278,0.9517357757321708,4.617660554028504,-0.1782085264709482,1.968578883673706,-11.65171381598347,263.14819572069206,1
0.5752399258502496,187.83039208122688,154.50816404183183,2.07336176200935,7.695582181074281,4.10335198838406,0.7614066210810435,1.1559402520756632,-0.28661329391864,3.0022583491895345,-0.08156038298873,1.8324646169198924,67.4213100632172,-0.9567714748696616,0
1.0419196754472655,102.7717744101874,86.76017300211338,1.0320756140128675,13.01439970831229,7.867172641488112,-5.653091368609957,0.2620517283924216,-0.0400209787106544,1.2505420638003009,0.1143391923706432,1.9115238885280057,43.57329906861477,9.97425808873416,0
1.096603498283669,211.09426874704067,46.372428355506464,1.8617662743707852,2.535457297448871,3.1682802501896226,5.0252340197205285,-0.2067215296570903,-0.3094391889860127,1.353807702519845,1.0467530631402984,2.203140272416081,89.67136724492815,11.603777298600184,0
1.0158423849245557,278.4449228793077,63.235091225408,0.939811337363602,2.0148034403688326,6.55296504204826,119.0046209630953,0.4103580437350687,0.0906795103338037,2.1074455195101414,0.9176860896365584,0.9708171666314332,87.16337932977319,59.36649215780523,0
0.139414372737585,63.67453929744704,24.137940376879197,2.105627635519652,10.391193463090834,4.7288728223583965,27.11997973027924,0.0263630634980642,0.1042608142989899,1.4898485045207106,1.1078879817477445,2.0243654060128167,68.54657454401821,-46.281680877150485,0
0.872517694352711,48.068840892428426,25.406096636799333,1.3156820282778925,8.34192223941296,6.715019793614042,13.072410157347448,0.1090153195494468,-0.0247613921066807,-0.956717710406517,0.3503665408404452,1.8722145842981377,110.18906208798876,83.81285637668982,0
0.8160103726734196,126.10054927295994,-5.417254621793376,1.655619981595024,8.090402278820658,3.4002503413227174,37.669547840631445,1.221431002902018,0.8774442518708803,4.95193286558842,0.8682366387261669,1.779530847846924,131.27465073770966,-12.682154439329985,1
0.1563540610100481,241.50396539545687,85.53499730036764,1.8935702468734965,2.669492138449865,5.414569626856904,39.15617439803322,0.9159215951954928,0.1140222764856147,-1.1869793980699548,0.8659468867321667,2.012524719607555,9.342161831134014,-1.8318640388418077,1
0.0700917382518483,-33.80986863261529,85.78646465905854,2.2323546116549147,5.686656080109785,7.031913588152485,3.216906583451035,0.008515332392014,0.3524842435665904,0.2052018771297539,-0.0950392533165491,2.184977581945151,17.086379529843683,134.9849722910769,0
0.4409408611631184,166.87845424860623,87.10290206859013,2.0203984220151163,12.453462984440714,7.548698798897127,30.837808751726577,1.211210350470162,1.0749283505548752,-0.2973190792189539,-0.2442109947425094,2.179305480239969,8.414247678393622,-21.14708203346428,1
1.0019221511811165,72.11577293963498,10.653633040969623,2.3108473951727,10.769537970744288,3.810720935104502,44.51644313222527,0.7369550510790721,0.7948437266996249,2.1442490956352724,1.2263619989672676,1.996043470499552,15.059917380831289,36.63934747181953,1
0.0359553108248894,92.05107193434584,102.90898369319606,2.273399436774062,13.552180720457558,8.8583391934257,-8.713811623669187,0.8340248025655261,1.0288795034604952,1.9725247806280723,1.0564133540702871,2.129532951112908,-8.562477376146944,64.29620310059262,1
1.336650262642605,55.59209068971845,160.9815913485944,2.043230643274637,8.202045704597307,7.003577575270166,26.692061944971982,0.0441896984799187,-0.0823384415303418,1.5445363555314349,0.0042464160583924,2.092408661046484,119.23223057150877,18.85696317909602,0
0.1112524427887965,255.2742000121368,117.18946401403473,1.7092400292341774,9.3833320813478,3.6193780243510094,92.237162201847,1.0235418571760808,1.1154616057484974,7.659966442749555,0.996010762584048,2.133222110520108,-14.31025308225341,-47.66881588953937,1
0.9550609885983804,149.23800384051668,95.35426734372017,2.0062232493211773,15.105208975736542,4.064444707171224,105.89649283012966,1.2251547268021414,0.9765375230257765,2.68063168631639,-0.568047285261212,1.961003041145306,111.0366640805571,14.42825370144108,1
0.9667200482838624,106.4939873775478,98.24302526954985,1.5291971313620605,7.342844294879691,3.506105744950636,60.151704991529215,0.1122114938270575,1.2229737463359551,1.8511792869823005,1.1169012687702478,2.023388270241153,21.427758450521367,88.22388565853333,0
0.7362438108776533,182.1982286915276,58.26191576953512,1.9279323500884324,11.625017455361098,7.593511075419958,69.71170307677299,1.1764923274870944,0.8462899147891627,11.763428679864068,-0.0798422080693203,1.8753837353345464,122.13614544610915,65.74974134049104,1
1.1257852309838818,273.9269888209924,38.07715418837615,1.9257322166020667,11.046606669415484,6.690009299030011,130.09596651676344,1.110401318154011,1.2358180185027705,18.085531116657243,-0.2614713341488348,2.1500648913072813,6.054181266728413,226.41845048044576,1
0.9742356919129485,25.783231837314236,133.422466831946,1.7958986448623473,3.652286404302017,4.150279737089426,3.7748958942124986,1.2859873737212622,0.1797988378246837,1.467867624386024,0.3575763505340014,1.820974075815942,23.85747566378854,11.64463161307117,1
0.742900356675205,255.65860584407096,101.877648684882,2.132626900503559,9.19121907178841,3.883884026076815,20.30719143125676,0.0279547511661086,-0.1615907858846385,-0.849375965309962,0.8126212719807397,1.9241788169526055,-20.462244092163488,86.70895501106675,0
1.128492959124248,162.28580138928498,104.70214201176108,2.095682645178796,6.937160327408849,4.328805540488383,36.45565954962158,0.0738616256550812,1.1322721426092863,0.920074911794837,1.0103297316500073,1.925517801591228,136.28769256445224,10.312994343337763,0
0.9274102282775588,235.4278568463427,77.05392008990975,2.002303785214645,10.65537549681447,8.818331433806545,80.00636791165707,0.7919997523624152,0.7973176441841956,11.418937444996896,-0.2448484141061939,1.9941986903357607,20.94725317178483,-21.853723092685804,1
1.3230755834774124,176.48943747796557,51.99751701649123,2.232173041495931,9.01774514947707,4.161497355022449,31.12170587525263,1.0793128297051893,1.0119496780411057,9.899349387330735,0.9897968163243044,1.990477214086651,173.1590591348164,55.98310373430186,1
-0.2556833966637659,152.9587948075649,65.73577714797362,2.0191411868950007,12.427839495847644,9.176520576953294,24.35609229300325,0.7379216624773196,1.132828273742525,8.750800098174583,0.8850091392173725,2.0374820982262523,54.92888627502909,26.943658582971157,1
1.0604418401826845,13.996832879597918,152.7545771474609,1.6300073856530255,13.353957433097484,3.601654529746059,-3.608067017320522,1.2168882610996468,-0.2587721813413789,2.285147607013341,-0.1397119493172241,2.1912894115918755,45.82672874001791,-28.290787290774794,1
0.8115900175927359,-12.005233320066536,64.83650106874788,1.7543860098895103,3.3778896997689007,4.094603474334658,-3.801848848673764,-0.0542168992770678,-0.0039383108949197,-0.0574487910553558,1.1377233605715145,2.1715111885385303,44.43371743249156,46.09837628023682,0
0.783964040892361,196.23958374459897,138.3876565223662,2.185182817816563,6.9535674092060935,3.0968858730135107,38.22149967505391,0.9177782255501686,-0.13594951337959,-0.1603379256929065,0.9349682823134424,1.9877877523880425,125.95055587728464,-34.96657145078181,1
1.086584079731029,233.14024356236064,219.3928218603171,1.1264470512155271,1.5511859290245154,1.503277655459219,-19.39138689141734,1.0661367922703946,-0.0598849564609219,0.2214548845319282,1.1734949192961548,2.1766824473983637,34.10019367034952,39.20429446383751,0
0.8656594229504244,2.1648210966509964,2.167948043717402,1.1395417395487302,3.834270314885656,3.274600191804786,5.49969984691419,0.1028460675546981,-0.2342447839464737,-1.6547086230014705,0.3971380434150163,0.9232694694420462,66.46629160658293,-10.558717550964763,0
0.2121344908587946,373.7468644786576,77.25295394237867,1.946168702680812,1.2436781386822418,1.6202200604070658,14.215580773660854,0.0567201046177509,0.1158137293996158,1.1034267027007307,-0.1342933673546609,0.9687949520564832,1.350324591187707,-0.0076729142013647,0
1.266895590049978,110.97960111059191,35.54083319293455,1.8707259378804932,3.7573098513810494,0.3096832193010419,18.947929847278047,0.062214855245102,0.0726356550628989,3.19020130076395,0.2304497700244914,2.091411425943517,5.773831984811359,-19.214306980013557,0
0.2303584988376049,-25.50709439955185,10.744725915734378,1.8525472472655025,5.195498451157781,5.183494187608607,5.502301146485962,-0.1117201562520829,-0.2266273930505815,-2.018296921585999,-0.2493704367427636,2.0133722528472697,87.08207147893086,-14.282100133177089,0
0.956221981523065,136.17994240498712,-2.6228165785430235,1.1117143042627224,4.000242009153281,5.839384692280046,7.705796601474358,0.9920919750727486,0.9939788153668068,13.722053426605113,0.4351571978770416,1.885703925550393,43.10221022638851,-4.5433500321137,0
1.0479540346047471,293.59677729472736,187.67366062957683,1.84235889011878,7.095611675802471,4.334723553998271,139.98956516006186,0.8390297545191586,-0.0683025589710302,-3.3601635408187907,-0.1238525060821834,0.9373646297061902,16.192037508034062,5.81218244231443,1
0.1211893297624827,108.96658621984932,147.2256807300439,1.9527524608342943,2.1477876259755933,0.98300080616549,17.5084656359142,0.2627642912464025,0.2373019905627507,2.9440489848718183,-0.2066647688586957,2.057645298847414,53.79309824390448,167.08317726186954,0
0.9606310105564704,7.834668648172425,53.25825768577575,1.1178805552723017,2.4833145965763936,7.185908390373183,0.6033859776054413,0.2253610256026373,-0.4513316870249275,-1.4134724384664432,-0.1839240446257776,2.1745211293752686,50.21279534250348,72.29589161813006,0
0.0757099754596182,284.9753748324731,7.998876406051693,1.2582555542341547,1.3020217866953825,-0.3005552935901789,3.950671432071374,0.4083515415713441,-0.2547597781669222,1.0479338483971137,-0.0451068803220334,2.0114521245287964,4.583309849486021,34.1240984937152,0
1.4879038719141071,-20.334514021853156,122.14529443861232,1.0046058044417243,10.56217730836694,3.451730689906616,52.08643442391578,0.9494163766756024,1.3124664851848684,3.707394201977981,1.1865260429792432,1.7415257308558745,36.421467039849176,161.92937454839893,1
-0.0658301716490575,207.65123000324223,1.3448195273848569,1.8658395989944183,5.122847568427822,5.382481429719586,50.19406815627548,0.6728285495816861,0.1777378273747854,-0.1749600582442174,0.2172615580073531,1.9124044218811336,-8.977773680318606,11.01975456249798,1
0.7239848980224637,72.63941002281034,-6.0005368879122045,1.8185704773140927,9.235504053285416,3.960257904912957,18.36626660535726,0.8504112036066105,-0.0436652892792437,1.4855736622068796,0.1958875068631564,0.6864562070264291,86.65675690196015,5.622850088140417,1
1.185914821524795,195.83218389050097,137.82137059548697,2.061600975447113,16.622112347580533,5.292941596169211,63.223369476276304,1.0923776279301964,1.1566285002992172,4.972994098995175,0.1283737219767355,1.9123233071441967,161.87486715112016,69.39048661448311,1
1.0251546385978365,25.440232011342403,150.74829616824206,2.1225769174558438,7.553592118502781,7.176865544785816,43.1433168137558,0.9645832166145932,0.9947698171075132,9.729562206647842,0.1512701621665967,2.158838172742588,-11.63045372849284,206.36296827532215,1
1.2898489344854258,346.63227901133325,-18.04762068565418,1.914866548338801,16.67025101032781,8.192031288805525,-1.8862117170634531,1.1435150061990065,0.1993328555194981,0.0784831377719319,0.0437326662411531,2.110667019210824,-20.403460866962547,200.3587212253748,1
1.2027939138472172,361.61512955688727,197.27315283185587,1.0780368791069277,0.5455598243184525,1.7450217703743327,-24.593841642816564,-0.0670492520459695,0.6060412913601415,0.5890720105483913,0.2718070677304123,2.1069196233340954,-12.272031041010024,58.34184605103183,0
-0.1143202731806378,113.39171228715476,66.45299746105698,1.1967560891834257,6.881626373718323,4.016172255345111,32.55256025854327,0.0453257812915122,0.2004241386774783,1.69457582596252,0.0332290143057629,1.9048125093493289,78.99663677005887,-90.00357285735717,0
1.133382578679385,92.97609701209484,-0.4284589715134785,1.249458270770306,7.351254797675261,4.025568905566926,5.904891277159539,-0.1237998367991796,1.0932324328946217,2.139757280228765,-0.0820362958085001,2.16275210232622,20.804628465282043,-63.10801519906443,0
0.997109173395586,33.28524950873012,17.356117177958794,1.9752511322572788,6.82466126996235,4.477671294163224,0.0708645079514838,0.0976767905600868,-0.0898136258665388,-0.949823269501718,0.3457866606590756,3.184725071145447,81.3029099297071,-10.268592120072988,0
1.002018449549923,175.90344611327285,52.44758162271414,1.9227336043342311,8.178309046600784,3.913566989804645,31.589454992207607,-0.1031484138645534,1.2177506532281264,4.089480045777048,1.1116692196394953,1.969242033610378,175.57664151125243,-17.69991749816098,0
1.0892298930001862,116.82056672426948,54.26559721560824,2.235596587746673,0.2873924883476739,2.7861467546321608,0.9721218184272402,0.0815194273622559,1.319960775615924,6.21129370485871,-0.1997593102097777,1.9868943089519628,60.34309967912485,24.344782627399603,0
-0.1215626302058431,66.95578868823686,172.26007418448037,1.848811915058508,14.35910642979404,8.236922565338888,49.87662527247743,-0.0977102457962645,-0.0367986794265883,-0.1506737591466307,-0.5284647167691012,1.835412528361514,64.60007292428226,-63.37183401129493,0
0.8291086167914139,224.1703045513872,66.99530393657935,1.1187071011961631,5.557384453332263,4.216872359625724,-19.9044708951649,0.8068493464834918,1.1117495896984535,11.034184831780124,0.4631063637029079,2.148441896577265,109.52086062834049,-22.799804008996567,1
1.3840810728167416,280.7814846006703,245.21761359571093,1.7508747636890156,8.80395221226942,7.245763679719128,6.2584155683069405,0.7799856226046517,0.7876656579755901,17.786690096346685,0.1549207798041291,2.0849762084635914,83.4260330404941,40.07546331672744,0
-0.2516089551634318,261.47113390855566,31.368479911757284,1.8636737134400427,11.116196690553302,3.654517128640848,19.836215426186037,-0.0322903714837172,0.137795841844919,1.327701547289942,0.7205782156027181,1.989171916199236,70.20682147661024,-2.1416607935159035,0
0.1389110735741144,253.9590208663001,-10.22854535169826,2.0663223612248194,12.214726176117356,8.116343194231359,-8.506438712358879,0.9496177239798812,1.1414807246608931,12.977123882098,0.8428864267220024,1.8604641623376992,141.29078794667015,23.30189676051359,1
0.9997907716526202,56.97765248139564,48.39807925463396,2.334277200172968,10.320129599646892,9.458078132628188,-7.807934251952815,0.1822341870651679,0.8571256164739012,3.361688019549932,0.7463105440912001,1.9230271183895644,118.5254847269198,78.10926756567592,0
1.2794838772722112,202.2486965693328,103.06527975107328,1.8433451615795189,16.549075054207023,4.427082967391343,79.39723644028552,0.8664898083982595,1.0508145456289344,1.3052580616053182,1.1394394075778045,1.8861068556971203,106.83649403668744,174.84330874598976,1
0.2734245168174854,126.79711223622914,203.65665442270773,2.1319248503701465,13.054908683923133,8.579796449592298,65.72064294994568,1.4015290459209109,1.2108811947391231,2.1783436881237064,-0.2051962182553924,2.060294199433413,-4.132977524380898,222.5886554599304,1
0.7734695107364364,177.221836969882,98.4177551764733,1.916383784008344,13.00154170705466,4.0965367253942695,43.2257720193773,0.9538884955489916,1.1573668788291362,8.389893883602603,-0.044787279685111,2.0193975481414315,106.67644656049764,128.05637207079295,1
1.0472534004094685,238.2800491171529,86.24044279869831,1.0535388767030731,8.408171282027803,4.19439222149539,72.9671947049491,0.7723594010734961,-0.095232062177023,3.3185522601818795,0.7684066484713854,1.7471897976729855,-18.344886105588927,173.84584599388495,1
0.0468527416839901,95.5423441206551,93.68721930827104,2.297672516299292,6.140502466909791,2.538515256555321,71.25061778728939,-0.0661648099026117,0.9740562584725992,2.896889605621264,0.9090445608262208,1.9678887022374068,96.15312599968632,53.706553142135,0
0.1931706011576911,136.0768397541817,56.80189633419947,2.0424049399366457,3.596769207490917,4.438727934086287,-19.520627304312505,-0.1567869675745798,0.027349199432582,0.6855763622976845,1.095184080278756,2.094280820729192,12.223922436316172,-5.226174317162112,0
1.089620235575254,186.5802819127188,160.3620631346273,2.0908585720530124,10.02603007846032,3.88569174680614,66.05841788822694,0.1347992143299727,-0.1118441853303577,1.877141664969683,-0.0436053407920115,2.0284310854922385,132.70387961351742,91.11649832120948,0
0.9512489359850014,253.19965945848625,159.5684532322042,0.9819576476623088,6.007912158606128,3.81153704424114,-21.858092122789472,-0.1604751638219631,0.1090744792497423,1.6377961052377077,-0.3123024442266149,1.9134855578459156,42.269164812795616,-9.619428354294207,0
0.81953081586081,110.24033390293252,94.39913037305664,1.9473967277035265,15.465055156555806,3.4271036778711013,99.20499655680403,0.7919762239219894,1.014401840827935,3.907870159040046,1.2254706255424068,1.9498049933474988,48.23920076452693,13.23817569321958,1
0.8127113712355627,180.30752073523217,4.460440134423024,1.8256655110037567,5.00274374096092,4.8865343015073055,31.45528658330256,-0.0190490491647977,-0.007119768579285,2.033502874174307,0.4673742126615793,2.024477661860593,140.09636128963996,253.1797441306336,0
1.3559746088749982,263.3215193398414,143.2117509490003,1.9839619218379148,3.1929483005486894,5.291045134150362,98.16012367951429,0.1700739211741254,-0.139959484656963,2.5626013603821285,0.9278896073485592,1.9415049334627263,62.76069041860492,1.903252083082208,0
1.1560963776746298,238.0603002100333,5.955319570495547,1.969708899075084,8.58935142472116,1.721233464331247,5.389090582871525,-0.0226464061685695,-0.0100187190400983,2.1393509724578137,-0.014900860866751,2.863815311816803,62.3915883304979,2.9629557005274734,0
-0.1602014029178529,35.04034209711581,145.71437172743515,1.9578727786221533,9.072048957238843,4.05675156613748,28.37971210136008,-0.1196364036742613,0.8901379255630968,1.808766217856224,-0.0089198475893648,1.9475844578802453,43.97561515422136,-50.73142466715489,0
-0.0119129565441603,35.172659304013564,-2.73276351126394,1.9560238927584672,12.257644311154802,4.183964503277658,29.4166410823788,-0.2248025577580173,0.8085448839779146,5.456512162766423,-0.0354392752443533,1.90746233280792,112.39904707562202,144.1884943113415,1
1.2556036371725492,194.34581616424865,61.38794487546366,2.171125209494132,5.429747666476994,4.022315433204286,-0.15434031924201,0.9581632986679072,0.0772814960866297,3.259546327891742,1.0361345045103785,1.891138467647813,113.20795298721023,27.76582269053772,1
0.8693395671636525,202.8467682630585,33.04190575791651,0.789117924807981,8.925690156332081,3.2900316461018653,-7.760328326347292,0.8439299044541148,1.10336905533576,1.6256752146994649,-0.0355879955548738,2.071298370478157,12.379838941629004,148.91479672719427,1
1.0479274256172797,103.16788875392714,78.80273015667223,1.854689047058324,12.264720177489323,4.165441925711487,60.18609491831208,1.153973904631096,1.2508480671599835,1.6177214050545232,0.998219550052692,1.7939261364668706,132.77918359024414,210.45253337603015,1
1.3170394159112524,24.00163061776973,152.60254189082195,1.8224304250587484,12.189229091171596,4.531217842916286,5.144760091190484,1.0104619955812617,1.110073302675362,4.004786819301753,0.2564423933335764,1.958304688746872,48.82104349191507,19.036016212932708,1
1.0056187282083442,13.09982456993211,-1.1031523681605648,1.023933683653203,11.337213275240046,2.755861593704837,27.228616005419084,0.1367523788177922,-0.0728499696863352,1.473553577276572,0.0374911712984233,2.0719521161929064,64.15563586853932,-74.71624468172365,0
0.8552770593908106,41.00868919845135,11.575279577063029,1.9027664549131809,10.61827148380858,4.500741133310037,32.830090455103615,0.4530408513679339,0.7960329996666105,2.113557550056553,-0.2344075172270552,1.9071238519729383,124.3770613178185,60.282313423327935,0
1.057441978242358,97.48610972744731,173.83719705659155,2.420464779487444,10.921285921013792,3.4257830966557026,20.02683670289115,0.9571971960315502,0.0288663803170298,-0.1307937030958079,1.0874526985785586,2.173435344931272,67.76790545106542,-31.780492934620547,0
1.1002110602256034,58.67543720459493,158.44350753696295,1.7306015814163715,11.571926447451704,2.598572986445806,68.91683397384018,1.0256966395638014,1.4723502022536077,6.225926634529182,0.9795402487708496,2.2147849299320708,53.97719903394,119.77020764458402,1
0.0879071328469454,158.82079306175694,81.54377177013426,2.013856511435858,6.849018782293064,3.314596146900897,18.168788311653632,0.08889266247236,1.0900983042515606,2.452904387976416,1.009207951246304,2.0831784475295305,28.24966431162852,93.47749818696032,0
1.207965918898545,163.89700787060502,57.77587062497508,1.9902094897722449,5.544633184792384,3.222796430876907,0.7775451465145267,0.1115895939958973,-0.043839439527267,2.0441307350254494,0.9972803012058536,2.0838057099614486,64.90623171577839,0.6488570176577824,0
1.055841970215234,159.62464415522285,111.80449410081064,2.080976667954939,13.405882349527694,8.545497349074756,98.94486596756909,1.1339000619931543,1.149032229181501,4.2623994587826415,-0.0439228975710269,2.1827885406682968,96.18429697302209,105.37037611533924,1
1.1630048110077758,250.90298784527312,88.01036351038834,0.992310389297284,11.931263751553878,8.769376149806451,109.62184961195972,1.0683270934895217,-0.1281247455637341,3.651593123273184,0.8253074912343838,1.959697869225548,62.98207324057305,-30.735477202793756,0
0.9597977850937536,187.78590203796023,16.320919587879246,1.969597828256481,10.133679237431965,4.481625012011331,17.6951093484206,-0.058806202064547,-0.0902680445967895,1.7057614591546768,0.1217366108821102,1.948139716694879,52.5801458825549,34.46375325021276,0
1.0086533598691023,164.6000215801438,109.83311886697864,2.108434820598193,9.070129789241305,8.948133345114,99.5207471935463,-0.0254232773126178,-0.0339279421536966,-1.0814517310741678,0.9474685461398056,2.159615265163298,5.378103157032186,-38.11242429395744,0
1.0237995240889963,137.4084994306408,26.04748580339423,2.1581147632534066,4.361701284832419,3.6254270088565663,3.4020663743293227,0.3842522415427709,0.6121481116206686,4.844852433955267,0.2903066867810809,1.9062382773046032,86.07382778842374,188.63932004428943,0
0.848813810159699,155.1106315616702,114.70432696347216,2.3644428000011666,15.045763297711192,3.795085227444535,73.1284426690553,1.177350219953594,1.2220561794411062,10.446015932497284,1.0068113512418977,2.035905005730908,11.217186484831906,-2.8667942951810943,1
0.5771113755115387,107.16572868916997,77.38912578277754,1.1210204952718126,1.5145620329566905,4.646499493147035,73.6499177659741,0.1293834310924196,-0.0344671349070821,1.2228984390041386,0.2167211945100739,2.103093498797896,66.01678229220077,91.5319921448706,0
0.8576194296814214,86.52088339022515,41.60592801651923,2.0717636099734555,6.055926051324417,4.680627900452029,2.380128621621708,0.1264353940250527,-0.0021052712724284,-1.2195559396429578,0.9369842722919116,1.0436385266376478,109.30718424268818,-3.096676987212348,0
1.1165321446788283,55.65613590112801,-12.748388867817807,1.8140553514489703,10.910122840808508,4.050874122198624,79.44970087487097,1.1164238830559978,1.0161339009407988,3.94776598100388,1.2200551058482965,1.929518045386309,-1.587771976644028,90.34949130535163,1
1.071537555856032,405.476857050959,111.553215229848,1.9585084865127464,9.988353140394029,3.631622760957315,127.0491869208348,1.0943885330005143,1.030138485322103,7.285677943052441,0.0033382852136147,2.3797985000258084,3.7918504338657257,6.674300371864852,1
1.3795821642733457,186.79371284785344,133.15926571692756,0.9908372138040744,7.954737764496913,3.5349089789878145,38.72979818115791,0.0635313066324544,-0.1551957041492515,0.7983539692659818,0.8784120711142063,2.2746686115942336,16.34476402754857,45.8997191283848,0
1.1356039108959122,76.15781328884374,62.53668481105137,1.9875522876871543,7.104338306341108,2.488581449761521,56.931936962048624,1.0371705307837424,1.1103378217260356,-0.1569166030416662,0.1285467777664216,2.2453919492214127,33.447145484598195,64.2081944714288,1
1.0123294686011608,44.74901696898846,-13.830632868583024,1.7822715543130208,1.9286201634651627,7.629230556804373,8.044303149840538,1.3090849687681352,-0.0162913012118404,3.0480651992898067,0.8937270136474105,2.0292357318229675,-0.023349045218616,-48.32771092017226,1
1.2997668077161095,163.99835449965283,76.53519116927681,1.225112328195623,5.641092754152719,7.003252323741767,24.7478484139006,0.8413436374557133,1.086999008445535,2.845302824083427,1.055059281598528,1.831261248560792,20.386230919847392,236.57934891205144,1
1.1122659003741115,253.4027297903474,153.19851728128793,1.9039653781382488,9.628283761023036,3.49742475097621,83.37502533815368,0.7416615456436835,0.7955255750013498,13.082865900526937,1.0733568000805749,1.7966688809449012,10.173307450400124,56.18990075081721,1
0.2066654660699707,-6.218016137222918,-3.9014287943829657,2.16822053582348,5.2074956623218,3.9699338260577695,3.037791413910071,0.1406865296289012,1.384075158716461,4.16304460850696,1.2913251328882416,1.8989427620836523,111.35940149808282,-25.405342071635932,0
-0.187583932482881,252.0248750860929,106.0103217814806,1.7609703122312643,12.72212361338808,2.810165530740225,121.2281148139675,0.6692817298022908,0.1046488552898633,1.60950073445085,1.3802392016003209,2.1012687819543467,161.19863052340432,24.770614256911315,0
0.220964626299113,217.9653022749345,82.20436502074155,1.9154841874889943,7.145142989541683,4.55320006316635,68.71602251714715,0.1302093742708765,-0.001740367508891,1.8275835763279429,-0.0834732764205697,2.266316005541622,120.0768688362668,37.63898114229312,0
0.6476667392404825,188.23513402968723,27.320833226473965,1.951632376894964,3.63661664994985,4.388611311080101,21.33246628420629,-0.3252580935770826,-0.0688987817641126,2.232207258809314,1.3363161126362395,2.093416286473865,55.91538906023567,-5.751881114562757,0
1.2481759002459127,150.49360907825454,146.6388721588951,0.8381492796178034,2.2964275268717342,4.350008125742779,66.7225580277773,1.093771127087562,0.4497988392198832,2.0319580196325573,1.2936396950276705,1.0218470756787532,30.649364049589728,12.07858020397076,1
0.0511694800571513,261.8278365565509,43.47418391276096,1.9440123542408592,4.518128535827927,2.8820827278744474,-7.182166689933446,0.9114929040782748,-0.0078574148420935,1.7135001931801803,-0.0606698711511518,1.951072113582768,33.70362659844001,92.18405969145816,1
1.2239523070626253,166.6707730546929,15.834684424453258,2.1061109702307443,8.817622384834406,4.2463835856719845,45.25206416736212,-0.232714952200431,0.3975094985629555,-0.5471686349744536,1.1493142653760906,1.7984655869416313,80.83969283014825,45.061033973635865,0
1.027125487946241,138.8248777870396,52.51938170312275,1.719689250612245,10.076978563042218,7.38334584288781,94.89958765758396,0.8758583965483193,-0.1237801487597173,2.9562767882543164,0.1980734225410713,2.0249227587249727,106.04071058045685,68.61553895121703,1
1.319731998074765,222.07393035207969,36.95679917064792,2.005871765244169,-0.8386623898817422,3.1359924379149047,7.529199221217205,0.1689530871933935,-0.384163650755588,0.3853507622641845,1.201222465082461,1.8266404755951104,82.22766541262047,2.917017229962489,0
1.2561434887792935,59.104980660664765,-32.90549460282027,2.00982026142055,8.29548824636472,3.17636767263612,6.1417113012737055,-0.0721259969913624,-0.2657155036116103,2.0828333504168066,-0.1123460104121519,1.9514626435367664,108.46694997848718,36.89922844561952,0
1.0250397287388608,293.10487841475924,165.974172602399,1.8271451871596769,4.45347711817744,1.843427805811999,88.96559859735564,1.234170350732409,0.6083287865974424,1.8754978103063875,-0.0795755834370553,1.8353462558641431,-3.3645894906881963,231.9757528274699,1
0.8088513831477014,173.71833002617444,10.216246740437,1.901339438030905,7.414861382782119,3.900340468675194,105.71220948308908,0.3973728658032024,-0.077622462210755,1.5454961804832563,1.092728630437935,2.1149423998855026,153.12143978520487,-3.8134511378386255,0
0.790427075720098,82.38346797987813,15.76584294537463,1.1050416841508564,5.291590173689253,6.818563545517813,16.630549196745132,-0.5551359679644641,0.2423400107414104,-1.9402725602128208,0.1680720362721874,1.893868713960968,117.3488049049398,171.21934169914906,0
1.34124074041841,-0.1149159229992449,154.2192610088008,1.8871497547650984,10.963977762774128,4.47089751470262,-0.7535726360470534,-0.1043353119427653,0.1545867412781512,2.6974893850865365,-0.014093063954172,2.0053339216759927,14.989105639976856,4.8296590889928765,0
0.7917680407420188,300.4640425598817,109.76714438338936,2.082017054583196,9.525906076665173,8.483633046099543,1.7486236421542216,-0.229145723128705,0.084855206002484,2.824468915345596,-0.0157847454550363,1.9757958919451832,7.888739579702864,-45.941115783836885,0
0.9097182459237756,158.77484705726144,155.9639615280667,2.1721942474617384,12.390267170670198,7.789472714258338,88.84244397464312,0.7099713193732865,1.1546973654407604,13.791872321946045,1.2562892095413003,1.9748187983560368,129.38464360480248,154.94100285386088,1
0.9743581745328947,76.34472218572115,70.46430280241708,1.8985991443932893,9.32709184244725,5.410739177052824,22.715391058528127,0.559935483826817,0.7004440514321333,1.7865799961250448,-0.094153636572853,1.841817669320063,88.87443211280652,10.081453773027,0
-0.2611638465204622,260.2481137077806,188.8288517494587,1.628995951034648,5.945290483473124,3.1875146174340667,54.47107941011378,0.7846846536329026,1.0839538081868456,4.031167311551208,1.279081966856036,2.0008043631919405,37.821082088214126,-6.173747693021539,1
1.0403049020411663,50.44285567817056,110.129783481804,1.0394318380608665,9.086999445396875,3.4895277858614198,76.59517393494443,0.7901420581720038,1.0846242703832023,1.48358130092944,1.3506639991836442,1.8920893284467977,10.436824276818264,65.82005396517208,1
-0.1369885892901136,112.3183397718142,144.34691099357866,1.1305641788657543,4.489363174438827,4.031239110669759,81.76745369439602,1.465060131399862,0.1247538858289366,0.0438858043070871,0.1365248967170312,2.2553805231443085,7.938603205660847,-23.47995082196035,0
0.8656335530996772,185.66383096177623,0.9789097961421476,1.028612628147834,2.525797882142321,3.08054720591338,65.0141192208701,-0.4415133193023858,0.1117559726454131,-0.954804123187909,1.026420105586123,2.0443103068871373,157.11141794531778,-33.98504816749348,0
0.9557103340479962,63.55951593338915,26.024426328799663,0.7755010661905198,12.894815368788446,4.025137279231858,41.94111199976853,1.2451941203981791,-0.1682462233532026,1.50500937004445,1.0135458832658093,1.8140680567786465,7.668255037733331,21.346097693806072,0
0.0255572566980224,79.34788444679303,42.320948108356696,1.046030500174702,4.214589403945031,4.340423987347494,45.13917860718986,1.269743458194822,0.142152753031493,0.8619500785168155,0.6136217756595816,1.8420679901509809,143.66328610259683,-21.947895653481133,1
0.7904523043213566,191.3204647057691,32.01608165328219,2.0164060119269185,4.413075373642775,3.2168579289143984,17.986977098904788,0.2423157298502518,0.2194918996208574,-1.5672726012703544,0.0600970145594108,2.1212916957088,46.409192796952766,61.77031896487875,0
0.849340270904666,-18.527431663547844,92.18204074694276,1.093741304204435,1.3410592893861404,1.7686123014361872,2.275925665090704,0.0783178280368424,0.0601259185366611,0.8523829997360299,0.8942113642879439,2.2644552449519995,54.66299898713637,-17.348369220983194,0
1.0161171680493273,225.1457911314322,133.2786167350391,2.1819656861812087,11.083470513739345,7.835597181338332,138.88048911416462,0.9164363318791902,0.8864773915618622,3.876247820561907,0.93897632224219,2.1319193177361604,33.912992912351,170.0379832225086,1
0.3702018914830335,92.51748358167691,121.44756997670136,1.4653057584874696,12.079229293270172,3.9233805145311007,27.572319338177536,0.8240459433944627,1.0693030098993803,7.3645353049849085,0.91082399911208,1.9491089444140837,1.4660156916206972,135.76851446653149,1
1.0666625547941422,78.68990564570394,196.49183700882855,0.9896701166628716,6.018518548074949,4.523056603213226,-8.562104537002327,0.0080586008520193,-0.0617942703770351,-1.556936466198323,0.8165603719989829,2.187304351622231,45.09687290513007,74.540573104637,0
1.0215131486213744,174.0811530795606,188.21015457162616,2.2111615223412278,2.011769113394545,7.908153122725107,29.454873707983573,-0.1954776188191008,0.5569466564091177,1.6051384258563708,0.07589628941766,2.0627167176416905,115.62696043096471,24.02784093134172,0
0.9754705790375836,113.59581217727066,34.50249927894632,2.2822485062198576,13.302034409143516,4.101336993418287,43.98494106518293,0.5869003806727149,0.8966803636824346,9.587816219759276,0.4226516253633526,1.883331380382312,123.3071891603679,232.1440215422864,1
-0.1263188397962689,57.96844552562081,28.25357838330183,1.736022465084631,11.573718903691727,8.081668098182952,34.858988095484705,1.3173134297492366,-0.1231276696417256,4.322427038087522,-0.044926723425186,1.8474749688193703,99.28978505094028,109.72760694596636,1
0.6890026825554862,273.6390989092778,12.492189383415775,2.168578162752693,13.428803923755456,7.2070833468947075,106.16273998973872,0.9785163920471698,0.1096955078230284,1.3719810585340393,1.2384210959291433,2.0090056143870774,51.90327856509053,268.8482735146971,1
0.7582990380138684,68.80136912333924,24.52532024899341,2.2089419522450786,10.379110594653357,4.620777268524309,12.171748183156012,1.1496016349647349,0.868057704808203,7.7529004817276,0.8357571975401088,1.8508519554427392,36.15287624501234,219.39044916395747,1
1.0577393785440412,293.4929355256612,12.944270699705044,1.0349313595958043,0.8227140239671691,3.5643934822370023,36.27989930458487,0.2691747088890005,0.3563952462902784,1.7226718926006528,0.9249476192315064,2.297729191238466,130.11303370765128,-15.595462442798798,1
-0.1630116179113835,61.86211817971986,82.07595291335572,0.9676402528213596,1.4737534541987758,-1.7145235518164288,36.01366666030515,0.1131598462356213,-0.1178828004297724,4.108067307335505,-0.0692403130049891,2.015827927302795,-7.985675849144599,49.00182899517869,0
1.2843409985095702,268.3277942092578,124.27360203740668,1.947204723518119,10.11450658890004,9.359182252257302,123.13950738403608,1.1608029055796254,0.0244867201945668,0.0541876487798309,1.0021888045308125,2.171513086771818,37.24234323631836,-48.730174254591226,1
0.7969728840394286,134.84463431068357,92.94419681156111,1.884027679979239,7.132453099143946,3.939319071503269,30.693151226415672,1.09663618780735,0.9988586692004292,1.855424057604963,0.1450420835230612,1.993674692398596,22.430165112532343,-19.56472380543321,1
-0.1470787591189393,51.238996945666685,97.32714045595708,2.092729714628687,2.620293406258729,4.731233311409207,32.0852852372628,1.2122780496200785,0.7778458323796333,0.907031801748812,0.0759173534067865,2.13980251106,83.74342301718808,84.20197416850974,1
-0.0560787276192669,121.09162701380978,86.17480854813776,1.9285766316062447,0.597639404552953,2.8220946608573008,42.29201458737381,0.925794704115518,-0.0168393121713427,-0.4115059265443368,1.12968727472731,1.9921712141072216,112.6416262673576,-4.314827999121086,0
1.09565154199912,344.057310620904,51.90976499695133,1.7412678567359416,2.2097938771960357,8.335621764321061,83.97943644475582,0.7204200037511751,0.0762495780780044,0.9838468025413944,1.381510070900206,1.9697547232733896,128.5457999662977,-35.817712697024895,1
-0.0485108043223488,82.02423552245071,171.54553134805084,1.8312092734893013,6.740461518833394,8.08656482194019,51.06516245749665,0.6172991902920478,1.0550788752095608,2.780999063239604,-0.1264172022303328,1.9564731871329568,7.243011650760664,158.48952299092647,1
0.3535657583703906,167.32828350311337,122.45128889717051,2.1518567673541926,5.135148752070057,3.671020411463676,96.9577357294539,-0.0537482023960369,0.08676688900089,1.5510090987882172,0.9237388050135792,0.8412304477670645,34.69759010686249,-4.935446411063154,0
1.2651331028729296,186.5797161517424,175.3731977745356,0.98032513430425,1.7503271769468451,0.8003403108851352,-6.761046115915946,-0.1307139396984283,1.067076646328337,2.422603371020847,-0.0904303650689736,1.8404226808106428,54.43221188580261,-3.2657987295326265,0
1.171986265122111,256.71818919240604,160.39132381864792,2.0024735944663834,3.511616381862066,4.586080264263724,21.08450075444192,0.9793205450273404,1.3510901779651991,10.725423013444974,0.1480396748950588,1.9928732813944243,-5.045763769767326,181.37314940437315,1
0.6304429415241528,187.28405451798056,88.32767264268175,1.7789136913347694,1.949244796585168,5.042805785567916,87.69261493233476,0.8171719998554046,0.0805928224486473,1.6241690675020637,0.7700816187397952,2.0189248101997195,83.86003228967927,23.579362953745807,0
1.1544203257927763,35.37267164396438,38.166448076627965,2.0096159984425466,2.730407716812267,4.291728768487938,2.813807823702632,0.0809093129509072,0.4421592407071431,0.5639591762557536,1.08359607007949,1.1502273321970993,119.0339023078008,1.3404432558646633,0
0.8667618723331678,389.0720683639935,73.38122962724604,1.7855322425975797,9.044791105346349,5.3307952772505205,22.165124255269177,0.9919402042392028,-0.4344015186392479,-2.261388510765964,0.0257903078412957,1.957233503095384,-19.399002202961768,100.90417632055927,0
-0.0891535738493067,331.2659868050532,110.70223383148058,2.137722908146567,3.2189632596028206,6.025749786306826,62.71315918017972,0.0934223361743507,0.1001088135055808,3.421476043345555,0.65988054234969,1.9452483664990636,36.65231617010321,45.91902247012677,0
1.1223279809556743,151.6922086250743,183.6331871149814,1.8403063610298127,7.721812713948927,2.697600910117253,98.44072999825092,0.9833282012523894,-0.0870684867875448,-3.7662168693702434,0.7514193907893849,2.1338716161229785,137.73984816340516,125.47769102464584,1
0.1355321725686445,226.3717796295133,42.92138938971453,1.9400777500313908,6.812277580923356,4.439368109398222,53.19244150880143,0.8879408854305979,1.2195422380307197,10.576295267115697,-0.1162916422745839,2.1954523040954257,17.022464420787053,100.59734479883414,1
-0.0179073859583226,214.5515889101507,22.552158202970297,2.1054756151505085,9.032486398817763,8.397088042366017,64.2925466388983,0.871387411278197,1.1691299360703242,-1.5513487992878403,0.0690907598251096,2.1934230361347424,136.56218914059968,156.3265907956421,1
-0.3246501538810676,45.51327056901015,165.51171949591966,1.9364904678961223,11.4296178202551,4.8911835849468615,-2.77824424326316,0.1733683617295102,0.8671874022848611,1.2298208116065412,0.8406984989035067,2.0409252950085235,22.36069970958551,63.6502414340215,0
1.1088734468046175,310.3482290326364,69.66918732783797,2.0754791897070013,4.567486530516569,4.349591646858853,17.023213554683654,-0.0592503696344126,0.0131686486446175,-0.1246623429024365,0.1972163328931334,1.859265088117144,71.43177664813203,-4.539736488211631,0
0.6555195127023061,131.83324133009413,-24.229976871911376,1.674240800107209,9.172222735823116,2.213927059563281,11.800396784763445,0.8926768434964669,0.8354981307908518,2.639246466702207,0.0608997405323282,2.1067540532699964,83.87899179623612,34.1485296653689,1
0.5064857366470774,41.26273679540107,-12.597581792856433,1.8354650155981815,10.847934879210952,8.71335367725916,39.58558200019291,1.0343692068335952,1.104670237844469,0.8839451530050764,-0.0486517577111536,1.99759993567064,-28.223552576544375,94.25587815026844,1
1.3514556667481337,66.52884682896897,19.64463547094604,1.7631037843218136,7.306575557463971,2.464602109992323,73.34185388423846,-0.1170366562477008,0.150015276898127,-0.0488649308157476,0.9097965878830936,0.9706718368810696,24.68269701772796,-53.91333680270616,1
0.635807709839997,27.40331974246159,144.80915859378382,2.0714531597173744,7.791357246513829,3.708730099282156,53.26401063806841,1.0569798099162755,0.8719628807356847,4.060831763909285,1.07636258722959,2.2052238167020635,25.50507137103766,62.29130664147286,1
1.16326969522513,73.7898008592676,45.97222021798886,0.9664708463548198,5.964379368199182,3.551828943664354,3.897677208378028,1.1422929914428908,-0.0813982954500337,1.835988666997195,-0.1619741081317198,2.090659921906212,52.30265518788757,26.74721164279272,0
0.0087125708700118,262.306674769831,26.544746733154568,1.849479042784573,0.0470528986849059,1.3941379185215212,-8.06285975969368,-0.4229930387786541,0.9894642606483294,8.613016097476034,0.3221123031776217,2.021115264465372,52.30251354397743,-1.3001207021799743,0
0.0896337279786987,85.90337734040759,85.99075317526736,1.905739165263678,11.060665133839546,7.951012066332799,63.2249328170586,0.7951847762285391,1.2012480161971328,8.751999561744523,0.7375471401289055,2.1443131964797097,86.2116293751138,222.11023032795168,1
0.0058259240242287,31.33699672670167,137.5900900410581,1.9329922642675288,9.107279382522602,4.027400365920146,24.77578569830743,1.1601866381948356,0.8067846403734891,6.648077784491713,0.9411529128869284,2.042771387088924,-28.090459991217717,150.887113735716,1
0.8903922329129303,198.3154791100896,87.72818493255942,1.974000464215089,8.636881953603934,4.049307113485771,6.603055963545828,-0.0815787606409591,-0.2766697596057836,-1.489242665409023,0.1301865924234826,1.9669513340769933,65.00413101925118,1.2471474920200123,0
1.0456044606067572,284.6961635061016,170.02888494294888,0.8646448447881453,2.363427713907482,3.625625106873159,20.47183203912176,1.1482263231164327,0.1618782478093863,2.53018434310844,-0.1212391145660546,1.1408613602630346,-8.104960300312683,19.98874920178951,0
0.9038433960305762,41.833331550406925,-32.42244414732208,2.2212517152553546,3.0553643956752268,3.361775241153147,-13.13436485456682,-0.0408279098432948,0.3489747676154444,4.37641782401802,0.6690022309189319,1.9576652345777312,78.91951967948015,66.71807122033901,0
-0.0196171698349413,324.55271760639584,226.28888871072053,2.1005857254026146,4.919986717908502,1.884258446758758,37.86130651099377,1.0634137840980085,1.0231054733202407,16.27515242412794,0.2611583430512932,1.9284326732210644,-4.134038602960757,42.32661126943888,1
1.218022074439558,203.9122117665461,30.887340224072474,0.9802751635910282,9.286211702910082,3.088499047973844,59.77043637953061,-0.2815705859559053,0.1201761197484568,1.2676187520977371,-0.3279917035383214,1.0419784640854308,67.95759679117984,16.00541923367404,0
1.0789078304746271,41.68895757611112,125.30304564196048,2.4018765854745605,9.443436221393323,4.25808804238704,14.400544441698614,-0.070229300087008,0.0492611467666133,2.364745908762941,0.0635931029307149,2.1503868900131917,159.24820406218691,-8.651801301626413,0
-0.082433591999715,281.37057662498364,164.79919312874932,2.103644962403905,10.08848309669242,4.565516186653027,71.83945383258907,0.8856098840949842,0.8953318375724677,6.2712144068652265,1.2024135436972248,1.8842577480277,-11.89269516520362,37.47830750257897,1
0.7195888089194725,203.91024435293625,89.36142973525354,2.211166068066923,7.058498861232311,4.509833338062787,77.18311221304123,1.049536154688545,0.9720194626270636,9.407886924051898,-0.1065837138476943,1.8121794583705344,-24.492389634687683,185.54526715450547,1
0.9634465188121736,104.63146612348189,143.94793540910104,1.9231480284105649,4.309957124735613,5.263012145299153,55.22341117452675,1.2764463002670732,1.1267928932826154,5.624339665691186,0.9882333482024952,2.285484807111716,29.046045222322824,-16.27103612898413,0
-0.1126225764057716,-35.596549179302144,37.99538270007699,2.2960744177494847,11.401718544590937,4.302363724710856,-1.487312734706613,-0.0345370152127049,0.1908734436618834,0.9478533160763328,0.1057631482151164,1.97658952493674,31.688410638003504,-39.88062159715812,0
0.7679687836387236,203.41969402685527,94.57672297161808,2.4203189277505044,8.972263671166113,5.1722369386769484,75.17586119392132,0.0821459007882411,0.0234196856573263,1.7171643534288172,-0.0306282384373838,2.173669689328213,135.5796169023064,68.89927291668089,0
1.0137632802364132,203.2819435285849,25.833678378734653,1.912180007917888,14.603522710872555,4.268069863115426,-26.492669733453965,0.8430336694025958,1.2383581376543609,6.127741809614344,0.7176012142583251,2.281375937322109,148.46612074676676,12.167569096802474,1
0.8040628858440579,1.0649559006956508,117.2201091972921,1.995366280077173,2.317037297216749,4.398821905626324,5.890674926304921,0.2928166285264148,-0.0529768817803222,0.3010577042309692,0.0961358015616655,1.7806498287597756,23.417253636268647,29.506974215749995,0
0.92332493721778,157.5663343005238,-6.878456066590331,1.1575143323868762,4.448303843816662,4.686452650155394,-3.51342676568639,0.075308439242383,-0.223017895633993,3.1425441439967763,0.2482452982314803,2.114612130045106,-26.942216441535464,25.09172186419905,0
0.9000150028166694,186.02416990598735,89.71657834585413,1.8577379116642367,13.39559629749174,8.071347087004709,88.4620223217556,0.8792103843544484,-0.3645866135312973,-2.090695967367095,0.7490088329746712,1.8431571120695232,160.1479427887697,-33.545220221592864,0
-0.1313149684773441,293.24590306836376,81.64806230063536,1.227339065650349,1.9745443388321575,1.0128446394595638,78.3054389167884,-0.0865533011128429,0.0648572423613009,1.9420282713867991,0.8191189347712533,2.0043572096580817,-36.47666263980054,11.15175488966527,0
0.7779425759652786,147.41363946252434,183.59180800807087,1.2806617637465023,4.877808522507518,4.93267002183118,21.93942082478444,-0.0192146027960121,-0.3074231852587407,3.4240554562044574,1.2249658803816188,1.996256901474413,42.39940203774938,-16.033198346518496,0
1.1253836411905749,309.1937080490329,149.65980860087862,1.869530174147538,8.14530425401788,3.689260507401115,129.07592980662878,0.907700818870657,1.0098896683899086,5.266954044202816,1.0493361694704493,2.0052777322731914,107.03595317159451,165.40105563916865,1
-0.0351282463727886,288.2719827557223,29.248517401220084,2.136721939067996,8.424029532337391,4.466251220707773,25.664923162926705,-0.0399278044977006,-0.140065025142985,2.054615089990703,1.034126956075886,1.830083253928597,79.94820034757853,53.59126609758002,0
-0.1346023653004538,127.90119276573998,-21.34650817774749,2.296199896947023,7.675408960246038,4.3628009051961465,79.1685157335134,1.0599940653496802,1.2858189427743525,3.9975795055635466,1.4777783905292234,2.1298428987147027,105.85909417061126,213.40844577968213,1
0.727052659213437,-16.08242379444684,192.0991030968756,2.964275276020693,-0.1204229674389845,7.5630509873850995,-22.30813386672041,-0.3156037892841328,-0.0660727408386747,0.7167431228453198,0.7101008613402842,2.927530779648035,135.60206778817167,228.571964843162,1
1.0569386429270338,26.368881181842312,185.63560816019776,2.1616834808864485,1.1276120219718528,2.9630109963029545,40.85637006816084,-0.0631804641256252,-0.0033247550900115,-0.3756145834590079,1.1752571335215742,2.092898364520363,33.21804801181399,193.7541809994289,0
-0.2183680827443215,12.279148010504144,46.93989405106029,2.6790515487017053,13.825127185991366,1.423797811961339,143.5951215205001,-0.3162504372578847,0.3185274019686102,0.0978001385187807,0.9109145132914382,0.8540455309263824,81.93272734767119,12.725124954729452,1
0.1935988377149476,174.50298195239714,40.62590342073086,0.7795300243470851,2.6982762250981374,7.501334091358092,8.149694359110327,-0.1498176313854502,-0.0568131436260038,1.8582759004007177,0.9761861974881204,1.777321912149221,39.236542938144986,-43.14909701355469,0
0.0020784715166937,93.36840354497424,61.521784325691456,0.8705509403647376,9.35161986759661,4.79239150215979,66.3739717570971,0.0790066283876054,-0.2963076337477994,1.952468223733722,1.1254340843734627,2.148724042740416,40.07396629035353,-46.180635264207474,0
1.1453020993009964,93.9309230024059,75.63438252328235,1.7639801885303608,14.483435779639406,8.142340140096934,17.05081012113853,0.9954678267298834,0.8768064914109049,3.271779533632256,-0.0704726503331399,1.8681411647466692,50.95454574734524,190.582033900618,1
1.12927991615586,268.9961390362207,90.54515768878136,1.6582832865205015,6.769715016643503,3.326314658537306,-19.13159121691671,0.0088284743890262,1.077852445608645,0.693580352814104,0.1548756195076648,2.0717950016740696,66.8882768646421,-3.0129611305636104,0
-0.0205046444714113,165.1020988163829,61.02034265603623,2.0208305418095964,9.192515995353672,8.655994764942129,1.1391568947110642,-0.145700447176904,0.9179805656271788,5.02224086243358,0.0005965395082714,2.0406341966340253,13.360746120628605,18.108253809437592,0
0.077122144958021,158.00322279608633,102.3287330571725,0.930137083192204,3.245856832632212,3.351953116867153,39.94463514148843,0.2255515075008673,-0.0225488862737707,-0.3548323418520631,0.8356873467590502,2.077705878917768,111.71058157711418,16.782401410371136,0
1.0010335342135916,311.3806852784693,117.8377305299402,1.6891631834921537,6.86840634761127,10.092898997810265,134.124078665688,0.790366437970006,0.9994064051899788,3.64405224000776,1.083543400234657,2.0177035561727643,21.20197121401148,-20.232269121581403,1
1.0092944116916107,-27.16131837104706,69.93812406999558,1.9485182460539727,7.974350863022887,4.341221838422761,6.407296509329488,-0.3177876371844356,0.6731820734638834,2.684844130899413,-0.1624802041781581,2.036075366751118,15.405605138379826,-29.93000133493171,0
0.0773418517352572,49.3574406800674,8.016168499698182,1.9391726848180584,2.2753396864051583,2.838819571030176,-6.46035792111968,0.0531873066353018,0.2505156191763011,1.894008832320513,-0.5180668794988701,2.0765964052184898,36.70394531315647,14.165120900320872,0
-0.2261073359813254,199.5879492914027,86.25702348036701,0.9425645016575428,2.83885857090006,1.5476428020387618,29.550130456600584,-0.3092334781241035,-0.0525117016835662,0.254140214416434,0.6066604902035223,2.1266439759704605,58.01207772502645,62.49142012481683,0
1.0254608735810358,148.55849947573867,71.9539469649653,2.1305298031964184,10.035399307876716,5.610619738065431,31.829441394364896,1.369772429376228,0.1882246054881425,2.139105267007195,-0.0409011655567667,1.9950627338490616,106.76801843739068,42.051671269342194,1
-0.2525930794767614,169.4617107516237,80.53359928705545,1.923623013313345,11.37944128038638,4.460606673612062,92.59441341776638,0.780451571755304,-0.1071198611209708,1.4386276922570695,0.8747807446444631,1.96675230757302,9.14160833958372,195.86573285548144,1
0.2186355725267234,45.44538022624639,160.27241142860063,0.786420849508594,2.961790764964454,8.997112571532824,86.59984572258628,-0.229379584534326,-0.0906878594517999,0.8771272214190131,1.116706620996771,1.789810760562169,-26.570050512236605,31.22703786848337,0
0.8913763367049307,318.4165712892436,191.72114393292685,1.506711078616493,7.286403291134875,4.859251239207206,85.57850421529986,1.0225139893154944,1.3137048914347087,8.773439166837292,0.0004282949088235,1.8442501495755024,31.017033441568564,-1.4213912079621167,1
-0.1920911502097996,102.80676440020328,198.4676806496368,1.8354237769826256,14.035447670717923,6.899781172152952,11.368507506421205,1.1672044541539648,0.9139267348944552,2.5984078167484856,0.7748406197977467,1.922560991564466,134.43133247317323,121.11897426025736,1
0.7787368521512639,193.21332398095737,113.6847341209026,1.8637644675291416,9.039139947480676,4.454346447290595,11.976745306551852,0.3100420646379757,0.2526997631332127,-0.6146778057612496,1.3355255544750495,1.9365809201341724,119.27444807967842,8.975483367226666,1
-0.2037978930667978,7.420319084226691,138.7429056501912,1.8374883091988372,12.244076517188743,7.0242094611399,22.48474435006358,1.0850513065669052,1.0796234568875134,8.019933502563347,-0.307123786538701,1.9259536145456555,22.486538826033787,-10.718528025739666,1
-0.2301984616016045,357.1670023875492,188.29247469100736,1.8131037787473356,10.574030060188608,3.629102162440016,112.27836139309296,1.1897316126397288,-0.1554033057052078,3.797889843626921,0.7359259861493945,2.1929446983687373,-14.751259455549018,228.9705585621838,1
0.8311678975548685,35.185402264724786,0.3973760635280285,1.8043211441023577,3.349724593921051,3.622122225329264,-1.755898789072177,-0.063089940394839,0.2332018173107482,1.321290318426914,0.4926122025123661,2.0203652556641947,92.64924569497389,103.120088926567,0
1.226568123940722,-4.027525926186485,-37.76113366090712,1.9969809425448437,6.671418504570665,3.7273772263816576,0.8152642684232632,-0.3407633925783198,-0.319720131544791,1.777378687914812,-0.1041737449339959,1.69367057703345,15.477777059500731,8.914231850180776,1
-0.1929110284948263,313.80119040837127,57.680823757350566,1.8741198267338557,7.348467318416159,3.913082396567067,3.327909361148066,0.1123335751504658,-0.2556485852776811,1.568644953153359,0.3812369208738237,2.0556795981307943,-5.939869211724982,91.2650718956694,0
-0.0308815440866222,192.96840440211,93.84017953396588,2.0104884799921083,2.3094282127121506,0.9209928601049664,6.795376313490248,-0.1082035097220455,0.1132111384898529,1.605900892247274,0.1725505521606459,2.0852147047198195,63.86022534094283,-1.8597088154204684,0
-0.2799395595571874,259.6640295980618,184.90315915634608,2.077881399736439,15.588530153587376,8.258848968627936,105.08899521859816,0.9608614427923796,0.8071018157739465,8.361624508285836,-0.0802329568422845,1.9298866401416004,-24.70145475095147,267.2732256670137,1
1.041784101243007,71.70302498207336,135.4012477727315,2.008386524421878,12.739046828659072,2.185368893485393,34.55795666934321,0.9332948856937726,-0.1805372235540986,1.5427096166193677,1.2446214364430157,2.124113863938517,15.50761138766697,134.44635332556103,1
0.6469520688179028,143.15952702604906,93.88360211067952,2.3836450021024094,8.069428487978158,3.926702040755999,71.72751934632058,0.8089066719693601,1.4076038901673178,6.695624740413859,0.4216284665282804,2.166439991819405,38.88806251503779,-18.35053932811183,1
0.1916852109028813,217.44546508969265,46.141429096325616,1.813711703632592,3.507340406431841,8.302039175770947,24.6933307795404,0.2197592181443114,-0.0261665244632802,-1.0064004870825514,-0.0635954472020219,2.0259457855005563,88.27223239555688,69.20816512253718,0
-0.1658291877448285,-10.0832442434168,130.61511161973863,0.9684910709016936,7.051572188693676,4.468813111197319,19.52262804263437,1.1958272405528607,1.05564092315718,3.875122563828296,0.8274249586870794,1.803225381026287,29.363065700475754,104.6967706370018,1
0.904532185597614,322.6799867143258,13.102304030340877,1.948100988074658,9.134106102767332,3.673457505715884,68.50160108137663,0.7677569417298632,0.8884737800822384,4.540806729602108,0.8876436606536295,2.123190511919216,45.26479887341456,18.637110603114827,1
-0.0104538182801938,44.07952543060409,201.06443873131747,0.8404206810640907,10.71504970056558,7.97919937975916,1.435724845963307,0.9434282700194618,0.0599803635269445,1.2010862373087274,-0.0508522229638211,1.8165098158880804,-26.249601918280334,215.0340317866224,1
0.0204581502038532,136.7907400260772,29.68472891683198,1.6114337271594312,13.719155217632885,7.870355224889302,57.43599086377681,0.7088859885980162,-0.0773105869320968,3.750849925471552,1.0896771615416667,2.0672813137536,55.11370394160031,229.5871498646151,1
0.8907119366165965,26.269475114962503,61.55331256901735,1.8267427667483715,4.066316418851853,4.050171856357483,9.527054763575318,0.6087031942164238,0.9975621541633892,2.6436691534991192,-0.020610819187289,1.9966578151193024,42.16083313076844,121.53579859673252,1
0.9780363755790792,107.81321001164017,19.16306784512817,1.777135846983125,5.81787046098275,2.1416277537926858,18.15092432590082,1.149725504288913,0.9436247324312708,12.318955346129345,1.2170725220112708,2.1585769466946374,16.724633737875827,225.33106503840432,1
1.014964031460751,-13.93535885050622,77.30893124405429,1.8445866819504315,3.023391801157952,4.498973315710584,23.69637960786411,-0.0975167156996309,-0.1285494545802102,1.2029226246051667,-0.0816032798123498,1.8675142915693188,56.86530906133908,10.867522744390428,0
0.9811689000970883,117.5210575118526,181.3688275607492,2.108705740564087,8.415300488219533,4.1967034791675495,61.31614780263787,0.1401192393255492,1.5630509100123358,2.395607243631217,1.0141486911230346,1.94670587671319,53.99764665863049,116.87697702857945,0
-0.1037480793804199,150.34376422099191,85.66400142095381,1.9477534978662396,7.516895681013056,3.595358490203602,4.101326667343336,1.0764966212946367,1.0458204433666898,3.3701742109859016,0.8940847989750345,2.2263819293116645,113.99512751832228,-24.428009052195183,1
0.1897222704008647,354.8995439145034,34.824400325942534,2.028309872959641,7.634261934285498,2.579532940867906,-22.520162088500328,-0.3667447018963844,0.0750668412948513,-1.1967570370559706,0.2502267418797771,3.0036126067647224,60.49555884901826,-23.51984694994693,1
1.0529631312875398,57.58703766467511,43.83432692746781,1.88133204725286,14.886133594687996,3.4594478960815334,55.69031749446816,0.9509087235522704,0.8714509259606398,-0.0210741096439184,1.0504616771218047,2.106923615001845,133.04187333175753,86.05359915490628,1
0.1081272115430104,54.26745868457188,22.160247268937376,0.955528343790202,12.17637829795003,1.2827349184165286,17.471517162086975,0.0021947386599124,0.1739348539967373,-1.4146568577321244,-0.2611318868028393,1.7566166000414023,92.6031187854503,-31.49454590825315,0
0.0756501712692307,-44.62920386113075,143.42901131759865,2.0626636360719552,6.818675101657392,4.141161865424524,47.22897043304928,0.2944051622313007,1.2426179554272796,6.376600807393071,0.936736980547674,1.980334315028614,-31.32042461816623,13.736671545851678,0
-0.1082268720728395,25.102524678340657,78.18245939022265,2.427903866522884,11.658709734940889,2.945640569536234,-4.227563713773925,0.1017139534203008,0.2653912955159813,-0.9559016729214234,0.975221441932444,2.0234018476083904,53.948613335027495,130.01600334691187,0
1.0283801799072323,-1.574926038187613,156.72916301219936,1.0839225883784978,5.81173687328843,4.075264108234443,3.800826027993857,0.2426828909204999,-0.1188087508841914,2.237406737117668,0.0083412694370024,2.17815058711686,68.81267842729339,6.723615989093851,0
1.046343161134971,219.9098762895356,52.155929949810194,1.9490924448257885,8.37243669265639,4.184703141713752,7.965451801069481,1.0396291472375758,-0.2332307485399916,-0.6108663052846244,1.0794940219589106,2.175774569667157,133.8115612401223,207.03817531627777,1
1.0774354715065926,146.24274144127415,1.8968980308194856,2.0460197159755555,12.803157296908848,7.669230771070945,72.11174442163785,0.9718721204423306,1.2109451802507154,5.253255773478943,0.968385318580704,1.876302986101502,58.10763771161389,129.86937988357857,1
0.8781859592066106,306.48344033480817,56.71662517517776,1.976327343865588,8.162230302238656,2.840869086250062,-12.659452897423089,0.8235956313640399,0.0820095921219651,1.3530597442667638,1.2123018410552822,2.089913580963873,111.77306484495936,18.67813210804709,1
1.0334795729363897,280.14333549481813,80.07643348688622,2.2761341754252107,3.7750377173208487,4.293064327217456,-9.36410850178214,0.2117226667480615,-0.2964587399720392,3.58156361617966,1.0398594925271438,1.6834610620877974,31.718788572851807,20.00172310796262,0
1.00628033100959,83.5722572185676,-11.54537575261294,2.1549590770351648,6.085156112475273,3.3074016782613347,-4.876065300607358,0.2147367331468735,-0.0262788848171459,-0.1199691743302082,0.1845660262079206,1.255926843507133,4.867951199442537,36.851687321357225,0
1.1080325277283023,62.87212070290347,156.5111802232891,1.9708480293397876,6.9642804393154885,3.929979118691781,51.29869532473517,1.36969443329959,1.0170182220504351,-1.764082804941773,-0.0187305611491619,2.327202484327873,39.98159203222061,66.4380479778757,1
1.1666576669092903,94.3875554013272,34.29732410456159,1.9964768040124423,6.441434075998986,2.3399268448367376,41.01826568482996,1.2892310536860725,1.331400760244725,12.573077988378294,0.3910123725855991,1.9948711780159885,27.58529802986257,104.88861078142484,1
1.1727868927538332,150.57229763543958,105.79733201939813,2.1289981330372227,5.353005153438273,2.929787801021132,13.104077027835912,0.1091003295990264,0.2157918168511571,-0.5099072382109413,0.8193553843370869,2.054929834877896,30.68720439915198,-53.79446344989143,0
-0.2618715253646306,215.20092323204304,15.715414573277258,2.032632958161142,15.12160787119795,3.651362108459526,-0.5395818042835359,-0.1094348487773971,-0.0380987852665215,0.8533104429760185,-0.1655515572029778,1.7583655695936375,91.65271488074012,45.4554330776298,1
1.2047064754525487,147.4463339726272,24.23625744435193,2.104986840301747,0.8530905793420702,7.8225558420921235,93.52426645440872,1.0036748847408896,0.9012660194150076,4.434155542158003,1.1942604075631091,2.156469281025627,80.1287264249541,32.42144335204553,1
1.2537107902629072,171.55393732489995,17.71740964697193,1.1573023934737094,1.8092735836310696,3.607093106014492,30.659558250434,0.2204531815211698,-0.0889789783390815,1.3424612537477745,-0.2408395683379662,1.8930450313851623,88.29043792845403,4.912585166902957,0
1.148538978308738,83.69977634442131,-14.417295433489286,2.2108002885932043,6.324936772140188,4.393839567104486,40.13856460194653,0.2481247337452427,1.2236336069985247,12.99029341446597,0.1192458833417253,1.0620675211076605,-19.242251288220345,21.360871274395308,0
-0.0104051644619536,144.19772230491623,48.79493044109627,2.207556883736615,8.515325441796493,3.82961868442802,16.646186303340095,-0.1169117591978077,0.1164850898025624,0.8582424162496411,0.8068064507416426,1.8857167814544928,128.6934476353935,-3.5451296567117865,0
0.7765485064602954,34.089018527799,107.96904184102326,2.002147744404289,3.707773458699794,4.355594537397309,13.662054948940526,-0.0196759031565937,-0.0837658487043423,0.8714467919582671,-0.3362725462653689,1.8271589407892437,-6.399433787016662,21.023057983994057,0
0.9574403210959213,361.6844704215616,195.39278509429408,1.7571663982320196,-0.9360357083615548,-0.0998881503749133,137.13638141996603,1.4123347639632908,1.269614756037584,12.942543278648696,1.283209311985783,2.1118423363812227,-27.505673812737854,141.1898885778253,1
0.998436446794462,18.423383525872225,31.245532402803136,1.8808019489542775,13.186503480562596,3.748485859427606,4.297804789703811,0.1515823284106426,0.0047224934234434,0.5195944682119387,-0.0059834381608259,2.1067563951765456,56.7725685004072,-2.668061245007344,0
-0.1836998755203484,92.26765321167608,162.3951809226933,1.977698290651396,11.103223250620008,4.454853745447069,95.89112703654246,1.147779322340623,1.1621385390690977,10.198595395463418,0.9250453785122648,1.9452873599569511,52.1848774224272,24.80066133148009,1
0.1734591673553507,24.526719609136563,147.4533407992323,0.8161090985768511,13.036739352979634,8.34075001138428,-1.7480164437800312,0.0656616734981234,0.0716201562737068,3.129692709175238,0.9316854030500176,1.8236061990814825,70.68672436730934,18.367967812987125,0
-0.2066614781286594,333.4429199058966,103.5851827573019,2.1454492951307125,8.708184593078451,4.309422640067049,68.16173585165114,1.157247510492818,0.8618238530639063,3.333644864971022,-0.3507360637331292,1.8130632866059704,-15.536448658673564,14.777032464673091,1
0.7092798841995079,71.83956210986227,67.87750265016948,1.888709906086132,5.596618935349966,2.8235478378900445,38.66475992133206,-0.0785260038459514,1.27059297481601,2.083293309239644,0.284894533876292,2.0306592265312258,39.73932105834464,42.89464405791193,0
1.1108474343562498,219.54600025989373,49.89108263492119,2.090869442693593,10.0977427055421,5.159722979880072,4.9284620129240295,0.7112520329695006,0.1185696477786784,1.0680091068018016,0.9175695979134196,2.1526146003960984,27.661191203396697,48.7706658612444,0
0.8023279858954744,354.1803234981452,19.205651226089927,1.925719801790912,2.1436804988641605,5.5855198842166285,67.86222178622214,-0.1330598384271621,-0.1090003084074713,3.6751296884744864,0.4395212558605627,1.880234395436833,51.38324453255285,118.16922541939314,0
1.1137368164357369,112.22756022426913,59.12055181225245,1.9843749142706413,4.048946781900747,5.37097560117287,33.5519548543982,-0.0016334019784907,0.9102473793936716,5.35950663261003,1.159517114021268,2.0376925769641105,54.06251290408415,13.638087845751762,0
0.1914377804071615,193.90809935232755,66.28231167292859,1.6293787080081366,7.607775894093674,3.536848405854468,-18.52234771546903,0.0905062631485141,-0.089043943375748,-0.7347266944069499,-0.1105219399190325,2.1279550931765794,64.12219274844696,-2.7781595692546333,0
1.1204733769325703,341.1206405324217,155.3349845013082,2.116225652629658,4.66884255157173,9.202396009596642,116.2644283748066,1.211488407661634,0.094408147079792,2.5802290251215467,0.743487624699507,1.985459014885792,5.280896839072049,174.91737222595532,1
1.1987885372180498,216.58170626609365,40.14896800824454,2.4465412352854976,7.32842645513768,5.141338560050637,124.32896420211672,0.1160304377868338,0.9887632614279092,1.7252015444875963,0.8446552591823601,2.051394583406166,99.29195482431768,73.33987079783536,0
0.7105098236137626,274.02460371386223,103.7679860633688,1.7031955659606346,1.8285714412137848,4.16614983220448,113.4771624778025,1.1200890145395077,0.8211327244552717,15.580356547107222,0.6296667815272815,1.9409567381748132,8.359896666996654,236.9701714084637,1
0.8286363336869826,335.4927631201705,136.834112159636,1.970889949920401,2.873038289102208,0.4037825624013118,126.3256765613782,1.1907201260374387,1.1601150091736627,11.742609370925637,0.9424233191534696,1.792318349788715,-10.48422719768446,103.25054519441709,1
0.8558899321128309,171.56468492439896,30.91292881722402,1.882576224346323,11.26335607665225,4.168396024945791,-4.015949249477416,-0.030993242107637,0.2677576388974799,3.3643916987051443,-0.1627804877549408,1.994931765968308,33.66309532911016,-27.65712048945131,0
-0.2511805254924999,18.0863233859634,26.861484764553644,2.4244558649140995,7.0845094777866535,3.786742129877287,17.63941238626295,0.0423770940706015,0.0755321499126692,0.913927979541966,0.2164962527814106,1.9263088440100704,56.191649985557326,34.647100245213274,0
-0.2383714365797121,-38.09694432497725,-1.6071349190099935,2.0854621465784127,8.209684568699743,8.549867138600149,30.795865747045617,1.03167382100662,1.1237971161257352,2.501149240236476,0.0910317297585714,1.920940505348925,25.302857120659155,-10.092135380672495,1
1.043995271225872,174.8463178322349,8.27419541536112,2.0428094169591438,16.68138522251956,6.684623690980108,12.39759831859068,0.9153698374259484,-0.1030184363785777,2.310396974691628,0.0481608907389548,1.7880010515466296,10.50761751289332,199.21848675002155,1
0.675806870746659,121.56506606696928,140.54089363206103,1.9813946424067852,12.36159717541596,2.3395903524360846,35.64921355360264,0.9240741704753692,0.5845913014842377,24.353883513081197,1.285985499772523,2.177978335883606,51.62155929002575,90.33830860522686,1
0.7019857461087315,247.07705901012724,186.54587289659736,1.742723417788642,10.991340037398022,5.929113322867073,36.09164862465149,0.7361995212548368,0.5573382705347897,3.6063514406536488,-0.0630491527084345,1.9222101153261029,42.08364136575382,26.4825226099623,1
0.997321585106828,274.1799454690282,107.14451993834768,1.7716482905756694,13.91057809374734,3.518500688457642,-6.254345602428799,0.9868534964391158,1.0132943659517313,1.3764357958622837,-0.0034744392103819,1.99525085552948,72.22483847012128,25.498626506701,1
0.8410180528337865,-5.0277717946285065,-6.0418490252442325,0.7908652960084458,7.493262076584362,5.041169892897675,7.985015637240561,0.1014364288711563,0.1193280941941288,0.3978425231278031,1.4227272783881053,1.0280001197259252,117.64331540091152,-27.12597268740135,1
1.320344658660371,96.45138991345485,179.96738478143664,2.1469679507433166,11.047299202528867,3.8240999377677953,7.382418637012783,-0.0277524691857601,0.1678898408557708,1.893638177155402,-0.1492065243060373,2.016327158770721,28.493719009963808,-21.15694387926674,0
-0.3890821963590966,99.62211149084608,72.6055997255476,2.0314455317225573,17.100886824156042,8.987947490839119,35.39986697644492,0.8077916097508655,-0.1015157380142213,0.8470540376221938,-0.1545325708618556,2.059774772344402,123.58378799925556,-30.622895096855125,1
1.1960635613205357,113.31510368161167,46.82378274440509,2.076532257135709,8.410762082472116,8.668701946174842,22.16302648073909,1.15759938568402,1.0384109619270436,2.606988223093361,-0.126030727538778,1.9246615230515745,108.58606607429314,68.46598935363158,1
0.7311542126609791,178.5825929196865,26.164061317343418,2.047382081903197,7.27186516225172,5.658781602683163,0.3419091132766496,0.9868484083993104,-0.1115842881966804,-0.0922074424752508,1.0854460783180069,1.1286925074239045,100.66806631322538,23.684204200659188,0
0.2639385274533776,150.04104671027287,75.81231063818284,1.0270283936803173,7.692254787240645,4.540341690710767,-2.384068562551107,0.0470632802834853,0.1725457440953989,0.0940334379323766,-0.122802390265248,0.8573466826476046,4.3639979594775085,-52.12757429312159,0
-0.3206021414423073,282.416116476008,21.80821668471927,2.286082414553589,3.463818302593482,5.448231193009123,26.25465329072489,0.7949411866749194,-0.0969927201564968,-0.9543198547628924,0.745163111624182,2.0479843205523145,67.28108048946234,196.28526185044487,0
1.2413611816610088,138.057284752793,27.639214901044504,1.0023891081855492,9.01660345255466,3.921899237712169,57.5720553090417,0.7032072873044247,1.01834019232578,5.760953315072742,0.017137827659567,1.9051605666995004,3.714940000617297,7.807993583108939,1
-0.2233616765493934,325.21663703497813,183.95574975940616,2.221848468012496,3.605064132074223,5.623189731320579,75.9180777348532,1.1046774383540086,1.1442041334523565,9.070101317097302,1.1115120164554448,2.0676246620557266,-9.13742853366179,-31.62421584991983,1
0.9815266946540476,25.98376317480796,11.28719852744686,1.9475930827085328,7.224346749284706,3.8044951990832745,21.680883831766582,-0.1462440609340052,-0.0124287253664817,1.2956567829481864,0.3109657277755,1.9641316079900897,60.68681210713326,36.79755256698608,0
1.1259462268152023,107.25189336742392,116.0961582718928,2.261183397519834,3.9190218221891686,5.746974273803146,15.874413330511556,-0.469488537140837,1.088285525064777,4.855838710042661,1.0725198317922788,2.0698509826785285,61.40593710703983,-46.08629189220287,0
1.0740864980067073,33.75047112772421,67.19365792539374,1.0807463325301956,10.100260820413803,3.178956901552875,2.6725412202383296,-0.0608026279081886,-0.1657955497078078,2.1336955140829064,0.2465344908469214,1.9939579125927696,56.12671808727363,-56.24261012631937,0
1.1802574887092483,34.88803122594243,198.19026591092927,1.9549080197843909,1.6684296679989448,4.156962924596223,70.0555868624568,1.3073619902403717,1.067405166739679,10.33164459841352,0.1794919144320673,2.130531034492592,31.454922670948093,175.24526607372107,1
1.2060040324986132,-26.38034335130581,97.69945076460048,2.1533993684081447,3.463706782096105,4.901008366775223,11.731022425000717,0.0400504042353767,0.0239921039921131,-2.2546108209256817,0.9839772293563904,1.9201851001162848,23.113958290105977,44.66818438192615,0
0.3433963804930493,44.240157061470825,88.8210465322558,1.8380386797859816,3.618635118061673,3.1351957079610377,-2.2866193407305246,1.0932349323375443,0.7402835040937695,5.688496913253145,0.1806500088150733,0.9401230279163576,6.126022217074549,-12.778412417151152,1
0.9175371186718472,121.03189689671834,123.49867455027191,2.010590845113512,6.873214592266817,3.056354454759338,60.01493520898674,0.6474565289673597,1.108906941482557,8.318637850032555,0.0869470803590127,1.9737639217618697,75.42128684476857,129.96694612747834,1
0.1552081610202841,148.11983881132664,143.78614976212174,1.9310681883414675,9.23765119175716,9.584223968951507,1.6004400066627724,0.1287641204705421,0.8937597971016811,11.303666193629986,0.9533894447091124,2.1315248728010348,31.39422046673081,-21.29499598161676,0
0.7121733778158814,191.8335738726396,232.6878940535112,1.9678961959843824,13.92421429727065,7.280259624328552,98.84302632718916,0.7331433407037972,1.1855249619137425,9.459890188478637,1.1720075707560558,1.9027566932455129,4.265974973647417,71.22812898813217,1
-0.0838175441014238,298.80234004339763,95.2046512490709,2.109581523427666,7.206800438745871,4.914059160977721,71.23295409521768,0.8428561112905952,0.6662674242220173,5.667626289250186,1.0493578756605184,1.978593426308022,-3.6739782479091545,159.3745746187034,1
0.7666038945955911,64.2376839446507,18.054444986120203,1.4081958913121102,5.441670687774793,4.162163024373464,30.62099790637017,-0.0985740897662353,0.0279852809960086,-2.7498828276452096,1.0471975914861409,1.2272805656970114,77.6355628789754,8.549221510248344,0
-0.0893808833555001,93.05565074006218,135.77066426418497,2.108625544541886,3.264358534756803,4.592405316476167,3.5965384543029515,-0.3323215249356116,0.1996285942507138,0.8586029359631091,0.1573443748355061,2.0824420592400408,54.73523715442523,123.41884408293518,0
1.0015475362071211,173.4303446150289,-1.57121792474355,2.0864742833119783,10.445858891069324,4.516347750962306,-1.6668638620893643,1.010680078560353,0.9764178629730946,9.885991658020828,0.9643954231131012,1.9170930757396092,101.6548555535816,243.98607923585857,1
0.0290431209029563,82.06629930820851,112.24915102639686,2.000014507208855,9.937694905222012,4.252039805079759,58.58730162879992,1.4181832190004466,1.311348769813259,8.622214316892048,-0.1520713295990198,1.8671351530998364,62.97264847082764,209.63468867597308,1
0.191514208393136,220.9098039073964,32.34743165329273,1.608799929530104,1.9436908401883288,0.9098784800126976,-13.705178829629205,0.0252920988689343,-0.115503603649672,0.1478625323422888,0.1208290820952456,1.840145504920624,42.31950364089184,-39.61248407544759,0
0.7624576802656519,192.78190854455264,123.27308906217849,2.3170044077577345,13.579656872032189,7.691895421115634,126.12575482810728,0.9521518121841576,0.9251417230279102,13.454393401294382,1.2806928310164616,1.6967206113002278,144.71786378913677,-12.475009196164171,1
1.0344767896367058,274.16191316413733,129.5391375598557,2.228244734075401,6.469982046689716,7.410283525137688,74.72227426674314,0.7684288164168307,1.095681382228829,12.377734789281448,0.8661177301891915,2.059559052489492,6.902226072193926,23.388437201452568,1
0.8387073666905565,152.04855861178888,-14.727338376907213,2.27576767580652,7.950982222116652,3.0746950047334733,26.16530383209382,0.8398487375268817,0.747767734524147,6.1529173433304525,0.7552860413916858,1.7395801555392372,98.99622467231356,-51.38548574022095,1
1.089137546194289,51.979083265087766,73.93279814261436,1.1651506423235798,-0.8750090641304542,2.4281398936306964,31.97590472505638,0.9985781604976032,1.0336760522562534,8.254776074865571,1.1324004875153115,2.111393059320237,61.927872833000166,-5.578877070476018,1
0.3065123100472208,56.92053205628186,60.8433241895867,2.41130216185216,3.443275143800596,1.4886778227719737,19.682571006815653,-0.1651838945377515,0.9959024496115664,1.0551510784397649,0.0534427433890023,1.8864693049096148,65.68070042590871,50.07025730719919,0
1.4296952515850871,37.37071186101741,42.95499429900418,1.0614233630556058,2.417707066485701,0.422956905387176,-11.3974348246824,0.0918422638263898,1.195623273205727,5.0649174438043305,-0.2563681233439196,1.837532671917292,-13.325947195374551,-49.36169106303032,0
0.2529741977144859,97.56349007543628,51.75336933775081,2.066553277007775,11.072028981873656,3.780757856861181,16.331302272672488,-0.0622824946785902,1.171742660019362,-0.5583124452676085,0.8920681695482111,2.2442307857202635,57.450885844679405,5.064581192993565,0
0.9046171673624174,214.04036404630733,57.27622060176796,1.236049361326301,9.387824657945128,4.064813100623018,-11.600333786817764,0.0023833394438604,0.0025832211752656,-1.2046013520969154,-0.1075236019537757,0.961387585404186,60.627330244329336,14.405422884363354,0
-0.1238306657703326,394.429517487964,231.492844498027,2.0167781684556765,6.615315756635877,3.5785146678189967,94.06403059879246,1.0074965715944226,0.9820176921899056,7.950279634321351,-0.0427232814939694,1.8277721070221415,-8.527915133507548,226.57617697572883,1
1.2997958891783854,84.15625521183085,157.95665469524272,1.857571183252478,8.422989562463359,8.4943373164791,97.35218726413224,1.234884077098497,0.6511057168496344,13.91630585411177,-0.0621981545788107,2.0873686418455177,-23.412822662649376,191.1440264514736,1
-0.0121759309023654,132.04402644993175,176.2864065357228,2.169721266192446,11.496870194985611,3.1995847981898047,53.435102226354886,0.9684297598880038,1.1109220740197836,9.97947965233471,-0.034464215876795,2.019605527644132,28.54301636627922,163.34607167746924,0
0.1904158605854933,67.26750888432312,155.32536027560448,2.165481252389052,2.401398694140987,3.552863701611036,21.132995992535484,0.0220988209434888,0.0002651402033269,3.375277930206292,-0.4884396327417683,1.830673815431629,2.1024761795374616,23.44475687466964,0
-0.1265006598868763,165.31660312068755,-0.2368789494104106,1.9916037665215096,9.81754836918319,7.77914206811851,21.98933504490728,0.0078006147417154,1.082206590239532,2.112814888802085,1.1689701931598633,1.918121077424217,76.84755891938305,33.44492945055377,0
1.1162736552363046,223.11622517190204,-15.15638973801559,2.204277864485288,3.5220867183166367,7.812914246880364,97.3142462327235,1.0017844525130633,0.0757938803430963,-0.3172450452484496,0.4126142381682529,1.930771013959188,159.70335561175045,-4.487950970060773,1
