A1,A2,A3,A4,A5,A6,A7,A8,A9,A10,A11,A12,A13,A14,target
1.0661484421231124,55.30369148801039,43.48184866395317,2.055778406652812,6.699357662119685,4.312612583214742,42.39691990069946,1.0010447812790682,0.839923088285675,12.123345720884537,1.1154587270310523,1.9397607468390363,61.99985944576221,208.2561851004183,1
-0.1286476776668168,60.8147513487346,31.59175928832048,1.8727187460452224,7.829230819608108,4.697040289026728,2.642737997112512,0.1868597439471693,-0.0926034746669155,2.0560998195089373,-0.0812314944360788,2.016820585386814,3.4981760225816387,13.013078838321384,0
1.0765362212012506,205.9597185570236,91.7538089874223,1.9808544881088248,11.941689173020244,8.21068624420981,115.61355245224304,0.9532989038781206,0.0287467133110098,2.2022428868896675,0.993247052138586,2.039651700896421,33.53449381110911,129.2628826821378,1
0.0325337328835538,84.32468330785929,29.94356609007136,2.045657388294302,7.217702401109718,4.33176518860802,-1.91243795075966,-0.1800934057406091,0.9927756807721624,2.084642104262355,0.9136185308325296,2.062035790779235,70.52581665341559,-2.390337756400733,0
-0.0194048895288514,81.69689461923618,3.507239775031408,2.0444569237511376,10.786277678761603,4.037683863203588,2.0546051228450253,0.0559802096014346,0.1441255669159344,2.6603623319932304,1.0385655368695412,2.044009151922628,110.73147226351458,-0.5958933128780757,0
0.0050743492613548,77.70995488974118,25.57878752895226,1.9943474740535696,8.56409183070666,3.7301966516311382,38.39915617490895,0.3775659893235936,0.9114625480667502,3.100931240435928,0.8137041363926678,2.0086942638382053,58.24067168212434,98.9644311883562,0
0.8173685275842875,93.42182901208275,198.52044547731597,1.9911265575392212,8.37288114191022,3.763837193396933,-3.675914957707981,0.1281651579702806,1.0479255964972425,3.494228795554474,0.1870998701540212,1.92125695573152,-5.3644119632512,219.8681624780043,0
0.0283810193740913,85.71145816156363,80.80914827706293,1.8420817864325567,9.206014582633628,4.803038542809848,27.84386233211341,-0.1726592222299462,0.027842500727874,0.9462371203729916,1.107623207489602,2.045292093324023,82.57590507496239,16.90191902916512,0
1.1367851206601345,267.432303139592,78.74074811097827,2.0785128030984623,2.553489207429978,3.966676203390078,-4.6366953350580005,0.9352847272544152,0.1869091617803831,1.6425524959582325,-0.0870571025186457,1.9243268980923969,53.3779507536439,-21.09344763747388,0
0.8185055397496307,221.8666449950544,67.32786947834808,2.0139632885841205,13.032784634436007,4.1289935003788285,17.137222825763676,-0.1472797852411591,-0.0423174980177691,1.6718662705734677,1.0599029758309346,2.034294216914768,32.74649610714941,127.15306222325904,0
0.9624360150607694,188.61469411741223,22.986286385332196,1.0753746297279632,13.5085924097919,3.880214079958479,-2.1458630911123397,-0.1303490507041947,-0.0733617652698305,1.019804781268057,-0.0979379187151477,2.007170580201177,51.86907311242568,-29.16458935031985,0
0.7873159131340379,69.94115905905011,127.451392794302,1.0308164690204276,7.223676665534416,3.289904072266677,60.16322094675063,0.958319972152206,0.1036674665846613,-0.2775838949852001,-0.0943293009347902,0.8217646277517443,-14.183733019170475,33.65623148364124,1
1.0181560283419078,137.58539422958214,71.12933940149358,2.03800616248925,9.59256902390481,4.357996203378291,63.53566717700775,0.8797130573313955,0.8659433991009596,4.657367553425038,1.0990805794746703,2.0216519819738843,32.91652467310574,-43.08525641004562,1
1.0956950636097955,71.98590944042274,3.706064691778394,0.882479502552712,9.389256000851343,4.684316260919174,57.34185363013374,0.9730835709882986,1.1325397302752838,5.175302413382171,1.2449884539079927,2.182449918856373,40.798138888813526,98.22928403198736,0
0.7267504610202149,152.47567944796435,75.21631925105417,1.8282608825688935,11.741123545945918,8.891362382892673,57.223401863930064,1.0400875711316993,1.0794419670818831,7.667741555117023,-0.1896158195732463,1.982751599920627,34.343161390269444,227.4265707272648,1
0.1658392077629417,120.25818879079053,47.385327694226405,2.214276949647603,0.8930793799262773,0.1373049405225437,-2.5932021507378025,0.1816191254984508,1.0465123944677206,2.1545403903235893,0.9146477948655692,1.958218871394936,73.16431656783114,75.30242861957157,0
-0.085617868306321,105.82396235738386,151.71681937098668,1.0816026117910966,5.055851984024267,4.019524444168599,81.47965855899751,1.2906625821249138,0.0779711786430853,0.4024286276919291,0.0853280604481445,2.159612826965193,19.211627003538037,-14.299969263725224,0
0.8752047039754787,128.96384274934888,26.108187243210686,1.908334935304343,11.32941547327804,8.07281093441367,4.341228237602039,-0.0085629601067878,-0.0111324943844332,0.6294058364339246,1.0174174004272156,1.951932375408483,107.63084328934102,62.40567958906207,0
1.003610701473475,318.26952622222194,194.8334182278749,1.7128366292570636,7.364318038579911,4.777155835989705,20.76468704570568,0.9525752692043504,0.906882113873873,4.098613635332812,0.9593615849906734,2.106560509783091,90.18356754576396,-5.100853855498805,1
1.001261530968702,176.6896538207955,57.52973851419634,1.9517085027088945,7.36144315412549,3.945979368627903,35.868409370129754,-0.0644677586653459,1.136094158267579,3.680925028610655,1.0697932622746846,1.9807762710064865,171.61040094453278,-10.687448436350614,0
1.0557109663714306,51.986927040679845,73.58299883913398,1.1032191514522376,0.2031193349184663,3.0175874335191857,30.48494045316024,0.999111350311002,1.0210475326601585,8.534235046790982,1.0827503046970697,2.069620662075148,58.57992052062511,-2.7367981690475105,1
0.9698318301617328,286.073008738581,109.34023250622174,2.0069263976468337,11.57799073933013,7.882405947035052,91.88697548689478,0.979301680451382,-0.000919729464871,-0.7540194125484936,1.057490052100816,1.9663331584066448,128.54446895970852,11.733878650962607,1
0.0395832330768856,222.35660704443296,74.50433546395024,1.1570569218482714,4.318786898814356,2.979053016247968,6.622940182789588,0.0496125987099478,-0.0947871695921973,0.1841099974468698,0.1230983415236918,2.088948210871026,70.43378006911267,53.760438268230914,0
0.909126123606984,105.95948963264864,12.834707630314682,1.083345097137262,11.774515219694818,4.635322483386329,15.329945899462398,1.0037252108091244,1.069108960253971,2.562911829675639,0.9199364159415632,2.040842194625525,157.67715119161673,28.944616323862345,1
0.8845021184177781,206.29994929419516,49.33340956683698,1.13196486266049,7.551775331643588,3.644061516181937,11.398622703590256,-0.280161767427273,-0.0931245501688153,0.1696227566327097,0.0097554380396805,0.984859072487186,129.36895384762994,-2.17300939999366,0
1.0430188505869054,195.65443891787655,37.61426256596326,2.087428956056818,13.983152709820397,8.115907573040214,95.12733411335267,1.033756544312363,0.893221212487634,3.851309969614969,0.981002158153124,2.0286200117788726,12.527156885850973,-18.22363765693273,1
0.8924576773963463,142.85027518121922,87.39451558430221,1.047546114933292,12.14987786691733,8.316235628873264,93.71609016131362,0.0795276228641752,1.0421491781183068,1.2023482305934703,1.010415641401754,1.958480763795168,104.2444791639686,32.54277869718008,0
-0.0777221357642709,65.3898970682305,170.7138233133619,1.0234954151300877,5.801844054390557,3.111287520332761,7.16156349113038,1.0084382944432089,1.035758369332969,12.636257745468328,0.8185001562276042,1.976136827351319,-4.423012492048187,-10.60239737762796,1
0.9748624870632254,287.37803817246424,36.85985769083396,0.8065605846490875,10.741886464916568,4.339639007694387,6.364589694130274,-0.046377262104884,0.1338655940386941,0.4537500903788878,0.1430240738982498,2.0404743969756645,3.8209827386571007,77.64263442608623,0
0.9323295806122548,65.24059041673847,-1.211948274279834,2.09258541078974,8.096443311215564,3.650928420736325,17.16015927099675,-0.0331568446925599,0.0406010168521329,0.3674824521401931,0.8899626754876548,1.078536456708898,106.26362432457874,37.72268752652731,0
0.7797917120253015,193.77195876855453,26.825520766546227,1.9697702355593525,3.772885406218657,4.242882069425063,27.207791427628933,-0.2032863084856766,-0.0430617386025704,1.7701295367558212,1.21019757039765,2.058385179046166,66.0721181626473,-3.219925696601728,0
0.1458372733876225,21.774054336528124,33.94089020429396,1.9016059679983053,10.381741027041102,4.735325345263789,34.075949814432725,1.0577143945173906,0.7685672120244018,3.876977780450849,0.0750649473194404,1.9863765486829048,7.635581139760085,-24.603149788850864,1
-0.0025352415571803,2.576610957006693,140.89530974479158,2.028516567535241,5.654580718384964,4.449850277653616,45.69695679479107,1.12110676250431,-0.0341664787311988,1.7617713534774022,1.0097106852036433,1.9077526592088525,8.756020232184156,3.653836523662932,1
0.9997759579697773,57.04533958288435,111.51285965198991,1.0152192796558277,4.634522173350005,3.834537380092958,0.5801482647895,0.0526453971606728,-0.0116278234289121,0.3316057259369183,-0.0824876307726635,1.909644808988556,56.28524112279339,75.42774310506913,0
-0.0111921162239515,238.3447430688442,23.845098876856436,2.065922259469068,9.770303999261102,8.24818002647876,63.80784164931143,0.9196171320488732,1.1057062100439523,-0.2195929995549002,0.0431817248906934,2.120889397584214,126.6013682128748,152.0791192472763,1
0.9214064885419558,178.99366647403048,23.68369246320096,1.918603885882541,11.428018064870988,4.314460545816746,63.40899626491206,0.954214468321256,0.7938549055283923,2.907084488470675,0.9094559657366312,2.0969950954222805,152.74843544724163,226.52585558520397,1
-0.2025517647907072,64.17767447289519,180.1657886414074,2.0565872630422786,8.521881386932197,3.0381157355707096,-5.352076420245325,0.2464247451136561,-0.1295190768285606,1.6156495898435783,0.9144366928266588,2.005947499290678,55.69909630538591,11.19791754825026,0
0.0087567474081162,135.09561283545798,12.92766654523716,1.8939032920192065,8.62423152161542,4.31868998802173,-6.3155644295180124,0.1059940696457995,-0.0198354278768377,-0.4210526856891383,0.0566989626508122,3.0161960076170864,62.37506290817219,0.3198299546789158,1
-0.0111280343375814,269.1353816998061,122.75650023485385,2.0502615141801384,10.179524666629613,5.313265677740321,100.19683700040824,1.1022353717618465,1.0116992313382245,7.790865808968969,0.1084676014886626,1.939942800930636,102.15357607608952,267.0307378229675,1
1.0261150632768792,58.31439061379585,138.62577985795718,2.005241577763674,12.08690426791192,2.8658555584283705,31.348722918339504,0.958309303558608,-0.1128357647213116,1.3391935103871049,1.152888397776885,2.077571164961573,16.442257117291852,124.90397082847564,1
-0.091924224449337,49.64937309104168,108.45446278497316,2.0579560716429297,3.1376833789117056,4.457020819630754,33.92830327328925,1.132673781012549,0.8611536452372708,1.3168948760930077,0.0474483458792415,2.0873765694125,72.21463938574254,83.75123385531859,1
0.9917455295415402,85.7610530006144,1.7511492004508256,1.9177525970308091,13.828303653470208,4.368018966629403,1.551092162629118,0.9184732977669786,0.0678297209886377,1.1894533211397027,-0.1803752678779495,1.9949253342113724,4.021058875924382,-15.338986333793024,1
0.7619190812290327,79.04353312046577,151.80873829646976,0.9479141262420188,9.484415626925308,8.178411768981988,22.888604494680827,-0.2815936284334277,0.0503539296759229,1.523189392146735,-0.0248656626129233,1.9143100689304493,93.02535414171726,-25.5967689383726,0
0.9715593637267022,116.69493352795864,148.33895170964428,1.872097080321529,6.148626698181828,4.8202950225295975,5.355215469742369,0.0559041620307196,0.0675144496681069,-0.0447832253598834,1.0636125606695617,1.895951442685956,-6.212934921657549,20.535761603609245,0
0.0677820525887642,115.98990519367604,47.23888045124031,1.8876992978311564,7.477611209736628,7.69100604658475,70.13524809928154,1.1218667384819558,-0.0191865582626579,2.4421832557634087,1.1704532746540988,2.018169513135258,107.52425921551328,30.609766258831485,0
0.9935238289115772,265.06914964840826,6.322267092376464,2.256116713617355,6.939092935293105,3.7970650722526433,116.23562235162996,0.7499176569253786,-0.0939806807909696,1.9909800636352788,-0.0783399291319303,0.9381252045789492,146.09776093627755,25.33980797693103,0
0.8056266765971789,238.89943681829865,20.557618364634862,2.105361351720433,12.893002452347162,7.504427091809192,103.47671249358672,0.9865727450294812,0.0685596923893927,1.2324881615837748,1.1490131849557146,2.0056285089919235,53.064549103181584,256.9051709466857,1
-0.0026012044106704,276.37155645400435,90.19778790348138,1.8208934040562,3.871538133865129,8.166608552076587,32.13716715788507,-0.024727514755623,-0.2711739501890197,-0.5537973483932603,1.255594656423099,0.9184431582463456,102.45271460441776,-15.963564384788334,0
1.1048521611322926,273.8176793720619,176.75092484279543,1.9046279584205597,10.229120216282432,3.904764661342448,123.74055359608298,0.9447425561372214,1.1799604500712926,7.132520877053543,1.032164364614926,2.1168048119036063,15.82908189808851,-16.09133063199966,1
0.0977212881312801,234.18997837216057,96.58437331272977,1.9334814042959352,3.168432586531165,4.884106016785565,34.22260899877077,0.9474509969971828,0.0712639228035091,-0.3668621237937213,0.9162168042076042,2.007827949754722,6.213851144458751,-0.7699150242761306,1
1.028036962488073,59.20452994997432,72.12017922971155,2.093331478113044,2.669057775082276,4.164399881488967,14.714020275938132,0.2360531113954448,0.0918455922402621,1.0444863593687437,-0.0067354745931134,2.041609158402378,51.6663866106334,14.44398296888727,0
1.0071211990712696,231.31072256235723,49.04962540845343,1.8414028595312015,12.432988504164584,4.310854263974598,1.4508195051052937,0.0776102477857123,-0.0005168343559549,0.5165429604258844,-0.0481991356035301,1.9554167383021912,131.02740844284435,-12.357216120502564,0
-0.0285341599760536,3.198024489910466,5.720146593687261,2.283070670858294,1.511521731140416,0.7691581906254581,5.22467319103799,-0.1262226549858244,1.1860778181990277,1.333726948671759,0.0624140030176109,2.079574284191293,57.43606702627745,60.7156305988171,0
0.9216202931596612,45.24366536923509,162.96865039774735,2.065403974962811,3.8916729446521914,4.151488787371632,21.653749547964942,0.0516806182975421,0.1998932723915022,-1.0794801496891724,-0.0736264288716497,2.044110632670332,5.765508459483698,127.80410255533847,0
0.6537848955644537,82.38211513396358,215.549855689803,2.046722996280622,5.485110290221341,4.231478772966479,50.8333306003388,0.9628745690305782,0.0123034021118088,0.9132215612951656,1.0985009191091322,1.0257274603260562,10.70525308366338,-11.501245401051769,1
0.993718957558891,289.04456389276663,103.91340758299091,2.1055833414342944,10.540573805681918,7.410232206226976,76.2409641958807,0.9094442833154408,1.2632497409420604,6.172147340484871,1.1044402097629211,1.9325972873460275,158.7402759067012,7.99093589164611,1
0.0437150829928915,40.48125161555481,167.15934434931813,2.0596703902566245,13.709551651167502,8.057642052250655,20.26084482952195,1.1577654821668264,1.1881868998537004,13.390775515174838,-0.0508330512614738,1.928801614269332,15.722463244969944,209.8776746108372,1
-0.1536509240109169,35.791029509746025,11.027308034262518,0.912803500467891,9.514437178026778,3.634601481441112,18.715211087252296,0.8728883268741957,1.1484683359515664,3.4067651275356483,1.0233505248704693,1.9251434705646528,6.290195134172251,88.31225585637507,1
0.1881346920454275,109.1856346966359,150.04760595627823,1.7919104403029005,10.714308573923343,3.857541697387748,17.27632283608677,0.8609762431128392,1.0716802866829889,3.5286363128945606,0.8138604102362501,2.0521944156060004,37.66578115827932,4.122900747943675,1
-0.0247056558680109,252.51285454518512,159.5363599998068,1.9112195319284573,11.660414283557548,8.056426552875308,31.60052033785121,0.9787885373137686,0.1708369808945206,2.6897930022039787,0.0893512081633385,1.9111419148302489,13.656296845537303,158.45213431144336,1
1.0723027234170657,12.048069042902595,20.47543599080632,2.0158279826405434,0.5676805489917838,1.2167354345044044,-6.0829197455358255,0.0636590186576499,1.0682540495776778,1.0598761502362022,0.1482616315184996,1.772496933238217,106.897457939327,155.62092319609883,0
0.8829446070222267,184.6922004595201,18.537775084014385,1.891040944377348,4.251714838100575,4.929083938442066,21.1595541145641,-0.0119056557279986,-0.0044498553620531,1.645939296358942,0.667108882913487,2.0152985386628712,140.43522580602496,236.987340081646,0
0.1918395253183664,170.37217013994396,16.359090706201457,1.9684774262210791,3.878447241183164,4.113063004531755,29.521425773338542,1.052751607048447,1.0897954769811558,6.178474638034462,-0.1456920451179209,2.056349770465053,120.60386286975216,69.30623180696504,1
0.8805321144673134,171.198956266359,31.135154212773124,1.9383371487693155,6.884288364238825,3.937712792921997,105.07013092693067,0.6233580411270015,-0.0485140388817219,1.340935112802035,1.0579553940237092,2.0718389999284392,154.57589986575303,-2.0084069611491344,0
0.0613500707077231,192.19401840550415,40.044450783042144,0.7919801330742166,1.1227598731446156,0.5256372737832677,-4.248819579605375,1.0598260860444255,0.175296195351931,0.9616402661378762,0.0690129908444962,1.892170898906153,109.8306863391758,-0.0879270522854511,0
1.0269179354751958,169.13415714604866,43.00493297413822,1.9139323232080865,2.311031313466721,4.615217482938828,9.803885971339216,-0.1515371202427932,0.0372252021334243,1.159543156187974,0.1196319872838165,1.99006182390613,72.12109383656455,-2.1276189714385083,0
0.9484606991699044,110.51993556044896,103.43667159391995,2.006619278195945,7.29575912016676,3.4102215342245863,57.00933450561672,0.7796603306045997,1.068066838426598,7.824148656270347,0.0543419252243829,1.9836024511011687,71.51330427798035,128.104341329674,1
0.0181519505643477,77.16643706763031,111.78071939149804,2.000009067005535,10.336059315763755,4.15752487817485,59.11706351799995,1.261364511875279,1.194592981133287,8.38888394805753,-0.0950445809993874,1.9169594706873976,54.73290529426728,206.7716804224832,1
-0.1572555969771448,265.0444586928473,31.980299944848294,1.914796070900027,11.072622931595811,3.7840732054005297,13.89763464136627,-0.0201814821773231,0.0861224011530744,1.2048134670562138,0.8253613847516988,1.9932324476245225,78.7542634228814,-0.9635379959474336,0
0.8872067599130062,111.65020868933284,93.4994564831604,1.967122954814704,14.540659472847375,3.641939798669438,91.62812284800252,0.8699851399512433,1.0090011505174594,3.1924188494000285,1.1409191409640045,1.9686281208421867,44.39950047782933,8.648859808262245,1
0.9702653612403828,203.00566940917295,87.53048724987812,1.907513089842286,5.261195575829743,5.896759326127528,2.2631175491315574,-0.0453990100994766,-0.1421338767186881,-0.923151272409072,-0.0145583164711491,1.9255112348702488,157.02174267793723,-28.0606791230227,0
1.068583401887091,173.8125182425072,26.35781884579744,2.017368646265607,3.023266986862203,0.9912411945560472,-5.291103333617087,-0.0216969279938725,1.0114004908350118,1.8476416173349215,-0.0039054665237373,1.8922479774156784,18.9016569224965,17.287984287215657,0
0.9601160091941214,205.02221458513648,208.72526161156892,1.939802534069733,1.937109871608988,3.9859079443470256,58.03032606693199,0.903962169180818,1.1249818977986523,9.576911067417903,-0.1363527637311909,1.9967796115947396,88.36055606031127,97.17453135907712,1
0.9854007105834096,104.39372591250338,-5.921455243486534,0.9116592918610336,4.186151778769788,4.420265674204054,4.103698571688028,0.1659413313965683,0.1059685230728199,1.848446899414304,0.0690194260981583,2.1737572385551056,66.63465330848571,7.614857125805939,0
1.0295333752559177,245.30003069822052,91.77527674918645,1.0334617979394207,8.630107051267377,4.121495138434619,71.47949669059318,0.8577246256709351,-0.0595200388606394,2.4490951626136743,0.8552541552946159,1.841993623545616,-5.465553815993076,173.5286537461781,1
0.974873615683596,199.11618877372516,21.075574742424536,1.9809986426603008,10.08354952339498,4.301015632507082,11.809443342762876,-0.0367538762903418,-0.0564175278729933,1.4411009119716731,0.0760853818013189,1.9675873229342995,47.112591176596816,23.78984578138297,0
0.8002414863173248,85.38316405519521,49.85211453543683,1.8565214942304225,4.014726577775964,4.016083990386025,26.440360264287317,0.0052919534007739,-0.0415719863041714,-0.8731180098860074,0.0563316918461064,2.0493636001119158,48.45807964827199,21.603776361619403,0
1.069574942603568,73.69732141336264,174.21907211227295,2.1083026721656286,7.453527987020652,3.500359563068896,-5.419912214691294,1.1839548976248162,-0.0962448164623649,2.4918822823846534,0.0654017175700247,2.0246269573797813,41.46205901376156,12.998208568921092,0
1.1959164218180969,51.630905591053306,153.4880030264894,2.117767091308875,7.335321057161967,3.703993519882665,65.09299504027877,1.00003372668259,0.0321088052320809,3.108134770479529,1.0418822773447405,1.822480381788348,4.7619602887671135,1.68792297297383,1
0.0757994223066761,224.82717894399184,29.701389145844963,1.9861733780147437,5.123547721923623,3.5172792665142323,31.67486356403296,-0.1220386245111256,0.1333812801802691,0.5600795028807122,-0.0031935736074441,2.041941187282684,79.09910741884815,94.31347625488944,0
0.7927117173893404,320.4119011584503,106.2211112172564,2.259763634796526,5.721431898271344,4.725757799183633,4.636523517722793,1.100654108313996,-0.2037975447410852,2.479638606297966,1.0979666453963992,1.9970954004290715,87.43762234482989,-12.90184477020123,1
1.233981606421044,154.13475963908832,195.49256559677352,1.952829027042565,1.6369343045563165,2.940259970802921,6.338247308250018,0.1055716728579997,-0.1948730458226532,0.3333764143077267,-0.1441710262278253,1.927937389888165,1.6165994721489128,55.14603125862509,0
0.0642558818085842,187.67742771346312,29.24680844522068,1.8258526664295505,3.84285555988636,4.46923147105498,11.060557461608957,0.9431202869129304,0.8285244283991138,3.5789309736116675,-0.0216528081478964,1.9455377098301527,5.357696870875614,183.21836377655225,1
0.9025011747717192,205.32846833752572,127.50193502143144,1.9872118426990968,2.181248018785947,4.754999783314456,86.82284156068187,-0.0466390127995165,0.0600224478637704,1.5269596023345473,0.1107296187278812,2.1062674514440998,84.48143765012489,112.03366927222172,0
1.0626926982212013,314.01391247578954,77.19819248553193,1.9872014720409996,7.684229012079492,4.818911618633123,81.84844051149895,-0.2691609352254266,0.0696813282339188,3.592176455595776,1.0775297680625258,0.913809991681874,134.24926536418084,-22.258033515135278,0
1.0250287887110865,175.5353791162559,74.06623769783506,1.02153047541606,9.190185600850496,3.280146854413066,105.47057517443189,-0.0413137993894667,-0.0206049260000381,2.056516344639956,0.9103888277884674,2.100864711179283,114.653620318836,14.671008011955358,0
0.2209785989814941,160.83017718944586,117.40705556073158,2.0949104795963707,4.709467970043785,3.7943877571647975,95.47358483090868,-0.033592626497523,0.0542293056255562,1.3443806867426358,0.952336753133487,0.9007690298544152,33.68599381678906,-2.709654006914469,0
0.1198032568143008,216.9034156810579,53.58839318520351,1.8835698147703697,3.3170877540199006,8.188774484856841,17.683331737212747,0.1373495113401946,-0.0163540777895501,-0.2540003044265941,-0.0397471545012637,2.016216115937848,89.67014524722306,75.50510320158574,0
-0.141988072275684,148.85542104851325,37.63336320677632,1.9483313858895863,0.6359490992702286,0.746175200304485,76.0528618459679,0.1074614390430133,1.0096293417668272,2.6264694695149995,1.127819730672792,1.9985250932949048,59.566014834354455,-26.1680851194886,0
0.2654144766057917,52.76757271663856,162.60823250563487,2.0440890982423325,7.567522089709338,7.306123506670184,102.36233863055828,1.1395789536897487,-0.038453025491992,0.6197947154932257,-0.1197702852964906,1.9888074404667635,104.51635190121614,-17.36094806723367,1
0.962945391079662,197.9607749301026,127.93573229802688,2.1103284632585257,5.231930110303807,4.561919147283326,98.49991412720138,0.8511109583621246,0.927880162266874,13.974768038727262,0.1078949392269578,2.054675086096993,66.17947637948748,203.67052981972157,1
1.0388350782889038,288.20758348678044,128.95056147252,1.920081240894235,3.5201068956644748,3.530177377629549,109.80882252662384,1.0790924987615935,1.074825752507607,17.25702950642612,0.3503368632137366,1.872407787982852,-7.512878853369415,219.80989816685087,1
0.11224214702249,290.0150241413764,-5.255259926034,1.9570549685771337,2.6043913889153494,1.3825478979758614,-4.056669603551136,1.1628887577871918,0.9084127930316456,3.017043467306074,-0.1692584996608808,2.0801177448141206,79.31761080766562,31.321758234711847,1
1.0908138120631228,105.2068268765037,67.89648907705147,1.8524876178314755,14.302147362274628,8.088962587560584,20.406756325711584,0.9971673917061772,0.9230040571318155,3.91986220852016,-0.0440454064582123,1.9175882279666685,48.72159109209077,203.11377118788624,1
0.9678672704994056,78.70681371109906,121.28310184043356,2.104029667037444,4.451509572749094,3.833321706143467,47.47708544734785,1.0731989457476476,1.0879647053601125,15.799592488156016,-0.0434363609369368,1.9654858489340816,27.891761095102552,64.52580097519689,1
0.1225666165887159,89.59298352313297,156.72960647093197,0.9795791233467604,12.109314060489798,3.906137294653696,64.36700721153747,-0.121094613273217,-0.0218129908402306,0.3027846250716748,0.1870891711348344,2.0559463011878503,62.51173116162832,12.288645341382775,1
1.0365204132643075,158.10686367373904,36.93240272070312,1.0832888949787722,6.3012668925667,3.872763527586874,69.75519155357304,-0.1707852773230844,-0.0996761397208032,0.3730960144293207,0.8600007655284709,2.032839933757522,120.79614189435874,-15.490947702361488,0
-0.0870207570298043,91.86771925296335,0.2841650130094137,1.0015795313211435,1.5267074523284707,1.4517266149836492,-2.935298415270829,0.0022164840574192,0.0227753499030379,2.55930530348343,-0.1845109293995302,1.931987003454881,70.33316178733756,41.04039274499742,0
1.2400506705104637,293.2384278754189,227.13600849731927,1.8442967273056348,9.252470132668387,7.903602299824454,4.286509730191838,0.8624910141279072,0.8672910362347438,18.61668131021668,0.0968254873775806,2.0531101302897445,70.89127065030883,47.54716457295465,0
1.052590698885081,97.07216863390806,70.98711343491723,1.9746630192564272,12.830530926860265,3.865538940225514,33.07602517072458,0.9877074904920488,0.9698348598326068,5.886037846267815,-0.1113803290443426,1.980361802296066,-6.907321134989672,248.09262232543253,1
0.9546313926734744,245.76741052896415,75.5337000561936,2.001439865759153,10.784609685509045,8.511457146129091,86.00397994478567,0.8699998452265095,0.8733235276151222,11.63683590312306,-0.1530302588163712,1.9963741814598503,22.09203323236552,-13.283576932928632,1
0.9817069055277792,48.05365020663712,30.382802964703224,1.047925002531342,7.58134754349498,7.389993999868746,22.40192046503917,1.0215502770028362,1.1953024550169788,4.161251072298806,0.9852226938526758,2.0213366677005347,60.057133307550096,82.98411521939632,0
1.031437098807035,45.363180246503305,156.0510896992551,1.0682669582604851,7.815886717358058,3.50942122262225,43.08624260435988,-0.0665203073003479,0.0020413648795294,2.428098644240313,1.100578678564305,2.0594111377084228,23.006793686118016,193.2171372928052,0
-0.0032797065948234,-4.3296406674783725,48.545930778709305,2.0512051599260315,11.013507911588489,3.6068096037670343,8.179194361967397,-0.0087154604301881,0.8350755175841514,0.5166014982109433,0.0703941531603497,1.8057713460029945,36.36821559149506,39.31773056332583,0
0.9998692322828876,88.11103280087228,45.24879953414622,2.208923250108105,9.450080999779308,8.911298832892616,-2.2549589074705096,0.1138963669157299,0.9107035102961882,3.2260550122187075,0.841444090057,1.9518919489934776,123.20342795432488,68.31829222854745,0
1.1256272263191482,209.67186765542908,34.09001073699938,1.8901892256725767,1.1923339001880162,4.799434168785379,25.46002380205153,-0.0169227490173764,0.0045217096751701,0.1770285181695525,1.1108596540482392,0.9716406659268364,-1.998470063004952,12.05598021302405,0
0.1209992735718422,182.9393637202482,40.39118963795679,0.8622062652169281,2.8114226406863363,7.688333807098807,10.343558974443951,-0.0936360196159064,-0.0355082147662523,1.5364224377504485,0.9851163734300754,1.8608261950932632,44.39783933634062,-26.593185633471684,0
1.0209247330852436,240.33958468426133,77.42277092930388,2.1725838596407567,3.10939857332553,4.18316520451091,-3.977567813613838,0.1323266667175384,-0.1852867124825244,2.613477260112287,1.024912182829465,1.8021631638048732,34.07424285803238,12.876076942476637,0
1.1267461961545109,356.5094559730545,199.7957205199099,1.04877304944183,0.7159748901990328,1.465638606483958,-14.621151026760351,-0.041905782528731,0.7537758071000884,1.4931700065927445,0.1698794173315077,2.0668247645838096,-7.295019400631261,74.71365378189489,0
1.1494494890166338,254.8287334945216,196.49679318206609,2.008144272653651,10.156927557786965,8.631576786757517,6.004811963637739,0.9810608223005624,1.0731941180787177,0.987141584764354,-0.1605738959776551,2.0304830830645875,153.32169497472722,27.02316881338228,0
1.1316110449120242,213.62782000136863,62.62510683665277,1.9211861936197512,12.405955127584498,8.364647870212188,93.92451520743168,1.0445411027787856,0.0923702256258751,0.911059878905954,1.125811118264148,1.9772835158697315,-1.4655803969474874,-16.74736616797265,1
0.8479654863317365,15.88087899439438,21.822472709494257,2.15112363600972,7.297869519899403,4.6150713401256045,-3.8579646561354153,1.0070103663691818,-0.1213411383211012,0.5831388445224235,-0.0326470750979449,0.9458153278981448,54.986244890126365,-24.670305731014416,0
1.0336599164610527,183.1408390580192,2.374626324022288,1.0084444697002144,6.376073366713676,5.264850346261434,28.44858551455544,0.7781156710548344,1.0400739610036214,1.2338256724659105,1.071919884054612,2.003475474072296,106.7835632430006,201.34789061503827,1
1.0198564388933673,73.51518803636813,73.12577325144859,2.1065669158110145,8.392756711436881,4.776991130147874,8.320440031820585,0.9895334587653352,-0.1073038934957902,1.0710511774260407,0.9226482611245213,1.929461527634758,34.29081819827672,-5.51252039765501,1
0.8700953402351121,64.1865679731078,113.26268339199802,1.8696743531142563,7.514337101813272,4.167585216495193,37.482846380137616,1.0042716636025393,1.0861071365861488,5.09094230537494,-0.0386247299682126,1.9220497531019625,69.87730718613551,178.54727322071065,1
-0.0319647615792686,142.34868240926048,23.48604064110134,1.944453144676237,7.629416594322648,3.6943589785365454,32.399076961622384,1.0834794986176624,0.138904662825014,0.954650588748442,-0.2442382378977575,1.0527000151661752,98.86284856445953,6.60797643832521,0
1.0975602360466437,221.5376876312708,4.097074731559715,1.981068061921928,8.368344640450724,2.575770915207029,3.7431816142947056,-0.014154003855356,-0.0062616994000614,1.7120943577861334,-0.0093130380417194,2.9148845698855017,63.36974270656119,2.226847312829669,0
0.7486479359761345,370.8563987907232,129.75362187438918,2.015158973199438,10.52581826015116,8.361407472284252,103.48566734644712,1.1245389268317014,1.0641988131778333,5.774742848571991,0.0650598694623606,2.1466582982882643,11.388703004591186,-31.793484046241357,1
-0.0550967785070366,165.66517881383106,185.3099468425167,2.0148523511649827,8.699435467909709,4.114082617463176,51.81066738922243,0.91201061921502,0.9777856093319808,2.1983251239237185,0.1022030644010432,1.9706075708699808,83.0086327563643,15.172211228372454,1
1.078615769364926,276.57936801312024,27.923221367735096,1.953582635376292,9.904129168384678,6.056255811893757,128.55997907297714,1.069000823846257,1.1473862615642316,18.803456947910774,-0.1634195838430216,2.093790557067051,4.158863291705259,228.88653155027865,1
0.9697844116947184,196.8904731003877,93.84966664061542,1.871127446619464,8.835890159960845,3.980029535815489,82.4939535394538,0.9217553356895064,0.9153304949603822,15.099694144344513,0.1253535908603817,2.17075611283626,108.61997311425488,173.72679646083037,1
1.1293005697038896,89.80411781490491,32.896854543951875,1.92016080066229,2.888635860943244,8.179676732746668,9.49992246781705,-0.0117238500613401,0.1334663354721529,1.0080522009845274,1.0987551407924288,1.9634329672871291,56.10233670020235,10.873557014709732,0
0.9271722457202344,258.54222102196263,80.19117743926999,2.17405674105746,6.334656379069783,3.891482987206039,12.832832063934788,-0.2710349830109853,-0.2491047808898876,1.8021035207081235,0.0075318052722381,2.018695594087101,18.70773636168267,49.57806214977706,0
0.995649813320126,25.586500515848183,-9.407403519854311,1.7650935498376648,6.1380969565025385,4.161255769312459,12.974829228943104,0.1962056356434779,0.1941778584666764,-0.005880064608982,-0.0438772902243176,2.035856528974721,127.19079281238176,161.87947182237983,0
0.2313761821768959,84.44842723854808,136.65473123543836,1.6658160990546689,11.67451830829386,3.952112821581938,21.35769958636096,0.8900287146215392,1.0433143811871128,6.852834565615568,0.94426499944505,1.968193090258802,1.291259807262939,129.8553215415822,1
1.0478621763915832,144.30428805639627,72.03942641165274,0.960845566918848,5.9938825503909685,5.017947673192508,36.95795289111064,1.1305509124537945,1.146886958951501,9.204371299443942,0.9376762209368108,2.036216846555759,40.91354085775525,7.974708630924219,1
0.9859757391690908,74.03442386764615,182.764840412946,2.051291927325656,9.58183597045348,3.807659003692334,61.72949502275562,0.0677414632542916,0.4045614396886582,-0.2018691798639666,0.914136804123609,2.0312628862652184,48.57978416030764,36.41567061405479,0
1.128752520311633,-11.612714594566144,90.6871567278753,2.0958746052550903,3.2898167388100656,4.563130229234514,10.706889015625446,0.0250315026471104,0.0149950649950706,-1.034131763078551,0.989985768347744,1.950115687572678,31.32122393131624,29.04261523870384,0
1.132207613338853,76.59130855305732,45.25129176356336,1.9935693769942289,2.7200330841747613,8.773237037055395,48.34115931287664,1.2465957669667649,1.1109652604040778,6.763352258093947,0.1032223106789703,2.127346928081461,92.03863972635772,119.55464469768332,1
0.9990227792465388,27.639614703670148,23.27845775175196,1.925501218096424,12.366564675351622,3.842803662142254,4.186127993564881,0.0947389552566516,0.0029515583896521,0.6997465426324618,-0.0037396488505162,2.066722746985341,61.357855312754495,-1.2925382781295838,0
0.094257545623861,87.04585859759946,180.84438998555265,0.9096852635965792,11.989744512727963,4.919006275293054,62.65220006933404,1.0043335904996316,-0.0647400293882682,0.650836591366803,1.213170730543787,1.925034783707188,83.13813952987549,30.254908198278365,0
0.9959526275573236,44.87764099919984,157.4466790544017,1.9699613499887487,13.989610741883126,8.23877148882466,26.06050280581169,1.0914903197633583,1.1190007839280374,3.4574878843696784,0.0709614511250514,1.997259840418269,43.63423601170759,20.486479551361896,1
0.9486038183145856,208.85990439314105,-1.4110308624544956,2.041134820934572,3.0846294171654707,4.452058015489191,9.708449365938602,0.0473670226293894,-0.116864216231092,0.2283853559606643,0.1154961054458973,2.1321884786531573,129.53755680536182,164.70231203674234,0
-0.1172399578018006,241.89054692880808,104.50645111342538,1.8506064451445403,12.82632725836755,3.256353456712641,121.51757175872967,0.7933010811264318,0.0654055345561646,1.3809379590317814,1.2376495010002004,2.0632929887214666,164.1241440771277,15.85663391056957,0
-0.0335725686781908,203.75532045085265,24.76715021476117,2.216788938922173,13.163078087203656,5.218315392251244,3.611115702413436,1.0028070134666025,-0.1582353293903056,2.119305123109528,-0.0625435051042915,1.9516984678599472,155.77154185956,251.03400468821548,1
1.0360871115900256,265.18308470353827,21.96516918731566,1.0218320997473778,1.2641962649794811,3.727745926398127,36.54993706536554,0.1682341930556253,0.2227470289314239,1.451669932875408,0.9530922620196915,2.186080744524041,133.07064606728204,-9.372164026749251,1
0.9240049494581004,216.8865654412279,64.1805023488138,2.168224829829122,0.615309174974251,1.0888983210273135,6.50521076155297,-0.1091273106356882,-0.0090109813048652,0.7313165512615902,-0.0639993785809207,1.9671750681166664,13.820619995655528,139.12996671514674,0
-0.0515209949998217,277.8566103906148,162.99949570546835,2.0647781015024407,10.430301935432762,4.353447616658142,76.77465864536816,0.928506177559365,0.9345823984827922,6.919509004290767,1.1265084648107655,1.9276610925173123,-7.057934478252264,23.79894218911186,1
0.9306116755093854,92.42807300154767,34.05940244843536,0.9431124841720734,2.2140967126563984,8.01087620528486,79.53714121274831,-0.0298872606049772,-0.1265864605362725,1.180686898069729,0.0274022607789986,2.101462146450033,70.6281505259989,123.48098827062552,0
1.3157872759944118,41.152688840867015,3.432611762201645,0.9254098496776776,7.132594305136324,4.466147388908821,1.6930490904772668,0.0159031794715979,0.9921452291105308,2.737250737863013,-0.1054684190115449,1.9197094832220385,71.58596474024911,12.91377396795808,0
1.2019222396733826,157.55589842372848,49.748448135307015,2.145108150934957,9.01109071842317,4.100935846889031,37.076066172032895,1.0495705185657431,1.007468548775691,10.68709336708171,0.9936230102026902,1.9940482588041568,160.72441195926024,46.23943983393866,1
0.8549804897742022,206.2623087667845,93.6104518572613,2.2626993298440654,9.732664794478822,4.732648086673093,74.35991324620082,0.0513411879926506,0.0146373035358289,1.448227720893011,-0.0191426490233649,2.108543555830133,138.7372605639415,56.56204557292556,0
1.060377186427293,217.4339179669004,48.48276772219154,1.9136039214817409,3.084660810905544,3.4801751563685137,8.39077126232533,-0.1292009560356815,-0.1933994931162579,1.2211298140749034,1.0292206644626865,2.126962670260051,94.2946045280801,8.377360811625124,0
0.8649775255577257,186.3997398403744,119.11728532647888,2.115739261135352,6.970979630753808,3.4355536706334435,45.6384372969087,0.9486113909688554,-0.0849684458622437,0.2747887964419337,0.9593551764459014,1.9923673452425263,122.59409742330288,-21.47910715673863,1
1.2246524946940942,1.4797603257123058,5.284506675073601,1.2143111066639345,5.493903882336053,4.903196512175647,7.048309600928025,0.2224973669334446,0.0927850881725312,1.309525928717601,-0.0081748007637722,1.95341586024084,18.873814662687707,17.296611735006778,0
-0.1569878284328124,12.428952116227125,21.663427977846037,2.2652849155713124,7.427818423616658,3.866713831173304,20.77463274141434,0.026485683794126,0.0472075936954182,0.9462049872137284,0.1353101579883816,1.953943027506294,49.369781240973325,28.77943765325829,0
-0.0113351352741111,361.1138515648544,232.1087968694291,2.158828381695515,3.722493677781416,4.375035364053812,119.42129695775353,0.8449916687557729,0.8160291403964373,14.241041348832638,0.0651684717909369,2.0674362988121424,6.73157477854884,231.6539140681181,1
0.0438073364074051,-8.00616789538455,94.1165404119116,2.1452216322843216,4.679160050068616,7.394945992595304,5.010566614656895,0.0053220827450088,0.220302652229119,0.5032511732060962,-0.0593995333228432,2.1156109887157197,19.678987206152307,127.11560768192304,0
1.200215411662732,99.65711869590928,181.47961548839788,2.091854969214573,11.779562001580544,3.890062461104872,9.864011648132994,-0.0173452932411,0.1049311505348567,1.5585238607221263,-0.0932540776912734,2.0102044742317005,18.183574381227373,-12.098089924541704,0
0.9792170705303564,216.59267516307776,62.659758527633365,1.946633005689047,2.817045359634622,3.366974832544177,29.60330910823257,-0.223100513256595,-0.0549290675957941,1.7653631117083726,1.0377469693071186,2.044066906966993,72.2500765244567,22.243278445283167,0
0.8690326902008478,170.9502904411057,24.88505103330137,2.010253757454324,5.758172108526734,3.510536205571499,14.241860686815492,0.1514473311564074,0.1371824372630358,-0.6045453757939709,0.0375606340996317,2.075807309818,57.88074549809548,61.856449353049214,0
0.0890082687110273,302.49787875521906,32.68024790899428,1.905321706477633,1.2000775147748213,0.9821693801828716,0.0897361909097753,-0.0142748949091199,0.0132467805268374,1.8546338998319247,1.1716075303931488,0.9998320212444636,28.399928341927318,13.255499624130929,0
0.9846691118984898,132.87238261079415,32.06406204934145,2.1764053163874117,13.563771505714698,4.06333562088643,39.86558816573933,0.7418127379204469,0.9354252273015216,9.367385137349547,0.6391572658520954,1.927082112738945,115.69199322522994,221.21501346392895,1
-0.1228455791666678,323.6502691382652,133.12944310380897,2.090476242443016,10.15553027855377,5.39837293541552,71.90340493281377,1.0089925190180602,0.839791834459336,16.719522163028618,0.1394423272378284,2.022164506289456,-14.52753328599654,179.82583436941175,1
0.9435739037023596,164.85927941078842,138.35247595504168,2.107621404663586,11.868916981668873,7.868420446411461,90.40152748415194,0.8187320746083041,1.096685853400475,13.494920201216278,1.1601807559633126,1.984261748972523,130.36540225300155,153.08812678366306,1
0.9550899776041696,106.35466941521716,177.57733858562656,1.0248484247361802,0.7245646142768338,1.3345233655908264,5.312083176150672,-0.0863986483930333,-0.0208588967536308,2.051959776691513,0.0489980821006943,1.8957180219488017,72.55874072035586,-18.697166643205456,0
0.9839738590830592,66.09045136607571,84.16518925151068,1.9366244652458056,9.954432401529532,4.881711985658015,17.94711941158008,0.7249596773917606,0.8127775321450833,1.8666124975781528,-0.0588460228580332,1.9011360433250395,75.42152007050407,6.675908608141874,0
1.0299546410107998,97.10493047120444,60.50170634792014,1.909180654411453,11.790450110930829,4.103401203569679,68.74130932394505,1.096233690394435,1.1567800419749896,2.136075878159077,0.9988872187829324,1.871203835291794,141.4869897439026,199.03283336001888,1
1.0807999475974126,244.62258689763792,80.59072355548835,1.7864270540753135,7.606071885402189,3.5789466615858165,-10.45724451057294,0.0055177964931413,1.0486577785054032,1.5584877205088148,0.0967972621922905,2.0448718760462934,70.68017304040131,-1.1331007066022494,0
1.0783647757441093,315.4960675306455,140.03738037554913,1.9184563588422112,7.715815158761175,3.805787817125697,127.172456129143,0.9423130117941606,1.0061810427436928,5.91684627762676,1.0308351059190308,2.003298582670745,110.77247073224656,166.00065977448045,1
0.99834920133636,109.526531046555,192.498412314828,1.997590782328461,4.237052483051869,4.990214771796811,10.851916606656191,0.1173618178659359,0.0825003827501223,-0.8006831364501448,1.1390850929480978,1.9658180747002296,70.25175092715338,-16.661768090835118,0
0.0319809250357195,266.01739784784434,59.7963649454756,1.965007721400537,4.698830334892454,2.9263017049215296,-4.113854181208403,0.9446830650489216,-0.0049108842763084,1.445937620737613,-0.0379186694694698,1.96942007098923,33.06476662402501,113.11503730716134,1
0.9838973074455928,24.73951989832139,124.26404176996628,1.8724366530389671,3.78267900268876,4.093924835680891,7.6093099338828125,1.1787421085757888,0.1123742736404273,1.292417265241265,0.2234852190837508,1.888108797384964,23.91092228986784,7.652894758169474,1
1.0831488620464964,39.57057945618631,130.68254104155417,1.9328940027638108,7.219332035654391,4.164391237839682,1.0783838494951468,0.0622728534164054,-0.2606181479099468,0.9565268614626454,0.2488055884377699,2.009879549268542,1.7829833673762678,10.954333668087628,0
0.0518396900414489,147.72786678997812,79.76127747209573,0.9809895440082051,13.323018925827604,8.546089214233543,62.174043165005685,0.8728102691245248,0.9760446698461468,0.2429770155456152,0.0044056791255381,1.9851911133125777,13.3768653011308,29.77727117525996,1
0.9691196283631544,171.4274506612856,116.63194205025836,2.2029907248752534,7.274460810831043,4.176430542234746,3.770438783790418,1.1054116055496288,0.1397550592277794,0.1636492628858672,0.9903543998619528,1.8639924348325667,154.9484499538939,38.50205473262973,0
0.0483386573345357,57.84840042504212,15.135105312311367,1.9619829280112864,2.547087304003224,3.27426223189386,-2.9127237006998,0.0332420666470635,0.1565722619851882,1.5587555202003207,-0.3237917996867938,2.047872753261556,40.56496582072279,9.22820056270055,0
0.9095481621192566,49.63043074903209,17.3595497356644,1.939229034320738,10.011419677380362,4.312963208318774,23.51880653443976,0.2831505321049586,0.8725206247916315,2.0709734687853456,-0.1465046982669095,1.9419524074830865,128.73566332363657,71.80144588957995,0
0.8247430055746704,218.19390272058516,94.10089358453348,2.131978792541827,7.411561788270195,4.3186458362892415,80.11444513315078,1.0309600966803407,0.9825121641419148,8.879929327532436,-0.0666148211548089,1.882612161481584,-14.932743521679797,191.34079197156592,1
0.0482013405987631,152.00201424755397,83.45545816073282,0.9563356769951276,3.528660520395133,3.594970698041971,36.59039696343027,0.140969692188042,-0.0140930539211066,0.1532297863424605,0.8973045917244065,2.048566174323605,106.56911348569636,10.864000881481964,0
1.304939919946317,-12.334071263658217,108.96580902413272,1.0028786277760775,9.976360817729338,3.6573316811916343,48.679021514947365,0.9683852354222516,1.1952915532405428,3.4421213762362384,1.116578776862027,1.8384535817849217,37.013416899905735,157.45585909274934,1
-0.025359307596907,75.43887001253512,159.73338034223536,1.0595155292996623,13.463558937699112,8.308770482157904,24.01344068026604,0.9923928121844032,0.9454097102645628,5.152733729402304,0.0685382901642494,2.1539114772646464,11.830750121637628,114.72455136059348,1
1.1229081460215835,234.58685697927828,4.4414619763203405,1.857329892149436,8.490671152390409,3.330334870309799,7.952838774452104,0.0379778981770998,0.8593020516040654,1.9676746421784612,-0.0117234946887442,2.037597047061975,92.23844434824238,126.02444731653802,0
0.0275930894887491,135.8321141796166,31.71656605163262,2.0033039852326238,4.001422161124832,3.251594459756653,8.053724209106345,0.1607231586194753,-0.0661725948444239,1.934525640073885,1.169510646803138,1.8773330717950725,104.0598367503504,19.40712796329307,0
1.1416050774629511,0.4827962961334435,-22.85070853806694,1.9981130890905272,7.169636565356666,3.829610766488536,1.259540167764534,-0.2129771203614499,-0.1998250822154943,1.4858616799467577,-0.0651085905837475,1.8085441106459064,10.048610662187954,5.946394906362983,1
0.975394381597794,24.77166790510776,67.03641105360984,1.0736753470451883,2.677071622860246,7.491192743983239,1.1271162360034026,0.1408506410016483,-0.2820823043905798,-0.5084202740415265,-0.1149525278911111,2.109075705859543,48.25799708906467,63.93493226133128,0
-0.0630572712665625,135.29999931322357,77.355361623861,2.050678467503809,1.5211320841311275,1.3345436043481191,-12.259272777736044,0.057466184898899,-0.1257531129514217,0.4054694518164785,0.2692862974459351,1.9810942455644305,102.4663971698925,22.93157733941598,0
1.067520329830189,64.79507543931466,159.3194876395557,1.9817800183373675,7.72767527457218,3.956236949182363,49.68668457795948,1.2310590208122436,1.010636388781522,-0.3525517530886075,-0.0117066007182262,2.2045015527049205,33.98849502013788,75.27377998617231,1
-0.08207185529834,304.0286894177274,85.5300389378971,1.142086916031468,1.6090902117700985,1.0080278996622276,80.81589932299275,-0.0540958131955269,0.040535776475813,1.5887676696167494,0.8869493342320333,2.002723256036301,-22.42291414987534,8.844846806040792,0
1.0261562328605742,290.0464174012177,140.1412279902563,1.9249353321011256,7.917811947856498,7.204620632293367,120.22632949628924,1.0561920573423804,0.9718727024625324,8.372235380922646,0.1231291645181416,2.027211470633836,55.629638950488015,171.90413089527695,1
1.087606723868543,33.243932656059314,-0.1999611666211791,1.8262774880646864,10.509082703720944,4.442534634387606,4.080976952492961,-0.0866620681129199,0.7747348724908403,6.766444448061614,0.1028489162773781,2.057472051853898,64.15708324768069,19.473362944145578,0
0.9375093767604183,191.6401061912421,84.94786146615883,1.9110861947901483,13.622247685932336,8.044591929377942,83.03876395109725,0.9245064902215304,-0.2278666334570608,-0.9316849796044346,0.8431305206091695,1.901973195043452,161.21746424298107,-20.59076263849554,0
-0.0393948153661115,86.70322903529264,61.0365863569811,0.8140605023149213,8.151263891112018,3.805659079739368,21.77016303270082,-0.0217481658587566,0.2062848133834387,-0.1124293772778677,0.0731475972412968,2.023842946280047,32.98059509127592,4.221617748876888,0
1.0099014905778472,260.6530767995673,64.27193201588,0.9623820858522512,2.3842521502305214,7.095603151280162,117.50288810193456,0.2564737773344179,0.0566746939586273,1.6921534496938382,0.9485538060228488,0.9817607291446458,80.35211208110826,37.47905759862827,0
0.0054453567937574,243.4416717311444,20.715466708221605,1.9059244017403585,0.4044080616780663,1.2463361990759505,-4.6642873498085535,-0.2643706492366589,0.9934151629052058,9.50813506092252,0.2013201894860136,2.013197040290857,58.5640709649859,6.312424561137512,0
1.0334700791708813,236.2212973890401,33.065917426937304,1.9487072080182215,15.485346440067469,4.272231573848919,64.07906478867285,0.6669940100450704,-0.0082604427639341,3.099610057490306,0.165179465197848,1.862116401380564,149.3864561630836,103.17970001796884,1
0.969530584990626,241.4997871615539,157.48028327012764,0.9887235297889432,5.254945099128831,3.882210652650712,-12.161307576743411,-0.100296977388727,0.0681715495310889,1.3986225657735671,-0.1951890276416344,1.945928473653697,46.29322800799726,-5.637142721433875,0
1.033562008617343,239.593683279898,61.67378479063436,1.902610460417017,0.9532135515297676,0.8225080634834923,3.2426097000253407,0.1410333761197713,0.9602323628455324,1.9340193139654576,0.0404627456209854,1.9756178579703447,0.2007153120276257,-3.2987822997315988,0
0.8489368987586677,80.12585570208702,22.45332515562088,2.1305887201531744,9.486944121658349,4.387985792827693,10.607342614472508,1.093501021852959,0.917536065505127,7.84556280107975,0.8973482484625681,1.906782472151712,33.84554765313271,217.36903072747344,1
1.0159130459881474,131.84906217233666,54.72121685310331,2.081581126997761,9.272124567422948,5.381637336290894,22.518400871478057,1.2311077683601428,0.1176403784300891,1.7119407918794969,-0.0255632284729792,1.996914208655664,109.10501152336916,35.28229454333887,1
1.10187800687986,248.3143674032957,77.88147719399271,0.9951939933108024,12.707039844721171,8.480860093629031,111.63865600747482,1.0427044334309512,-0.0800779659773338,2.6572457020457394,0.89081718202149,1.9748111682659677,62.23879577535816,-18.83467325174609,0
-0.1583399255952272,152.55244285730888,64.14611742546447,2.0902713804855235,10.36862759788982,3.864782780050077,17.5426240109503,0.9699776886641972,1.0126192598171615,17.07961051785684,0.1412085289564553,1.973031483337919,42.05866990947668,166.04594966378784,1
1.2056485319798182,233.2350048358148,94.08985629748275,1.9428025111393965,5.153481499705688,4.486252603645412,13.550282311837137,0.9684622159287012,0.0127007000330863,0.4930378365884622,1.0348537429513558,2.191438643652736,84.59806757802235,-6.907222208061029,0
0.1666516695357695,50.981996627742944,48.59663949127566,1.8018718113420624,11.234713410244195,3.705361515634638,-3.300349430195361,0.992165103801116,1.0761357632141777,2.535806302759417,-0.0559111227801872,2.112710506748316,19.60280329803159,22.795374569446004,1
-0.0617842256576449,235.81606754145304,104.55937249437714,1.0639562067615622,11.613083374704628,8.25302752952663,100.10081673595168,1.0108022133287589,0.8887569757505867,14.664785128454303,0.2682308144568191,2.007143575024621,-12.691211420230488,195.27499582176105,1
0.9650607624321912,175.1993564778567,-27.985888463252863,2.136706199242946,8.132020716755788,4.939363485017165,6.840920228209527,0.8385945064160729,-0.0518942488108484,1.011514449484943,-0.1254342726357725,1.1230646402477655,124.81963892128388,9.68585874933676,0
1.130168657722816,313.90054876959425,41.07391697264453,1.037471704243178,9.795221664657468,9.03375051124448,114.62967701996264,1.0200022788662988,0.1331096883018977,0.1476818985111507,1.0414864489930904,1.9980693613490064,72.6191052701613,34.86553247176998,0
0.8870825263017277,92.37782664729716,-5.642843670846986,2.0488906161872853,1.1894793573743838,4.496519845230544,-15.907355003037402,1.0523212180911423,-0.2229625974039624,1.031978971727097,1.204215190073992,2.124920361821388,-19.820639162932565,6.419293827359724,1
0.9862727347369246,96.25825625727512,36.72691740320511,1.8607099043644533,6.636169038114219,2.8385173461204287,21.844327703688016,1.0935784401805706,0.9647654577695444,12.19934709133084,1.1356703262570442,2.0991105916841484,17.202896086172395,210.58191564900267,1
0.979200030177414,126.18374211096736,89.52689079346865,1.7057482071012875,7.589277684299807,3.691316090594148,59.34481561970576,0.0701321836419109,1.139358591459972,2.2819870543639382,1.073063292981405,2.014617668900721,33.26734903157586,67.51492853658333,0
1.0483971696916203,160.02671340079635,20.685561269262173,2.0287623224847224,13.25197331056803,7.793269231919341,75.44484026352366,0.9824200752764568,1.1318407376566972,5.158284858424339,0.98024082411294,1.9226893663134388,69.69227356975868,135.1683624272366,1
-0.1364800517152008,16.299467506565094,34.21243378191269,2.799407217938566,13.515704491244604,1.2648736324758367,132.87195095031257,-0.197656523286178,0.1990796262303814,0.4361250865742381,0.9443215708071488,0.908778456828989,89.4579545922945,8.328203096705906,1
1.092836861442961,81.18736021526333,-8.635809645930806,2.131750180370753,5.453085482587617,4.246149729440304,34.83660287621659,0.1550779585907766,1.139771004374078,12.618933384041233,0.0745286770885783,1.0387922006922876,-11.65140705513771,13.72554454649707,0
0.8274905612640397,75.02463126425646,8.624664445054876,1.886606548321308,8.772190033303385,3.975161190570598,20.103916628348287,0.9065070022541316,-0.0272908057995273,1.3034835388792998,0.1224296917894727,0.8040351293915182,92.4104730637251,3.889281305087757,1
0.0224720692655558,76.28191995896614,123.56811480824754,2.170874647983789,13.345112950285973,8.536461995891061,-2.071132264793242,0.896265501603454,1.0180496896628095,1.9828279878925448,1.0352583462939295,2.080958094445568,3.648451639908153,53.68512693787039,1
1.0299741153209814,38.19620159124702,-9.484226872783536,2.082928452597573,7.742655728305503,3.745137835138548,13.713875514337191,-0.1307700353765172,-0.0987158339435753,1.2130505156468838,0.048634132467014,3.037051567095752,75.50583033224312,4.606304513739602,1
1.0105679286356524,147.29858803031246,131.97541053261688,2.201643999441698,8.214889242922679,3.8569641396397847,90.71835223160691,0.926241072107217,1.0390341164683232,4.215346136342157,0.9091870609551208,1.9511685486896937,84.24351144558212,-1.9541087629646725,1
0.952009502379443,223.68378830807524,108.29736199629318,2.1649981988552325,14.1686029286202,7.390559771823772,91.58310301832408,1.206143945189642,1.2131834658263032,6.819067606148181,0.9522711037666284,2.109095519639232,-11.763332451832524,133.75123124558243,1
1.0100732300308295,241.5911194571451,134.2991354593994,2.113728553863256,11.80216907108709,7.8972482383364575,133.3003056963529,0.947772707424494,0.9290483697261638,3.172654887851192,0.9618602014013686,2.0824495735851003,30.945620570219376,173.77373951406787,1
0.8822437609954599,-2.2532708250415965,67.89781316796743,1.846491256180944,3.611181062355563,4.059127171459161,-1.6261555304211015,-0.0338855620481673,-0.0024614443093248,0.3390945055904026,1.0860771003571967,2.1071944928365816,47.646073395307226,40.81148517514801,0
0.9100599153711336,256.7989082352344,78.86824256448037,2.1672692837679546,12.062666213627658,3.984279703064199,71.52537947148608,1.1917818048832365,-0.0452585399170465,-0.1139050460907618,-0.2194852050921847,0.951779276085402,-15.770789368590655,-10.310792603427494,1
0.8893247087624505,243.6126404618865,52.345458979662425,2.0045948518397547,7.563098513986629,4.2707534009352965,81.40182515540954,1.1922743290256577,0.9250266261740204,8.059501255757098,1.221176699890099,1.9364778434060068,149.77241169180337,235.05766348608176,1
1.0728325904242677,64.410084938205,9.282256957613882,1.8837845946556064,10.943826775505318,4.03179632637414,70.28106304679434,1.0727649269099988,1.0100836880879993,3.967353738127425,1.137534441155185,1.955948778366443,-0.6173574854025219,102.21843206584478,1
0.93171108357497,25.258604617115356,155.96975561966815,1.8581676772691125,7.391911847433652,4.123630187255024,5.027648721199547,0.1543766097678205,1.150374120479969,1.5454932279718685,0.0241663494682168,1.860846437364933,33.14246144665236,-12.419314866951773,0
1.222484130546874,262.8259495874009,127.7573443431252,1.9899762011486968,3.1205926878429318,5.181903208843976,80.85007729969641,0.1062962007338284,-0.0874746779106019,1.9766258502388303,0.9549310045928496,1.963440583414204,56.47543151162808,1.5645325519263764,0
-0.1636697033528941,203.8755770200269,14.697134108298272,2.0203955988507136,14.326004919498718,3.782101317787204,3.412761372322784,-0.0683967804858731,-0.0238117407915759,0.9083190268600116,-0.1034697232518612,1.8489784809960237,95.53294680046258,41.53464567351863,1
0.8616000868573749,309.8841796627291,40.944307173962166,2.123135141340901,7.108964304445473,3.790898701726515,42.59314995006535,0.8375381824105412,0.9982988544240156,1.908736322252736,0.9507444667819664,2.0690727914085185,3.9306108715161088,-10.917087760505389,1
1.0026168493219303,264.5397731061,17.193300075023373,1.969449874963543,8.369668156107476,8.411176524601904,0.9537186841603856,0.9925826482084212,1.1437049336712666,5.888558357987329,0.2247893891736287,1.9000332694019209,73.01822813511433,129.74399095489778,1
0.054598489205532,52.05051890096309,128.41602869479087,1.8969797917931104,8.808304899959028,3.975150977448066,3.3222588970668028,-0.0850246094569997,0.1512042599396943,0.8442540572669719,-0.053351489076628,1.973713542913099,59.13709010620097,7.636679086159994,0
1.0585340547545998,64.74191028625057,1.8648549503679133,2.019219726555077,4.590876202209976,4.221946547704663,2.0689686357099437,0.2050493441929444,0.0385107170322859,1.4411186773880538,1.1300994121620362,2.027067245689371,105.64658882611224,-43.28164115127253,0
1.1220487950001772,113.9582550408131,86.3485172869515,1.8097057021678915,9.690216696692218,7.406779265720782,66.87264155500195,0.1275555877433693,1.071404677452615,1.138284753548326,1.0188816685060835,1.9648461345558923,135.3348025392201,17.46217285271718,0
-0.0014049247627482,82.68837696877067,218.64169293012964,1.9122224125940843,8.274142824523539,4.62660249503567,100.20562058581945,1.1107340148213731,0.9161014943497916,3.5166301564165714,0.032097962699104,1.961434419932862,29.741014137469367,117.07001480997631,1
1.053218147426618,320.4573718053864,29.65857696711999,2.147670122206088,0.871054844199862,0.0623615976263112,-19.24254999002919,-0.1909675590125172,-0.0024371021666668,0.9335832108837856,0.0788699316918189,1.9589812697690063,56.22519757423424,-3.501891690420642,0
1.166809743781236,112.86225069411996,28.963020745584096,1.9192037111753084,3.848318657113156,0.5685520120631518,12.21745615454878,0.0388842845281887,0.0453972844143118,2.3688758129774685,0.1440311062653071,2.057132141214698,15.608644990507097,-11.633941862508472,0
0.0868194209838215,261.8493880414376,-0.3928408448114027,2.041451475765512,12.509203860073344,8.0727144963946,-1.1915241952242963,0.9685110774874256,1.088425452913058,12.61070242631125,0.9018040167012517,1.912790101461062,141.18174246666882,17.188685475320987,1
1.1069644829582552,253.20623932431585,116.44990017653365,1.9479819158400475,3.698492029243593,4.499090578877647,6.88373279163071,0.1669948861939725,-0.019109306285544,0.2985789074574128,-0.0278833188168637,2.018102170294833,3.0357465935111847,176.3068749993359,1
-0.0411438572806609,229.90701875202643,1.2155122046155498,1.9161497493715116,6.20177973026739,4.864050893574741,53.121292597672166,0.7955178434885539,0.1110861421092408,0.2656499635973643,0.1357884737545957,1.9452527636757089,-5.236108550199134,7.262346601561241,1
0.0036412025151429,31.58562295418855,139.9938062756613,1.958120165167205,9.067049614076629,4.017125228700091,30.484866061442144,1.1001166488717722,0.8792404002334306,6.7800486153073205,0.9632205705543302,2.026732116930577,-13.431537494511062,141.17944608482247,1
-0.083370498408658,110.42824411842092,67.2759319984483,1.037533451793021,12.192348385424998,8.209135412043992,50.51864751351804,-0.0208435398075876,0.1010190712001983,1.6300058904844612,0.1559118732566891,1.9610837067067963,85.98010748848415,9.299204708557802,0
1.1323887471613092,195.1796544982649,0.6791011898558708,1.8811982906103368,7.702380888740154,3.228412026083118,26.03506125646945,0.042264551779535,0.1817569209747009,0.4204537314473211,-0.0801512899832588,0.996084970067572,11.04573990756984,-1.8012130810430236,0
1.1098125311276543,78.10447633451334,172.10801884195754,2.095232190248392,3.4515783477177187,4.597413981868586,16.62611459589061,0.9555855512299536,0.0415369420283581,-1.953664101663669,1.0476913315581091,1.727649219927104,12.12987467989661,51.20438342832612,0
1.0506862184755237,344.8470952727528,185.36711822596413,2.120618047959689,13.913326984244488,7.44706964192878,139.7889563506377,1.078125294399313,0.843601087336211,11.791172876264888,1.0820582245267176,1.999238869015863,19.333923899004475,152.8929414197861,1
1.1041610418183063,114.8672221258295,27.81082756535099,1.9977980025077764,7.025896297499366,2.962454278022961,41.76141605301872,1.1807694085537954,1.2071254751529534,12.358173742736431,0.2443827328659994,1.996794486259993,20.99081126866411,109.80538173839052,1
1.0626319126410022,64.04714825287184,160.52719221060184,1.8316259883852324,11.357454029657315,3.124108116528629,64.82302123365011,1.0160603997273758,1.2952188764085046,6.891204146580739,0.987212655481781,2.1342405812075445,45.7357493962125,127.35637977786504,1
0.9246894226296924,170.9037236870361,60.13287292996104,0.9334269397850656,2.1555712830640097,4.408517523966441,110.65836402471112,0.0859838457949442,0.120794250308493,1.0396225396455656,0.0967573090427513,1.868521308780268,10.950694091959916,5.216600257508915,0
1.0176255030809298,296.4487095337762,123.10488327849336,2.029791368843522,14.446347355809682,4.463678373951164,-8.679486658352815,0.1976407936106621,-0.1142162414283137,-0.0521620301493559,0.9951299318880142,1.9932672163713976,145.59483717021067,-4.538492972910021,0
0.0923544736657467,342.78651782384065,189.26077832373468,1.954363257983586,8.288997748241066,3.877680087642279,101.64047995188284,0.7188306979885581,0.8977528850328644,14.211424461461084,-0.2890179951970681,1.9280652451887417,-9.55100249368975,184.34782122649315,1
0.0720725271935565,364.5797343223009,112.23597784618757,1.893662845657185,7.126377424514022,7.404789729095214,63.21420793151411,-0.0081969887850479,0.1281314722645947,1.6191035036809225,0.0569309125259926,1.9699588920517823,15.008003894862156,74.11133175858576,0
0.9983259906917674,260.6124659181426,111.2153249614673,1.8572801816097932,12.819111308592088,3.6990629302860265,-3.158966001518003,0.9917834352744476,1.0083089787198325,1.6102723724139272,-0.0021715245064886,1.997031784705925,71.0155240438258,51.18664156668813,1
1.0541150498318932,254.46265222647543,217.37051366269824,1.0790294070097044,1.3444912056403222,1.3145485346620125,-11.744616807135834,1.0413354951689966,-0.0374280977880762,0.5134093028324553,1.1084343245600967,2.110426529623977,21.68762104396844,24.877684039898444,0
0.9026866962908892,205.11579758168256,72.90055553898627,2.0766028533070937,11.520229921587584,7.590526427637069,63.234565565658286,0.0358228035337534,-0.2366968210712982,2.046463378087262,0.9322677144810014,1.1053535606982807,109.987326372041,4.717593783534753,0
-0.2029063461756672,29.94579410563132,152.1948246849498,1.9603065424350763,11.268511137659438,4.5569897405917885,-0.236402652039473,0.1083552260809438,0.9169921264280384,1.5186380072540882,0.9004365618146917,2.0255783093803275,14.350437318490949,65.65640089626343,0
1.065180185502964,343.2593288025349,185.3849988404541,1.9849506069802587,0.1026375786603663,1.2419682290255474,8.322029518445664,1.1844024512407794,0.0459803273566933,1.9318536412134573,0.9629883622258036,1.9642970360351435,6.461049994272472,-6.018574610567953,1
0.8931928854946337,219.98144034461697,76.7470649603621,1.074191938247602,4.973365283332664,4.135545224766077,-9.815294309478062,0.8792808415521824,1.0698434935615335,11.021365519862576,0.6644414773143175,2.0927761853607905,108.5755378927128,-13.874877505622855,1
1.0847524443099452,65.22363330552733,59.33542800690711,1.9922201798044716,7.440211441463193,3.055363406100951,55.08246060128039,1.023231581739839,1.0689611385787725,0.6519271230989587,0.0803417361040135,2.153369968263383,32.90446592787387,64.880121544643,1
0.9693690937097388,292.76144963019885,63.34963946631807,2.180528448174726,7.072204140173048,4.79810437658087,53.828706792198886,0.848533702588502,1.0688353910120585,12.17353364486221,1.1367827197991414,1.9034835454729029,134.46698997271793,215.8887397739186,1
0.734524953656406,178.1439950507668,170.44260252614492,2.045851101255844,7.809738863171425,4.064594992740037,5.7258791381756495,1.0974626575472894,-0.1791333086991501,2.251411468243459,-0.0509752393679562,1.8952903855749328,56.38831878951076,-0.2229821717935394,0
1.0264005676890615,194.977056824922,54.475823165822376,2.1267054242078136,8.514703638466617,3.269727308624633,-7.0025800795702935,-0.1040873684883549,-0.1057262252789107,0.9089994903349864,0.0765585925556908,2.093696462073057,105.5530070480115,-7.093802792869084,0
-0.1036432423405178,6.072972347864493,134.50944476233664,0.9803069193135584,7.4072326179335475,4.2930081944983245,21.95164252664648,1.122392025345538,1.0347755769732374,4.296951602392685,0.8921405991794247,1.877015863141429,27.351916062797347,108.56048164812614,1
1.0727915946850015,80.07770645743805,156.580004126032,2.2057900316075565,10.165483115076466,8.002143990958128,33.13509859016166,1.0502509667319049,-0.0531172988041879,1.317223997838564,-0.0210306285840461,1.881908648279919,32.11013005799919,-18.986913568794783,1
-0.0276607661953149,39.09794262840329,24.347412970577743,0.9600423267981162,4.383554741197013,4.163249242942984,31.676779187961525,0.8084736255227104,0.1068384940406803,0.6688886165808001,0.9923615861559112,1.921402060439548,49.143993524760646,24.609574252431106,0
1.0507309127972837,30.10746211784364,-10.749720360821044,2.04056279197118,8.396752591510865,8.236666051086019,46.23591043963695,0.1860149170123977,-0.0568778188446517,1.4241921917931528,1.074066465966789,2.128302427843463,36.34490744141057,-10.862367247755463,1
-0.0558630520971874,76.90978171253886,139.2316651651156,2.0678909653386786,3.165224084223002,4.370253322797605,2.997836533939342,-0.2077009530847573,0.1247678714066961,0.9116268349769432,0.0983402342721914,2.051526287025025,60.084523221515774,133.3867775518345,0
1.0571531331946822,263.9821534078738,46.920881592942656,2.01155323249051,8.19792226935985,4.384506936812369,63.0382928728848,1.0055211782685065,-0.1000729315899288,1.068203968212449,0.996510171724854,2.014420833518132,70.43943444721238,-8.512021631254086,0
1.0557686831251163,133.01285420266842,60.54099825975515,2.1472478673416706,0.5546203052172967,2.116341721645101,0.9825761365170252,0.0509496421014099,1.1999754847599524,6.132058565536694,-0.1248495688811109,1.9918089430949768,60.58943729945303,39.21548914212475,0
1.035586651829396,40.855550738651445,179.0222551001236,2.10105217555403,2.2047575137324085,3.3518818726893467,40.16023129260053,-0.0394877900785157,-0.0020779719312571,0.14024088533812,1.109535708450984,2.058061477825227,32.761280007383746,181.4713631246431,0
0.0292829635524938,105.83896507540943,85.9295120676694,2.186045322687057,6.462814041818619,3.086572035347076,68.53163611705587,-0.0413530061891322,0.9837851615453744,2.5605560035132897,0.943152850516388,1.9799304388983796,96.84570374980396,37.69159571383437,0
0.0560210799866867,81.43961083775473,76.9942207345421,1.9410869782897984,11.037915708649717,7.969382541458,59.39058301066163,0.871990485142837,1.125780010123208,8.469999726090325,0.8359669625805659,2.0901957477998185,70.75726835944613,211.19389395496975,1
1.0852336962230544,285.99607005276016,49.93452486225512,1.8252971089104453,1.6669740814080791,1.7078078709516171,-3.145835129538071,1.0126672843649147,-0.2483367827171082,1.268835922998958,-0.1324744561320376,2.0149025769458717,24.000605536089928,11.858624551502077,0
-0.2207687834937851,102.78596263857288,37.17846634063618,2.271640981150429,5.640040127124707,7.731873413986795,32.93131307243778,1.0260521764126864,0.02502277002498,0.1823171164130723,-0.021788847714286,1.852294363687024,141.68036721521548,-12.995988507034276,0
0.1708931135489525,287.40147317960407,115.60364666740914,1.9004507472337429,3.641317017622994,7.314798579499492,105.76439048815128,0.972252051348655,0.8180902598221134,2.976426250156025,1.0390505349924275,2.0625654046023194,55.020676202326,88.91745570351176,0
1.0039252068809936,80.35766076160475,-4.590859845383079,2.096849423146978,6.428222570297046,3.5671260489133343,-1.9225408128796035,0.1342104582167959,-0.0164243030107161,0.3000192660436198,0.1153537663799503,1.159954277191958,3.417469499651588,23.407304575848265,0
0.1502850040339817,89.66261705125164,64.20738541938316,1.889120757138725,2.9417363136048555,4.817976187622377,26.69803420860212,1.1191651832907197,0.0612554986154312,1.1467767204959445,1.0489797605148845,1.935653782034699,68.88293518601715,-19.195377529616657,0
0.998731267798894,92.93582467339414,78.71325436505273,1.0081982335840447,5.733925755639026,4.239488985672637,41.684303025226576,1.0183396422379405,0.8215952902613348,5.095644771835419,0.9869948104409898,2.086503456012886,117.68106416246096,117.526533204471,1
1.073237545520471,53.82268604582664,135.5026232591901,1.8390539473449996,9.344804286929596,2.2811694766309487,7.263009461834741,0.8291912006903392,-0.1213426483772158,0.2710709812974565,-0.0445050637233409,1.8983241140591545,-15.395095296753183,-13.925012213366353,1
-0.0074455978401002,38.10791206500848,0.1670228054600357,1.972514932974042,11.786027694471752,4.114977814548537,28.135400676486743,-0.1405015985987608,0.8803405524861967,4.160320101729013,-0.0221495470277208,1.94216395800495,102.49940442226377,141.11780894458843,1
0.9099312075705192,148.47792807774934,36.94558051076501,1.926610140216452,10.414597547907656,4.105247515591119,-1.0099682809233883,-0.0193707763172731,0.1673485243109249,2.477744811690715,-0.1017378048468379,1.996832353730192,33.03943458069385,-16.910700305907064,0
0.9316949603853728,26.91842194685158,59.09582035563584,1.891714229217732,3.666447761782408,4.031357410223427,19.82940922723457,0.7554394963852649,0.9984763463521182,2.7772932209369494,-0.0128817619920557,1.997911134449564,40.60052070673027,111.2098741229578,1
0.0807319871603167,102.31400705399308,17.937632145542878,1.931510414747431,10.803354806738724,3.7339198591624014,31.85408363652536,1.2220128701731383,1.1542499585057922,2.839916947678748,-0.1505004600070122,2.09983330786238,68.43444429572699,-30.354262893229155,0
-0.0076099568139783,108.77751653120734,161.17900408482674,2.106075791370279,11.310543871866006,3.499740498868628,49.521938891471805,0.9802685999300024,1.0693262962623646,10.362174782709197,-0.0215401349229968,2.0122534547775826,26.839385228924517,157.9662947984183,0
-0.1578706746729758,186.16356921976484,89.70849955440966,1.9522643833208408,10.862150800241489,4.287879171007539,89.74650838610398,0.8627822323470651,-0.0669499132006067,1.2741423076606688,0.9217379654027894,1.9792201922331372,6.088505212239816,199.6660830346759,1
-0.0015312299863193,238.6492306892678,115.3166304726953,2.1066294740184035,12.127330716290288,3.667947207478504,7.932148719460351,1.047368841980502,1.1889255995517365,5.155011577995103,0.8440722825653006,1.9802869631614244,37.27090115429151,-3.858184692561181,1
-0.0853081437045254,126.50114760789288,20.42580458360012,2.1750374013990426,11.017355703683368,4.087981443582335,21.614380312979893,0.9980297571850278,0.8496971064321295,2.828846159162171,0.8832884712217028,1.979292068545201,26.48625299331698,94.514798480513,0
0.9820110838173888,194.39199054079816,36.08729183575594,1.9302664676163528,10.477283442425763,4.52208268046043,22.09467848371647,0.0709790836341887,-0.0918547316524643,-0.1940105162999228,0.1287688314094834,1.872790475036312,48.68589160484133,-3.5895857944175944,0
0.8764549911846715,336.1127021863407,29.2535320163062,1.95357487611932,2.0898003117901007,4.990949927635392,70.16388861638883,-0.0831623990169763,-0.0681251927546695,2.671956055296554,0.6497007849128518,1.9251464971480208,32.489527832845525,111.73076588712073,0
0.3165535854044233,58.03921049712567,-1.4984886205352694,1.8971656347488637,10.904959299506846,8.445846048286976,36.365988750120565,1.0214807542709972,1.0654188986527933,1.3024657206281731,-0.030407348569471,1.99849995979415,-17.264720360340235,106.90992384391778,1
1.0058090073072568,-14.725823981904426,72.21132754374723,1.9678239037837333,8.358969289389306,4.213263649014226,5.129560318330931,-0.1986172732402722,0.7957387959149271,2.428027581812133,-0.1015501276113489,2.022547104219449,10.003503211487384,-16.081250834332316,0
1.04471097241002,369.6730356568494,124.845759518655,1.974067804070467,9.992720712746268,3.769764225598322,121.40574182552174,1.0589928331253216,1.0188365533263144,6.803548714407776,0.0020864282585092,2.23737406251613,2.7449065211660795,4.546437732415527,1
1.2433348512163198,200.1527474735363,53.90001152988575,1.967935313023167,9.80381816398346,3.743979346565253,3.1566753693874148,0.9984072093518406,-0.070350912565037,0.4696650491114922,1.036535346227678,1.9270761674363384,90.20807037140423,68.43584880924817,1
1.1873542548225684,170.37397156228303,75.58449448079801,1.1406952051222643,6.525682971345449,7.377032702338604,33.46740525868788,0.9008397734098208,1.054374380278459,2.528314265052142,1.03441205099908,1.8945382803504949,36.36639432490462,235.98709307003213,1
-0.078949274872668,69.98027845351301,24.033486489563643,1.8350140406778943,11.35857431480733,8.051042561364346,35.66186755967794,1.198320893593273,-0.0769547935260784,3.076516898804701,-0.0280792021407412,1.9046718555121067,98.80611565683768,121.454754341229,1
0.177050325880777,121.04647967258592,169.4051064105831,1.849923089825112,13.42311225724672,6.84657433956984,83.07534013461219,0.9733302948290596,1.2264957436944892,5.25943979092123,0.1143620978379257,1.9924971045158644,127.18325778233962,87.12283721803965,1
1.0374707077875,189.53939685781816,33.173477157211984,1.885300106319276,2.949451754454029,5.563760066435,87.47648647206819,-0.1775292319435174,-0.0386322097254701,2.368812265398537,1.0632851181466532,1.0145762120381163,133.4902732949076,-5.970050481804499,0
-0.0659038171772729,159.1814320306751,33.24757315344349,0.8933644886327808,14.060519721210843,4.084780665462713,34.48282194937765,0.0490897362677106,0.0570347166379264,1.3228130296395102,-0.0234445470713733,1.9465348785763603,101.33007026436611,7.95025837765607,0
0.970122426819868,102.7691411357481,61.5765084530902,2.003718622573726,12.739785859958848,7.947151346134177,46.02497130335452,1.0770188147469253,0.8763553076638165,11.950212958654484,1.1375962009567595,1.969219418366899,143.66496798381115,139.05989975965355,1
-0.0544708613647333,127.25784008757444,122.37020006971969,1.943873173411049,7.566774065168565,5.367975841047474,65.45654610514812,0.8869511181342411,1.0190566571840032,8.977041013361347,1.1542222857867388,1.950353732701165,11.807190756032329,186.75951488306583,1
0.9203235589704444,50.29302555776778,27.12881039799958,1.1973012676736827,8.2137013996331,7.196887371008776,10.795256348342154,0.0681345747184042,-0.0154758700666755,-0.2229485690040733,0.2189790880252782,1.920134115186336,105.61816380499296,81.63303523543114,0
0.0970051006376776,150.32489925707915,150.2413436013261,1.956917617713417,9.898531994848224,8.990139980594693,2.125275004164237,0.0804775752940887,0.9335998731885506,11.939791371018742,0.9708684029431952,2.0822030455006466,34.996387791706766,-11.80937248851047,0
0.0446189294414923,274.5476994587802,38.20016827057792,0.8823133448933299,9.485224822771634,4.050220506203376,-4.656193059324771,-0.0775907354391891,-0.0802837320196556,0.285460032521772,0.8401741786732695,1.88799494833538,46.75175881001424,-8.767882439262308,0
1.0157216491236478,29.77514500708901,138.84268510515128,2.0766105734099023,8.095995074064238,7.485540965491135,40.46457300859737,0.9778645103841208,0.9967311356921956,9.0809763791549,0.0945438513541229,2.0992738579641173,1.7309664196919812,203.6018551720764,1
-0.2208413731806658,7.475416024282481,-22.667837105761905,2.025883984063458,8.745122391865486,3.5462492622036432,38.72788718401338,0.1153325398772667,0.7835328542885207,0.6680253400370151,0.9715865185594212,1.9438388719489164,20.611954709835857,-16.95044887246413,0
0.1291659162937317,-1.63626008576432,-0.1883929964893553,2.1051378348896748,5.504684788951125,3.9812086412861065,11.648619633693794,0.0879290810180633,1.2400469741977882,3.7269028803168496,1.182078208055151,1.936839226302283,109.72462593630176,-15.128338794772452,0
1.086936427870112,105.28464545043158,57.224248048362334,0.9222865373051446,8.059965231487283,4.956066837942888,22.83727176428444,1.048001974750556,0.806375147934427,7.532072442879563,0.9405602836564014,2.078421404800324,51.57983180659368,229.10664087108253,1
0.0383740109606481,166.28948891284043,67.25193904146121,0.8834001455735241,13.583431650641526,4.686296674776986,87.80275431564752,0.0884702117666382,-0.1709288177181949,1.1988835195871324,1.2665136404613129,1.9351589155146147,68.31768480530889,88.67043336632048,0
1.0710855102723356,109.8922251401682,48.20034488265778,1.990234321419151,4.030591738687967,4.856859750733044,24.719971783998872,-0.0010208762365566,0.9439046121210448,4.474691645381268,1.0996981962632926,2.023557860602569,56.2890705650526,10.02380490359485,0
1.083201777202705,265.8125178614883,10.369460081958607,1.911411688107544,2.898365885437922,5.365579272149393,-3.6807215223640455,-0.1039058164087634,0.0899364992991263,0.5279909790786226,0.0675170308144766,0.9170263426322254,86.40870490706041,14.716131991886408,0
0.8617409517256722,159.97866638764168,5.17842516407012,1.190066367247263,8.493193080950743,7.546042144827732,64.39312362448723,1.1716586845934691,1.1393394878488428,2.0283715071520563,0.944879961864062,2.083975238003868,127.54774960288158,232.1195025385206,1
1.0377761501141776,33.12302054974872,156.97161071716306,1.768754616033141,13.221223395685929,3.751034081091287,4.494958114174672,1.1355551631872791,-0.1617326133383618,1.803217254383338,-0.0873199683232651,2.119555882244922,40.6417054625112,-17.306742056734244,1
1.1600896804870584,60.56561291291547,-14.19093412676267,2.006137663387844,8.18468015397795,3.4852297953975757,5.338569563296069,-0.0450787481196015,-0.1660721897572564,1.6767708440105045,-0.0702162565075949,1.969664152210479,111.66684373655448,23.4370177785122,0
1.1299786993115906,167.31062991912813,66.85991914060942,1.9938809311076529,4.96539574049524,3.5142477692980667,5.7359657165715845,0.0697434962474358,-0.0273996497045418,1.652581709390906,0.9983001882536584,2.052378568725905,72.06639482236149,0.7805356360361131,0
0.883951633761192,151.7449602963327,114.51047862661888,2.147304422815212,3.5527748787424933,4.554000506889347,87.43838247811998,0.9560824102982642,0.966726808796988,4.448573226528105,0.0820723264551776,2.1643103962132964,98.86756449902144,118.7896872296703,1
1.08831910609475,148.79527481463563,21.86367758361255,2.154958010247909,8.539240376598306,3.176229322691082,33.515577360853904,-0.1274933166552897,0.0064528108675379,0.7239937351551777,-0.0419549842722872,2.046260201845969,72.9184852960013,6.739615163760504,0
1.165708189295581,181.112322594839,181.60824860908477,0.9877032089401564,1.4689544855917784,0.8752126943032095,-3.8506538224474696,-0.0816962123115176,1.0419229039552107,2.6391271068880293,-0.0565189781681085,1.900264175506652,53.89513242862663,-1.2911242059578925,0
1.0377315620818128,182.66079078930807,53.81992473689929,2.0715356231386237,3.0115145194238977,5.442151494739378,65.17042776231494,-0.177529034618882,-0.1773850099031487,0.2385116423218116,0.8684341070634907,2.056378874922528,88.05031360576069,96.96182763589536,0
0.9800653341922866,26.816175687628856,169.20016769748918,1.8571666618737892,9.524298839945835,8.51340790866556,3.308512047300823,-0.017162387779791,1.0517539367856643,2.347531488149828,0.0725364479332413,2.0418990932573804,26.678661415371742,19.98382186472122,0
1.1167083714273425,127.26156649166144,52.6879928708005,1.9519583785130636,3.954398500211561,7.942514133448409,-0.5877391107416798,0.0826711432469586,0.0804229816650921,1.5982271750611514,1.191440765818183,1.1081923033718275,40.67719399007984,7.774849453647256,0
-0.1007628581886328,259.7713831379737,124.76840574492547,0.8488887093032557,4.939676358576903,3.7326771821954474,1.2889860464901304,0.0051419639174049,1.1413157595426835,3.0201950250140626,-0.1493591612472309,2.040599935761091,59.40846463079217,53.28580940263131,0
-0.187447872424921,44.5832090043386,11.993080053174324,2.0115125020568603,1.8228961246156752,4.26190019484741,-0.9116274339568378,0.012507732143271,0.964862554339658,8.94016655958253,1.2469056019199676,2.003472166884213,86.73761075351541,23.21805615051332,0
0.9719131178739878,142.02375240032293,98.9714170898251,2.003889530825736,14.69075560983534,4.040277941982015,97.68530801883102,1.1407217042513385,0.9853359518911102,2.800394803947744,-0.3550295532882573,1.9756269007158165,120.3979150503482,12.017658563400673,1
1.0999488347517787,214.82106312816973,88.17372663763123,2.1018348734373618,9.36841495499709,4.616326061627682,94.61113485699556,1.2723785837723178,1.0119056187073183,18.837715532207216,0.025765652689396,2.018377139633575,33.47793959774866,177.11735558244408,1
1.025190563775729,51.0267847988566,106.3311146761275,1.0246448987880417,9.054374653373047,3.680954866163387,67.37198370934027,0.8688387863575024,1.0528901689895016,1.6772383130809,1.2191649994897775,1.9325558302792485,15.523015173011416,76.38753372823255,1
-0.0878417676921371,252.89411152005312,60.20401027161165,2.2149790132409373,8.051907030016013,4.122125557965178,38.87807891342744,0.91834256496327,1.026628690411962,7.967405965110037,1.1131061359315415,1.9102197670457235,125.69843236437438,197.35695762577595,1
0.93990212251911,51.27083221900432,-14.264027592076305,2.138282322034597,3.4096027472970167,3.601109525720717,-6.708978034104263,-0.0255174436520593,0.2181092297596527,3.1102611400112625,0.7931263943243325,1.973540771611082,86.0746997996751,55.948794512711885,0
0.011644763886826,33.873433226834706,32.432165240620336,1.1401774641166034,7.102083625697314,3.6347005049181487,12.965232622018362,0.253523542942241,1.0376816101702355,2.483579338139862,-0.1669331509993791,1.9999126613587976,176.87121329400975,-1.5902282789978912,0
0.9726387384519156,140.61246400311694,11.110739638410609,1.0698214401642014,3.6251512557208008,5.524615432675028,10.066122875921476,0.995057484420468,0.9962367596042542,12.701283391628197,0.646973248673151,1.9285649534689957,43.063881391492814,7.285406229928938,0
0.9937887253376982,92.46973180984664,141.13945834935123,2.059752253298753,9.594700782865573,4.364031733828156,39.627277259912766,1.02420402812161,0.0124093734595923,0.4194718566911843,0.0405458435228681,2.1514366116947565,51.95817349560297,194.519329984235,1
0.1381028914369457,222.4783139218341,84.00272813796347,1.9471776171806217,7.465714368463552,4.345750039478968,67.32251407321698,0.0813808589192978,-0.0010877296930568,1.5172397352049645,-0.0521707977628561,2.166447503463514,130.92304302266675,23.899363213933203,0
1.1242428357612813,232.4885664163085,40.09310500515284,2.279088272053436,7.20526653446105,4.713336600031648,123.83060262632296,0.0725190236167711,0.9929770383924432,1.828250965304748,0.9029095369889752,2.0321216146288537,105.18247176519856,66.0874192486471,0
-0.1396010478433708,306.76039814686135,184.34734359962889,2.13865529250781,3.3781650825463894,5.389493582075362,80.82379858428325,1.0654233989712554,1.0901275834077226,9.418813323185814,1.069695010284653,2.042265413784829,-5.335892833538622,-19.390134906199883,1
1.1981496349445326,38.251019136106095,156.8765886817637,1.8890190156617177,12.868268181982248,4.332011151822679,6.215475056994052,1.0065387472382883,1.0687958141721017,5.127991762063596,0.1602764958334852,1.973940430466795,45.13815218244692,12.272510133082946,1
1.129041445607282,199.4299200739688,94.73508924506582,1.0390009040191617,3.641792961253354,6.133518036199985,118.812487354401,0.8026701375882022,1.0552432230508786,9.150466538551536,1.1498055359054649,1.9681543165520776,81.4308578977571,17.84834747873002,1
0.8455934313204561,338.4812475767963,199.83108837308168,2.219041298410423,1.5158125672102285,5.421061519881824,135.8216148934313,0.9349031395491632,0.9081153484532872,18.7472025902419,1.0716071622990373,1.894699207652108,-12.009941152624052,-45.06306028431357,1
1.0255550124635135,-22.933426931952937,21.07911294202642,1.944256416629956,8.427363023122231,4.506190018454613,51.99454757078716,0.894761822453163,1.1234907939847685,5.955567823385886,0.9595689870008904,1.9471102461892096,108.54439766033369,161.6414439093408,1
0.8143609639823952,28.873261245462288,152.5884161328285,1.9507209502884373,8.73022014362989,8.96419474161976,60.03757877308958,0.8798680096916615,1.0430046801400157,11.58971723170436,0.9645803204602316,2.013834395284701,107.13853722453612,85.83886645220687,1
-0.1598021229148536,155.59924675472809,72.95986071748351,2.011963241809376,12.642399684904778,8.735325360595809,21.597557683127032,0.8362010390483248,1.083017671089078,9.219250061359114,0.9281307120108576,2.0234263113914075,58.330553921893184,17.214786614356974,1
1.01773761244202,7.640671226132753,143.7057268826246,1.0524516177365613,6.257335545805269,4.047040067646528,3.12551626749616,0.1516768068253124,-0.0742554693026196,1.7733792106985429,0.0052132933981265,2.1113441169480374,59.882924017058365,4.577259993183652,0
0.11969638024571,223.1936274421228,37.46714478330795,1.755499955956315,1.5898067751177063,0.943674050007936,-8.19073676851825,0.0158075617930839,-0.072189752281045,0.4674140827139306,0.0755181763095285,1.90009094057539,35.0746897755574,-24.382802547154743,0
1.2018874729284497,19.08895692219048,36.39748060434832,1.083515415613638,4.400049436837059,3.812780367700901,2.78547323652517,-0.1716770554478631,-0.0294573962904314,0.7315154997720272,0.0289185261600875,1.9585453158711097,50.43645400068785,23.39151471797423,0
0.9520780857611124,161.1039589378274,-3.549035041618964,1.0984464577417978,5.4051899023854135,4.429032906347121,-1.4458917285539954,0.0470677745264893,-0.1393861847712455,2.339090089997985,0.1551533113946752,2.071632581278191,-16.463885275959655,16.057326165124408,0
0.8617105325945399,192.0083274880984,110.80295882556412,1.9148527922057137,9.024462467175422,4.283966529556622,8.610465816594907,0.1937762903987348,0.1579373519582579,-0.0091736286007808,1.209703471546906,1.9603630750838577,112.046530049799,8.234677104516663,1
0.0560739691337569,88.4973927084061,33.6217566052649,2.0488219077244865,4.978238652839712,3.765313634890977,4.393397903252712,0.006551293120353,-0.0361358152298101,0.8956970692196773,-0.0313856995631789,2.0113886561558565,108.96510049779216,104.38797354422394,0
0.924747019839481,100.60118280692068,-3.7444545030342056,2.0488867337552565,5.329730765990263,7.961498440009854,71.21313964097189,-0.1391772067431077,-0.028358980504977,-0.6053327833560882,0.8862941013479684,2.016929377109027,126.20714476755154,52.01692102669147,0
1.0493173940466425,26.805598485069453,124.43940352622528,2.2511728659216006,9.652147638370828,4.1613050264919,18.750340276061635,-0.04389331255438,0.0307882167291333,1.852966192976838,0.0397456893316967,2.0939918062582445,159.90512753886682,-5.032375813516509,0
1.2196597917175835,68.58052926810561,14.527897169341273,1.8519398652011332,7.566609723414982,2.665376318745201,65.33865867764904,-0.073147910154813,0.0937595480613293,0.3444594182401577,0.9436228674269336,0.9816698980506684,15.801685636079974,-33.32083550169134,1
1.0729384365346306,138.2268791283252,48.38418060919556,2.013567363762331,9.392078971176872,2.071323565281075,-11.10103264141796,0.0855271946326894,1.040007366505233,2.9419922655248096,-0.0486228466192269,1.9332074087809157,115.38993546194098,144.73231727089677,0
1.05978221374945,315.160819138065,38.818603123094576,1.838292410459964,2.5061211732475224,8.209763602700663,84.36214777797238,0.8252625023444845,0.0476559862987526,0.9899042515883713,1.2384437943126287,1.9810967020458687,120.46612497893608,-22.011070435640555,1
-0.0759766438786518,76.34736793014804,178.53754636530022,1.9055074469115676,13.099441518621274,8.148076603336806,45.04789079529839,-0.0610689036226653,-0.0229991746416177,0.2808289005333559,-0.3302904479806882,1.8971328302259465,77.12504557767642,-38.85739625705933,0
1.0803080994526548,154.67862586830313,102.56383875735068,2.059801653236748,6.96072520463053,4.20550346280524,40.409787218513486,0.0461635160344257,1.082670089130804,1.325046819871773,1.0064560822812545,1.9534486259945176,139.92980785278263,22.570621464586104,0
0.8541274341222445,58.523552465406695,22.15902811632513,1.255122432070069,6.4010441798592455,4.101351890233415,36.76312369148136,-0.0616088061038971,0.0174908006225053,-1.3436767672782564,1.029498494678838,1.142050353560632,80.77222679935963,5.718263443905215,0
0.1709659310967904,77.2786564715333,134.3733958034826,2.149093678424272,6.619248501313535,3.774599121903862,48.586301542227545,1.1431888409404096,1.0079857854079923,6.513655837933483,-0.0454757306697189,2.147274924958749,22.19231872466717,170.263428108895,1
1.1397712906822646,124.37525424546097,154.6042602474958,1.994483837800308,6.258751753951632,5.484176229339557,3.937191422109272,0.1033809274729367,0.023145774067587,-0.3254067579077282,0.8237302114166464,2.0837980982307576,178.7887206674626,6.864221491418199,0
1.005408349918189,177.50001348758988,99.02069929186165,2.0677717628738708,8.668831118275815,8.592583340696251,103.07546699596644,-0.0158895483203862,-0.0212049638460604,-0.3009073319213544,0.9671678413373784,2.099759540727061,3.7363144731451134,-23.445265183723382,0
1.210406414151628,43.74505668107403,159.11349459287152,2.0270191520466483,8.126278565373317,7.377235984543853,27.182538715607485,0.0276185615499491,-0.0514615259564636,1.3403352222071467,0.0026540100364952,2.0577554131540525,114.64514410719296,17.035601986935013,0
1.0349012313845212,162.7654025970143,105.12780881300664,2.050610417471837,13.25367646845481,8.340935843171723,98.21554122973066,1.0836875387457217,1.093145143238438,4.163999661739151,-0.0274518109818918,2.1142428379176854,99.4901856081388,101.10648507208704,1
0.1190644780805781,57.93291436490604,142.3638968443753,1.9495187254811657,10.846541525698772,4.373171781615449,65.55307040815572,0.95084825950096,0.7997527375101255,6.114771623046389,0.1343988599446159,1.9106010968741136,72.36437391635769,242.02099212669572,1
1.0852204859613432,89.15365382369194,87.36907805185494,0.9763705886404686,3.314238771945514,7.993560142738531,81.80768106408902,0.842371126352019,1.0036391161839409,4.036879513646312,0.7242061168400487,2.0258081824102105,35.71537000846674,-1.7790398895281854,0
1.1669789835939253,333.8603827047825,159.32897072608137,2.050463168060032,9.228897743230675,9.580482636342142,134.28174998255145,1.0320228706724743,1.0849626247083006,9.736392051288178,1.0212937897864351,1.991561636618044,22.394304897630384,18.57128446397872,1
0.8944799359717928,36.240876415453,4.37336003970502,1.8777007150639735,3.5935778712006567,3.76382639083079,1.9025632568298927,-0.0394312127467744,0.1457511358192176,1.2008064490168215,0.3078826265702288,2.012728284790122,94.65577855935868,103.07505557910436,0
1.02749704451617,152.40394864514678,19.046372134600706,2.0267558855994645,15.675865764074722,7.177889806862568,19.37349894911917,0.9471061483912178,-0.0643865227366111,1.8189981091822676,0.0301005567118467,1.8675006572166435,6.942260945558324,205.51155421876345,1
-0.1438740385010027,348.4793764922182,192.6827966818796,1.8831898617170848,10.73376878761788,3.76818885152501,114.04897587068312,1.1185822578998308,-0.0971270660657548,2.7486811522668257,0.8349537413433716,2.1205904364804606,-7.719537159718129,228.98159910136485,1
0.8612141099782992,116.13352466407773,163.8698800050443,1.175413602341564,4.173630326567198,4.957918763644488,15.587138015490272,-0.0120091267475076,-0.1921394907867128,2.5150346601277858,1.1406036752385118,1.997660563421508,50.87462627359336,-9.645748966574068,0
0.1708903230109284,123.12319514764322,197.41040901419237,2.0824530314813416,12.284317927451958,8.362372780995187,72.95040184371607,1.250955653700569,1.131800746711952,2.4864648050773166,-0.1282476364096202,2.037683874645883,-2.2081109527380534,218.99290966245647,1
-0.0479220027750213,78.28907872333275,11.51119657461524,1.9269348867290748,8.880017910986842,4.2059792764911,36.9898835365699,-0.1965206855965733,-0.1070697968490278,2.2914205545706845,0.0093140180075189,2.033673265467284,73.98602701656372,-5.976865940291525,0
1.1551099376536953,127.05850567390908,136.64929509930943,0.8988432997611271,2.185267204294833,4.218755078589236,76.57659876736082,1.0586069544297263,0.2811242745124269,1.6449737622703484,1.183524809392294,1.0136544222992208,31.155852530993585,7.924112627481726,1
1.1810053312238096,325.88401558999215,184.4825095538656,1.1218117909547018,9.938647241651868,7.712892154892111,84.84719624425128,1.2275118400676428,-0.1882660386238507,2.0356702192062155,-0.1268389471572639,2.007649471277916,33.202800560677346,-16.398053969589846,0
-0.2431763727244353,98.63881968177878,72.37849982846726,2.0196534573265983,15.938054265097524,8.61746718177445,31.124916860278077,0.879869756094291,-0.0634473362588883,0.9044087735138712,-0.0965828567886598,2.037359232715252,121.11486749953472,-18.76430943553445,1
0.8137410913179572,261.6731618813295,195.71617056037337,1.8392021361179012,10.244587523373765,5.205695826791921,38.68228039040718,0.835124700784273,0.7233364190842435,3.7539696504085303,-0.0394057204427715,1.9513813220788143,40.55227585359614,22.17657663122644,1
-0.0065032277887209,144.12357644057263,38.74683152568517,2.1297230523353843,8.697078401122809,3.893511677767513,13.02886643958756,-0.0730698494986298,0.0728031811266015,0.911401510156026,0.8792540317135267,1.928572988409058,118.68340477212097,-1.8407060354448677,0
1.046304061254192,30.84404445482764,56.62103620337109,1.0504664578313725,10.062663012758629,2.736848063470547,2.0453382626489542,-0.0380016424426179,-0.1036222185673798,1.7085596963018164,0.1540840567793259,1.9962236953704808,47.07919880454602,-34.7766313289496,0
1.1684671792155206,59.81566452965838,54.258781338433366,2.104231985123288,7.865545193487231,7.314736437727866,22.61945397818944,1.1073548716386497,-0.1559106262237074,1.3951126561647027,0.014243051625053,2.028152605314584,142.4369876323985,60.04398956626214,1
-0.2461483565738854,109.85871965109595,197.9441449323202,2.069249918338996,5.190598166800216,4.335359570869469,44.80984313764084,1.1946423734637055,0.891642475777229,12.771762758252567,1.09307841940435,2.0042856108914435,25.11812540900272,128.5296755261475,1
1.0178531402831894,133.155106499984,81.51360344103344,1.997177671060104,5.0983220975972525,5.115695259042736,2.1089700720119358,-0.0701833869021425,-0.0461014177452162,1.5967883936422236,0.882012818010043,1.9777563647498493,160.14333710408152,197.861862642602,0
1.0221710273951885,37.22459182904777,65.6252389733972,1.1340769633127747,5.76764650391954,4.180897751471142,-6.871543019053242,-0.1443879312016618,-0.0363346602705999,-0.08057288435737,1.0889835172204556,2.149096413768385,24.43459337280908,26.79117216204298,0
0.9160371393440152,5.853013185406894,5.854967527323382,1.0872135872179562,3.8964189468035353,3.5466251198779912,6.437312404321368,0.0642787922216863,-0.146402989966546,-0.6591928893759191,0.2482112771343852,0.9520434184012788,67.41643225411433,-6.22419846935297,0
0.9786917263090932,168.5149421141203,56.95339061029276,1.1710640433502988,7.069681349988105,4.229373742943455,1.5712997054874478,0.0822514393821133,0.1952655344039957,0.8676805755835435,1.2154488881794383,0.9543449155889971,32.80940320129561,9.882603940315512,0
1.0560126472345337,220.48767619544924,142.60128945914207,2.056786607533133,9.6412687990377,3.928557341753837,76.16151118014184,0.0842495089562329,-0.0699026158314736,1.5482135406060518,-0.0272533379950071,2.0177694284326493,138.0649247584484,81.69781145075592,0
1.029971271627967,291.1229858092046,182.9210378934855,1.9014743063242372,7.059757297376544,4.209202221248919,135.49347822503864,0.8993935965744742,-0.0426890993568939,-1.725102213011744,-0.0774078163013645,0.9608528935663688,23.245023442521287,4.007614026446518,1
0.9884541841587796,20.364851984254955,8.929499079654292,1.9672456766928328,7.515216718302941,3.8778094994270464,15.425552394854115,-0.0914025380837533,-0.0077679533540511,1.1847854893426164,0.1943535798596875,1.977582254993806,54.054257566958285,23.373470354366308,0
0.933363997951458,68.6320471746131,154.13581978527202,2.0894904201633047,3.779123251633036,4.367786647724447,15.878418026894916,0.0091887412965695,-0.0648550550773173,0.1786152307902728,0.1606675472850822,2.0570919602541298,-6.99323143168381,1.7233683315974917,0
0.0127863438774082,121.11921251629823,29.802955573019997,1.7571460794746443,13.824472011020552,7.918972015555813,46.0224942898605,0.8180537428737602,-0.0483191168325605,2.71928120341972,1.0560482259635418,2.042050821096,54.32106496350019,225.99196866538443,1
0.9542745407930556,119.39271686063536,70.6782163012654,1.9421801921198367,9.017321888086348,4.07364158553066,71.26909830639102,0.9471419919656316,0.9565383440229612,6.527465669365688,0.9040003185093568,1.958347884664765,145.97544736847237,8.64584912412591,0
1.046658849586182,15.465840652612854,54.31375848291697,2.2279480287992235,8.923098573559534,7.4090929067322815,30.230183394712853,-0.125279729713582,1.158005296902446,2.150230176707784,1.035285526027146,1.8776209982293817,29.470564475716127,128.78035539209674,0
-0.1632274040752889,273.6550710673629,185.89303234341168,1.768122469396655,5.965806552170702,3.492196635896292,53.91942463132112,0.8654279085205642,1.0524711301167784,4.019479569719505,1.1744262292850225,2.000502726994963,43.13817630513383,-3.483592308138462,1
0.143974061773503,-12.191933999719907,10.090453697334,1.907842029540939,5.497186531973613,4.739683867255379,4.93893821655373,-0.0698250976575518,-0.1416421206566135,-0.886435575991249,-0.1558565229642273,2.0083576580295435,80.30129467433179,-8.176312583235678,0
-0.0219551539829929,291.5449892223264,29.15532337576255,2.0854512119174973,7.51501845771087,4.291407012942358,21.290576976829197,-0.0249548778110628,-0.0875406407143656,1.6591344312441894,1.0213293475474288,1.8938020337053727,82.21762521723659,54.49454131098752,0
0.0695327767429978,258.9213750075855,118.61841500877168,1.818275018271361,9.989582550842377,3.762111265219381,95.89822637615438,1.0147136607350506,1.072163503592811,6.287479026718472,0.99750672661503,2.0832638190750674,-8.568908176408371,-29.418009930962107,1
0.8393127229220031,264.4116286525444,108.29853042805124,2.082891812814724,8.744511919867756,3.9274275162980095,22.441994644535477,0.0174717194788179,-0.1009942411778991,-0.155859978318726,0.8828882949879624,1.9526117605953783,-12.413902557602183,84.94309688191672,0
0.8668453055170782,103.00866323386114,11.577265851043007,1.0062608641567763,4.504921309066129,3.906592777301368,5.524327577807281,0.0197436189283333,0.0961944915493536,1.813361075065546,-0.2017673812966051,1.832243396402286,87.549306184654,206.56978606363637,0
1.1362637965247235,201.32013235409133,44.0545876400453,0.9876719772443926,9.178882314318802,3.430311904983653,61.73152273720663,-0.1759816162224408,0.0751100748427854,1.1672617200610858,-0.2049948147114508,1.0262365400533944,68.3484979944874,10.37838702104628,0
0.9058376693154162,0.4203552102825938,88.73877546683923,1.0585883151277715,1.213162055866338,1.4803826883976168,1.797453540681687,0.0489486425230265,0.0375786990854131,0.9077393748350188,0.933882102679965,2.165284528095,57.78937436696023,-10.092730763114496,0
-0.1303253159367683,139.91985782463564,60.76888246924388,1.0641329346393549,7.692069609120989,3.823427748821732,-3.133434941960118,-0.193522272495479,-0.0198656682226976,0.5897883693590935,0.1459222908732103,1.9106673980847324,31.345964470795835,-15.316207149902588,0
1.1435737230968,170.28791423192158,45.530429514208265,2.101270156529725,8.452986361962694,3.691156738178708,11.640848771191866,-0.0929777692773916,-0.0067658602842691,2.174848295134403,-0.1291141715473914,1.9936906658418063,153.7838664538321,-26.245215057039022,0
0.9981932333722412,38.428280942956334,11.222573236224235,1.9845319576607992,7.265413293726469,4.298544558852015,0.4192903174696809,0.0610479941000542,-0.0561335161665867,-0.2186395434385737,0.2161166629119222,3.1154531694659044,75.18931870606693,-6.042870075045613,0
1.1478246365204838,286.7411296722735,68.89356199821967,2.2118883348372176,2.825865818925954,6.508962603525356,17.935028823821277,1.0318648459997009,-0.0491972853555354,1.3752565179075438,0.1040821968375748,1.9914962423394968,179.48412856881586,5.343091626235271,0
-0.1200569688811248,92.75422775012704,188.917300406023,1.8971398606141407,14.022154794198702,7.312363232595596,12.355317191513253,1.104502783846228,0.9462042093090344,2.7490048854678037,0.8592753873735917,1.9516006197277915,122.26958279573329,120.32435891266088,1
-0.1205693928092664,281.62574400523204,54.80051484834411,1.92132489170866,6.8427920740101,3.945676497854417,4.704943350717542,0.0702084844690411,-0.1597803657985507,1.3554030957208496,0.2382730755461398,2.0347997488317464,-3.3374182573281104,96.79066993479336,0
1.1998324987967282,218.6712064700498,43.72299948165495,2.0036698532776054,0.6008360063239113,3.459995273696816,7.330749513260752,0.105595679495871,-0.2401022817222424,0.6158442264151152,1.125764040676538,1.891650297246944,80.64229088288779,2.1981357687265515,0
0.9403857296015108,193.40022752894208,53.04763787610498,1.147530850828938,9.242390411215704,4.040508187889387,-6.5002086167611,0.0014895871524127,0.0016145132345409,-0.3778758450605721,-0.0672022512211098,0.975867240877616,57.76708140270584,9.378389302727092,0
0.8319713829131119,172.73912057480408,22.72753832333964,2.029613801189498,7.544915726407325,5.411738501676977,8.838693195797905,0.991780255249569,-0.0697401801229252,0.3173703484529682,1.053403798948754,1.0804328171399402,103.04254144576586,15.177627625411994,0
0.9353280500695896,185.448699039862,40.97885949755829,1.160986932754295,7.809897959627193,5.35059833845828,-15.496259457526683,1.070962476943364,-0.0199561482966795,0.5147700669759057,1.022539939485846,1.9629870847612765,30.51345700693552,125.74856488387816,0
1.1777131240684813,263.32987138078613,116.29600127337918,1.967002952198824,10.446566618062525,8.849488907660813,121.96219211502256,1.100501815987266,0.0153042001216042,0.408867280487394,1.0013680028317578,2.1071956792323867,33.40146452269897,-30.081358909119523,1
0.0871339829609906,70.5465870609044,32.3362127355495,2.0660172721997827,9.86949591443177,4.4555455139739975,25.949987331424524,0.01647691468629,0.0651630089368687,1.3061553153254442,1.0674299885923402,2.0152283787580103,62.71660909001138,-28.551050548219045,0
1.06621416651915,190.87266938895075,52.0229195360355,1.09515609144047,10.200177671775757,4.395806729430141,24.8159038271662,-0.0982693978203154,-0.3167127270464089,0.5503624776317482,1.0695303706523047,2.0113106074961284,107.17597419165764,26.98850232982574,0
-0.0557209836558167,320.66624175315826,113.81389614467535,2.0860768175916045,3.1368520372517628,5.641093616441767,64.32072448761232,0.0583889601089692,0.0625680084409879,2.513422527090972,0.7874253389685563,1.9657802290619144,30.782697606314507,29.074389043829232,0
0.8698550254637618,314.1650265999261,114.72946523961836,2.0512606591144973,9.703691297915734,8.677270653812215,1.4678897763463894,-0.1432160769554407,0.0530345037515525,2.140293072090997,-0.0098654659093977,1.9848724324657396,5.305462237314288,-23.838197364898043,0
0.1973474191060591,200.16033420239444,124.29482742262064,2.0406616439297984,1.9190645938671471,3.3723160695124124,29.03810241617451,0.0126613660841453,0.0283792419194646,1.4732325712174557,0.1147586858584237,1.9483313127140196,87.12469620182891,27.348410392770973,0
0.8731080525246429,120.65289644417722,101.2151230072257,1.9275172999870245,7.457783186964967,3.962074419689543,28.933219516509794,1.0603976173795937,0.9992866682502682,2.659640036003102,0.0906513022019132,1.9960466827491223,14.39385319533271,-11.852952378395749,1
0.9286896788520008,272.8304798046468,126.5428553638828,1.9845748750298624,8.072467148727105,8.630077901717693,135.01696636670144,0.9618313803676086,1.0793669553005043,13.22465383182336,0.08966005165802,1.8996486660666745,-0.6793531944208837,136.9459862071801,1
0.8775393036525363,11.540597437934764,115.26256824830756,1.9971039250482328,2.198148310760468,4.249263691016453,9.30667182894058,0.1830103928290092,-0.0331105511127014,0.5631610651443557,0.0600848759760409,1.86290614297486,28.885783522667904,18.816858884843747,0
0.8828077756823852,175.99290185751073,83.23179599108339,2.044153819438047,7.490280186535776,4.350680336746286,35.92777553747909,1.005865706337704,-0.107307936970834,0.0129123031258262,1.1277876525389965,1.887188567399363,81.27247492760361,-2.000113865195821,0
1.1161967634529968,205.2701149315631,143.88835662217934,2.0385006096544456,15.638820217237834,4.808088497605756,61.26460592267269,1.0577360174563728,1.0978928126870109,5.733121311871985,0.0802335762354596,1.945202066965123,159.6717919694501,71.86905413405195,1
1.1079918079711455,144.35768602214972,97.62333251212382,2.0806238331482643,5.59562822089892,3.3311173756382075,10.815048142397448,0.0681877059993915,0.1348698855319731,0.0563079761181617,0.8870971152106795,2.034331146798685,31.179502749469982,-33.246539656182144,0
1.127941547157843,139.778958732892,35.77266090271996,2.065616775188592,2.0331816120887947,7.889097401307577,87.32766653400546,1.002296802963056,0.9382912621343796,3.896347213848751,1.1214127547269432,2.0977933006410168,74.08045401559632,20.63840209502846,1
-0.0523859650633899,292.5014625271235,109.00290703066932,2.068488452142291,7.50425027421617,4.571286975611075,84.27059630951106,0.901785069556622,0.7914171401387609,6.167266430781366,1.030848672287824,1.9866208914425136,-1.9212364049432225,161.10910913668965,1
0.0757433311015518,129.22911638740584,154.6410504562774,1.970470288021434,1.7173672662347448,0.9893755038534312,11.317791022446375,0.1642276820290015,0.1483137441017192,2.2150306155448862,-0.1291654805366848,2.0360283117796336,57.9956864024403,185.05198578866845,0
0.9771540742576084,101.01966632717615,155.59245963068815,1.951967517756603,4.193723202959758,4.789382590811971,54.014631984079216,1.1727789376669209,1.0792455583016345,4.640212291056991,0.9926458426265594,2.1784280044448225,32.403778263951764,-7.91939758061509,0
-0.0841264783127837,130.5632454785875,-0.5915676110921737,2.1851249355918894,7.797130600153774,4.226750565747592,71.23032233344587,1.03749629084355,1.1786368392339703,4.748487190977217,1.2986114940807647,2.081151811696689,104.41193385663205,197.8802786123013,1
1.1811555840533912,329.1451743820833,-10.529762928533856,1.9467915927117505,15.66890688145488,8.120019555503454,-0.4288823231646574,1.089696878874379,0.1245830346996862,0.4240519611074571,0.0273329164007206,2.069166887006765,-12.377163041851604,200.2242007658592,1
-0.0047585991901898,345.15117092558137,61.62743350092063,2.2395642144590937,2.1512067597144613,1.7211604865299894,124.4125240872973,0.0946675622970529,1.020168569625154,2.981405605889984,-0.0696571525913248,2.0080386881974923,-6.467770644830253,18.22763357612176,0
0.15278472917745,331.5435574769745,205.6861771752892,1.9573564620641128,10.104665215194665,9.36673677479742,-3.1979812590920105,1.1244353260235065,0.8770991643730477,15.296911886148877,0.1149217971491813,2.049271213094114,23.09504402946976,190.1354931032615,1
0.8351523817985333,158.87389293220477,55.16369735595946,1.9549577188052705,12.140635909600686,7.745944422137473,76.19481442298311,1.110307704679434,0.9039311967432266,11.102142924915045,-0.0499013800433251,1.922114834584092,125.08509090381824,94.34358833780692,1
1.068045904252886,286.2176431453977,59.29324207989874,2.047174493566876,3.604679081572856,4.218494779286783,12.51450847167728,-0.0370314810215078,0.0082304054028859,0.297086035685977,0.1232602080582083,1.9120406800732148,66.01986040508251,-2.462335305132271,0
0.7723798186499982,33.6270748390385,143.3807241211149,2.044658224823359,7.869598279071143,3.817956312051347,48.66500664879276,1.035612381197672,0.919976800459803,4.038019852443303,1.0477266170184938,2.1282648854387896,20.06566960689854,49.05706665092053,1
0.9183372294772828,205.1542301644116,42.40119109869782,0.868198703004988,8.95355634770755,3.556269778813665,-3.72520520396705,0.9024561902838216,1.06460565958485,1.7660470091871656,-0.0222424972217961,2.044561481548848,13.36239933851813,151.94674795449643,1
-0.0193009650541388,200.85525275131877,95.40011220872869,2.0065552999950675,1.818392632945094,0.9506205375656038,4.6221101959314055,-0.0676271935762785,0.070756961556158,1.3786880576545464,0.1078440951004036,2.053259190449887,59.78764083808927,-0.7873180096377865,0
0.7846996954389414,141.27077583130884,-14.76873554494462,1.7964005000670058,9.107639209889449,2.8837044122270505,19.00024799047716,0.932923027185292,0.8971863317442823,2.3995290416888797,0.0380623378327051,2.066721283293748,78.67436987264757,21.717831040855565,1
1.0107590927313377,98.55881930750388,17.26974232282062,1.8409344588685983,7.182784791895361,7.821808664475246,85.29303461698285,1.2148647889677735,0.8290513976716867,4.395919817736331,0.870392335656929,2.035435716442992,104.48867799236945,32.74967364902918,1
1.0416640967463389,82.93119102856497,192.55739813051787,0.9935438229142948,6.011574092546844,4.326910377008265,-4.6013153356264525,0.0050366255325121,-0.0386214189856469,-0.5980852913739514,0.8853502324993643,2.1170652197638944,42.43554556570629,88.96285819039812,0
0.8201083611349258,193.39598367039972,218.92993378344443,1.979935122490239,13.202633935794156,7.175162265205345,96.27689145449324,0.8332145879398734,1.115953101196089,9.662431367799147,1.1075047317225348,1.9392229332784456,3.0412343585296355,67.39258061758261,1
0.9427520162882772,155.01993624727828,113.76993778515995,1.1611380462959715,7.095459755783403,3.798495732297681,111.67223091888324,0.9023454536227812,-0.1226352242358037,-0.1553246204432801,-0.0545030845530691,2.018632838873848,-21.041667174311986,0.1581895056383686,0
0.796733829529766,22.40244372149208,4.210985258540646,1.9496733876646224,12.850351041703762,7.273238635992424,12.589794928553449,-0.1162589585642681,-0.1235745238930637,1.037095233077029,0.0215493555256831,1.8614279886673188,66.92120730575384,32.255557299221195,1
0.7216538567033632,88.99586119941023,33.401462475635505,2.1579267779514444,1.1559411617215911,1.4975557135296331,-5.187220518630028,-0.1938546251682459,0.0322501762785859,0.9661320327682724,0.938774850335418,2.006319889484596,63.90627532546024,224.15547463256283,0
0.8991921041815978,134.03034913236806,-2.829586485567006,2.172354797379075,7.969363888822907,3.421684377958421,29.85331489505864,0.899905460954301,0.8423548340775919,6.095573339581533,0.8470537758698036,1.8372375972120232,101.62264042019598,-31.740928587638106,1
0.1325840567867466,362.966790299161,91.40809621398668,1.966355439175508,1.152298836676401,1.387637537754416,9.259737983538034,0.0354500653860943,0.0723835808747598,1.0646416891879569,-0.0839333545966631,0.980496845035302,1.2189528694923195,0.3702044286241488,0
1.0294907595455136,106.41589040958982,12.177538055105614,0.914575659484228,14.252063711093648,7.241996071286808,15.357785490956388,0.1648854833257392,0.1063761153692721,0.3067780418240171,-0.1017042561836449,1.984319522933508,71.06925034637948,-15.464928483432594,0
1.174677423295132,187.530435355833,97.0407998444208,1.902090725987199,15.593171908879391,4.26692685461959,81.49827277517846,0.916556130248912,1.031759091018084,2.315786288503324,1.0871496297361278,1.9288167848107,104.27280877292964,180.5270679662436,1
0.164961579658361,135.77565419392053,73.25769414886427,1.0168927460501984,7.807659242025403,4.337713556694229,-0.3650428515944455,0.0294145501771783,0.1078410900596243,0.4337708987077358,-0.07675149391578,0.9108416766547528,11.727498724673444,-32.20473393320099,0
1.1074914157013191,272.5738682452538,156.86957738665495,2.001545996541489,3.3197602386637914,4.741300165164827,13.552812971526194,0.9870753406420878,1.2194313612282492,11.203389383403108,0.0925247968094117,1.9955458008715152,-2.778602356104578,174.4832183777332,1
0.8403288414990179,168.5737260269556,70.9159753606872,1.9913097398017388,8.684829887439475,3.756908747052368,34.01328860436772,0.1730691199984255,0.0549627023515805,0.8916536011665079,1.0771158554394047,2.005508879207147,99.80688513049084,48.140202337319664,0
1.0764549880972965,141.30763039067142,186.02074194686335,1.900191475643633,8.20113294621808,3.186000568823283,97.15045624890683,0.9895801257827436,-0.0544178042422155,-1.9788855433564017,0.8446371192433657,2.083669760076861,142.33740510212823,121.54855689040366,1
0.8928977085543641,327.05797695010654,139.1463200997725,1.9818062187002503,2.1706489306888805,0.6273641015008202,125.82854785086138,1.119200078773399,1.1000718807335392,11.839130856828522,0.9640145744709184,1.8701989686179468,-3.1776419985527937,99.78159074651066,1
-0.0676417950455247,43.8140779239629,63.86403711888916,2.2674399165768024,11.411693584338057,3.3410253559601464,-0.0172273211087059,0.0635712208876879,0.1658695596974883,-0.2224385455758897,0.9845134012077774,2.014626154755244,47.96788333439218,133.7600020918199,0
0.9122055329540074,262.2175931437485,157.16011426776447,1.933155689795204,14.908559557436575,8.576112399652079,120.03533313643588,1.0661054708994406,1.168629250291893,7.104395871040355,-0.0395976793449603,1.9352788269312464,2.374576792184392,-9.377853826809163,1
0.8584184442102727,166.63864810617625,106.1360969852958,1.9477398650052151,13.000963566909162,4.060335453371419,52.516107512110814,0.9711803097181196,1.0983542992682105,8.618683677251628,-0.0279920498031944,2.0121234675883946,107.54777910031105,139.28523254424562,1
1.0894527803789755,228.3094741792487,104.01907240633976,2.2375063258659824,12.887664669581795,6.908731727215311,96.02589672729748,1.1538187071680406,1.0684046940798573,9.250873053903412,0.1256373179376906,2.0361640193720505,121.03937674344174,17.697274579466864,1
0.0472813570432693,-22.26825241320674,143.64313207349915,2.039164772544972,6.51167193853587,4.088226165890327,45.6431065206558,0.1840032263945629,1.15163622214205,8.11037550462067,0.9604606128422964,1.987708946892884,-19.20026538635389,12.710419716157295,0
1.0331019570547124,71.99189854042194,46.521454329667385,1.9258325295330372,14.553833496679996,3.662154935050959,50.1814484340426,0.969317952220169,0.9196568287254,0.7368286814725513,1.031538548201128,2.066827259376153,131.15117083234844,61.65849947181643,1
-0.174962224723242,238.0400184987886,181.1894744727163,2.0486758748352742,13.867831345992109,8.16178060539246,112.18062201162384,0.9755384017452372,0.8794386348587167,8.601015317678646,-0.0501455980264278,1.9561791500885,-15.063409219344663,249.92076604188355,1
0.9858959356873164,93.05048370068656,85.11341256463632,1.7973396052295405,9.069089817814367,4.408427006832443,42.3630752587771,-0.0065830810861809,1.1253990483642715,0.5171742884319093,0.0888154992921271,1.9424333840815493,-18.039314222221392,2.584947207204358,0
0.275588038226949,171.7990339053789,90.81431379286884,2.012749013759448,11.908414365275446,7.717936749310704,34.27363046982911,1.1320064690438514,1.046830219096797,0.939175575488154,-0.1526318717140684,2.1120659251499805,5.633904798996021,-12.841926270915174,1
1.0965127036204854,31.48291977747772,26.10403004789248,2.006009999026592,2.4565048230076663,4.1823304803049615,4.383629889814145,0.050568320594317,0.2763495254419644,0.7274744851598465,1.0522475437996812,1.093892082623187,111.1461889423755,1.212777034915412,0
1.035901236401474,95.05381857965456,176.14824816036975,2.2627904871796525,10.20080370063362,3.641114435409814,21.51677293930697,0.9732482475197188,0.0180414876981436,0.29325393556512,1.0546579366115991,2.108397090582045,76.85494090691589,-19.487808084137832,0
1.237238852670841,187.2460705299084,124.09954107307972,0.9942732586275465,7.971711102810571,3.709318111867384,38.081123863223695,0.039707066645284,-0.0969973150932822,0.8739712307912391,0.9240075444463788,2.171667882246396,16.965477517217863,29.062324455240496,0
1.075131484830356,319.8387798332868,68.92477256097008,1.9824400594803,8.310618781153098,4.700529000319162,56.822114456938806,0.0804057407444451,-0.2535658676553423,0.9508980853655196,0.8949692543262322,1.9090166865231688,96.87562050575346,-5.067878144234172,0
-0.1151362749690572,102.23508560428697,36.26201470585523,1.7470323329380455,0.8091351783221192,0.7289573664122795,8.11310810578654,0.0440050227100023,0.925705670494018,2.5946050346283407,0.0900879168690153,1.9426287387422756,21.315833049773104,53.58609603189588,0
1.0994417888677863,148.83517071063457,28.036651585964066,1.080221236911949,7.846144846858119,3.4198294162081324,18.770024161998315,-0.0021586052366152,-0.0100657452018114,0.5917058283472763,0.1469737103267001,1.9608182851052316,40.18764420543292,60.67481460456376,0
-0.0237007531608548,32.73031053829328,129.18824139364767,1.1278953784715688,10.300218774535708,7.720902581560418,4.798087403231712,-0.1951503385057266,0.0282943421431458,1.9750821961082297,0.0364871364310752,1.8813902067032329,109.57257996685438,14.475681183383578,0
1.0086020501477582,213.67621470536557,35.271048986709154,1.94511250494868,14.377201694295348,4.167543664447141,-15.057918583408728,0.9018960433766224,1.1489738360339756,6.079838631008965,0.8235007589114531,2.175859960826318,148.66632546672923,7.979730685501551,1
1.0093525196629696,15.665400718433602,71.94308202753393,1.90286667621902,3.38961987572372,4.311858322319115,22.31023725491507,-0.0609479473122693,-0.0803434091126313,1.1268266403782294,-0.0510020498827186,1.917196432230824,59.16581816333693,7.167201715244019,0
-0.0703891102536072,-20.372843237063847,50.74711418754812,2.185046511093428,11.251074090369334,4.1889773279442855,0.1954295408083695,-0.0215856345079406,0.1192959022886771,0.967408322547708,0.0661019676344478,1.9853684530854625,34.05525664875219,-24.550388498223803,0
0.886072084688067,360.59787088213136,129.75649838085175,1.704530179188474,1.5969513418955277,0.4842341459926951,80.23954907849344,0.1739153995513811,1.0020731854742944,3.0036045298121445,0.0191566712423674,2.118500190779365,7.754772591228018,6.85081112531352,0
0.7843739102927102,250.4254692581545,19.115408929986188,0.8828447790175152,8.580866620249584,4.4521236585154496,11.151396837378822,0.6174395886677841,0.8419256683532881,10.901037295532632,0.9319245596807992,1.851885468974109,116.24139340678316,70.242545395382,1
0.8190686397586016,281.1403773211639,113.2299912896055,1.8144972287253969,2.2678571507586165,4.4788436451278,110.29822654862656,1.0750556340871922,0.8882079527845449,15.737722841942013,0.768541738454551,1.9630979613592583,5.59993541687291,227.98135713028984,1
1.0134226578244985,84.759147783495,35.26573722619358,1.8833188696126868,8.161670545768768,8.64202117774477,-12.742679852297222,1.022431672996273,-0.0723997793575151,0.626371372389765,-0.1127006585292818,1.9873431895196196,84.2281732514906,-21.962798830877382,0
-0.030319252701468,68.51514720153169,163.84095709253177,1.8945057959308131,7.212788449270871,8.05410301371262,41.665726535935406,0.7608119939325299,1.0344242970059754,3.6131244145247527,-0.079010751393958,1.972795741958098,10.15188228172542,164.30595186932905,1
0.9723337104628578,133.3168082307155,21.112634591347,0.8598761939830831,9.29184833305062,3.291942150923293,0.182944036874403,0.1305881619521655,-0.0037332717035762,0.0128960131789899,-0.1679878140662767,1.982830764100656,77.27206746610445,4.7271172990731,0
0.8603428165376846,27.30563657987437,112.10565115063956,2.001342340252681,3.4423584116873718,4.222246585873318,10.038784343087826,-0.012297439472871,-0.0523536554402139,0.9196542449739168,-0.2101703414158556,1.8919743379932767,2.7503538831145846,31.88941123999628,0
1.1151667960203846,227.0506848307916,219.83340840826853,2.0727784923639034,9.121449553743538,9.484724598454182,137.3399247325357,1.0127270271038165,0.9057156182295169,11.134030286173072,-0.0669699646259028,2.0405041952268927,-10.017577602008132,165.94547968758783,1
0.1190099128659334,52.91719305270195,153.70335017225278,2.103425782743157,2.2508741838381168,3.7205398135068974,17.333122495334678,0.0138117630896804,0.0001657126270793,2.4845487063789324,-0.3052747704636052,1.8941711346447685,10.314047612210906,27.402973046668524,0
0.1366472328292021,59.528362641404,163.5452571428754,0.8665130309428714,3.3511192281027835,8.623195357208015,78.49990357661642,-0.1433622403339537,-0.0566799121573749,0.9232045133868834,1.072941638122982,1.868631725351356,-15.481281570147871,25.89189866780211,0
0.8634060684490139,64.77406387051153,192.37146336261395,1.9503272531132207,7.97640825203369,3.799527696353115,49.42877408218676,0.9706377964412533,1.304036267239867,19.40302934453529,-0.1062398945722906,2.0483408321846017,59.41322163939969,126.7401191928596,1
-0.0781350225307895,49.14627312543912,72.11413415328255,2.321909246427745,5.008790175136129,4.113962449210112,7.595191795551976,0.99980371087265,0.0136271651486463,-0.0530336608983206,0.0132636657116176,2.038175481287096,35.77696714443509,11.355183687243596,1
0.0640089039736888,92.15739470657212,144.51778074371066,1.8368702346893973,6.726400632415817,3.801428066034573,2.56561662743178,-0.21501230986437,0.101336317680393,-0.094872105519582,0.1860020709780684,2.1359086078878504,-1.8621604516604504,109.9720012613404,0
0.015973285436264,85.59242777924565,51.575592567722936,1.028769062609189,4.884118377465644,4.212764992092184,30.83698662949366,1.1685896613717637,0.088845470644683,0.9137187990730098,0.7585136097872385,1.901292493844363,134.78955381412302,-13.342434783425707,1
0.1581088735715536,92.1021812971477,42.84585583609426,2.041595798129859,11.045018113671036,3.862973660538238,14.332063920420309,-0.0389265591741189,1.1073391625121012,0.4010547217077445,0.932542605967632,2.1526442410751647,61.78180365292463,7.665363245620981,0
0.7514598506076254,288.3632070279796,24.802343408043285,1.0122263715131292,4.169644785342584,8.97101960968083,63.48222120867416,0.9965745204555512,0.0376526719140173,0.2579309196597723,0.0035283116171086,1.8805652018862944,79.25506703912143,82.6214789437809,1
0.7722907569525479,24.286144830674587,1.1084668386527028,2.018129865303417,11.348623096846238,4.121563502112789,15.60091628334417,0.0357358752006419,0.1239316014857234,0.9037501630260034,0.0395588599951994,1.986102495366437,45.54339798157356,11.49580219902861,0
1.178890143287564,242.39054274423864,-2.7696084159275216,2.0805914146320594,9.779377555292914,4.975768395512935,-10.144863859476466,-0.11569202213729,0.1836551772246507,-0.066611870644996,-0.164732560378329,2.96370603955572,69.84487070873475,-0.8595844002558195,1
0.7610059099087801,304.20832209426305,167.74345339522162,1.9756280935796289,1.7860305696987169,1.3097275500584336,-10.783883897493745,0.8539492678928133,0.914824846486514,2.1876817591474134,-0.2530927382806651,1.99901287179652,32.59052629674599,-4.14012162753513,0
0.9321102104405816,311.88535705577726,193.3257149580793,1.6916944241353082,7.554002056959297,4.537032024504503,94.73656513456244,1.014071243322184,1.196065557146693,9.23339947927331,0.0002676843180147,1.9026563434846893,19.76064590098035,-0.5133695049763176,1
-0.0714501707378986,139.11982017947173,68.90812341316061,1.1229725557396408,6.551016483573951,4.010107659590695,37.97035016158954,0.0283286133071951,0.1252650866734239,1.4341098912265748,0.0207681339411018,1.9405078183433304,72.9978979812868,-55.87723303584821,0
1.0169534299664007,141.51554861689976,53.07461356445173,1.8248057816326533,9.298111601901386,7.61459115180488,89.31224228598998,0.9224114978426996,-0.0773625929748232,2.222672992658948,0.1237958890881695,2.015576724203108,100.77544411278554,71.75971184451065,1
0.8294079120083981,-3.676514871529264,198.43693943554723,2.977672047512933,0.2997356453506343,7.351906867115687,-13.567583666700251,-0.197252368302583,-0.0412954630241717,0.8229644517783248,0.8188130383376776,2.9547067372800218,138.37629236760728,232.85747802697628,1
-0.0122607311468382,322.47044850399743,215.6805554442003,2.062866078376634,4.949991698692814,1.5526615292242236,24.03831656937111,1.0396336150612555,1.0144409208251504,16.17197026507996,0.1632239644070582,1.9552704207631653,-2.2087741268504786,59.079132043399305,1
0.0012990446979336,126.6052522156089,63.201115203557166,0.919094337727961,8.84476241724788,4.495244688849868,63.23373234818568,0.0493791427422534,-0.1851922710923746,1.595292639833576,1.0783963027334142,2.09295252671276,25.42122893147096,-27.737897040129678,0
-0.1413170849883284,167.11746830712667,79.03563967522938,0.9641028135359644,2.149286606812537,1.342276751274226,18.84383153537536,-0.1932709238275647,-0.0328198135522289,0.5338376340102715,0.7541628063772015,2.0791524849815377,59.88254857814153,54.43213757801052,0
1.139970191914141,169.04423315918305,34.646677765283286,2.0663193563942155,8.511013990521505,4.153989741044991,39.90754010460133,-0.1454468451252694,0.2484434366018472,0.0330196031409668,1.0933214158600566,1.8740409918385197,87.27480801884266,28.53814623352241,0
0.0473187346622613,292.10960927029566,5.374297753782315,1.1614097213963466,1.1887636166846134,0.1871529415061381,2.844169645044609,0.25521971348209,-0.1592248613543264,1.029958655248196,-0.0281918002012708,2.007157577830498,3.239568655928764,21.702561558572,0
1.1376852460808058,194.1636493604198,72.41755832698891,1.9788886479280812,8.761121973607008,4.33759848922626,69.86154696024161,1.102854327145936,-0.0745765289297013,0.6046863722775702,0.7687201373560166,0.9493147966592196,97.91275525099675,17.89620894693379,0
1.122539725825335,124.44693980100728,45.76486421525318,2.047832660709818,8.631726301545072,8.417938716359277,21.351891550461936,1.0984996160525125,1.024006851204402,2.379367639433351,-0.0787692047117363,1.952913451907234,100.11629129643322,61.54124334601974,1
1.0752958605828564,332.0754003327636,164.58436531331762,2.0726410328935363,4.418026594732332,8.7514975059979,113.16526773425414,1.1321802547885214,0.05900509192487,1.9876431407009667,0.8396797654371919,1.99091188430362,5.550560524420035,177.57335764122206,1
1.0787163917595015,80.53243335463995,133.685098919933,2.163239623449896,5.44938863886823,5.466858921126966,15.92150833156972,-0.2934303357130232,1.0551784531654858,4.159899193776663,1.0453248948701743,2.04365686417408,64.2537106918999,-25.803932432626787,0
-0.0773941661064577,367.6434484299774,221.55802781126687,2.010486355284798,7.134572347897423,3.736571667386873,93.66501912424528,1.0046853572465142,0.988761057618691,7.968924771450845,-0.0267020509337309,1.8923575668888384,-4.954946958442214,216.6101106098305,1
0.8808056441281253,-9.1782575698482,53.45457435078559,1.1000071831553286,9.654054257208251,4.256970574181222,50.62643943013484,-0.1115212035054427,0.0014162990057193,0.6983794754933719,0.8735655694485702,2.152937791424007,56.58153350645398,27.63131207817481,0
1.0289644757093568,218.81867268095976,53.597456218631365,1.9681827780161176,8.607772932910244,4.115439463571095,5.728407375668425,1.0247682170234849,-0.1457692178374947,-0.0067914408028899,1.049683763724319,2.1098591060419736,132.75722577507645,211.5238595726736,1
1.0900397621413347,108.9277948301976,44.42533550432403,0.9889646426339876,9.02905288747009,4.235262864250782,33.00663825888982,1.0236940482864214,0.0819503274066167,-0.6997527008207349,0.939602016657826,2.0917299495940247,96.63836784123951,74.29109838513628,1
0.1045940450600741,248.6264708967001,163.29082271090627,2.022593227338843,3.3422072631909776,8.65301853657888,107.13959608456013,0.7584438483565114,-0.1568283213208802,-1.7713215507775493,0.9708378830452148,1.985937292057736,-3.893708332208867,20.593077718432006,1
0.9647679455564412,155.2390988721033,82.55077612575812,1.0584254379592286,12.257215664399684,4.37698343734356,56.35976048111176,-0.0077270812257796,-0.166275131046038,-0.3553306168274526,1.0967271477724574,1.9955400007549051,48.10914401458647,-8.69111173612118,0
1.0833641116746155,89.61006063255928,4.982213142804071,1.1559114192314413,7.594534248547038,4.015980565979329,4.440557048224711,-0.0773748979994872,1.0582702705591385,2.4623483001429785,-0.0512726848803125,2.1017200639538878,28.002892790801283,-36.81750949941527,0
-0.1148124222002177,88.41728325729756,153.6219880766833,1.9860614316571228,11.064514531637505,4.284283590904418,101.18195439783904,1.0923620764628894,1.101336586918186,8.624122122164636,0.9531533615701656,1.9658045999730944,46.865548389017,15.875413332175055,1
0.261814996754576,-20.02057417485344,87.2963441616547,0.9996036593113178,7.281232753704162,8.447859477246707,72.38082002575891,0.994037095584815,-0.0334770069257786,0.8871618382500648,-0.0130519749551518,1.9941495229927908,83.83252392179922,5.584627990568748,1
0.3606946096947116,99.97858043073124,73.11820361423597,1.0756378095448829,2.071601270597932,4.7790621832168965,76.40619860373381,0.0808646444327623,-0.0215419593169263,1.1393115243775869,0.1354507465687962,2.0644334367486854,67.13548893262548,98.83249509054411,0
-0.114522662784651,21.24264128392211,27.845392348418365,2.01196696258702,10.31430751835855,4.584103055307568,12.18081647705468,-0.0529623592875345,0.064918589315031,-0.1223691461206555,-0.0136366802499617,1.0813031243600395,55.43393443350626,23.65399575042779,0
0.0675795072143815,53.04216167785744,20.22515454308585,0.9722052148688762,11.36023643621877,1.5517093240103303,20.66969822630436,0.0013717116624452,0.1087092837479608,-0.509160536082577,-0.1632074292517746,1.8478853750258768,92.37694924090644,-19.309091192658208,0
0.9720161000175144,147.4852168460991,217.99739346131335,2.0546492469285,4.368194923212808,4.2259617793937005,97.18900644132026,0.9723302829696596,1.1231403955571173,5.30445184884805,0.814964795324514,2.010538141993,36.74925814316202,-3.354382577008998,1
1.0692796464726562,208.8412501624336,50.681926646825744,2.056793401683496,9.686089190963813,5.099826862425045,5.705288758077519,0.8195325206059378,0.074106029861674,1.042505691751126,0.9484809986958872,2.0953841252475613,37.538244502122936,30.856666163277747,0
-0.0350492047620418,136.80726688363112,84.60925534258611,1.955360394753903,1.1235246278455957,3.263809163035813,50.80750911710863,0.9536216900721988,-0.0105245701070892,0.1178087959097893,1.081054546704569,1.9951070088170133,108.6510164170985,-2.3217674994506794,0
0.8850064829208872,127.56284329559996,7.864215861379137,1.78476248849689,7.681501424262911,3.6251564633266975,32.918467400394654,1.1383943768137614,0.9234026574193002,4.594958040992762,0.9176478992038544,1.8622067799043276,130.42165671106852,-7.551346524581241,1
0.9723189587799976,53.59969745836823,33.51526645549979,0.8596881663690749,12.93425960549278,4.015710799519911,43.83819499985533,1.1532463252488618,-0.1051538895957515,1.3156308562777814,1.0084661770411307,1.883792535486654,16.792659398583332,21.2163110586288,0
0.8182999276246925,48.64972631866392,68.67343915635593,1.9304436913038323,5.747886834593729,3.2647173986812783,30.91547495083254,-0.0490787524037196,1.1691206092600062,2.052058318274778,0.1780590836726824,2.019162016582016,33.8370756614654,35.05915253619496,0
