A1,A2,A3,A4,A5,A6,A7,A8,A9,A10,A11,A12,A13,A14,target
0.3035535428718636,7.671759315988963,138.04334639865658,0.6781909225094895,12.314293867714358,8.596312519922492,-3.809028776615051,0.1149079286217161,0.1253352734789868,4.726962241056666,0.8804494553375306,1.6913108483925945,85.45176764279134,11.143943672727474,0
0.9878194772963532,33.842201444374936,-40.74072985559205,1.3422619395454616,6.386671478207109,4.451516154074883,32.72952184104069,0.5493757798017384,0.5436980037066942,-1.8164641809051492,-0.1228564126280897,2.10039828112922,179.73421987466892,210.2625211026635,0
1.1306447788413094,0.1043538273160322,35.07852375216751,2.638254480637826,10.584676005966694,8.145460138850389,39.644513505196,-0.3507832431980296,1.4424148313268486,0.6206444947817951,1.0987994728760089,1.6573387950422689,-12.88241946799485,139.1849950978708,0
0.091094452073951,84.90911326200603,38.8419850521998,2.1278406872240456,4.009566723107212,4.928942528102456,-17.95482626212705,-0.5042615360737057,0.9797719061620548,2.2369978919345934,0.7581318863310827,2.173700214181857,42.67228662956367,-15.69294571792205,0
-0.0798956479329502,-3.645531428250649,-5.583589537675692,2.792597878403225,2.432260847193164,0.3536429337512823,12.82908493490637,-0.3534234339603084,1.5210178909572774,0.1344354562809253,0.1747592084493106,2.2228079957356206,65.42098767357685,63.803765676687874,0
0.5295198721567135,190.2695376094514,33.03710730535098,2.0829186433305944,6.725764033940512,6.152867804695536,-16.65165905176586,0.9769847146987932,-0.1952725043441906,-0.9113630243316884,1.1495306370565117,1.2252118879918323,95.91911604814442,40.69735735115357,0
0.921356730047166,163.66650672090418,88.11996785151028,2.010890686312061,15.93411570753895,4.112778237549642,122.31886245272688,1.3940207719037474,0.9589406652951088,2.4411054510536823,-0.9940827492071208,1.9317553220042856,92.31416214097491,19.249443977521885,1
1.1022571571400612,147.49921828646933,56.610727617968735,1.2332089059405624,6.84354729918676,3.643737877243248,63.914536350004525,-0.4781987765046365,-0.279093191218249,-0.7553311595979011,0.6080021434797185,2.0919518145210625,145.62919730420447,-45.17465356661216,0
1.2039312531879496,38.14823782697401,-56.80968051868111,1.6745968650356982,10.842714971414887,4.089029713847592,97.78697653102418,1.2037417953479963,1.0282343266463978,3.908590466756791,1.3850964352345188,1.8766565794260408,-3.528600959127054,66.61160978436536,1
0.4643497817362367,43.322928614213495,49.87891754383393,2.599975459013288,0.7006222637935782,-1.4155461665368767,-9.06096602206584,0.5085335513956623,1.130234704509618,0.6327130929060507,0.7610138256235933,1.8830128399058208,80.66008638992716,119.0468001348004,0
0.488631877236005,119.38112123383176,228.25724733648465,1.97515436110982,9.044067197348614,3.3387441415114125,-17.492561881582347,0.3588624423167858,1.1341916701922783,4.383840627552528,0.5238796364312595,1.779519476048256,-16.820353497103355,225.030854938412,0
0.9225343892960016,115.88706304600342,12.315376855771618,0.6076533431526325,11.617175332541734,2.017438022585221,-3.0877566967516543,0.3656468534660635,-0.0104531607700136,-1.7638911630988297,-0.4703658793855748,1.9519261394818364,61.56178890509246,11.435928437404662,0
1.3154506052411843,3.304054645399276,220.0829653441262,1.921089034622684,0.6697519189981529,4.27468511804339,67.84727700929943,1.5378834829206505,1.1179590417944385,10.58037804722366,0.3141108502561178,2.228429310362036,42.29611467415916,206.17921562901185,1
-0.2852703313449212,68.50870681450975,67.13291759837253,0.943370442437379,1.8290685448478576,-3.750416215678749,62.27391665553401,0.1980297309123372,-0.2062949007521017,6.439117787837132,-0.1211705477587309,2.027698872779891,-14.72493273600304,85.00320074156268,0
0.6362669526583139,95.12239032470184,95.7355134975945,1.6350881887199178,6.640143885077161,4.469238606186542,32.95196986438532,1.01196065808711,1.241099982441217,7.054638455049831,-0.1081492439109954,1.7817393086854951,71.45646012117942,193.93236501798984,1
1.1948098392899904,101.9524999574154,221.41340191436427,2.3032474820637594,6.469878363657827,2.601006776592909,-27.775754201135605,1.5150737133494858,-0.269485486094622,5.177270390677029,0.1831248091960692,2.068955480663387,35.09376523853237,34.59498399297907,0
1.0101099641257296,313.3546734222214,226.9335710380497,1.195942561919778,8.02009050802375,6.176036340771173,2.341123727975905,0.8672107537721814,0.7392699188468443,2.476118178931875,0.8862124379738852,2.2983694273926543,128.31398912813904,-16.08239079539667,1
0.6718617719106786,116.58012520103004,78.24902877503348,2.123630694426531,4.772784522300174,4.9819049428896,48.39777150494147,1.0164239777455717,-0.3004622235183354,-1.7638455512476856,1.35780542710919,1.6841279887182163,103.36292979729008,-7.4003188225483,0
1.003532286712365,174.3310306982275,42.28326783974974,1.8647838075849044,9.812040831551371,3.848742232158129,23.03154623636331,-0.1805097242629686,1.3810636431492211,4.906590080109833,1.195421134369117,1.9461735588181608,183.5091226446918,-31.72485562178173,0
1.175369355394806,47.93201510804113,154.27613818968516,1.5285527674786503,12.000871283040484,1.5475027262801606,77.10445945422032,1.0449691192366526,1.8266128539438131,4.895371610426069,0.9641954353489868,2.375873627381124,70.460098309395,104.59786337802204,1
0.408344365485343,-23.632647857721253,42.83449257202308,1.7244967103952549,9.268874875715085,6.058910966738607,25.212659480411627,1.1616003046486938,0.3519881936683254,7.255537785262378,0.2101818524944333,1.9618543363121328,19.57962719132824,-70.6888194087824,1
0.7217815924591264,-35.048600640599886,-11.323235794177409,0.6340142680147802,7.863208634022633,5.072047312570931,13.223777365170983,0.1775137505245236,0.2088241648397253,-0.0537755845263436,1.7397727371791842,1.049000209520369,91.87580195159516,-48.970452202952366,1
-0.3566463128668963,-13.264441602603313,140.05008488783463,1.7156045410979657,11.6771339050803,6.292366556994825,24.348302612611263,1.1488397864920843,1.1393410495531482,8.034883629485856,-0.5374666264427268,1.8704188254548968,16.851442945559135,-19.50742404504441,1
0.9972637818903084,-0.0090788297235633,47.17968170490548,1.791403410669986,14.82638109098454,3.559850253998311,4.521158381981664,0.2652690747186245,0.008264363491026,0.1592903193708927,-0.0104710167814454,2.186823691558955,47.60199487571259,-5.41910717876285,0
1.1005234619241269,102.3506920230328,169.21509484903527,2.735813364103027,12.362250361774135,2.9951204191474794,17.046964230059515,0.9250950930552126,0.0505161655548023,-0.978888980417664,1.1530422225124777,2.3035118536297263,49.59383453936449,-56.36586263558596,0
1.360507056872573,-55.915600864785176,111.72403883805084,2.268448894714253,3.811486868668184,5.57676464185664,13.77928924375125,0.0700882074119092,0.0419861819861978,-4.695568936619943,0.9719601513736832,1.860323925203498,6.699427007685472,75.91932266837074,0
0.2260495640488868,106.47921975118062,-16.37462999247994,1.8082291612928063,10.449393458868425,3.2549756056547263,31.591434182271,1.621636036484787,1.4318998838162185,2.5517674535004944,-0.4214012880196342,2.279533262014664,67.41644402803557,-86.79193610104167,0
1.0739215895293732,261.53575910978145,49.932304864302665,2.354775187781878,9.441170187706527,1.9552364641489728,-25.007224222796825,-0.291444631767394,-0.2960334307809499,0.7451985729379631,0.2143640591559345,2.26235009380456,111.9484197344322,-21.66264782003342,0
-0.0213078790791394,178.57704628738054,206.50121143751488,2.2970122158367805,11.869522841224818,2.5992733968321584,61.26142889612104,0.9447520798040068,1.194113629534621,9.214089391585745,-0.0603123777843913,2.034309673377231,31.95027864098864,174.10562543557117,0
1.2143014193635016,193.2872119596661,116.51066516478248,1.946392566704709,13.636729684456684,8.58992148378747,120.31794686628048,0.8692369308587373,0.0804907972708274,4.366280083291068,0.9810917459880408,2.11102476250998,34.4965826711055,133.33607150998586,1
1.0445565287668128,181.97737408254264,106.41940718868926,2.228427155593732,11.561948788784251,6.068584541614503,50.45152244013856,1.6471017514083994,0.3293930596042493,2.9934342172625907,-0.0715770397243416,1.9913597842358584,102.0940322654337,55.59042472134884,1
0.5939453713677663,197.73446454699672,96.50926520033164,2.7355581235633823,7.4514614245407,6.051414642684659,76.8077570893623,0.143755326379422,0.0409844499003211,2.25503761850043,-0.0535994172654217,2.303921956324373,129.26432957903626,93.57372760419152,0
1.343111232310937,91.05143144282044,48.94161980270891,2.1339314499874917,7.968833644326205,9.170228405805975,23.785296341293414,1.275798924947035,1.067219183372326,3.0622293904133824,-0.2205537731928615,1.868157665340255,125.52561563001302,82.31548136885527,1
0.1353482405367,32.37552119011795,-6.221705125528189,1.8935521984316024,1.7318444512090263,1.967934249302808,-13.555626361959447,0.0930777866117781,0.4384023335585271,2.564515456560898,-0.9066170391230226,2.134043709132357,28.98190429802381,24.03896157556152,0
0.4406761616885095,62.672859354546574,80.18592069922313,1.598260183845182,0.4412344177726979,4.04503517308087,48.83300874000447,0.014817469522167,-0.1164015616516798,-4.244730427680821,0.157728737169098,2.138218080313364,11.482623015161572,58.69057381253431,0
0.6187400771481836,180.3244961304484,132.53975557004838,2.265749342869837,5.986510316122598,3.424285720061433,99.92603752654436,-0.0940593541930646,0.1518420557515575,1.96426592287938,0.8665429087737635,0.7221532835923627,36.72078268700936,-9.38703121936053,0
1.0073271781014053,287.11136469707986,21.141240210065448,1.9144596498979205,9.035070837100932,9.151294268885334,-8.129587684350923,0.979231414983579,1.4023738142795463,3.887963402364522,0.6294102896861604,1.7200931543253786,65.8510387783201,98.68317467371378,1
1.3074750871574323,114.29253373663732,177.70245275748113,2.266650132695497,4.264419373609613,5.67275914923204,21.3531208684937,0.8756395434438703,0.1163034376794028,-7.270259484658275,1.133535728362706,1.237417815795891,-23.636350896289485,65.97227359931313,0
0.9441829357384024,42.685291925360815,201.96046955296964,1.60006665324661,10.468036751848343,9.43754214426357,0.2638337324423006,-0.0480546857834146,1.1449110229998605,2.97308816681952,0.2031020542130757,2.117317461120665,6.300251963040864,52.3547012212194,0
1.4439938829600876,142.7193903185749,11.505466882200864,1.2752791885789916,1.6662287713543718,3.3124129355253613,41.65422693825949,0.3857930676620471,-0.1557132120933926,1.5993071940586046,-0.4214692445914409,1.8128288049240344,90.00826637479454,5.597024042080179,0
1.0785034949666048,46.97268385992808,92.13650184319232,2.2613281387165225,2.073361770230373,4.460319668169108,33.99925677262677,0.6609487119072454,0.2571676582727339,1.1245618062324816,-0.0188593288607175,2.1165056435266587,49.26588250977351,20.643152312884357,0
1.1648760902856743,266.0608222330768,99.7724555231287,1.0890954390981151,10.554352161858397,2.8475318933172824,39.87730263897175,0.3034963658596639,-0.670446474384753,0.8375357308108291,-0.1497202178047194,1.9720272156338143,36.80657096519299,9.998162506722004,0
0.2716142817854972,143.70971791982166,130.87576208371308,1.879369329597568,7.9158895855750275,10.77239194566514,0.5507700116598571,0.2253372108234486,0.8140796449279418,10.03141583885248,0.9184315282409464,2.2301685274018106,24.189885816778933,-40.26624296782932,0
1.0800952398133017,242.13369558451976,100.18342564101856,1.8109587551137236,10.46744282027574,5.5787380483954,18.058016475705948,0.9738612579470344,-0.0325522262520532,-5.251612825781549,0.923414114151666,0.9671178174359208,130.82546924130747,72.99874015372541,0
0.1307263558677666,271.13908055048904,78.4480605040811,2.390841334450497,10.0821156796623,9.027809283143682,42.27514636734711,0.9281742213224152,0.6710028069023513,6.043234527888703,0.293066961030998,1.6389597766911583,26.02393933408088,132.08877130836285,1
1.2373068440678463,98.02617325547656,68.9391984193399,1.97821650345252,6.43259203609694,1.3550175370826625,60.63088968358509,1.0650484288715494,1.1930911880205626,-1.7746040553229152,0.2249568610912378,2.4294359111374724,34.53250459804683,62.86434032500039,1
0.6128746648318825,138.34026588539672,3.6995904593963047,1.532185828292335,9.38094062666208,6.728918005517649,52.50074614856423,1.480644316861714,1.39015056597676,2.0794402200257585,0.8456638932193732,2.235130666410829,106.93369888806843,244.9346071078577,1
1.8538317758496872,-36.335399538243024,148.50426526757158,1.0080601577730175,11.733810289642149,3.040528707336578,58.90126024185262,0.9114786591823044,1.5468163490735196,4.237939853461468,1.3264205752136755,1.5476700289977805,35.23756731973606,170.8764054596981,1
0.5267771377271969,215.7197771505805,139.333296677579,1.4173492328481214,10.20006400698536,3.601116752685693,14.17370394104296,0.6107334807159497,1.200704802712369,4.480181676104769,0.4788091486615001,2.1461443636968007,80.26418724318209,9.74412209424228,1
1.270235570137359,43.15217537693765,62.29128413409893,2.016827997274457,3.2782135044214677,4.510525344853892,-0.3258363085203868,0.1415912976640876,0.7737786712375004,0.2369285584475693,1.1462931226391075,1.2628978313449235,134.8093290386514,1.595775697763159,0
0.4933921913240846,259.79305649925885,84.84397561089538,1.4805922404311105,0.9500000221241248,3.540762206357841,119.83503433615437,1.210155775444138,0.6869822677967257,15.265623957437636,0.3519168676727426,1.8966742918059236,13.879819167244158,254.94779996481148,1
0.3332277560246134,95.96814054756544,158.56938048230785,2.28959219168084,2.702447714746727,3.217511477819312,28.73274298693709,0.0386729366511053,0.0004639953558221,5.15673637786101,-0.8547693572980946,1.7036791770053517,-14.320666685809442,15.528324530671874,0
-0.4433517916666362,119.34684000046488,98.60912879130052,2.252759865359466,12.832157274091497,3.621391784140217,-1.280652769339163,0.9159375282597518,1.0353339274880522,17.22290944999915,0.3953838810780749,1.924488153346173,49.36427574653469,133.72865905860596,1
1.0939736241285605,246.06231318371425,-10.913402586223796,1.7273092891676476,0.8689979442833495,0.5030225777537778,7.279307160070953,0.3948934531353597,0.8886506159674904,0.0152540791032818,0.1132956877387593,1.9317300023169663,-3.037997126322644,-12.83659043924849,0
0.808745889079044,24.97158145118439,66.46829699578036,1.69679984180965,4.866053732990742,4.087800748625596,-11.07765416374319,0.3152305898787417,0.9957337697859312,2.376421018623459,-0.0360689335777558,1.9941511764587787,45.28145797884476,142.1876475442819,1
1.219421372083506,296.58898908580755,168.9046650515376,1.7716778047581916,9.004282444531292,3.456205887951951,132.88287716160033,0.8384764330236497,1.01730691968234,3.967169577354928,1.0863382965732862,2.0092360314780846,99.56291805029042,164.20184736854517,1
0.1799164690640356,158.29679759769672,26.09106364661789,1.5123874660027408,-0.0400044323181916,5.313848118953942,-5.030439107494921,0.8407368033562045,0.5198683995175188,1.0210067261126694,-0.0606278628141099,1.847505587524429,13.201551238451708,198.0114185743463,1
1.3639403580724536,157.06976377355878,39.60777359370638,1.982866607101428,6.703108073386672,2.639893754034587,-9.139295993599568,0.1952817894928202,-0.0767190191727174,2.827228786294536,0.9952405271102434,2.146659992432536,50.58590550261218,0.3854997809011138,0
0.8134191942640827,60.76973208891667,127.38029539876167,2.2505731764572525,5.1815451045725,5.029802613628452,24.65957047530576,0.0257284756303947,-0.1815941542164886,-1.2998773537872357,0.4498691323982303,2.159857488711564,-21.381048008714657,3.025431328472969,0
1.2343386880877547,233.8413625645624,106.80749307859423,1.061177286815108,5.479775766744348,3.786010691429748,20.41787560291987,0.1097695659447669,0.0201772366906765,1.3887466615949242,0.1576130044594279,1.93851698889358,71.17178818110855,87.8187546222603,0
-0.0070986763601049,-25.185489320381294,144.30686728541644,2.079846389098674,5.0328260114779,5.259580777430124,66.751479025415,1.339098935012068,-0.0956661404473568,3.1329597897367254,1.027189918570201,1.7417074457847872,22.716856650115645,8.43074226625621,1
-0.0940031922989342,259.11489726238733,36.94802060133125,2.607009028982085,13.456618644170234,7.411283098303482,6.511123966757623,1.007859637706486,-0.4430589222928557,4.134054344706678,-0.1751218142920164,1.864755710007852,182.360317206768,288.89521312700333,1
0.0152469990225208,300.0366808472042,38.20330678302049,1.7365883248730036,-0.667657427301414,1.6897413574126614,-14.860004579463949,-0.7402378178626448,0.9815624561345764,6.822778170583063,0.563696530560838,2.0369517128144,39.77939870196052,-16.52521122881496,0
0.3308165477445845,322.5833018639366,102.48166950662056,1.9317586620229608,3.2008855951564072,1.867237140163613,-31.994874912982475,0.5910579500998776,0.7615095701622389,2.525508925612758,-0.708659667185862,1.997236041030256,39.05347363088877,-13.392340557098372,0
1.1559907058400054,51.96339571390358,74.63239674957512,1.2890136240662649,-3.0312658622282957,1.249244813853719,34.95783326884867,0.9975117808708056,1.0589330914484436,7.695858131014749,1.231700853151795,2.1949378538104147,68.6237774577503,-11.263034873333034,1
1.5072356353494951,381.6064882698332,-33.0833361998948,1.8510164595929013,18.672939268073662,8.33605475540967,-4.800870504861038,1.251151260848261,0.3488324971591217,-0.6126545088991198,0.0765321659220179,2.1936672836189413,-36.456056517184464,200.62776214440584,1
0.9296149637770312,361.8585068829,31.207601534335105,0.4583696370174455,13.87728210176639,4.950989221544283,5.220851143564772,-0.1298563338936753,0.3748236633083434,-0.5294997469391136,0.4004674069150996,2.11332831153186,8.898751668239889,82.39937639304146,0
0.8414928181997471,161.479476134099,91.1276066784998,2.222996647706911,11.342373664870802,2.3951274052355784,80.3000355549618,-0.2981214709100234,1.0898805579547108,2.728781504185192,1.1691919757979232,2.070429847257488,4.760368538565352,-64.64028056280273,0
0.9296461239140684,165.1253285664304,6.81160927878868,1.9467961994488416,10.233938665505937,4.842843771019829,29.46644135973605,-0.1029108536129572,-0.1579690780443814,2.235082553520684,0.2130390690436929,1.9092445042160384,63.51525529447108,55.81156818787232,0
0.6654899205084776,178.75707754580526,-31.62156820423525,1.827344016554084,8.476007419868708,3.8255958201815896,106.9963665954059,-0.0545974848443955,-0.1358393088688214,1.954618315845698,1.1622751032663858,2.2011491997996293,150.2125196241085,-7.423539491217603,0
1.2008667156506487,257.00455983526564,91.67340310481416,1.2537389879228793,5.432810759462578,6.7181848184037385,-12.593679954663024,0.8784976810054664,0.5913600721561051,9.270530927986275,-0.2354536216952228,2.0844334657858954,19.25403090293409,197.371434607331,1
1.5653822710854717,214.3565155864397,56.495654778859645,2.4063028226178798,9.031054011584873,4.282620371289287,19.21298528169211,1.138797451984081,1.020911936571934,8.323861427828788,0.9821444285675324,1.983335124651639,198.02835348592868,75.47043153502824,1
-0.2573878284581439,54.41824465491669,75.07249579792489,2.1622770006002026,1.585513460952776,5.279658294966113,28.39924916520991,1.3714865868351374,0.6112302066643585,0.087305653060421,0.1328553684618763,2.2446543943549995,106.80099028007912,85.10345479489203,1
1.3253509376683912,176.95632180837669,125.6873985421022,2.107801707032448,18.58869660826593,6.262647793296118,67.14089658348354,1.161660848877844,1.2740998755236306,3.452739673241556,0.2246540134592871,1.8465657875023445,166.2810175144603,64.43335157534544,1
1.382998337848376,298.81044879085766,126.87409471073914,2.219835848675695,-0.050230219196063,3.906693369492219,-23.7827469381624,0.8187972363123626,0.5233456529850726,2.7991469886830505,-0.2437598870522082,1.7881153146587112,54.05826211020293,-60.8616533849269,0
1.341736626000496,133.68311411427672,101.3758484034642,1.4671759660700965,12.732606750738212,6.338981944018189,91.84339635400544,0.3571556456814342,1.199933096867322,-0.4128026900646864,1.052868671817034,1.9015691767564995,135.93744710981628,9.29408398760809,0
0.0508254615801735,91.86602378936487,113.1860142961945,2.000025387615497,9.14096608413852,4.441069658889578,57.52777785039986,1.7318206332507813,1.5448603471732034,9.088875054561084,-0.2661248267982846,1.7674865179247137,79.45213482394837,215.3607051829529,1
-0.0539347283570638,283.75567907989887,87.53760380322898,2.01119909202294,0.7712233801971005,1.005290495312248,44.67757889017452,-0.8109902026051878,0.306855111022818,5.4671492737631535,0.0050667630359301,2.144243912292047,16.272065099208355,57.46123121056969,0
-0.6183558449058643,-16.86883513200908,-95.86994389613334,2.072475155377683,10.086342697223358,2.729497934170201,31.038084115237474,0.322931111656347,0.3938919920078581,-1.7295290478963583,0.9204422519663796,1.8427488414569655,14.513473187540413,-58.26125684289956,0
0.0895465901000147,253.4487139739642,10.829821847331688,1.9020216199215036,4.156724937698872,2.7936447737802834,-13.318791707383518,0.8451125821369806,-0.0137504759736635,2.248625338065315,-0.1061722745145154,1.914376198769844,34.98134654727002,50.32210446005176,1
-0.0313379254270645,166.96528059276375,19.966276855198025,2.18458232651339,7.55685119793109,8.694904074140531,65.26195661807202,0.7749279697368449,1.2959773881230672,-4.21486039875372,0.1209088296939419,2.338490313235799,156.48383099604945,164.82153389237365,1
1.027724173617972,314.0286150387884,61.161409644464,0.8946698403863032,1.2759060206454578,5.4676888235844565,122.00808668541676,0.7181265765363702,0.1586891430841565,2.938029659142747,0.855950656863977,0.9489300416050084,100.7859138271031,103.14136127615916,0
-0.4356030116347643,35.70502009770222,2.117710676538735,1.444113074856323,8.204126127009621,6.10251880757266,42.12456796607656,1.0768742725363931,0.8221737859272893,0.946990387546378,0.3264800333059845,1.5459725416578485,59.09034209369116,191.22285262218705,1
-0.0774501453468822,46.47423935952919,32.17275631761767,0.8881185150347254,1.4739532753516356,4.457097880240353,59.89498172629227,0.4637261514635892,0.2991477833139049,0.0728881264262404,0.9786124412365512,1.779925769230733,42.20318186932982,67.10680790680709,0
0.7892916555505471,98.0833118593779,-32.08447260849579,2.136882854514718,7.723246144772736,7.892195632027592,67.99679099472127,-0.3896961788807017,-0.0794051454139359,-3.494931793397048,0.6816234837743116,2.047402255905275,153.5800053491443,143.8473788747361,0
0.7478073811974542,217.73819861769817,18.84762543014203,1.7945083926060654,12.960873134141435,4.294693043655133,-10.027911186585476,-0.0542381736883648,0.4685758680705899,5.137685472734002,-0.2848658535711464,1.9911305904445384,34.910416825942775,-49.1499608565398,0
0.1108330526152795,323.7984997244123,77.21213929906067,1.43975938117516,3.0926033166801954,2.941348445494309,16.744232511810846,0.1389152763878541,-0.2654040748581525,-1.284492007148765,0.3446753562663371,2.249054990438873,101.81458419351549,112.72922715104654,0
1.082574126727438,144.9644931468515,-1.9028934457042797,0.7608118465558384,16.505778391062208,5.877588999603065,35.80179937467788,0.4616793533120696,0.297853123033962,-0.9410214828927526,-0.2847719173142061,1.956094664213823,44.193900969862526,-46.90179975361128,0
1.4223820679067658,187.60024831738772,12.368626076827894,1.004180939324711,9.029056041970655,3.863323665996296,50.50109679082298,0.4806127527827434,1.0320953365701149,4.831668301377298,0.0299911984042423,1.8340309917241255,-11.498854998919713,12.913988770440632,1
1.1755395550193637,443.6389549322106,73.95493895948943,1.9641641217147985,8.91584123382258,6.292952532172746,97.77563343219704,-0.7536506186311946,0.1951077190549727,8.258094075668172,1.2170833505750722,0.7586679767092475,140.09794301970638,-64.12249384237873,0
0.5743033617288624,28.266461184304237,8.90292358658391,2.4231461808272146,7.834034655718328,5.722199752351692,-16.20230103717916,1.0196290258337095,-0.3397551872990835,-0.1672112353372146,-0.0914118102742457,0.848282918114805,29.76148569235383,-70.87685604684037,0
1.3620415951708909,102.05152988173371,39.911192723065255,1.776450241854412,2.688180410641081,8.503094851690669,21.199782909887738,-0.0328267801717521,0.3737057393220281,1.0225461627566768,1.2765143942188002,1.897612308403962,18.486542760566586,19.64595964118725,0
0.7177378917084739,188.0849775706305,-38.522842159587626,2.48259343266141,7.9142188887041405,2.380716258283579,18.789281706164186,0.7197352906720429,0.5585935354172573,6.267605350828291,0.5717505724354499,1.5442652721936652,93.74339317654876,-90.67460004538668,1
0.8250262549291714,174.7922973354779,99.25401210524473,1.7510413454124152,12.942293520610544,8.12485740225824,99.30853906307227,0.7886181726202848,-0.6380265736797702,-4.408717942892417,0.5607654577056748,1.7255249461216655,158.00889988034697,-59.45413538778751,0
1.622955565531247,264.3126588447225,174.12056416075055,1.971933363216351,3.3376595259602064,5.509328984763134,132.78021643914994,0.2976293620547194,-0.2449290981496853,3.734552380668725,0.8738068128599787,1.8976336335597717,75.33120823255861,2.580691145393857,0
0.1717801979816248,201.54325153541168,25.724462192518004,0.4175443726078063,1.3437276448049218,-0.3282156334068524,-13.696694822895047,1.167513040924392,0.4908293469854069,0.8925927451860529,0.1932363743645895,1.6980785169372286,114.92592174969224,-2.0461957463992637,0
-0.32238156991336,72.05823969200353,29.533641176394653,1.2916905322265275,0.4655784993019347,0.2410806259543818,20.916702696202307,0.1232140635880066,0.7919758773832506,3.664894096959354,0.2522461672332429,1.8393604684783709,11.084332539364688,-19.158931110691533,0
0.5676616076972771,371.7474932150296,194.1270474446286,2.6133156355491844,0.6442751881886384,6.178972255669106,153.50052170160762,0.8177287907376569,0.7427229756692039,20.09216725267732,1.2005000544373043,1.705157781425903,-35.42783522734733,-127.97656879607796,1
0.0772606505684977,184.1299197029265,-10.193615055428651,2.009251158651345,2.203982051149529,3.7044644873186297,20.75042778549776,0.4500248441345308,-0.185283265564387,3.6166717922068776,1.474629811048786,1.6565326010262025,116.76754290098114,50.7399582972206,0
1.2271634660905124,130.7638590739955,88.06740902555671,1.7471604159251704,7.055903522706955,6.268594036738237,83.39752450287969,0.7153060123278994,1.1823493007579775,7.57695083112342,1.1351888691913123,2.08339373198385,43.805328256977546,240.81234386905803,1
1.6237978390504804,153.39459706010783,40.17624847521719,1.9744328789101924,7.311844126848348,6.127071840800035,43.11808819989139,1.061636026619457,0.93078074053865,1.8573259374486557,0.4549912358241593,2.0007744832177026,79.24881149515898,110.29501025472013,1
0.6702825307872877,-31.509158310116447,58.71387687030879,1.5701755173066434,2.9113069745955764,4.165556080085651,-8.153235485179081,-0.0948795737348687,-0.0068920440661096,-0.8505353843468733,1.2410158810001504,2.3001445799424283,38.00900550686025,56.67215849041443,0
-0.0042874439616943,225.41784592994983,108.68656532354684,2.29856252725153,14.156526005612804,3.070252180939813,-2.989983585511027,1.1326327575454056,1.5289916787448623,7.234032418386289,0.5634023911828417,1.9448034968519885,17.95852323201622,-12.602917139171318,1
1.4343078254303472,197.36381588694545,166.61802627806642,0.7167612393311558,2.5187481720255347,4.612514220049862,47.01447654861028,1.1640994724032336,0.7871479686347955,2.805926534356975,1.5138694662984231,1.0382323824378183,29.636387086782022,20.387515356948825,1
1.0537329311367714,-1.635236402792856,139.85949639107204,0.9289659867078858,2.1079113738357265,8.67603180536746,29.05786439336076,0.9690184906520228,-0.1490697849828397,3.247880456482142,0.9177501418101288,1.935894894891449,48.3795734874159,87.27083286660036,0
1.189056923524529,59.02621123008106,150.89456539075593,1.948984051344628,5.437490768802105,3.8774634577106166,54.52271681828653,1.646965258274282,1.0297818885882617,-4.587144908648101,-0.0327784820110333,2.5726043475737783,51.96778605638606,48.76658396128248,1
0.3858968104385439,-14.865465569759207,82.0478660581253,2.081251663091498,10.061410320365132,6.591411092792418,48.906743335360666,0.2300130468960152,0.938744174461062,0.396634625050587,-0.2782706323661445,2.0894169402967013,63.17138237252899,-17.783291418560516,1
-0.1542709798197026,184.862500678727,203.86785115904672,2.041586583261951,9.958419310147184,4.31943132889689,60.4698686898228,0.7536297338020557,0.9377997061295468,2.5553103469864125,0.2861685803229211,1.9177011984359464,93.82417171782008,6.4821914394428575,1
0.7467348539339186,23.765206097289862,0.0067392598603106,1.829841296098066,11.831975096665014,4.876296983292566,51.45265829643132,0.7928214898938842,0.6430577494165683,2.198725712598968,-0.4102131551473467,1.8374667409526424,115.65985730618236,37.244048490823886,0
0.9949410534422752,22.999186640277728,29.623205061427875,1.9566894814502376,5.943157222434113,4.835924764785641,-0.6259871110848962,0.1709343834801518,-0.1571738452664428,-2.412190721628007,0.6051266561533823,3.3232688745045325,93.53009237698744,-18.72003621012771,0
-0.2388628023726712,114.80321330210008,-2.207747165919656,2.4901047239173195,11.048595970313432,4.246348042030537,13.720264876343698,0.994483320118078,0.5791518980099627,2.52076924565408,0.673207719420768,1.9420177919265615,-26.63849161871245,57.64143574543646,0
1.0508368793573422,158.43910384282998,114.56215032418204,2.106417254969899,10.659193266933467,5.002389369459215,44.69986809562171,0.6631965605279073,0.624641517482687,2.240629149590108,1.277425622529077,2.060625549526876,34.56626908469606,-127.83871794812774,1
-0.4582751693881034,237.85161565607527,17.751975503235187,2.0571076767819987,16.712813774596412,3.3898836898041704,-8.444268157496197,-0.1915109853604448,-0.0666728742164127,0.7432932752080319,-0.2897152251052112,1.5771397467888657,83.89225104129522,53.29700788585215,1
0.4195928086901532,378.7533232436608,131.81911140831795,2.7273381774302727,3.4200093151597626,6.03212183771417,5.782265849623808,1.2818315032791894,-0.5706331252750385,5.142988097634303,1.274306607109918,1.9918671212013996,100.8253425655237,-37.92516535656342,1
1.3613160477003896,211.00377620711268,106.8582498861843,1.1092025312536529,4.797020291509391,8.173850501359958,134.67496459232285,0.4474763852469662,1.1546810245424597,11.221306307944303,1.4194555005353011,1.9108320863458168,105.60640211371988,48.17537294044405,1
0.9135349594168324,139.79686185159972,112.36943774072334,2.5683740296507094,9.56849027032692,4.494005518257288,3.357228594613161,1.2951524955389604,0.3913141658377823,-1.341782063919573,0.9729923196134682,1.6191788175311863,178.255659870903,106.00575325136325,0
-0.0208476739522807,29.302153782023765,-8.532336144711905,1.9230418123273176,13.200877544520903,4.321937880735902,31.97912189416289,-0.3934044760765305,0.6649535469613507,8.048896284841238,-0.0620187316776182,1.8380590824138603,132.19833238233855,150.32986504484762,1
1.3701813173487882,61.4556639485605,43.9036169379774,1.9819942555838408,4.016092635689331,10.16506370375511,54.35524607605457,1.6904681475069414,1.3107027291314182,6.337386322663052,0.2890224699011171,2.356571398628092,133.5081912338016,158.35300515351332,1
1.2248626784674337,177.50015243124875,108.97874852058187,2.167444629062893,6.890030572965485,4.5754096958546695,28.54740421183777,0.1292578448963922,1.2314762495662512,0.1101310956409649,1.0180770303875126,1.8696561527846496,129.0034619877914,-14.202259899158896,0
0.4802106991507067,-57.75486851270554,123.04756517191989,1.862018660807625,8.244616402163691,10.699745276535326,78.10522056465082,0.663630427136652,1.120413104392044,10.851208248772204,0.9008248972886486,2.038736306797164,119.98790422870115,74.74882606617926,1
-0.1525184118212532,80.92195224520843,128.43656019521512,1.8428448855509367,6.786967382471984,6.030332354932927,46.47832909441475,0.683463130775875,1.0533586401152095,10.735714837411775,1.4318224002028686,1.8609904515632625,31.260134116890512,161.1266416725843,1
1.413908982257355,331.2751630823658,83.10197359501505,2.593287337544209,2.512424292992673,9.225095289870996,14.218080706699574,1.0892215687991622,-0.1377523989954994,2.050718250141122,0.2914301511452094,1.9761894785505916,216.3555599926844,13.160656553458756,0
0.4963034111777925,188.7087542771193,260.2038145936445,1.9438183429726696,15.367375020223635,7.490454342574966,103.97529607258105,0.5330008462316451,1.3246686833490493,9.054807829837614,1.3010132488230974,1.829824213179648,6.715456203882972,78.89922572923129,1
0.960508619924486,85.94135436192235,106.91755518098168,1.432550894642713,10.993451489880234,5.14359561913084,62.81661072457587,-0.0184326270413067,1.3511173354199608,-2.1519119923906533,0.2486833980179561,1.8388134754283376,-52.31007982221992,-34.1621478198278,0
0.6571100502271016,-19.886327173782604,121.13519109526118,1.9918909901350528,2.5548152701293096,4.697938334846067,-0.9413188789663848,0.512429099921226,-0.092709543115564,-0.2231490175958042,0.1682376527329145,1.6161372003296075,12.480193863470134,50.88720487756249,0
-0.2436581196834526,107.8296139082974,-35.20433796357365,1.004422687699202,2.474780866519719,2.264834521954217,-15.418835562758332,0.006206155360774,0.0637709797285061,5.366054849753604,-0.5166306023186846,1.8095636096736667,128.53285300454516,32.113099685992765,0
0.3387979660011582,157.630218416695,41.095330986279,0.614177542607399,2.4719833939217413,7.127334659876661,3.761965128443066,-0.2621808549245378,-0.0994230013455065,2.501982825701256,0.9583258456042107,1.6103133462611368,28.91395014175373,-76.26091977372067,0
0.9216450800490406,162.75860716907746,259.3927016916774,2.153017891399799,1.430945784995865,4.632692982302361,117.32921803569675,0.9225247923150472,1.3447931075599286,4.052465176774541,0.4819014269086391,2.0295067975803995,0.2979228008536694,-11.19227121562519,1
1.2434219980363133,89.59700726120843,66.62789453541453,0.7824023044544052,8.16790264816439,6.676987146240088,17.14436093999643,1.1344055293015565,0.4578504142163954,10.289802840062777,0.833568794237924,2.219579933440907,49.02352905846232,249.09859443903116,1
1.4167448256533093,297.2034965236812,-8.180811027503253,2.1627863257293494,9.96561626375273,4.624475883243626,-26.83396779517273,1.188109433369067,0.6418141620604759,4.66395899391916,0.5034565230320154,2.0932891463871064,36.96160575282167,-64.22151838877602,0
0.4427048460003502,108.4861076320135,69.56839634106392,2.116468234763606,11.1260507182789,3.6163262495070665,20.32977897717685,-0.1089943656875329,1.300549655033883,-2.4770467792183144,0.8111192967093694,2.427403875010461,48.78905022818896,-0.13698291226126,0
0.6540739753170801,390.3155661217541,-0.8901103543426245,1.8700096531340955,2.251440873012281,6.774659797379099,63.25888812588872,-0.2328547172475337,-0.1907505397130748,5.68147695483035,0.0191621977559848,1.7904101920144575,89.17067793196748,131.04614448393798,0
0.0142081779317936,87.98787369127533,24.82060508106632,1.9841729273499955,9.57945712597865,3.2445506245671885,22.91763728974504,1.0571847701060622,0.7520951345869007,3.2826074732205988,0.4783715818994699,2.0243439387469744,38.87388070994817,84.5004073273974,0
1.8842043727843527,57.627528754427615,-15.588687065835371,0.7911475790974968,5.571264054381707,5.3052126889447,-4.2594625466636415,0.0445289025204743,0.9780066415094864,4.064302066016436,-0.2953115732323259,1.775186553021707,76.24070127269752,32.55856711028262,0
0.2962142207331767,455.1979166140249,118.51014124828971,2.0424451249584266,11.472291128423247,9.011940922395908,107.9598685700519,1.3487089951287636,1.179756676897933,8.969279976001577,0.1821676344946098,2.41064323520714,30.08836841285534,-90.8217553294758,1
1.0753702193305483,138.77564000893622,-5.58618767241299,1.759010504982642,1.0708876777068204,3.922608952228719,25.6508807197498,-0.4243039366798208,0.1042305659735881,1.4467208373263254,0.3349695643946864,1.972173106937164,88.53906274238074,-7.757333120027809,0
0.7270032893608136,202.31971134507205,160.8054180600081,1.964193159557472,0.7074944526006535,4.313999393280476,90.1039563699092,-0.1305892358386463,0.1680628540185574,2.475486886536732,0.3100429324380676,2.2975488640434785,105.14802542034973,81.49427396222082,0
0.9417600844967592,67.11447791070863,115.67529422171222,1.1760949798836051,6.849977516039459,3.1356850536636136,61.76548373517613,0.1963701141973508,1.3902040560879216,0.9895637522190256,1.2045772203479337,2.040929472922018,-2.251422711587601,129.64179990243332,0
0.6841789277564175,107.42058433013192,96.1984781528491,1.9079442734811711,17.313846523972657,2.997431436274427,114.3587439744071,0.6359583918634814,1.0252032214488862,5.33877277832008,1.394573594699212,1.912158738358123,55.91860133792212,22.41680746313428,1
0.0245188927427254,194.66771593928237,34.397466326664016,1.7029292176537782,9.747848260523174,4.892331966460844,-19.483580402650432,0.2967833950082387,-0.0555391980551455,-2.9789475199295863,0.1587570954222743,3.045348821327841,57.65017614288213,-0.9044761268990342,1
-0.5681377692918684,76.64822349576774,192.1455091178594,1.8888583188182144,11.751831185446424,5.559571273657007,-7.861927425710526,0.3033946330266429,0.7675779539985071,0.6521864203114469,0.7212223730811366,2.0716192662649164,38.381224491774645,59.63792250953763,0
0.3354491190800422,218.52956390696207,31.247500918569827,1.673995481357036,3.887845711255722,8.528568557599156,38.713328864195695,0.384578631752545,-0.0457914178107405,-2.511200852394464,-0.1112920326035385,2.0454051246259737,85.47640669222454,56.61428896444008,0
0.4912397973491389,118.21923369225894,66.28562963779657,1.8052423356507303,5.294083136862439,1.9412087163075784,54.16332986233111,-0.1374205067304149,1.4735377059280172,2.1457632911693776,0.4985654342835109,2.0536536464296447,51.54381185210312,58.56562710134588,0
1.0199393573995548,294.8700231746002,18.538951143669635,1.5559280066873646,11.412367811660836,3.070391939128874,-21.1377053857052,0.2173086937999945,-0.0014471361966738,-0.353679710807524,-0.1349575796898844,1.875166867246135,165.27674363996417,-36.40020513740719,0
0.8711939065495409,211.15832136169257,35.61731323181026,2.222678162462808,-0.415552757465778,0.3909542483523927,14.657027825613817,-0.2496293976776243,-0.2710645068993597,4.376568579102628,0.3083704679446408,2.125734486932248,77.8813939070946,-99.54392396158111,0
-0.2298011948353522,271.6803303696366,73.88410902611189,1.3978433648881106,2.7054525929562763,1.0224781190542371,73.28451810437969,-0.1514682769474752,0.1135001741322766,2.648549474926898,0.6834581358496932,2.007625116901643,-64.58415961965096,15.76557105691422,0
0.996447549836903,38.82030908550358,119.59711222214764,1.0229550540353256,5.254992115789273,4.670569159883384,32.11604847063441,1.051350998266232,0.5004668127317375,7.067805361139171,0.9635854692347714,2.242209676836081,113.50697965489069,113.0742929725188,1
0.808186407597628,238.30208844265672,92.024323631979,1.9545008123764056,9.114543418806884,4.086287448600099,7.805347936205198,-0.1427628311216783,-0.4841720793101213,-3.3561746644657893,0.2278265367410947,1.9421648346347389,56.75722928368957,1.4325081110350126,0
0.7455531460995555,183.2865709714162,3.537181364881107,1.233366271984334,7.768642615145491,5.778902953481719,39.32384851849473,1.0104305902655482,1.1935050887111187,3.576153123091789,0.7758219646363773,2.1143581449514715,140.89602333652687,9.044925706814569,1
-0.3439676216666697,317.6207535871425,100.96244069066508,2.253333478840444,8.63548477995056,7.915444219163457,64.52953381187857,1.0251790532505682,0.5514171364861409,19.814662056480127,0.3904385162659197,2.0620606176104754,-42.47709320079028,186.7123362343529,1
1.210828409631998,359.2111209317379,136.83622287728943,2.203394892101901,5.170474465250528,10.104193016794122,122.46274965591158,1.3701047134078594,0.1652142573896361,3.7654007939627054,0.5511033432241371,1.974553276050136,4.741569468376078,169.6054013954218,1
1.135512075136537,118.67479752222977,-35.68042844606589,2.080534502957222,11.905525269590484,7.421153849374154,65.44555273786625,0.9507762107740788,1.3691540654387522,5.443197603588149,0.9446743075162316,1.7835302256776284,34.93836599532432,119.27141479626243,1
-0.0543336906807839,160.3513049338613,-0.97972862991206,2.124479386503185,10.40157750053249,4.105514816970047,2.152894343966075,0.156744586884017,0.4035515873646162,5.649014529581044,1.1079835032347152,2.1232256253833595,86.84812233784078,-3.4685012760586105,0
0.9487793354777818,46.3502205785839,13.071848301169029,1.1341900070877575,6.827773121785944,6.291983199632488,1.5253773021096748,1.0603407756079417,1.546846874047541,4.451503002436657,0.9586235427874924,2.0597426695614973,87.15997326114027,90.15552261430967,0
-0.2000604780661163,61.93549650252086,61.54274555684971,1.3443231560709945,7.542846154007064,4.028301446853945,21.71698045245072,0.0793201172601464,0.350742242685587,2.2155076954344097,0.0581507750350852,1.8334218913613247,90.99411434760302,-158.25625250037504,0
1.0555980289014286,63.64252650183074,48.15216510405608,2.298387364270841,9.099718792023268,4.3755751644140455,10.697232089097644,0.9706936845429384,-0.300450901788213,1.1989432967929137,0.7834151311486592,1.8024922773773224,0.6142909551748019,-17.235057113434046,1
0.478704607071013,111.98023812029322,169.24550824975125,2.4174622995879607,7.733895803677898,3.3688775413308134,31.64164431823712,1.4009287546331477,1.0223601991423783,11.03823634621375,-0.1273320458752131,2.4123697898844987,18.93849242906809,213.937598704906,1
-0.0663621088503937,48.44486950722124,89.92707590221349,1.3581070597203928,9.04061256869998,7.2185272283691715,4.434644729048799,-0.5464209478160345,0.0792241580008083,3.7302301491030425,0.1021639820070106,1.6678925787690515,107.00322390719228,38.73190731347401,0
1.2542786737767435,71.37911525421035,91.11016941574412,1.5869653299281312,14.84601261436896,8.249095245169634,10.33891771199243,0.992068696777296,0.7844113599690836,1.9756141838564485,-0.1233271380829947,1.7692470383066716,55.42045505785416,165.5185593260815,1
0.5169735715393116,67.86896753991809,-35.25093955384634,1.6824983352996623,10.162132093249475,3.930451333597674,14.8909665593752,0.7382196063115685,-0.0764142562386765,1.849753908862039,0.3428031370105237,0.451298362296251,75.14932457843028,9.089987654245723,1
-0.2127346028602255,48.17263020441452,159.70512982284066,1.7354208513523883,16.87843625213957,8.414614489343055,59.53409422683549,-0.1709929301434628,-0.0643976889965296,-1.0136790785066037,-0.9248132543459272,1.71197192463265,39.55012761749396,-112.40070951976614,0
0.5490175609762742,284.3629679444339,237.16070834031024,2.149788042959788,10.263455729920803,7.435035504344812,139.48743546684784,0.5718145444389134,1.4013497976945182,10.063810336741955,1.1278039794033223,2.121879813776526,-14.910357555092048,-39.04870723310837,1
1.097723447876659,153.34312727164,125.15786467641864,2.1417091689211434,13.710294111673466,8.954620360880824,100.40351544324588,1.2343251084880205,1.2608064010676263,4.459199052869622,-0.076865070749297,2.319879946169519,89.57251970278867,113.89815820184369,1
0.2120813270843448,68.44152588473632,132.3949412775768,1.9173168064600152,3.008628345457286,0.9702514107896074,29.889814862849843,0.4598375096812043,0.4152784834848138,4.402085723525681,-0.3616633455027175,2.1008792729829744,45.38792192683283,131.1455602082717,0
-0.5671449414139801,69.89748852410654,193.06420819594075,2.15844433651838,9.46126788341015,1.306724059597986,-27.585813976686914,0.6899892863182371,-0.36265341511997,2.723818851562019,0.7604227399146447,2.0166529980138987,42.55746965508054,29.55416913510072,0
1.203478896663533,200.7033940508286,-32.523682041527294,2.357486262849253,3.913651757054114,7.672599932040638,104.29993090726614,1.003122791897861,0.1326392906004185,-1.3051788291847863,0.7220749167944426,1.8788492744285783,181.2308723205633,-8.603914197606343,1
1.302377062319208,163.00152086201925,122.14533103394672,2.22574673281514,4.867759018516978,2.127128651786981,17.682134798712852,0.1909255767982962,0.3776356794895248,-1.642337666869147,0.6838719225899021,2.0961272110363183,29.702607698515965,-94.89031103730996,0
0.035801762856743,168.1337950456351,29.44827560445597,1.3200090225290049,13.508521630857546,7.773121643556276,80.2629840116094,0.4905504800465284,-0.1352935271311695,5.813987369575215,1.1569350326979169,2.1177422990688,56.698981897800536,236.77751226307643,1
0.7716465070354571,157.0372949350609,79.68007862003272,2.035697238526453,13.543560222771248,7.210222898069972,23.96616531552151,1.3696181133227836,1.1311246134710318,-2.7703083886331683,-0.4273692407993913,2.313784590419945,13.974933437188843,-37.75739355856249,1
0.9591219896335466,166.30243255500946,-25.58007468176225,0.7526460172108944,4.521224980555406,5.176743887771352,4.290356000726483,0.4646357279103912,0.2967118646038956,3.375651318360051,0.1932543930748433,2.4865202679542957,62.37702926375998,-57.87840004774336,0
1.5635561095680937,149.1187970482098,155.26548283662245,2.064513313056768,12.19168935832166,3.7589450737421695,9.86233742250883,1.297394420273941,1.2594587892141047,6.8696247069784775,0.3407337702644457,1.9814447460956988,-13.86177157004333,175.9546913138453,1
0.8317259430535083,22.95833021321212,-68.73927725781364,2.38719050169687,2.346887692431648,2.883106672018007,-25.985138495491935,-0.0714488422257659,0.6107058433270277,6.908731192031535,0.4207539041081308,1.92591416051103,64.60915943909026,88.25662463559328,0
-0.1560187542362868,352.4654769088432,104.47890920509104,2.241015089256492,3.383185704304936,6.795062126036946,59.4980285653145,0.1634890883051137,0.1751904236347664,5.237583075854721,0.4047909491119574,1.904184641373361,48.391553297680616,79.60828932272183,0
1.0375834419085952,91.525613793786,62.74406423334204,1.6732928349155232,8.452677528152547,9.797659297685357,-41.0795035864322,1.0628086843895643,-0.2027193822010423,-0.0461601573086589,-0.3155618438819891,1.964560930654934,122.43888510417368,-63.29583672645666,0
1.2328168137301905,-9.802377522678311,115.71111491635163,1.8121032077386705,9.414129699832296,4.460295465951109,-2.380525221413585,0.1743639895659353,-0.729730814147851,0.8782752120954069,0.6966556476257557,2.027662737951918,3.1923534286535613,28.872134270645358,0
0.2639211277468107,117.72840407327848,211.16429195954743,0.7471187380704214,13.7712846356383,6.573217570820551,58.426160194135306,1.0121340533989684,-0.1812720822871509,0.0223424558270486,1.5968780455226037,1.790097394380126,63.58679068365139,82.9137429551794,0
-0.5610537475240377,251.978203833014,29.16437919825873,2.500644225468781,3.8116820295385927,5.784404587765966,26.445643258768555,0.6411470766811088,-0.1697372602738694,-2.4200597458350623,0.5540354453423185,2.0839725609665503,51.74189085655911,203.24920823827853,0
0.635594071298533,273.062074479793,99.84250267093138,2.143529845520593,9.170335634164054,8.0963578306742,2.310091373769886,-0.4010050154752339,0.1484966105043471,4.192820601854791,-0.0276233045463136,1.9576428109040709,13.055294264480004,-90.14695262171456,0
1.047469603905922,133.44353612731933,51.408917980464814,1.5094561885714288,11.634712485323885,6.920855225053668,106.07427840077196,0.7827521939595588,-0.216615260329505,4.423484379445053,0.3466284894468747,2.0436148277687023,116.5712435157995,62.32719316462981,1
1.4675411540629906,321.0090715733911,150.92111803302788,2.1412968705680893,7.840913681045894,10.625351381757998,140.188899951144,1.089664037882928,1.2378953491832414,12.861897743606896,1.0596226114020184,1.9763725825305232,53.70405371336506,50.1995964991404,1
0.9768874827163124,99.73094840172024,3.1032177612623144,1.7697072716862663,15.319250229716577,5.030453106562328,-1.0569419446384671,0.7717252337475401,0.1899232187681855,1.530469299191167,-0.5050507500582584,1.9857909357918424,9.458964852588252,-44.74916173462047,1
-0.1442587859995012,288.3985090937214,168.3985879753113,2.181378684206834,9.404845419211735,4.989653326642797,61.96904420703088,0.7998172971662223,0.8168307157518186,4.974625212014146,1.3542237014701433,1.797451059048475,-21.56221653910632,64.83703812951319,1
1.3706884920516655,195.5030325951418,-61.09851666840355,1.667355213708943,8.966666488472432,1.83955367303273,20.69817151811448,0.1183407449826979,0.5089193787291627,-0.6227295519475007,-0.2244236119531249,0.9890379161892012,18.32807174119555,-6.84339662692048,0
0.6722448996622348,171.53816128665628,-23.69422976475971,1.694914644256575,6.504801546681609,4.801435027637785,52.046751520779466,-0.0333358360383959,-0.0124595950137487,2.808630029805037,0.0679048721577638,2.042835908256039,139.4186322568699,285.5645522286088,0
1.2857219666439774,72.13215150371832,64.7013853814805,0.9413239811209344,5.937663894348569,3.2157006514126207,3.8209351146615447,1.249012735025059,-0.142447017037559,2.4629801672450915,-0.2834546892305095,2.158654863335871,44.27964657880324,45.30762037488725,0
0.9953127739369488,301.31490457079934,99.00290989210843,1.6003845085074215,16.093511664057846,3.157376204800874,-12.445104804250391,0.9769936187684528,1.0232651404155302,0.9087626427589964,-0.0060802686181683,1.9916889971765896,74.64346732271225,-25.877403613273223,1
0.666255803558751,-86.8991211955749,56.07280818219965,1.28002011283492,12.631351920183103,4.719517607707419,44.55403040437756,-0.3122593698152395,0.0039656372160142,0.1554625313814401,0.6459835944559964,2.428225815987219,93.62829381807114,64.76767381888946,0
0.9496310346886888,211.29757351423484,29.044417140116643,1.8047461093257875,13.13639363879214,5.461831505289204,9.665099754406118,0.1987414341757282,-0.2571932486269003,-2.343229445639784,0.3605527279465537,1.6438133301016724,67.92049649355573,-11.850840224369286,0
0.733224311169513,17.34952418012287,223.07678985173413,1.4128359223108549,6.446497482877813,5.349013091968172,20.79019534727525,1.1188050311609596,0.1593759216459515,3.806098468569731,1.028848907872468,2.2947485566948327,62.98837645796972,125.73954952533644,1
1.1057732203196975,-24.255542460703595,144.3205100080566,1.3525129248927952,13.619425507920596,3.302895427055604,-19.81411728031091,1.3795544569243816,-0.4528513173474132,3.249008312273346,-0.2444959113051423,2.334756470285782,56.196775295031344,-50.25887775885588,1
1.058589252638682,359.75083711593174,85.38375860205086,2.4832348069941186,5.106316005311485,4.5128625726305485,-20.13718987811876,0.3705146668091077,-0.5188027949510685,5.5177363283144025,1.0697541119225018,1.4460568586536455,27.007880002490666,34.253015438934575,0
0.5529207561972501,243.40643287547564,67.16473100992415,1.9756672714448689,8.11752368483053,3.3193444917466306,59.23720809222961,0.4845935359955915,0.1538955665844257,0.6966300832662218,1.215924395230333,2.0154248617800112,95.85927836537432,59.192566544495065,0
0.9676717156445832,37.221585555913904,16.002597423032014,1.908287894739932,6.642606811248236,3.65786659839573,34.19154670559152,-0.2559271066345091,-0.0217502693913431,1.517399370159326,0.544190023607125,1.937230313982657,73.95192118748321,63.64571699222565,0
1.3548893492326304,371.8264767245527,192.2280174557478,1.1365645384371237,0.2047296925572928,2.3037880981550822,-44.53922287492899,-0.1173361910804468,0.3105722598802477,-1.2191239815403143,0.4756623685282214,2.187109340834667,-22.22605432176755,25.598230589305704,0
1.4890967852263697,231.6852189963324,115.11423956437822,1.7258540327641576,18.46088134486229,4.747395192934851,75.19516377049969,0.766357164696954,1.0889254548506355,-0.7157983921906927,1.244018963261158,1.8006869974699604,111.96386456420302,163.47579030548206,1
1.2262398532727552,317.7432433133862,110.45402595536736,1.401995751410878,5.097001279126131,2.8210506524402854,-36.48028462960424,0.015449830180796,1.1362417798151283,-1.0362343825753175,0.2710323341384135,2.125641252929622,59.30448451312368,-6.772681978486311,0
0.1897897472485399,146.57173454229292,29.668865263472878,1.685558033927238,6.537311387262561,7.134816930437301,82.97869467798833,1.3412268677494763,-0.0537223631354422,5.038113116137544,1.4772691690314763,2.050874636778723,90.46792580343715,82.10734552472815,0
1.1825045194082986,336.5261206470977,157.27799675327145,1.957861699544724,-1.512614779750974,1.6775110412715328,21.50168265164786,1.5163268634741822,0.1287449165987413,3.60919019539768,0.8963674142322495,1.9000317008984016,16.29093998396292,-18.652008909590258,1
0.6175369916572391,10.367378837432312,238.0400974153191,1.860916308717019,7.933943105694332,3.438677549788723,34.00056743012295,0.9177858300355086,1.851301548271628,21.928482164698828,-0.2974717048024137,2.1353543301168845,42.157020590319135,68.67233374000685,1
0.7805368208470514,58.28226303385824,193.5122211136926,2.183131129895869,0.0966842450261333,4.424168604640567,22.830498734301838,0.144705731233118,0.5597011626962064,-4.822544419129684,-0.2061540008406193,2.123509771476929,-27.056576313445632,176.05148715494772,0
1.1296513715117376,39.56332447351737,88.33890136943903,1.141306081927842,10.17545643572416,4.063174577717531,3.926947135417073,-0.1064045988393302,-0.2901422119886635,2.983967149645085,0.4314353589821125,1.9894263470373463,74.22175665272886,-99.17456772105892,0
1.1990394287625394,116.89823039247098,80.96096567144178,1.972656099973623,4.085656868326307,6.399207302052522,51.21592099519684,-0.0028584534623588,0.8429329139389254,7.129136607067552,1.2791549495372188,2.065962009687193,49.60939758214727,20.86665373006558,0
1.615047416809234,62.42548195069571,29.878112074155567,1.5854316225631735,6.78650722556195,2.063053692486565,89.3482442974173,-0.2048141484334766,0.2625267345717221,-0.8355136289275586,0.8421440287954138,0.948675714541872,42.44471978102393,-95.09833940473575,1
0.5770233165242697,46.152395965843695,28.669310435738467,2.365648416428888,12.16344354064337,5.08636021991754,15.300559320523028,1.2618028611882854,0.7691009834143554,7.567575843023301,0.7125750956951904,1.7389909220247937,40.7675334287716,223.4332860369256,1
1.196465325654695,300.954777133108,163.09740524225384,1.8319394117419356,10.849496581790309,3.1204933142083684,85.15629434176896,0.5479077048764461,0.6421697562523623,13.145015325922138,1.1283744001410054,1.644170541653577,17.053288038200222,38.332326313930125,1
0.6113995079392376,209.97386905941755,223.03566401412405,1.491158086556379,6.286164914388155,4.882172538204566,34.64398644337277,-0.0336255548930213,-0.5379905742027962,5.242097048357799,1.3936902906678328,1.9934495775802228,25.44895356606141,-28.808097106407367,0
0.6271668554478189,56.22425705481119,23.41634438292042,1.017530419638974,5.41377966538516,3.738459776443831,10.068117217860376,0.0552821329993334,0.2693445763381901,3.2774110101835285,-0.5649486676304944,1.5302815099264009,108.3380573170312,245.39540097818173,0
0.931104268473823,-26.03932986569822,25.701950950107552,1.2062909717265278,2.0958005440086884,6.575339683153071,-0.4440745391904741,0.3943817948046152,-0.7898304522936234,-3.223576767316273,-0.3218670780951111,2.30541197640672,54.12239184938109,89.01781033172759,0
1.2201241542217929,268.62223043673674,58.38501982965827,1.8700313790536167,13.3315616714771,7.957516273302519,133.167941404336,1.1932023067695194,1.4126815323798485,16.649679454150174,-0.4575748347604606,2.2626135597877424,9.844817216774736,221.4822883407801,1
0.9013502475580352,128.66947684188926,74.54217315212274,1.16359122628584,10.92020386031912,5.055553624561966,91.20732934711292,-0.0216358274321832,-0.4655703669289065,-2.7949257271168677,1.2708360137628807,1.987512002113735,66.3056032408421,-26.135112861139294,0
1.238617360691761,22.83023070633743,88.03341854519383,0.933837648193312,3.879868561447441,7.981968399667885,58.06150697944928,0.5586391537856532,1.0101895253150346,5.903262638209673,0.227777127152136,2.0722629107485893,60.40303602370687,-6.78131169067894,0
-0.2803524551062426,42.57059866995266,141.75015052301154,1.9262773625887684,9.126085675167976,4.099315240740591,30.164496177380137,-0.2093637064299571,0.8077413697354194,1.6653408812483916,-0.0156097332813883,1.9082728012904293,48.457326519887374,-90.27999316752108,0
1.134014093896433,170.05200655790958,16.31039395262769,0.890367587372775,2.382871141094713,5.050253484939023,36.882268095109794,1.3655425548706244,1.4112834850642026,9.572239638443031,0.82549341862307,2.1014071703561243,29.957914401714696,7.929184166587831,1
0.3866880960234478,208.93927898113543,78.60763878629771,1.85209732810574,6.504000231697946,4.968100110541112,71.50303940500751,0.2278664049740338,-0.0030456431405592,2.4482712585739,-0.146078233735997,2.4660530096978386,98.38452046346691,65.11821699901296,0
1.1049179818050003,199.5103112018909,74.88573604019354,1.6788402976939727,2.8584649124712813,6.578528186018,108.13416212179092,-0.4970818494418487,-0.1081701872313164,4.8326743431159045,1.1771983308106289,1.0408133937067263,128.97276522574128,-18.5161413490526,0
0.2492231523908762,290.7940605146133,80.70469414518398,1.7349007781373735,1.5602170413694996,0.9500742645120406,-1.5487386654526318,-0.0399697057455358,0.0370909854751447,3.392974919529389,1.4805010851008162,0.9995296594844983,45.31979935739648,-9.684601052433386,0
0.7275227496144899,295.32423322871114,85.32155550916157,2.214487989259863,8.856643780445234,6.853473997383794,83.45678358384319,0.1003038498945095,-0.6627510989996347,3.930097458644334,0.8103496005468038,1.2949899699551857,108.16451384171478,11.409262593897305,0
0.7001135839522198,352.36233546029825,132.20969627936302,1.9490574123607012,4.277817005928865,-0.043380515797704,127.31993398241184,1.3337602205655177,1.28020126605391,11.54956639911986,0.8992408085185717,1.6365571121302511,-25.09739759594781,110.18845409022988,1
0.9996338503920854,-5.289108157557621,54.69663869560942,2.5849851003026934,12.06022679938206,10.551636732099327,-18.91388494091742,0.3189098273640439,0.7499698288293272,3.63295403421238,0.5560434521596003,1.8652974571817376,109.16959827210968,97.69121823993284,0
0.7960822880166565,259.5182188614954,64.335296829956,2.4873588749608864,6.937037861395394,3.696152364176908,32.33192977901741,-0.7588979524307589,-0.6974933864916854,3.245889857982745,0.021089054762267,2.052347663443882,-8.818338187288532,48.81857401937576,0
0.2928633261682077,165.15411851076044,118.81430359053756,2.0632610365487603,2.1581803369347394,9.828451902420866,101.99086903676834,0.3236427753982317,-0.4391192996984642,-6.759700342177136,0.9183460725266016,1.9606244177616603,-12.70238333018483,55.86061761160962,1
1.5595309966308384,228.87937811613943,23.424398548633874,2.010275589177296,-3.717659182293048,2.4879867663510837,7.92609863713011,0.2956679025884388,-0.6722863888222789,-0.0756361660376767,1.3521393138943067,1.6966208322914431,85.39841447208582,4.354780152434344,0
1.447306365051961,170.6051782874351,100.6789035320614,2.2994691166147296,6.50205841633474,4.0390520081075,-2.5200955586735247,0.9267857726688375,0.135242618151602,4.954206073810548,1.0632353828931624,1.809492318383673,124.61391772761792,47.840189708441,1
0.9866203962957524,180.14190597569038,120.8788329528316,1.1392422615726905,12.476405082814267,8.902865499885923,107.45448749706853,1.2119522693293097,-0.4779846458257146,-1.472443862327104,0.9285083294878758,1.8482817012553607,16.63492140481258,-94.19947436739602,1
1.015143379770929,138.80003776525166,131.4579580172126,2.189760936046837,9.872727131172285,9.6592333539495,92.41130758870602,-0.0444907352970812,-0.059373898768969,-2.6425405293797937,0.90806995574466,2.279326714035772,8.661680524806329,-67.4467425144255,0
0.7799381679174764,159.18226612728537,-18.28566110303734,1.7720908804711146,8.598450581638765,4.88048952828689,109.14518954175378,0.8718005112995166,0.4227937354794989,4.53983656771789,0.7464767040625674,2.271586267182385,146.89561925227656,205.8723956385711,1
1.0496653148376565,-20.006120566828315,182.7760352713489,1.1468645296623712,4.920539528254753,4.131712189410275,5.151445548989244,0.4246950591108748,-0.2079153140473351,3.165461789955919,0.0145972215147542,2.311763527454504,86.67218724776342,11.016327980914234,0
1.293586051170419,341.88950224177336,151.1025895598272,1.732958283577566,12.44153660559081,3.7333410517588543,146.67355006903227,0.8452791571842196,1.5038892601996192,7.37105845574992,1.0900602209217922,2.327053473330097,8.321429314647823,-46.855725769599054,1
1.2599432120402911,88.72460860273729,-25.980267008606265,2.368900505038108,8.068639351245327,4.689219242432851,50.74248805340643,0.4342182840541747,1.391358812247418,13.733013475315444,0.2086802958480194,1.1086181619384057,-34.423939754385586,36.631524730191785,0
1.2472934970653005,164.62676948097982,-10.78170276588486,2.433882428694145,7.709873054475258,1.69344210353503,16.44361661039094,-0.356981286634811,0.0180678704291062,0.227182458434497,-0.1174739559624042,2.129528565168715,79.97175882880364,17.070922458529402,0
0.2736196067675842,256.13193944204954,63.436245275643365,1.8137479320286185,1.6716112422872629,6.475496846999581,49.02330519655814,0.8528627915921121,0.1995389838498257,-2.827213946622421,0.7654070517812919,2.021918259313221,15.59878320448452,-3.955762067973168,1
-0.5239445722210566,126.78813017124848,66.2960695935828,2.0484155398643336,10.48556746459736,2.7870754428085687,60.667911753713554,0.6400268340723236,0.7487924902213914,6.608660262091583,-0.647308194398339,2.2664117741433083,44.150022901806416,46.725582007296126,1
-0.156416545872125,125.34738879510878,128.8486624623237,2.1900947029483,3.4626274358244054,5.036709303833293,4.793942295030163,-0.5815626686373203,0.3493500399387492,0.7525551379354409,0.2753526559621359,2.144273603670072,44.03666502024416,103.4829771451366,0
0.7508340019424873,90.661545932894,48.060374028908655,2.1255863174535468,4.597870589817731,5.191098825791051,-6.334774912162011,0.2212619395438422,-0.0036842247267497,-2.884222894375175,0.889722476510845,1.0763674216158836,117.78757242470432,-6.169184727621612,0
-0.417150014014496,-69.66965256871015,-17.812486108267493,2.1495587565122225,8.36694799522455,8.96226749255026,26.142765057329832,1.0554291867615846,1.2166449532200367,2.127011170413833,0.1593055270775,1.861645884360619,20.27999996115353,-18.41123691617687,1
1.8480913886257064,141.73030037724055,65.24605859311748,2.074956904337076,11.421816694964573,2.6012481220007064,-7.190698524404901,-0.3050670875497102,-0.0165246322018689,-4.941919608325619,-0.1898383775825433,1.9482445390136705,27.04566185124939,-25.648410963128875,0
1.5758158895434913,314.6580135402814,92.45159763295176,1.83984703119031,3.629748199175924,5.361507290207153,-8.859209526856013,0.9116942046003632,0.0355619600926419,-0.4194940575523054,1.097590480263796,2.5360282022276603,82.0745892184626,-21.140222182570888,0
0.9993726823153763,69.7269508320762,125.03600702557172,1.0426139830363177,3.976662085380013,3.5367046642602817,-12.775584858589404,0.147407112049884,-0.0325579056009539,-0.8715039673766292,-0.230965366163458,1.7470054651679572,76.59867514382148,77.99768069419356,0
0.2430943787547003,238.17828651602525,-29.89995436547194,2.1160641321434337,11.62577080820537,8.203600589904877,-23.13626774662804,0.911831016964792,1.247591268156563,13.709966793671498,0.7250512467635042,1.7558122840909736,141.50887890667275,35.528319330898775,1
1.5652849241996591,-22.15092061786669,29.91294569217532,1.233843163718186,5.120138423143766,3.475785029562524,0.5993250622704664,-0.4806957552540165,-0.082480709613208,0.2482433993616761,0.0809718732482449,1.8839268844391075,60.22207120192599,56.49624121032783,0
1.4975967473917478,278.3236398662011,140.2288035654617,1.907608266156708,9.450386530575068,10.37856894145028,125.49413792206316,1.2814050847643443,0.0428517603404919,-0.6551716146352957,1.0038304079289218,2.3001479018506825,44.92410066355713,-86.02780494553465,1
0.88832482574354,277.0622008383822,226.2307325123932,1.8314470953952524,1.8239076405051664,3.960542244171674,45.48491298740957,0.7310940737062905,1.3499493138362264,8.815350988770128,-0.3817877384473343,1.9909829124652705,90.80955696887156,32.6886878054159,1
0.237181301995128,242.40061435164824,50.362431432000434,1.895136062554934,5.921485766615873,4.768894191446888,57.8367726404025,0.8038965495035464,1.3841989165537594,9.508516717452473,-0.2035103739805216,2.342041532166995,29.03931273637734,92.79535339795976,1
1.0826934507165695,224.2400859550177,75.17077489772204,1.0936930342303786,7.964299743548655,4.340186387616932,75.94259073366092,0.6016289518786182,-0.1666561088097904,5.057466455318288,0.5947116348249245,1.5575821459277246,-44.103550684780615,174.48023048929866,1
0.4326620238066534,135.4888656171962,110.9465638561068,1.9674406242118745,11.882795056977926,1.0942831167631493,39.88612371880463,0.867129798331896,0.273034777597416,25.369296147892086,1.5004746246019154,2.3114620877963103,56.58772875754506,91.342040059147,1
-0.4395659196118747,29.40106592543593,37.25759833796889,2.742797763599674,6.397891586126644,3.626798727285253,11.36897167596016,0.0741599146235528,0.1321812623471711,0.8493739641984401,0.3788684423674686,1.8710404770176228,69.83538747472531,46.38242542912322,0
1.1251907227480562,477.0844998391783,84.96812665223403,1.9273898513973065,9.979617995689548,3.355339831675302,138.33607711146087,1.1651799327508998,1.05274234931368,8.24993640034177,0.0058419991238258,2.664647375045164,5.885738259265004,10.930025650763476,1
0.9203662184347658,171.94581387828418,165.1490647870039,1.6418718249002828,6.416154754909119,6.296826063082873,2.394603315278623,0.1565316536860149,0.1890404590706995,-1.9253930310076732,1.1781151698747727,1.7086640395206765,-19.19621778064112,55.70013249010588,0
0.9100283573983352,141.17907839107738,98.392685153214,2.291283067704843,1.6642268036974637,3.533300777201708,50.13583925257396,1.204957048093413,1.246301175008315,17.23885896683684,-0.1216218106234232,1.9033603770154288,45.696931066287135,58.27224273055126,1
1.5606031526556492,90.03993234854596,176.94292336751408,2.257193913800804,9.582773604425524,3.6921748910936416,2.419232614772369,-0.0485668210750802,0.2938072214975989,2.563866810021953,-0.2611114175355652,2.028572527848761,49.11400826743666,-39.27465178871677,0
1.2204058969266045,160.69081339299186,80.9182769758124,2.457070945659709,0.8582881888310459,6.307204979155506,15.780223328395216,-0.8216049399964649,1.1544996688633598,6.247717742574657,1.126909705636488,2.1222392196874247,55.7103899373197,-86.65101081135504,0
-0.3214747821606096,99.96839312043316,179.94156661471328,1.960972008639944,11.180640688585015,4.795994054532371,85.30947231394933,1.25861381409609,1.2837424433709206,13.347541942060982,0.8688294123964633,1.9042528799246643,62.8235354892476,42.65115733009014,1
1.193983010123437,240.95550045481403,48.30939461111208,2.159021524713789,10.92104973469868,5.279515214790126,3.374808522617052,0.4946910576966261,0.2074968836126872,1.1190159369031525,0.855746796348484,2.267075550693172,7.9070846059442275,84.59866525717767,0
0.8656266066624406,269.9146072626107,119.63261358962087,2.461994956794651,14.472088200136554,6.293567361106561,69.2326884513074,1.577203046530998,1.5969137043136494,6.493389297214906,0.8663590905465595,2.305467454989849,-34.73733086513107,104.50344748763077,1
1.147253956878227,97.20207217494254,51.16391761776826,1.929056453917996,12.52548659520874,3.623509032631437,62.012870478028816,0.9655809733777364,0.9155376075312992,2.0809059695498826,-0.3118649213241591,1.9450130464289848,-21.14049917797108,293.2593425112111,1
1.0037426638430318,255.1724887125512,120.81823457109284,1.9389582471908116,3.2112168698122856,4.789492549474752,54.04034197973724,0.5628604228555761,1.177038565754409,3.104165179421265,-0.62313443993567,1.9743567618821165,33.14294626495575,168.86115255051195,1
1.2852584192636076,256.08022872922794,108.2681361431796,0.986543181270247,10.379711565219289,9.346408262161289,105.5882368209295,1.119572413606663,-0.2242183047365347,5.640287965728071,0.6942881096601718,1.9294712711447084,64.46862817100285,-54.53708510488908,0
1.2784370088298014,148.53847798977682,13.702624440699395,1.2246194633534573,7.569205571202735,2.375522365382771,48.95606765359528,-0.0060440946625228,-0.0281840865650722,-0.1432236806276261,0.4115263889147604,1.890291198294648,8.125403775212185,38.48948089277852,0
0.915529124452852,280.8044244680268,91.95265101742088,2.0193939134111347,12.61837407012436,7.670736651698142,84.4835313633054,0.94204470526387,-0.0025752425016388,-3.91125435513578,1.1609721458822844,1.905732843538607,154.72451308718388,31.0548602226953,1
0.8948208421701541,196.92114352875427,42.76160187893015,1.2110489632382966,14.42405874741732,3.664599423883741,-11.408416655114555,-0.3649773419717452,-0.2054129427555254,1.0554533875505587,-0.2742261724024136,2.0200776245632963,31.83340471479188,-83.46085018089559,0
1.2396614351139554,266.2607641608752,50.68105867119265,1.9286261657159127,-0.1235654937508003,3.668668053882831,65.83352013414046,0.084417326397558,0.4989603115769243,0.8820464807009354,0.3499736988434022,2.2255958769356763,68.52850092743105,31.239786948393636,1
0.9167430114730716,140.01587434568435,61.48536429965875,1.741036651558401,9.33134761232328,7.51092611315708,-4.463270862431635,-0.1271172282785344,-0.3979748548123267,-4.3848235627454,-0.0407632861192177,1.791431457636696,155.26087949822437,-80.36990154446357,0
1.5245919135031918,151.24712037439247,78.43658454623443,1.393946574342341,3.871912319767258,6.255691566548092,7.3087347243260545,0.7223513655474983,1.152248264779686,3.479279942145997,1.096353742797424,1.7047071849813855,-11.574095890267046,237.76386059609,1
1.4865596588402594,283.3451525543293,50.44556799209356,2.063088850859718,6.058651421578535,1.981818844806567,8.366088406674734,1.0174112576825582,0.8988816797262106,6.853174258524234,-0.0130169503137398,1.9334424847238147,28.13842998898858,193.17652821604972,1
1.0240857404137231,182.4934011750235,6.958937162785645,1.8463150138563045,15.056164744026976,4.469122260451996,-49.36217203354445,0.7253089214545427,1.4171267408951316,6.223548166825102,0.505802124952069,2.4924078903136904,148.06571130684182,20.543245919404328,1
1.5008924012051792,284.49351968386816,-9.554903564597057,2.2256559609697666,12.982257154820156,6.732151507436218,-30.205618806534098,-0.3239376619844122,0.514234496229022,-1.986513237805989,-0.4612511690593213,2.898376910756016,78.5656379844573,-4.206836320716285,1
1.2050651274573188,69.70352092831463,109.40734512573232,1.549351052565998,8.165452003402871,2.7872745345666576,18.53642649313727,0.5217353619329497,-0.3397594154562043,-1.0410012523671217,-0.1246141784253546,1.7153075193656326,-44.90626683090893,-40.79003419742579,1
1.6813375834056958,204.0276929259016,32.1200322836801,1.9102188764648675,11.250690859153686,3.2831421703827086,7.038691034284753,0.9955401861851538,-0.1969825551821038,-0.484937862487822,1.1022989694374985,1.7958132688217483,99.58259703993188,53.02037666589487,1
1.4482511053637637,56.18371615616333,-70.33461555493547,2.0171854574859625,8.51710443113826,2.5586434271132106,7.747994777228982,-0.1262204947348842,-0.4650021313203181,2.894958363229412,-0.1966055182212657,1.9150596261893411,102.06716246235258,63.82364977983414,0
1.0839195605583076,298.54436026577287,197.17890610175948,1.7241280577078646,7.167320432654323,4.585766219496974,148.98173903010823,0.7183020704085277,-0.1195294781993029,-6.630286196432881,-0.2167418856438208,0.8903881019858328,2.086065639059619,9.421319274050248,1
1.088023876659698,1.0169046902092305,132.74305115791427,1.191147483129358,9.284482808602563,2.626379423342299,54.04147929220765,-0.1862568604409742,0.0057158216626825,4.998676203872876,1.2816202999800537,2.1663511855835837,62.61902232113045,170.2079844198546,0
1.0705335785720411,49.274997436798486,117.72712109315702,1.0690057166065163,9.152249029444532,3.1066736252574843,95.04155438615274,0.6327486018010067,1.1480924731706046,1.0962672766265205,1.6136619985713774,1.811156324781896,0.2644424844319459,44.68509443905114,1
1.1673901984984596,401.850293586582,78.0920887446648,1.547218749287898,1.6171392850930628,8.587338087561859,83.21401377832268,0.5107350065645565,0.1334367616365076,0.9717319044474402,1.66764262407536,1.9470707657284323,144.70514994102098,-63.43099721979355,1
-0.3361595128671494,122.91183770035572,217.5684411368644,1.711991609719595,14.062033423756368,6.074617051267667,9.394888136237103,1.2926077947694383,0.8493717860652965,2.29721367930985,0.6059710846460566,1.8644817352378156,158.75483182805314,122.7082049554504,1
1.0926854797531946,28.777315913181468,38.46007212306868,1.7923310826925047,15.550733790703992,3.054033818142684,66.70805561531927,0.9140902662164732,0.7750391204311197,-1.536879691876856,1.088307934963158,2.1871163262532285,136.82327833057565,134.843798521086,1
1.1905285319080807,358.6094008071136,90.42107782371646,2.132088581987252,6.493101428403995,4.611785382002993,26.040623720696395,-0.1036881468602222,0.0230451351280808,-0.9681591000792632,0.3451285825629833,1.7537139042050014,82.25560913423104,-8.69453885437035,0
-0.680893843628419,101.58869510898064,73.05979951970832,2.055029680514475,19.426551942273072,9.72890810896846,43.9497672087786,0.6636353170640146,-0.1776525415248874,0.7323445658388392,-0.2704319990082474,2.104605851602705,128.52162899869722,-54.34006641949646,1
0.3624141194671342,10.401205525888829,1.3037071482275593,2.050763622849568,11.976144671169466,4.340377805915809,11.282565593363664,0.1000604505617975,0.3470084841600256,0.730500456472809,0.1107648079865585,1.961086987026024,32.12151434840595,28.588246157280096,0
1.1420465558323942,-32.6991060700378,-80.49921701029889,2.113575817519303,9.11090725623042,8.662664943040852,37.66054923098348,0.5208417676347135,-0.1592578927650249,2.1877381370208275,1.2073861047070078,2.359246797961696,29.765740835949604,-32.2146282937153,1
0.3616645656224487,-15.381528240140057,-11.327500390170188,2.2943859376910893,4.6131174090631495,3.947384195601098,-14.183865025657376,0.2462014268505772,1.6721315277538067,5.035328064887179,1.5098189825544228,1.823149833646392,114.62895262164491,-45.95934862536287,0
0.9607320696734544,131.69638682940922,214.7415531562488,2.1436173965118352,12.429140717269744,3.461445210338536,88.24258606371573,0.1896760971120165,1.1327720311282432,-2.365233703619106,0.7595830515461051,2.0875360815426114,56.82339564886138,100.1638777193534,0
1.073122177175262,98.4802937186284,128.9521836022801,2.0146764177382868,14.043331950153377,0.8243955635994378,40.976424171350615,0.8832660499641021,-0.3159401412196725,1.9497418290838933,1.428087513775277,2.217199261892405,13.638319928417204,153.53111831973183,1
0.914233462387269,313.93205896455675,58.57899050569058,2.505479654889233,7.202171592484535,4.434692254426435,46.320379018156885,0.5758943672478058,1.192739094833764,10.685894205614186,1.3829916154375956,1.7297539273241282,137.10757192361018,253.48847136697208,1
0.7541754922712207,278.8092608024958,171.84831994974047,1.8128359314265703,16.543966760822407,9.61311471902582,143.4989327820204,1.185095318518434,1.4721619008172997,3.6923084389129928,-0.1108735021658891,1.81878071540749,4.848815018116305,-28.057990715065635,1
1.672141877429298,255.86759805117308,281.3808237924941,1.5640308364557771,7.906916371471486,5.930086439508475,10.202227244537143,0.6149748395581404,0.6284149014572826,16.126707668606702,0.2711113646572259,2.148708364811285,108.49555782086468,25.132060804273024,0
1.2618355207824017,261.994743990735,-38.53609674796834,0.9062508317900244,5.077693293547891,5.2119890810081175,43.93973205927365,0.3693371265118616,-0.2615361063216811,-6.731076663094048,0.3837520658678687,2.297144938910688,29.046803252715875,-37.17408136068968,0
-0.031738378767511,420.7187843815923,277.3046312344014,2.4447194687474423,5.022982297787962,3.2500990193506745,127.3796314817098,0.5659766725161641,0.4848815931100246,14.674915776731384,0.1824717210146234,2.1888216366739988,17.048409379936736,249.03095939073077,1
-0.4898942292250777,302.9120517966081,192.3305285236056,2.1362924495387685,19.029927768777902,8.452985695098887,90.9057416325468,0.9315075248866644,0.6624281776044065,7.882842889500211,-0.1404076744739978,1.8773016202478008,-43.977545814165055,301.97814491727394,1
1.0027081883624622,167.7531030763006,-27.49963136830121,2.1513299957959617,7.780253059371319,4.903608564184037,-17.917011758656393,1.0186901374806177,0.9587312602029155,11.300485401536449,0.9376919904479272,1.8549128825443169,94.6459972187678,271.7256386627525,1
0.2206307987694172,110.5884113583486,-25.275905068220567,2.442194978264044,1.4366352528204551,2.393155997882973,-19.924217452164072,-0.5427929504710884,0.0903004935800407,0.9051696917511628,0.8285695809391702,2.0176956905568675,121.33757091128868,251.43532897117592,0
0.9360314079213036,111.85506571609328,120.65888696592684,1.8655090497184883,4.542424968287321,6.210271254273517,57.64096955542182,1.483781025467378,1.2218875632445771,7.592594414959574,0.9794083593543664,2.4995984124455037,22.330579139064938,-32.97431322572225,0
1.3698171791345115,141.03869486067163,164.16646691044053,1.905445221835099,9.834305826755577,4.5669594835861655,111.247320663983,0.9250601854564836,0.8705503606717904,16.492435359612625,0.2526690020685989,2.175726758239525,-31.48320403381814,251.76484956055552,1
0.8420069303666071,146.60598235020754,191.18693267411672,2.301339933058042,13.432967548672844,7.631577249952092,85.72427695562544,0.4924498089032514,1.2707203895213306,14.385776563405578,1.4485061166972757,1.955932897123064,127.42312630840438,158.64675499425655,1
0.1892226202002681,56.718052698000776,26.030432720640405,0.9221746016328536,13.808662021412552,0.7447861072289257,11.075155033652212,0.0038407926548469,0.3043859944942904,-3.2256495010312163,-0.4569808019049688,1.5740790500724544,93.05545787453804,-55.86545533944301,0
0.6780181521784843,123.17596122767988,-31.980195588138383,1.3973349677912918,8.908203987936151,2.9504380973147555,47.17170872110504,1.3875042550785317,0.7855274407740405,5.665882514779735,0.7694141177707919,1.614178983732117,132.98063879099192,-22.94377026882747,1
0.995377763741808,101.47428693035395,189.79555448151845,1.993254190519692,6.463746952545234,4.972601361031071,28.58536649863735,0.3286130900246208,0.2310010717003424,-4.041912782060403,1.3894382602546738,1.9042906091606429,85.10490259602948,-48.45295065433833,0
1.232964976167574,308.6750500121672,-53.76551177051592,1.751952726701122,2.715424479226182,6.023621962018302,-12.106020262619325,-0.2909362859445376,0.2518221980375538,-0.3216252585798562,0.1890476862805348,0.7676737593702312,58.344373739769175,39.40516957728193,0
0.70454382072102,33.07445396326838,-7.554591888825954,1.6575620021791264,2.86201803936184,3.338713894326212,-9.072822880876302,-0.1104073956909682,0.4081031802938095,1.5622580572470997,0.8620713543966407,2.0356391974123405,88.63617996620427,103.21015562149223,0
1.151522139529301,190.49542623413117,223.43743825555487,1.2212823396271724,1.9645753757929016,1.8807358970536336,-34.68492705998033,1.1157393864731904,-0.1047986738066133,-0.3624539520691257,1.303616108768271,2.309194282947136,58.92533892311165,67.85751531171563,0
0.3320139732015133,361.574201850381,60.19270057039944,2.049542277679372,7.359958384999622,1.5141826465188366,-40.16028365487558,-0.6418032283186728,0.1313669722659899,-2.844324814847948,0.4378967982896099,3.006322061838264,57.11722798578196,-41.90973216240712,1
0.8003311007856019,250.92534345301084,120.31999501887182,1.9568096500836147,6.402908016435893,9.764218124809538,149.44750582676397,0.8931278650293043,1.2222274748414126,13.62903072910541,0.2510481446424562,1.7190162649866885,-3.702188944378463,135.04876138010428,1
1.1419214117314658,355.3718667637079,148.22793103269962,2.33773053428713,13.757315555884569,6.451794997400585,159.20907778178557,1.2187508243180765,0.5620830445413909,15.015284053541684,1.2297630286748091,1.997868833244416,52.33498691721253,158.10023597540103,1
0.6505731711313403,137.89875969817692,26.30292428098992,1.7433378188521604,11.922363325178512,8.203870616358277,3.1554390652857123,-0.0239762882990058,-0.031170984276413,-0.037663657985012,1.0487687211962031,1.8654106511437525,162.7663612101548,16.335902849373795,0
0.8057126914262793,31.99860440433353,35.966326855619,0.8407149556818058,2.599470795437915,8.030453374797611,105.7039953956953,-0.0836843296939361,-0.354442089501563,1.505923314595241,0.0767263301811961,2.2840940100600924,87.95882147279696,135.1467671577515,0
0.8099085892336287,331.47899975617634,188.51200188262197,1.136744387578863,6.751205759486032,5.50368966861261,67.26238237677478,1.0393994813021157,1.5489835600107402,7.853518541965262,0.0007495160904412,1.7274377617571297,53.529808522744986,-3.237434613933708,1
1.3855186890262563,156.65821820917552,46.16916331556897,1.940888214198628,10.131141526099618,3.145275769833529,42.6123314886765,1.287992116008621,-0.2088142810031634,-0.1068781576228032,0.3524163845968464,0.8580814306458147,97.75571470279093,48.309385051414594,0
0.6127894912647117,195.62331696667545,119.44828471157956,1.761587818175998,9.068494908091182,4.795106282758542,18.70930428646573,0.5425736131164576,0.4422245854831222,-1.8256861600821856,1.5871697203313366,1.8890166102348016,133.73028413943723,10.457095892646656,1
1.5891379596245585,79.2861587070073,164.71778486004018,2.0756536257306144,8.353579983045286,6.2562607567227895,25.711108403700965,0.0773319723398577,-0.1440922726780983,1.952938622180011,0.0074312281021868,2.161715156831347,128.4064035001403,22.499685563418037,0
0.201803076141958,468.2232561024425,92.86073796932514,1.7022559678401177,9.15385678863926,6.3334112414666,59.99978220823952,-0.0229515685981342,0.3587681223408652,2.733489810306582,0.1594065550727794,1.9158848977449905,40.22241090561403,205.71172892404013,0
0.5487456880346504,111.779117574084,-11.425360053801924,1.2734691150227937,11.456473333971616,6.387095979908867,60.89168850768013,0.19802717001241,0.336950907802429,2.227361464367688,0.8449949487231803,2.127783782005507,82.0355441302163,9.8513818655709,0
-0.1765603595463751,161.03999807702598,126.59501254681078,2.141899709010666,2.459169835567157,1.9367220921747323,-36.12596377766091,0.1609053177169174,-0.3521087162639812,-0.6646855349138612,0.7540016328486183,1.9470638875804045,87.10591207569904,60.60841655036474,0
1.138088703330598,71.45567575819445,127.0303298734308,2.703284024580481,9.026013387438317,4.451654074177319,5.7009527729725775,-0.1229012751522639,0.0862070068415733,3.388305340335146,0.1112879301287511,2.2631770575230847,157.9343571088271,-15.890652277846236,0
1.0942477660909478,172.59434936245384,1.2489537072624015,1.0236445151606004,5.253005426798294,5.741580969532015,76.05603944075523,0.3787238789535362,1.11220709081014,-0.1452881170954501,1.2013756753529137,2.0097313274024287,122.59397708040169,239.77409372210712,1
1.1852156379447152,68.4503361664291,6.549176259068901,2.1561795386278737,4.358201453935118,4.875315233001277,34.11137572195849,1.0029253875813908,0.55178464719989,12.345368018476703,1.3232844356869462,1.8313300911493025,49.39960644813419,223.1173182811712,1
-0.0614744311523801,281.725969822514,29.43490545213514,2.2392633933689923,10.242051681590434,4.815939636238602,34.413615535121735,-0.0698736578709761,-0.2451137940002238,2.84557640748373,1.0597221731328006,1.7026456943750443,75.40935060826244,51.78471567076504,0
1.0769917246452758,219.731056206411,-13.270158023118029,2.0749164796785005,18.692424139409223,5.69809145921519,-1.5542029424663113,0.8518972154954099,-0.1802822636625112,3.293194705710348,0.0842815587931709,1.6290018402066015,17.6383306475633,186.63235181253765,1
1.3009759639636935,225.00683108671055,167.43481668263385,2.0043287903161717,3.895328668258616,4.275640462461516,36.14787632027335,0.9638109537978456,1.614407811439098,9.769490273528705,0.2590694310663529,1.9875282424402425,-9.580086597092816,195.15301145765292,1
1.0162652204603186,-52.032307149332354,65.39171712249225,1.909906930594453,7.205114010290053,4.5971382172398325,8.962768891326608,-0.556128365072762,0.428068628561796,3.1984772290739727,-0.2843403573117767,2.063131891814457,26.20980899216469,-57.627502336130455,0
0.8962470950230539,136.69016980428725,99.02005043447528,2.308919697123872,2.0494043088506606,5.573373612393312,97.5997595561639,0.5831106834139488,0.798064454347247,12.129350508436335,0.302105829835482,2.15309024107158,30.50253386256493,190.47748349522035,1
1.0499887927929306,162.23429819995516,118.4380896348936,1.9920974789682917,8.875301873272308,5.323946725319663,-19.29488379836657,-0.196513483325999,-0.1290839696866053,2.6710075021982256,0.6696358904281202,1.9377178212995785,156.80134389142825,183.2132153992856,0
0.8863500391323853,7.709789391951858,-34.79576813749874,1.712063777296818,10.733886038619168,9.248368935203532,46.02476850033759,1.0601461119587916,1.183172916227821,0.0469040177588846,-0.0851405759945189,1.99579988742362,-50.14121700895264,68.94778676296976,1
-0.4420378890843327,136.0579938153415,62.18379875234706,1.8663402732983536,12.414022240676164,4.806061678821109,98.29022348109118,0.615790250571782,-0.1874597569616989,1.7675984614498716,0.7808663031278102,1.9418165382527848,15.247814594271505,188.26503249709253,1
0.1538374824821543,177.43638785807462,78.95160059773495,2.024248895012752,5.985782869012862,2.80054325707657,26.54537954539386,0.1555621593266299,1.1576720324402312,2.792582678958728,1.016113914681032,2.1455622831766785,41.18691254534991,113.33562182718056,0
1.1024284884095308,-33.967451416479065,-19.28331375547957,1.6859644515714536,7.784293088203169,3.156239365356305,80.61377240353121,0.785491160768296,0.3050680194510586,0.9464303124486704,-0.0147542512531567,0.8253908875366118,36.10239531868833,-37.90486749245832,1
0.1451511321160569,174.23802701193875,90.13157692186805,0.9467707232229746,12.104452992317292,9.52904979985392,67.88732086201591,0.6438687535486693,0.9329250755692108,-2.919664356472276,0.0123359015515068,1.9585351172752177,1.4552228431662328,81.57635929072786,1
0.0794668542474558,72.59208285237813,55.26561517577621,1.55782900201116,9.576840831374158,6.248507919867573,31.162814529917554,-0.4834458222438496,0.0779590020380474,0.8494639370443768,1.301344980970885,2.1268178613072646,20.61253420989474,34.72537328166233,0
-0.2902010785534501,-42.39567742597936,122.82644533454264,0.9448593740779636,6.340251330213932,4.820422944595308,14.664599074610152,1.342697670967506,1.0973716155250646,3.031464486699518,0.697993677702389,1.6556444167960025,33.38536497583257,96.9693486147532,1
0.4784929044305993,134.144946413401,216.1491452397385,2.2308684881477565,14.596090196865482,9.014643786786522,51.26112516240496,1.7026758303615934,1.3690420907934655,1.5621014542164862,-0.3590933819469368,2.105514849008473,-7.9827106676665665,229.78014705487817,1
1.088448845568361,76.91035042739094,55.21077937776913,1.9596811600216169,2.4329212159685856,2.917897277101344,81.89416747671143,0.9078821864202083,-0.5045610376554373,-0.9704100633390916,-0.0179848668941332,1.1142629849571688,115.9097820273532,35.40561068722313,0
0.8329313247958245,316.4399767500702,-29.57096794690348,1.9091767291306516,9.234685679842832,3.428550635002797,87.62780189240911,0.5935746480272607,0.8048291151439174,3.4464117768036897,0.8033764061438515,2.215583395858628,65.71339802847548,3.364943555450949,1
0.810522825714313,45.87365316686771,-50.19345516798354,2.259239150211271,10.07004127140358,3.022599578061709,22.848445958790897,-0.0928391651391681,0.1136828471859722,-0.7710491340074581,0.6918954913654336,1.2199020787849146,104.93814810882046,103.82352507427646,0
-0.0199527018287907,100.20140390933982,59.0337393157303,1.7323281527166947,7.216173357918156,8.881971806116237,24.092412839518293,2.0696837286815803,0.6238875104740127,15.451614244113262,0.1779166432226389,2.3196533037773786,3.085064761179879,144.09832470493546,1
0.4957409124661758,167.93014308324064,153.93429794963268,1.579784651510314,14.184714320290816,4.770408150795553,101.21095237691416,0.9253248255213667,1.6341880823445698,2.1264314145794443,0.3202138739461921,1.9789918926444203,120.31312179055097,42.34394421051104,1
-0.0981377733337172,89.66034727416712,89.3059149592411,1.8750091053109283,-0.4541310420323317,1.938665656500276,25.261025527904167,0.8701407322021568,-0.0294687962998498,-1.4701353714525895,1.226952730772792,1.986299624687638,120.62284596787578,-8.300948998461905,0
-0.1729958318414061,226.48498911606853,62.36624298425599,1.1790773789323743,12.716633449172956,8.708477082674563,85.88228686066468,1.0302461973205248,0.688519532101643,14.06139835967205,0.7510462804790936,2.0200020100689384,-37.33539197664537,201.16998830093087,1
1.0839275228987475,-33.450635544508344,-28.35583524379392,2.232199667273205,7.27943603925541,3.2863859383879355,36.59885144014414,-0.3661560990542482,-0.2764043350420107,1.5965414438112742,0.1361755709076395,3.1037443878681046,94.41632493028077,11.097652638470883,1
-0.5248540427897791,103.23298521214804,2.980624148888112,2.032235005759209,-0.2958908510761082,4.733320545572749,-11.552556815079145,0.0350216500011591,0.9016151521510424,12.432466366831084,1.691335685375909,2.009722067275796,88.06531010984315,11.010557221437288,0
1.381538630269226,209.09637059145567,4.552845392126827,0.9654815362842992,9.500870480092644,2.404873333954228,55.848263664178575,-0.4927485254228341,0.2103082095597994,1.4683328161710396,-0.5739854811920624,1.0734623121495035,67.17579438456471,27.25948365892956,0
1.101043912452072,350.1126371699071,-5.09752627551616,1.0611298792926576,-0.0602504580574541,3.237688593914754,35.73982378302352,0.4710557405557508,0.6236916810079871,2.264675812051142,0.8686583336551362,2.521026084667315,124.19780898838977,-28.042059274897905,1
-0.0039337893356951,69.52745551255789,282.79674020436306,1.7542227552634364,8.76759990866591,3.9544869860998775,129.37573764029446,1.3100552414998456,0.7650841841794164,4.4465644379664,0.0898742955574914,1.8920163758120128,45.47483958491424,129.79604146793372,1
0.9886673571605062,-14.742605202240467,142.05070135232475,1.915891779968498,13.970910077272755,8.668560168709053,49.56940785627275,1.2561728953374036,1.3332021949985051,6.080966076235099,0.1986920631501441,1.9923275531711535,64.57586083278123,55.5621427438133,1
1.2521113339957368,92.59782552455331,41.59093941210728,0.9691009993751653,9.081348084916254,4.658736019902188,74.41858712489149,1.0663433352019795,0.2294609167385268,-3.7593075622980576,0.8308856466419129,2.2568438588632693,104.98742995547067,-69.18492452161843,1
-0.1103054830251125,80.7690412988194,77.30244179954708,0.4793694064817797,8.42353889511365,3.4558454232702323,51.9564564915623,-0.0608948644045185,0.5775974774736284,-2.114802256378029,0.2048132722756314,2.066760249584131,14.945666255572576,10.020529696855291,0
1.0715540348978378,-76.81359540946818,12.221516237673995,1.843917966563877,9.196616464742249,5.417332051672917,68.18473319820406,0.7053331028688562,1.3457742231573522,5.87558990548048,0.8867931636024928,1.8519086893297871,96.92431344893434,218.59604294615423,1
-0.2210579696434704,33.94477966983644,36.69376217077819,1.5380393138981043,12.004008081460524,8.142919171820168,33.25322916709823,1.555298502061164,-0.21547342187302,6.814247316653162,-0.0786217659940756,1.7330811954338985,100.25712383914546,86.27331215544116,1
1.3660433864287165,1.7917354024264966,122.67840474995393,1.2373238101613413,3.1642383218436647,3.6677126484450655,1.083292124140257,1.5569193498683584,-0.1228333768356818,-5.883664155324879,0.1759307726640783,1.853892188991794,39.37620249115555,100.59109662348568,0
-0.3633318132443103,166.81565855278927,37.037043446829145,2.086913574722494,6.207502782559144,4.398880921619034,-49.57255641826583,-0.5957557882229934,-0.2884846116261457,-0.5739341683316352,-0.1424301498154084,1.0080641304702418,159.93629445351584,54.358548119081966,0
0.1226605419407345,-85.41727010707672,69.12631315335244,2.4066205703961008,7.7016481401921215,6.305848779266849,-0.3704134789606854,0.0149018316860246,0.6168474262415333,-0.3908967150229303,-0.166318693303961,2.323710768404014,11.901164177226448,150.7237015093846,0
0.8330800428842304,255.32063708103777,65.73338605309392,1.413086382321027,9.678693151403971,4.113422926090282,-21.80058412693108,0.0041708440267557,0.0045206370567147,-2.858052366169601,-0.1881663034191074,0.9324282744573252,66.34782792757633,24.459490047635864,0
0.3431865264484045,124.86035386477232,195.84289811860955,0.9428215453709292,8.706079369371436,3.7371844250303496,77.62762019230489,-0.3390649171650076,-0.0610763743526459,-0.9522030497993104,0.5238496791775364,2.1566496433259807,76.03284725255929,32.608206955871765,1
0.3142780116629718,201.84206759585365,-25.5147277928952,1.8797539120159743,5.492295888962979,2.071134114332412,-13.158674889943184,1.456088521804137,0.7435558204886079,4.847721708457007,-0.4739237990504664,2.224329685479537,70.88931026146372,-2.2990769428068205,1
0.988114800856883,366.6200046707541,12.77037676829255,0.8873462026161307,-2.55965753412873,2.311919570333873,34.65301687626591,-0.2972496915801794,0.0319520197554071,-2.396609976117664,-0.3604432483073199,1.6948065173083926,3.562538934916823,71.02013615228542,0
1.1080800377491054,422.7826917833109,194.82973785566367,1.1188691371270618,0.9163097152159168,3.9457478657340825,124.04504951710884,0.7138340805397339,1.3745114833312049,21.07932673163813,-0.0618972796709028,1.9211600824514852,-60.878099637547066,-41.56111017453701,1
1.6551484979789233,188.5773269894473,199.97918367096585,1.8679212757191817,0.9834160527576844,1.032727918248178,10.54709246310005,0.2956006840023993,-0.5456445283034288,-0.866546039938366,-0.4036788734379111,1.7982246916868638,2.7264785220169685,-12.991112475849754,0
1.0733594320327149,71.10060521782795,109.8303027536984,1.0561323245225185,12.275199489546509,7.7675521226041955,-11.392909895067426,0.4585905246867376,-0.0700367127436451,1.4384486116505268,0.2000935866486257,1.84516680492401,46.25327337007586,15.95495165528478,0
0.9615636572633888,130.92311752037028,-15.96463127102568,1.6099877322204692,4.181273306719813,0.7478485691372012,10.76411757032644,1.2620196325055977,0.901343281754724,12.558171855726346,1.3798769135197235,2.277509656715615,15.7681090412827,254.8293638172075,1
0.6124802432006498,392.4757030556414,15.64406008709406,2.344778395754523,7.305100052447324,3.4145163648342427,41.860819860183,0.5451069107495156,0.9952367923872436,-0.0555382976923399,0.8620845069895058,2.193403815943852,9.205710440245111,-59.36784572941509,1
0.9146856379737524,276.59940405235096,163.74479315635733,0.9684258834090406,7.513846277560724,3.670189827421994,-41.25166121488156,-0.2808315366884354,0.190880338687049,2.1161431841659875,-0.5465292773965762,1.848599726230352,34.221038422392326,-17.583999620014858,0
0.3350161157125326,172.08917386657322,46.24404542762503,1.3514127390142392,7.31360781466393,3.189484710245317,-35.4141085020708,0.1583859605098997,-0.155826900907559,-2.035771715212161,-0.1934133948583069,2.223921413059013,72.46383730978218,-5.611779246195603,0
-0.2187780630862108,45.80956475122953,70.51957562919112,2.901345889997688,3.224612490381161,4.319094857788313,17.666537027545537,0.9994503904434192,0.0381560624162097,-1.9484942505152976,0.0371382639925293,2.1068913476038675,42.57550800441826,29.994514324282047,1
-0.3956878379673197,264.5289112599547,100.69979109064226,0.8994878779007001,4.218002499075103,1.958374903567833,50.96272829905101,-0.5411585867171811,-0.0918954779462408,-0.3052546247712406,0.3116558578561641,2.221626957948306,54.27113601879629,78.60998521842944,0
0.3826122519217659,17.27941539593118,153.7267200000511,0.6262364866400396,2.1831338386877945,9.744947000182442,102.79973001452598,-0.4014142729350706,-0.1587037540406497,0.7849726374832726,1.204236586744349,1.6321688309837956,-48.74758839641407,41.8973162698459,0
0.6901091845348614,224.91539329328225,85.36728514305479,2.012865585151313,4.976675839162562,4.758109522618831,74.9251104351467,1.538368121271841,0.7900745532872575,9.966603516119877,1.619294759692277,1.8221379615368196,145.76275273704945,247.76145776102896,1
0.1224022323800961,77.3475045235535,172.84616417809076,2.1670770927185488,13.186744623269004,8.161397746301832,9.93036552266146,1.4417433500671133,1.526923319590361,15.89417144248954,-0.1423325435321266,1.8006445199541294,42.22289708591585,227.65748891034417,1
0.0819922979469826,74.94910221114642,109.20263378947436,2.52092690352376,5.495879317092133,1.4424016989718118,76.68858112775642,-0.1157884173295705,0.9545984523270488,3.569556809837211,0.8408279814458864,1.943805228915462,94.76797049945104,85.73646799873623,0
0.1570071135745195,15.592699583537067,58.14091849474171,2.1367013416285623,3.139068227951193,3.342878177694736,8.701514129107586,0.0183436207369889,-0.1011802826434683,0.7079517938150963,-0.0878799587769009,2.031888237236398,139.502281393818,20.48632592382705,0
0.256669870237937,207.20318614214705,122.63928707320576,2.128383083516362,7.467268816879992,4.180865979672105,-9.167538413108185,1.2728954411324105,-0.5015732643576202,4.503952111081684,-0.1427306702302777,1.7068130796098115,89.4872926106301,-2.4243500810219203,0
1.368510925753668,254.35789600383225,43.95029914262775,1.7793213421353034,11.336674357236596,9.021014036594128,77.5886425808087,1.1247150877805996,0.2586366317524502,0.7509676609366718,1.3522711311396147,1.936393844435248,-5.903625111452939,-48.69262527032341,1
1.3224670288570768,203.7419175262164,241.13354354315183,2.2037797786189293,7.540058750481908,10.357228875671712,148.75178925109995,1.0356356758906862,0.7360037310426472,9.575284801284605,-0.1875159009525277,2.1134117466353004,-29.84921728562277,180.24734312524592,1
1.2024476255677836,-36.46540667987273,21.33122077425768,2.044318351393521,-0.2104944628230063,1.6068592166123312,-18.832175287500316,0.1782452522414198,1.191111338817498,-4.232346779338635,0.415132568251799,1.3629914130670078,94.11288223011562,189.13858494907672,0
0.4277972416968599,310.9219609355286,223.1212960908097,1.880598093779516,10.293062602545051,10.026862969432775,-10.754347525457618,1.3484189128658184,0.6558776602445338,15.83135328121686,0.3217810320177077,2.137959396663519,62.86612328251533,165.17938068913213,1
-0.2176219801399586,75.0917117910454,173.79870527741338,1.0657871623642454,7.245163352293559,3.3116050569317306,18.252377775165066,1.0236272244409843,1.1001234341323136,13.781521687311317,0.4918004374372917,1.933183116583693,-14.184434977734924,-31.48671265735826,1
0.0665080481563793,214.43983229061416,102.069199820427,2.199346991288396,14.992018038357196,4.775590730957144,130.53249840255236,1.7115092593186167,0.9698388709363812,2.133398357706223,0.7371987391475494,1.7842390212639183,114.82631905150804,132.80497092682566,1
0.9403368336654604,194.6418379195368,35.26949370881973,1.4789793213808364,7.195107779966694,4.642246480241672,-2.800360824635156,0.2303040302699174,0.5467434963311879,0.6295056116339217,1.6032568869024273,0.8721657636491922,48.666328963627706,25.87129103288341,0
1.3267834399965586,131.332386176652,73.72638003824142,1.8654834598365773,3.8723158005923706,7.839039573655543,-14.245669510076688,0.2314792010914843,0.2251843486622579,2.675036090171224,1.5360341442909118,1.3029384494411167,32.89614317222356,19.969578470212312,0
0.955126805432566,96.853263825012,43.0625299042299,1.822548502688256,8.072410724282689,6.4687935598424415,32.25193435242422,0.2298870966969297,0.4757770900062333,1.6265149932188283,-0.164768864002493,1.72318092131011,115.7802561974114,16.892544102797245,0
0.3712353590028905,395.30701283765086,48.94266939916267,1.9057952296914211,1.426436742693923,2.0853851057123647,24.12726635390649,0.099260183081064,0.2026740264493276,1.1809967297262791,-0.2350133928706566,0.9453911660988454,1.613068034578497,-0.7634275998523847,0
0.1792249311263287,166.2407051784019,159.84978608238987,1.5432366571303129,4.4339217707642895,3.4439985848968044,-1.8162734431910152,-0.6020344676202358,0.2837416895051004,-2.065641895454829,0.5208057987385918,2.380544102085981,-7.014049264649245,124.32160353175314,0
-0.3206634557970229,-70.1206044050181,56.36709857557141,2.033507495243656,9.08006105140394,5.63548855486119,-1.893713864246891,-0.1482946060050968,0.1817720500820868,-2.142633609137836,-0.0381827046998927,1.227648748208111,59.81501641381752,64.4311881011978,0
0.95491246084766,27.870655715299904,151.7393169559055,1.642822628509108,3.3915012075285302,4.2629895399064965,-3.893932185128129,1.5004779040122085,0.3146479661931965,1.818768342675542,0.6257586134345023,1.6867046326778987,23.75058241162996,19.62810532287453,1
0.9224930845839934,83.47915288343101,11.04274607539942,0.6071268658334097,12.815926895379782,4.043990238655751,38.14694599959493,1.4290897106968132,-0.2944308908681043,1.8837663975777876,1.0237052957151664,1.674619099362631,-10.58055368396667,21.60567096416063,0
0.0326053388831129,24.64561303513717,51.21006267373694,1.3924968995264893,5.48583415195248,2.9771614137708164,-10.497348658348583,0.7098659202382749,1.1055085084766607,3.354022146791614,-0.4674128227982617,1.9997554518046337,187.43939722322733,-9.852639181194084,0
1.3326174601486245,252.17212378470165,87.3843701296654,0.9785462902164626,-1.7124074979242785,0.1511475928368169,72.14119555185943,0.0705041968774883,-0.3494736022254499,1.8616491539007995,-0.0509589200611206,2.721956197380336,72.20428598463712,-14.354638873292297,0
0.491815511298966,232.4266059861524,66.11803453937462,2.0390972080355376,13.091796976420827,4.36118180106072,38.98422391213829,-0.4123833986752456,-0.1184889944497533,2.8812255576057093,1.1677283323266172,2.0960238073613504,89.89018910001835,147.2285742251253,0
0.0629217939435564,123.58937588510518,61.59072146309313,2.4784490143546085,13.966316260800728,9.502093588494972,-21.99917034142108,0.7095434044896709,1.0505391310558667,1.9519183660991264,1.0987233696230023,2.226682664447589,-32.98433540825714,85.51835542603708,1
0.8560906912808395,291.4077323007948,-41.75088641487261,2.115177498616801,1.4369623680633197,5.265762443369735,14.583658224628095,0.1326276633622906,-0.3272198054470575,-1.16052100331014,0.3233890952485126,2.37012774022884,139.50515905501305,135.3664737028786,0
0.5092804156090771,175.34292761763842,79.8825020366937,2.369540619117116,6.352373007156545,4.8922083416098765,71.32044637282218,1.0866882707049537,0.9510340595973616,10.46380211709082,-0.186521499233465,1.671314052148435,-43.61168186070344,173.9542175203846,1
0.4031273729658084,-52.13741519921573,12.053270352535163,1.741957682714629,4.592122289526117,6.0711148283150616,6.629027006350434,-0.1955102734411451,-0.3965979378385177,-4.282019612775497,-0.4363982642998364,2.023401442482722,100.643625088129,-26.49367523305991,0
1.2503827888669157,247.60651479583208,82.99747628528391,1.1966445948370967,5.341593837755974,2.210311961342832,-45.21780712770862,-0.5248055116127692,-0.2548830650914947,0.6336420642442282,0.1353671391568749,2.067864152482712,74.06208907447476,59.400579791421166,0
-0.0182941819903391,-18.860830496442816,204.86276777980552,0.7207361918621589,11.251336975989767,7.213598914578533,1.7625184804357872,0.9009994725340584,0.1049656361721529,1.3519009152902728,-0.088991390186687,1.6788921778041408,-46.68680335699058,202.30955562658917,1
1.467067282587461,107.21430194353584,48.69645808763546,1.7737703912908638,3.575292239916837,-0.2080543662231768,32.40887723273657,0.1088759966789286,0.1271123963600732,4.832852276336912,0.40328709754286,2.159969995401154,-13.89579402658012,-34.37503721502373,0
0.9163427950956308,71.75359518009466,86.01422366865255,2.0104121432064326,12.271400407884766,7.852023769175697,49.66991964939265,1.2156526812913906,0.6537948614586864,10.060596284232552,1.3852693626789268,1.913814371427317,114.26191035467124,153.56771932702995,1
0.335149864687988,216.3421568379437,22.108005393262275,1.3153998766776818,2.651458970329576,0.8422873400222208,-24.734062951851108,0.0442611730206351,-0.202131306386926,-0.491240568400995,0.2114508936666798,1.7202546336110922,56.80913137156071,-70.07184713203327,0
1.2334195126889238,99.708169771166,-11.249803200148593,1.4365519738480352,6.864695895931707,4.04474558474212,8.833559735029201,-0.2166497143985641,1.1631567575655877,1.49457524040034,-0.1435635176648752,2.2848161790708845,6.4080998142435845,-115.68902659836274,0
-0.0072833723498773,289.64035807121206,79.75380612974786,1.4985015313573598,3.64030677482236,8.466503945814445,43.1840680420782,-0.0692370413157444,-0.7592870605292551,-3.350632575501129,1.7156650379846774,0.7716408430897681,132.0676008923697,-46.49798027740733,0
1.5971712957322173,-31.701102865248657,177.63370676540143,1.8025120708389224,13.186961084854724,4.824070650729584,-11.81875211308234,-0.1825867958998395,0.2705267972367646,3.9706064239014394,-0.0246628619198011,2.009334362932988,25.48093486995949,7.701903405737532,0
1.060334381864235,317.7833480372404,137.4434907297475,2.399428284631952,6.072468581707002,6.967996168990954,72.26397996680049,0.5947504287294538,1.1674424189004506,11.911035881242531,0.7657060278310851,2.104228341856611,-8.92110437366064,40.17976510254199,1
0.7668332765830437,418.3761196369885,46.66715184768058,1.6246814245457646,9.828384434356108,6.32889173518841,27.53896744672106,0.9858953574186052,-0.7602026576186839,-4.707429893840437,0.0451330387222674,1.925158630416922,-34.69825385518308,102.33230856097872,0
-0.3282718818450419,272.2935314006626,109.01806311759104,1.5816980464047128,12.51371632342914,1.9177896787953943,120.64920092444312,0.4212430271540091,0.1831354967572608,2.0666262852889874,1.665418602800561,2.1772203684201066,155.34760341595756,42.598574949594784,0
0.537150670891426,223.2420763918431,17.005453977364084,1.9117367934190217,3.65965227531286,4.316576412688913,55.65999216534792,1.1477044997356518,1.2514273355472365,8.299728986496493,-0.4079377263301785,2.157779357302148,114.49081603530604,-12.942550940497874,1
0.4044845567753063,109.43524536534028,85.0638998240456,1.0862861132571977,5.826294663496366,2.011731402346697,64.05701865090174,0.8832959220261766,0.2902689064370517,-2.5772349059585595,-0.2641220426174125,0.5009409577048844,-59.514452453677336,92.43744815419544,1
0.2122383824586931,179.51610104317723,21.96388960836589,1.961285458441281,3.545933621386144,2.648381946239851,56.28961797929228,-0.3417081486311516,0.3734675845047536,-0.2317773919340049,-0.0089420061008436,2.117435324391514,66.67750077277482,112.87773351369049,0
1.6290269851434638,-12.056671088005515,12.996618690206034,1.6000710986590163,4.582930870540948,6.528950234091812,7.135266882598476,0.622992627413645,0.2597982468830876,1.8666726004092835,-0.0228894421385623,1.8695644086743528,20.446681055525573,46.63051285801897,0
1.0261870550563146,-73.13687798838592,88.04062967709501,1.728026693413255,2.290935652026416,4.873203302493523,26.46866431376219,-0.1706542524743542,-0.2249615455153678,1.3551145930590416,-0.1428057396716121,1.768150010246308,52.26429085734341,18.26816480268325,0
0.6009436658628362,36.17027485757396,108.18683143144764,1.716567689625468,4.082611456607928,1.7365924889318165,-14.501583846278429,1.1631611315907022,0.5454961321640968,6.204869598193005,0.3161375154263783,0.8952152988536259,-7.279461120119549,-23.11222173001452,1
-0.3908829339614385,362.1291148112117,183.1725620789608,2.388234819021868,4.058862231129892,6.090582029811014,66.10663603599312,1.183185517119515,1.2523572335416235,8.372677304920279,1.1951460287970284,2.1183431585975216,-16.74049993390814,-56.09237773735968,1
-0.1970895087101004,-66.04396106377874,12.491919725134736,2.5181302310615985,11.703007453034136,4.529136518243998,-4.852797285736564,-0.0604397766222336,0.334028526408296,0.908743303133582,0.1850855093764538,1.959031668639295,26.95471861650613,-70.54108779502667,0
0.2349012908566019,108.33190245430018,91.80569390295167,1.5191304711929023,9.475145928648573,10.495814672099485,46.82552521900419,1.1122451991687576,1.2224375078292724,8.869676354327662,-0.5309242948050894,1.951704479777756,0.7608518927544665,307.3943980363414,1
1.7519666902739024,39.898745756780485,74.4212400232573,1.10749088534731,3.480987366349977,-0.0098254155724424,-20.695510943194208,0.1607239616961822,1.3423407281100224,5.113605526657579,-0.4486442158518591,1.7156821758552607,-33.070407591905465,-87.88295936030303,0
1.1204527816433354,231.0324289700544,22.519935184697125,2.2448010769590905,15.752827587497103,8.324541204512599,98.9565355173875,1.094518324074617,0.7010193949653754,3.5836679149219144,0.9468060428287464,2.080136032980843,33.27603928038272,-52.82618543941165,1
0.455754694472101,343.1184230912362,-3.6386685790223794,2.295011784817213,14.50040686657205,6.612395857065737,111.53479498204275,0.9624036860825472,0.1919671386902997,1.6509668524345689,1.4172369178760007,2.0157598251773856,49.58073748890843,292.7344786507199,1
0.3040875817013512,245.81697967834288,38.84656154252119,1.0342338402367617,4.475005398959235,10.71885490710632,42.750219384287625,0.990408657275543,0.1054274813592487,-1.0777934249526373,0.0098792725279042,1.6655825652816243,108.51418770954,60.34014104258653,1
-0.4382970960270708,117.0447628264166,-37.85668633898314,1.0653613620077822,5.058069151331477,1.6810134827005192,75.33588084404494,-0.195946252107207,0.0107517944046421,0.2886682281942656,-0.2741182259937038,1.9394109190526367,104.40408367035867,-38.012716624480966,0
-0.4302225872305677,-45.585117372711096,-17.723537504064907,0.7558498013100947,6.840424098474981,2.976884148035112,-14.197408955693575,0.644087315247748,1.4157113406643864,4.138942357099815,1.0653814696373134,1.7904017175810274,-25.587453624317703,51.07431639785021,1
1.18539966625362,161.84347428906202,118.66417470089938,1.2664370560333156,12.360497480972118,5.108258842404394,55.08453071606535,-0.275154313896883,-0.886795635729945,-0.2589850626311061,1.194685037826453,2.031669700989159,112.8927277366414,70.16780652351206,0
-0.1815591389157349,161.10158738673587,86.16200248666918,1.908568621265919,7.154567441772848,3.291877357856304,-13.822678332149144,1.133869087265614,1.0801857758917073,4.397804869225327,0.8146483982063102,2.3961683762954125,108.741473157064,-43.49901584134157,1
1.2386543494245523,361.5889961477284,87.61666961431433,1.510831904949247,2.867527427942621,2.981862038664528,-10.608338362706604,1.035468396221761,-0.6953429916079031,1.7527405843970827,-0.3709284771697054,2.0417272154484403,-8.398304498948193,29.604148744205805,0
1.062078876706528,-23.571142878666222,100.95066912551216,1.3754154972757693,5.349410210974712,4.506513704119197,-46.24032045334908,-0.4042862073646533,-0.1017370487576797,-2.0256040762006347,1.2491538482172757,2.4174699585514774,0.0168614438653946,-0.5847179462796461,0
1.2042276222969654,226.8352615593106,36.475705705747565,2.037988618534527,8.29782111929524,2.1997059827870102,-40.082891395970286,0.2394761449715303,1.112020626214652,2.837578343469467,-0.1361439705338354,1.812980744586564,130.49181929343473,106.45048835851094,0
1.081100531986199,222.09228350668727,49.27287741216783,1.91091177844513,7.901764212148683,4.323230497999066,12.439540651871596,1.0693510076657575,-0.4081538099449853,-1.8190160342480928,1.1391145384280934,2.307605496917526,135.92023217021404,198.0668068034861,1
0.5452452252635289,218.5234525938785,14.07686078120841,1.0872516214427792,18.99217708477853,6.113326524017214,-0.790367138036423,0.7925963385281853,0.8872622014791556,4.438954111295804,-0.0366981061796323,1.9173870507998527,139.3631238946887,109.1924673910413,1
-0.0133240777325314,381.4232785916279,73.55681380257778,2.670779800485462,4.223378927200491,3.0192493622839707,170.1550674444324,0.2650691744317482,1.056471994950431,4.747935696491955,-0.1950400272557096,2.0225083269529787,-19.90975780552469,31.23737401314093,0
0.923388467665364,127.31489920872744,-30.089929012450284,1.1955000324597642,4.750423516018242,6.46892321149008,2.985144052580125,0.9861609563773102,0.989462926891912,15.763593496558943,0.0115250962848229,1.799981869713187,43.17886789617989,-28.200862556198977,0
-0.0358831278249697,174.92867292867004,74.5355996480634,2.036453448166794,9.336902991868929,9.147990838648724,0.4935245657443659,-0.2549757825595818,0.8564659898475631,5.788921509258763,0.001043944139475,2.071109844109545,22.63130571110005,9.939444166515798,0
1.0838729948302392,115.29380531937248,115.40477777417638,1.745705832352067,13.213260310606316,4.289523369995102,43.07566610704615,1.269454333104418,1.4389841175299711,0.5810124588454157,0.996884212592211,1.6393707388170236,115.36357128292724,233.2919334080528,1
-0.2213761548020335,199.3040554612032,-8.6645381614682,1.9853065914126424,11.93070964607058,7.613498619207394,35.48133632858773,0.0136510757980019,1.143861532919181,2.1974260554036498,1.2956978380297606,1.85671188549238,63.23322810892034,19.528626538469105,0
1.0282050440863229,192.25513448000635,131.23757928631835,2.3184399508171154,9.646073399043848,7.712295067342081,150.04085594978807,0.8537635807885827,0.8013354352332588,5.283433685983337,0.8932085639238321,2.230858806038281,39.847737596614245,162.56647063939008,1
-0.4570367314108089,233.4341989886161,194.70049056155275,1.3507429143106342,5.904258346077966,2.578150580509617,55.57438896769912,0.6231981438575798,1.1469191643269796,4.054542795214614,1.488393441998063,2.0014076355858963,27.186893654374725,-11.554058462787689,1
1.044020617546214,16.77040601984922,174.55951829442358,2.214509605547726,6.468786207379867,6.559514703375179,48.50080442407264,0.938020629075538,0.990847179938148,11.026733861633724,0.2647227837915443,2.2779668022995283,-38.35329402486245,211.8851944818138,1
0.7363454740831655,-56.42300541120872,99.06857130714984,1.1640472823577612,1.5968537564257472,2.345071527513328,3.232869913908736,0.1370561990644742,0.1052203574391569,0.741670249538052,0.8148698875039018,2.4627966786659994,48.41024822748864,-31.859646136720578,0
0.9153963527452116,146.2933246810856,118.7790665937232,1.639156850534499,8.540492447890365,3.9440827002833694,94.18306991047064,0.7809149399306179,0.7629253858890703,15.279143604164627,0.3509900544090688,2.478117115941526,77.33592471991366,184.03503009032505,1
0.6478533100953084,108.6555962679346,91.0332474592274,1.064285077353072,12.888651263222805,3.8659159004294255,40.00155884181069,0.6920804009403099,1.121280267323916,8.387936783723589,0.8439419984461398,1.910940652724646,1.81552746033622,147.5949003164301,1
0.608959886305517,47.65578242364826,99.69582322179072,2.003758552707506,4.23860355272464,4.6222904404452905,20.90859616064592,-0.034432830524039,-0.146590235232599,0.7750318859269671,-0.5884769559643959,1.697528146381176,-24.69900912727917,-0.7096485280103977,0
1.461923432717792,267.9077723267452,204.93199182111923,1.6475049083490738,7.45413659950954,3.693919767310873,9.412547707239876,-0.1672363292199497,-0.3240488938426916,-2.3531462283982965,-0.5758669069093867,1.950891187634679,59.55668215302032,154.12362277562076,0
0.1552651557934612,-4.984625479180778,38.70353282310628,1.8855560272014795,10.26999001429759,8.851498616676878,-33.39566936928049,1.558358319648169,1.063162259639422,15.614877950791712,-0.375064795705316,1.807042319389656,-13.508129361865358,61.72754814245961,1
1.3582363320419604,162.78108445209762,1.1634505276158933,2.183726970528057,-1.507091486151376,7.689472723661215,105.91746629521528,1.0064310482965568,0.827215533976263,5.509772198776504,1.339955713235441,2.273821241794847,92.22527124366968,55.98752586607968,1
0.333380538625619,106.41216022173693,170.0189111642508,1.858652431347264,10.57031627195656,5.044880988523257,71.94859714283602,0.8623751266026878,0.4393076650283515,6.32136054452989,0.3763168078449246,1.7496830712475182,85.62024696580154,252.8587779547481,1
0.764858717924435,202.66170418310844,0.2130921432487582,1.0500720992587094,2.9201462937490605,2.3909576103484147,55.27470863652266,-0.7726483087791751,0.1955729521294729,-2.42090721557884,1.0462351847757154,2.07754303705249,165.4449814043061,-60.223834293113605,0
1.4717081018034572,23.48386068304346,69.12458774761342,2.291849558345204,7.623526541764245,6.081262025638026,0.3344711389304322,1.3005936405882188,-0.4365497534263807,2.106315437261167,0.0398805445501485,2.078827294880835,152.22356537071585,29.523170785534,1
0.9255205619178624,383.1978232377328,197.1873739150147,1.5750411969060345,-2.38806248963272,-0.9248042631560978,142.48866748494052,1.7215858369357586,1.4718258230657724,10.64945073763522,1.49561629597512,2.19572408866714,-48.88492917229124,134.5823050111942,1
0.2585925262640908,405.4022499067538,177.13017930645708,1.8722171223540407,8.809193695074983,3.657504245398382,117.19334386527194,0.2127259543679627,0.7137080780920204,12.79198849209104,-0.8092503865517904,1.7985826865284766,-28.542806982331317,177.77389943418086,1
0.4784750556902803,217.8848532677227,168.2052775690454,1.549765981130124,12.48484506544654,7.375948315017378,30.910385093140096,0.5383491621959644,0.225341973435882,3.311115021143886,-0.1103360172397603,1.86386770182068,45.14637239006919,35.094414567434015,1
1.0301254596477454,63.56469406101087,1.5552785038977106,1.5546164848320756,5.711797417307009,7.50106426053069,98.42049692755194,1.6016214091097658,0.5213439134807227,5.108575489661726,0.6370985398394009,2.099220006040377,101.76829837863446,-27.100913782718287,1
0.7713442425363919,198.2318444603524,14.323335076353883,0.630956368413967,8.869957773581143,2.757555380678264,-15.83057457110776,0.7268773327947009,1.18089584683758,1.3449316257240638,-0.0622789922210291,2.1247721483367745,10.414718147850763,142.85089427258995,1
0.1946917748803939,247.97985002123943,114.33156202456075,1.4911700511598105,8.17083114235865,3.333911542614267,84.91503385323227,1.0411982500581414,1.202057810059871,10.40494127481172,0.9930188345220838,2.233138693410188,-25.792942893943447,-84.17042780669388,1
0.644702547069,163.2281100436962,76.40234442023196,1.797048439963668,6.4817929235019065,3.8938083751307193,34.21301464622743,1.1691133286628623,0.998002671100751,0.2469921008086855,0.2538236461653572,1.9889307116975437,38.50278894693159,-34.988266659508106,1
1.3644722416238848,329.9215365548639,37.60696752340469,1.1049207718808982,13.02662066104091,10.89450143148455,115.76309565589531,1.0560063808256364,0.3727071272453136,-1.3864906841687787,1.1161620571806532,1.9945942117772184,79.13349475645165,7.623490920955945,0
1.1087382192089306,254.3812337629852,146.86157212305602,1.7762274745038575,2.656299307860529,2.6844966573627382,131.06470307454674,1.2214589965324625,1.2095121070212995,19.519682617993144,0.9809432169984624,1.6427418063519847,-22.836060789434384,199.6677148671825,1
0.8719687142205553,85.89960720977899,50.29900564354311,1.838104537935544,9.048501286641772,4.206196439485849,68.15347525789484,0.8519975775037687,0.8783073632642919,11.076903874223923,0.7312008918261992,1.8833740770613423,214.33125263172263,22.40837754755254,0
1.0295902001798267,156.8360464848749,198.5311494913273,2.564603198436755,6.801689880183503,3.5994995909913974,66.81138624849935,0.7934750019002077,1.109295526111305,6.40296918175804,0.745723770674338,1.8632719363311427,39.68183204762992,-7.271504536301094,1
0.6332473825101714,103.67106896478673,20.090225154405594,1.1838229472639985,3.260282803956195,5.932486204656174,23.85346109430398,-0.971487943937812,0.4240950187974683,-4.145476980372436,0.2941260634763279,1.814270249431693,131.86040858364464,241.1338479735108,0
1.8412143841728668,209.24592719953907,52.133145309908585,1.9079115059264928,1.736983636986281,3.7596579273589192,-44.20440316204324,0.8480188894621787,0.1279104671951009,-0.3918926069899875,0.6749860635762436,2.002795779141514,42.67662929360541,90.2931355414466,0
1.0937162216784673,209.6196326893123,34.984568795424444,1.8563801824510209,18.15897003218891,4.762248406776973,75.02138140828399,0.0675832281261974,-0.0231292397390156,6.878908160972857,0.4625025025539745,1.6139259238655796,142.8820772566341,63.90316005031271,1
-0.1466807021774918,311.40409507594586,67.60813968587411,2.191767665998415,6.611900767805275,5.599603531711011,45.15766966663095,0.7249981947585415,0.4159679923885305,4.668346006187825,1.086376282405907,1.9625384960390384,-7.179461933841012,155.905505582731,1
0.0305977075804704,59.66992237509805,279.53959593144845,2.130824389585742,4.558308812619754,4.648140564306143,25.33332568094864,0.8960487932856191,0.0344495259130647,0.7570203716264627,1.2758025735055696,1.0720368889129577,24.574708634257448,-34.00348712294497,1
0.3626634922199949,14.955809549307787,147.66602753912167,2.125043029505405,7.634875181399201,3.4902776737437726,62.46201861661972,1.099714667353482,0.7759350412874484,4.106455586841247,1.1336345276517823,2.359141679228611,36.3838748993159,88.7597866225775,1
-0.2355541392757943,122.57708734004498,-62.85638931105812,2.51834981965729,7.431965680430568,4.634901584093257,95.04490253364844,1.1049896143619404,1.500183149855117,2.495764134736207,1.836112183426141,2.22722507275073,108.75341479856972,244.46478011444373,1
1.0109905792667824,90.00145013249329,-25.45440756707264,2.2711783848115386,5.399023196831728,2.787952936957336,-10.78311427606289,0.3757892830070287,-0.0459880484300052,-0.9599460550778643,0.3229905458638611,1.4478719761374823,7.768914599024455,63.740452812375125,0
0.6766059315697789,156.4398580237464,46.33354678714356,1.3695016154493715,8.544970928602046,3.003372245309424,22.91614357005272,-0.7844529487963645,-0.2607487404726829,-1.325056281428412,0.0273152265111057,0.9576054029641208,126.43307077336384,-7.884426319982268,0
0.0101953670424002,30.83974427172791,132.78265757185164,1.882736462468175,9.187738919414556,4.047950640360255,13.357624972038003,1.2803266168409624,0.6618731206536058,6.384136122860498,0.8970175975521247,2.0748499274056167,-57.40830498463099,170.30244903750295,1
-0.0691758364304305,269.6359927265184,174.90180799945907,1.75141468939968,12.849159993961129,8.157994348050863,11.081456945983394,0.9406079044785518,0.4783435465046576,5.731420406171139,0.2501833828573482,1.7511973615246967,23.837631167504448,186.2659760720414,1
0.1528757697754894,16.1414529226966,138.16488034541447,1.711543417020709,10.26325371988528,3.930422736854584,0.3023249117870392,-0.2380689064795991,0.4233719278311442,0.5639113603475217,-0.1493841694145584,1.926397920156677,70.18385229736272,19.582701441247977,0
-0.6181525937825983,124.00069538800408,62.6997057537813,2.7605947472212,4.99211235594918,7.249245559163026,14.807676602825794,1.0729460939555218,0.0700637560699442,-1.2895120740433974,-0.0610087736000007,1.5864242183236663,160.9050282026034,-38.18876781969596,0
1.2463006913617285,40.0265947389054,-22.20856525027115,1.4740007425033594,8.232200428800784,4.348853116501686,24.83972884994239,0.5002139572022741,0.6181360940170546,-0.71820264152616,1.0586636764782744,2.1785813590467917,37.138602893999725,-26.780400434163205,0
0.8652269638279667,-51.50984036846165,12.944407493467253,0.5308973598826774,3.4921655675971683,3.113817850451877,-19.2508981825586,0.1055760394760444,-0.2512065624201932,-0.7736101055828266,0.2701137821695022,1.9919448282582304,88.15881862129314,-23.52135101059313,0
0.8658186401311151,150.49108502591668,-13.53729811653308,1.2756500816770335,2.534531726679159,5.201292137771938,-7.648496839951179,0.1317897686741701,-0.3902813173594877,4.749452251994359,0.4344292719050905,2.2005712275789358,-47.89887877268704,43.16051326234833,0
1.3361787150090043,-106.90204338233346,-11.689439560805766,0.855075794166001,10.473542529629524,3.9393130529633096,47.64189763206201,0.231525298002179,-0.1420621899616507,1.676326831385805,-0.1234854993452111,2.1796288356551523,1.9943759052738912,90.11535087423674,0
0.7354241677794734,99.69360523292288,124.23257218607628,2.637774900002041,16.580085770994586,3.641399148027936,73.22477467084678,1.3103628849187898,1.388598314021936,10.030527881870247,1.0119198646733207,2.062833760029089,18.88007634845583,-5.766890016566919,1
1.347879940131587,184.76798596566385,40.26069401442796,2.781447161749621,7.574746296490939,5.997342480088616,125.32568735370428,0.2030532661269591,0.9803357074988412,1.5191027028532944,0.7281467035691301,2.0899405209607904,87.51092094255596,87.84477389621188,0
0.1568590239627229,94.83091034571326,103.98381805671788,1.835043539211436,11.106163984219206,7.914271116082398,70.89363242985254,0.6415733583999436,1.3521840283449826,9.315999233052914,0.5407074952255847,2.252548093839492,117.12035140644916,243.94290307391543,1
0.8556899576757329,142.0558195692571,163.62268046297586,2.018533978948646,6.028125536466929,2.348620295828841,66.0261366157268,0.3830489256928794,1.1905871475944747,9.30761623755697,0.1521573906282723,1.9540868630832724,83.237251978345,133.69215572308713,1
1.1600287729451102,253.15002954204667,48.57846846023944,2.032349050973429,8.55418235420758,5.076619423074634,72.10722004407742,1.0154592991518183,-0.2802042084518006,1.1909711109948562,0.9902284808295908,2.040378333850769,116.23041645219465,-25.63366056751145,0
-0.3359048772139784,242.20067050704472,80.70700424606396,1.8909172868258568,3.846109653606701,5.724079597678095,9.95668680643784,1.1185204153272186,-0.1280291408300454,-0.6829857046386101,0.237466040858236,2.202483739136025,46.47220520754979,16.889472603411683,0
-0.397566602371915,114.39517893583712,-31.426583021026303,1.855327880490842,-0.0193425220433587,0.2892905608525575,94.1480131687101,0.3008920293204373,1.026962156947116,1.9541145146419985,1.3578952458838174,1.995870261225733,42.584841536192485,-82.2706383345681,0
0.7431605344962168,61.34920360658798,142.10305101577768,2.123449475078531,6.789061851186147,6.057145818676515,113.81454816556314,1.3908210703312966,-0.1076684713775777,-0.0645747966189684,-0.3353567988301736,1.968660833306938,92.84578532340518,-50.41065458825428,1
0.4785007179370669,237.72412490289145,98.6902106687456,1.72126209225448,2.9956876493443847,6.081436022598575,116.14029336682358,0.922305743776234,0.4906527275019174,1.1339935004368709,1.1093414979787972,2.175183132886494,96.4578933665128,184.16887596983292,0
1.099642625122309,-2.6044579317759258,198.86231428034608,2.2829460915512847,-1.0266789615492566,2.185269243530171,42.24864761928148,-0.1105658122198443,-0.0058183214075201,-1.4073255210532638,1.306699983662755,2.1625721379106357,34.13158402067448,218.31981674900064,0
0.3380485520259593,103.13446956981798,62.65331858484906,2.07420864488913,4.794346113109103,4.767773884651001,-45.41109778254687,-0.2743771932555148,0.0478610990070186,0.4497586340209483,1.1665721404878229,2.1649914362760856,20.64186426355329,-9.895805055033712,0
0.5843009404648908,162.61833995296718,130.2279058588123,2.554757713576035,14.01439952605633,7.460816986952359,134.47007094918777,0.9162656713222757,0.8689980152988428,12.295188452265164,1.4912124542788077,1.4692610697753985,155.75626163098934,-22.58126609328728,1
1.0215765700520314,31.810779695729806,-31.703607520020284,1.6189752200477865,1.875085286064036,7.351153474407653,0.5775305122209531,1.5408986953442363,-0.0285097771207207,4.584114098757161,0.8140222738829684,2.051162530690193,-0.7908608291325763,-85.32349411030143,1
-0.4474459441615904,147.67789091323863,51.28761000895384,2.033497077066251,11.998719117733378,10.05891100966826,29.87316151275569,0.5413629093353094,1.2324494790494187,7.8139001718055185,0.7987659936304017,2.0655936718959413,48.12555098130091,46.40140252019951,1
1.2679461781074282,52.16054643318368,-18.423018863020488,0.6709426071475935,10.089916802383762,5.916085530573686,50.75719016437447,0.9246339987672358,1.3711112447707945,1.8908467574700776,1.6859676709423796,2.5108597727978443,-15.365211111322113,95.0419952895646,0
0.8397056456071761,140.65582149237918,134.9558257984479,1.45118652962872,9.067287316193529,3.435788050433508,114.68224657287304,0.7265672701437871,-0.3433786278602503,-2.234908937241184,-0.1526086367485933,2.052171948846774,-60.71666808807355,-1.357069384212565,0
1.0732374520096082,290.12996872340966,147.5954383727177,1.789818929883152,7.769873453998194,5.7729377704214295,122.43372258960986,1.1573377605586654,0.9212435668950906,5.4422590665834125,0.3447616606507965,2.07619211777474,40.56298906136645,162.7315665067755,1
0.895039444677834,247.3371465468367,9.035042472822198,2.108842652466734,4.50483396218929,2.8503775828083606,103.44987178599476,0.6627048597699061,-0.2229593432604587,2.791179888629564,-0.0589159526925699,2.0410499123946466,-38.522611174657726,-22.47434276840089,1
0.7814411713878042,234.8244816066244,110.8063047807092,2.211976216598784,-0.4759266886466449,9.96186715281807,126.23929065066623,0.2096287819227196,0.070766583954801,1.638086229208205,0.9725400024974382,2.1339353167236865,102.0050863836784,-42.14719493353562,0
1.1690561219964208,198.4149703073212,42.15174962213631,1.7580909801488744,1.437050270535523,2.54449043783184,-1.705840465489075,-0.3617626768999082,-0.5415185807255222,1.6191634794097285,1.0818178604955222,2.355495476728142,80.42489267862426,18.05661027255033,0
0.0685652304378394,411.4636677308256,229.8108619062969,2.113139173142961,4.27481035146176,-2.269114626211299,-6.381175870710841,0.893088495912862,1.399179607739582,16.434542181872235,0.4942335531066826,2.2949586566801257,-36.8162571630366,112.96960833018306,1
0.6035716437887637,198.38821469729348,82.98107155882829,1.853671622014602,13.002697987345655,4.1689392694399725,24.64510103391028,0.9193048672107352,1.2753920379509889,7.9323142963045585,-0.0783777394489442,2.0339457092475053,104.9337814808709,105.59865112388768,1
1.2798567373049805,178.49897675887536,81.28643458536745,2.285137645624613,11.831561873991854,3.92571297255751,86.71117759958756,1.76266003456249,1.0333357323804917,22.14560349018021,0.0721438275303089,2.05145599097401,27.13823087369625,207.9285956308434,1
1.2038164651180052,94.61757808082656,150.42401155288957,2.5762120885011583,8.663352722214105,8.006003174682759,33.37827605245265,1.1407027068493338,-0.1487284366517264,1.8882271939479796,-0.0588857600353292,1.6693442151837732,32.30836416239774,-54.9633579926254,1
0.6332915325623741,232.06081323509596,46.27814289324383,2.0287105208721075,1.7228819038748568,2.629501375600197,25.47720992308337,0.4240525272379407,0.3841108243365004,-3.492727052223118,0.105169775478969,2.2122604674904,23.466087394667348,61.5980581885378,0
-0.0141296332534732,203.43607458055092,144.10987067459718,2.1897044404697468,8.099746435575756,2.034212898985829,43.83412583724917,0.9296593496585444,1.7054671590164046,1.027561885698058,0.9181538078699674,2.2532767459784893,-16.321488372272313,82.2656710730511,1
0.2838586017405284,57.32040610519178,143.49705412346046,1.808905242569538,6.158659067817716,7.941263766839704,-23.585314918125302,-0.5890674829932556,0.2880672206034297,-0.5430314990014007,0.1152264641931539,2.259120457649975,64.74567584199833,3.704780162814302,0
1.5135684792293316,94.35868421498492,9.211765088825416,1.6752355173164637,11.552614732949294,6.923112369123664,-36.77084187747436,-0.1210263614229242,1.4379993258210204,-2.0833405745111757,0.197637417844962,2.255309084526105,113.5253601248836,225.9806825682564,0
-0.3474100009450537,-1.416358173185671,102.93909015384357,1.9716433958869573,1.4713598317791048,1.9555106543192224,74.10788287566045,0.5498869323266842,0.6201778949484276,8.183846545012148,1.013175011557443,1.7551220540132604,14.11229290449802,141.36797898133366,1
0.4618924230434107,178.57183174297748,80.92154361681997,1.0472996889405553,7.461445877671129,4.945597958743842,-6.422119984464437,0.0823607404960993,0.3019550521669482,-0.5854414836183404,-0.2149041829641839,0.7503566946333082,-10.363003570914358,-91.9732550129628,0
0.4308547226833449,23.12684242017781,0.9907587239137996,1.8590854854609424,16.18098291677053,7.765068180778788,24.451425799949654,-0.3255250839799508,-0.3460086669005784,1.1038666526156824,0.0603381954719127,1.6119983682684924,63.179380456110735,32.715560437819335,1
1.2452988268319205,69.68301143696605,-18.55989126653931,1.5135769665811218,9.625431570418645,5.239096976285296,-4.773264533019713,-0.2426537907161761,0.3692576429743528,9.94604445457252,0.2879769655766589,2.160921745190914,84.23983309350592,38.325416243607606,0
0.7113956291758522,221.83174197368768,64.7210977074475,1.9441634502787464,16.187033623311933,7.026196111260619,115.0399840087133,0.2874706137215306,0.3653363542560838,1.3966125458307452,2.130425739393587,1.220416013250516,174.4876061958647,-43.54044670367046,1
