A1,A2,A3,A4,A5,A6,A7,A8,A9,A10,A11,A12,A13,A14,target
0.8064238193134233,158.7304953261946,94.910128051744,1.0855830068799257,13.069780160451195,8.569224131971874,99.08896229036452,0.1431497211555155,1.075868520612952,-0.2357731849317534,1.0187481545231574,1.9252653748313024,92.44006249514344,56.97700165492414,0
0.0091338286704387,82.27791880153413,25.241817552114064,1.9898254532964252,9.01536529527199,3.51435397293605,31.518481114836096,0.6796187807824685,0.8406325865201505,3.1816762327846706,0.6646674455068021,2.015649674908769,49.63320902782382,92.53597613904115,0
0.270513007261167,54.19271069225296,49.17329375488968,1.8004173628497049,2.89512536448874,4.672357137720278,36.85646157548381,1.214497329923295,0.1102598975077762,1.2641980968926991,1.0881635689267914,1.8841768076624583,76.78928333483087,-35.351679553309985,0
0.1453175768885701,104.16521269718754,2.6877378619771832,1.8767187465453756,10.6460386521297,3.521055746492324,31.73735054574564,1.399623166311649,1.2776499253104263,2.7118505058217464,-0.2709008280126219,2.179699954152284,67.98199973230858,-55.4376732078125,0
0.298510573973295,86.06473982342295,48.49358984960753,2.3856985093656853,0.8075428838673,-0.5528511070594213,-5.467763871328046,0.3269144258972115,1.0837223100418971,1.4781727025824611,0.8463660307580243,1.924793968510885,76.49576982209604,94.74437151522883,0
0.7508801563432749,346.5915233929124,29.699752913131896,2.221643254413622,7.196135748001852,3.6236176631077273,42.26766991011764,0.7075687283389742,0.9969379379632282,1.0357253800549238,0.9113400402075394,2.124331024535333,6.275099568728997,-32.45075796890969,1
0.7921038131520007,184.13990872955125,48.00013722030657,1.2375367527888816,7.993195596958458,3.359310729127486,16.517520866462462,-0.5042911813690916,-0.1676241903038676,-0.4946790380611228,0.017559788471425,0.9727463304769348,128.0641169257339,-4.711416919988601,0
1.0484522838553527,155.6414828628876,21.408879353448803,1.845078181774556,1.7598563642400986,4.3073914692898905,16.846994748410587,-0.2727668164370276,0.0670053638401638,1.2871776811383522,0.2153375771108698,1.982111283031034,79.4179689058162,-4.629714148589308,0
0.946477650232689,175.01020493651137,75.95487704978062,1.833523561716115,7.070152036493537,6.614166787029551,-0.7263884115631924,-0.0817182181790577,-0.2558409780936388,-2.4616722903363284,-0.0262049696480685,1.8659202227664475,156.23913682028706,-51.30922242144087,0
0.7753684671558616,132.934916948828,26.19473703777924,1.8350028835478172,11.592947851900473,8.131059681944606,3.8142108276836666,-0.015413328192218,-0.0200384898919798,0.3329305055810634,1.0313513207689875,1.9134782757352693,132.1355179208138,41.93022326031172,0
-0.0513614879568965,0.1564440818388561,0.696263868637061,2.509527207544931,1.920739116052749,0.5844847431258247,8.60441174386838,-0.2272007789744839,1.3349400727582497,0.800708507609166,0.1123452054316997,2.1432337115443274,60.98492064729941,62.08813507787078,0
-0.221122042500002,320.9704844488773,118.83299758685612,2.162857236397428,9.479954501396788,6.517071283747937,68.6261288790648,1.016186534232508,0.7116253020268049,18.09513989345151,0.2509961890280912,2.03989611132102,-26.949559914793756,182.88650186494115,1
1.1722511144976324,63.17463699276094,-6.129083554798896,0.7884631045948814,9.700660801532418,5.231769269654513,54.41533653424074,0.9515504277789372,1.2385715144955105,3.715544344087907,1.440979217034387,2.3284098539414715,15.836649999864356,96.81271125757726,0
0.722068176376821,353.2662456382334,197.29595907154695,2.3942743371387616,1.12846262097841,5.7579107357872825,143.67890680817635,0.8828256511884938,0.8346076272159167,19.344964662435423,1.1288928921382673,1.8104585737737944,-22.41789407472328,-81.91350851176443,1
0.8245021145890945,203.99124300754636,142.30348303857662,1.976981316858375,1.5262464338147057,4.55899960996602,88.28111480922735,-0.0839502230391298,0.1080404061547869,1.9485272842021848,0.1993133137101863,2.191281412599379,93.6665877702248,98.46060468999907,0
0.0496675610797485,157.29780552330988,13.089818892938723,2.005947173418721,3.2025598900246965,3.4528700275619766,13.696703576391418,0.2893016855150556,-0.119110670719963,2.682146152132993,1.305119164245648,1.7791995292311302,109.70770615063074,33.33283033392753,0
0.7967485473431098,79.08008796513491,-18.15711860752458,2.0880031091371136,-0.2589371567261089,4.09373572141498,-29.43323900546732,1.0941781925640566,-0.4013326753271323,1.057562149108774,1.3675873421331854,2.2248566512784977,-36.47715049327863,10.754728889247495,1
0.8585316793755206,170.18859965325487,5.030646433761703,1.8534869945885737,10.17043251676778,4.566028982470143,83.73619327684172,0.9175860429782609,0.6289388299511064,3.632752079247215,0.8370207383259362,2.1745911717601047,150.14718380503493,217.34654005336716,1
-0.0046821679392068,282.26880161720777,85.55601822626647,1.6776081273011598,3.768768640957232,8.299895393737858,37.04690088419313,-0.0445095265601214,-0.4881131103402356,-1.7968352271078682,1.4600703815615783,0.8531976848434224,115.61488628795196,-29.534415892618988,0
0.8981025259855517,148.80823465763507,75.0106042933213,2.1433549878115854,10.50581164170266,2.9682961890800144,70.1928799996183,-0.1916495170135864,1.0577803586851713,2.4685023955476235,1.108766270155808,2.0452763303798136,14.48880834622058,-40.12589464751604,0
1.2515883232280762,126.27545764182972,134.28766844549244,1.9900709080405536,6.465753157112938,5.871517212811202,1.4869445597966902,0.1860856694512861,0.0416623933216567,-1.3857321642339118,0.6827143805499634,2.1508365768153634,189.81969720143277,11.555598684552756,0
1.2261290073744668,252.6093617797724,22.96201932659889,1.8023406062106384,0.5462010203384304,5.438981503813682,33.02804284369275,-0.0304609482312775,0.0081390774153061,-0.4813486672948057,1.1995473772868304,0.9489531986683056,-4.3972461134089045,20.900764383443292,0
0.8751010159168938,65.57053140278585,34.906924407183645,0.8976024715097323,2.3853740827815173,8.01957716951275,91.16685418294698,-0.0537970690889588,-0.2278556289652904,1.3252364165255124,0.0493240694021975,2.1826318636100592,78.33067094679805,128.66577888712595,0
0.6658497351683115,-9.628129758167889,139.45914903909133,1.9112977105191875,8.514396258533802,9.735550534915568,68.06764179156124,0.7837624174449904,1.0774084242520283,11.261491017067849,0.936244576828417,2.0249019115124622,112.84936700416505,80.90995961397238,1
0.997028562405448,105.94775588379898,191.29714216669043,1.9956634081912303,5.226694469493365,4.98238658923426,18.733449891981152,0.2112512721586847,0.1485006889502201,-2.24122964561026,1.2503531673065762,1.9384725344604128,76.8531516688761,-30.79118256350321,0
0.2625070920977205,1.5932978057506375,37.89360236772913,1.8228907423969491,9.887133848673985,5.323585621474819,30.136709665978906,1.1038859101313032,0.5834209816439234,5.378560004811529,0.1351169051749928,1.9754777876292289,12.944046051568158,-45.08566961993156,1
0.1696635821229498,100.68254547567904,194.3199019739948,0.8374334744738422,12.781540122910336,5.654211295527497,60.77396012480126,1.007800462899337,-0.1165320528988828,0.3715058644602456,1.3837073149788168,1.865062610672938,74.44865115377588,53.65883475690105,0
0.992169663976227,29.255700928526736,-23.333326335737752,1.5771683897077966,6.24857452170457,4.290260384762425,21.754692612097596,0.3531701441582604,0.3495201452400177,-0.8105841162961669,-0.0789791224037719,2.0645417521544984,150.54342706228715,183.38304928028367,0
-0.0575365708426837,157.02762833666887,5.474873153982415,1.9000156604172267,8.132949869780767,3.449846161365784,20.71833853092029,1.1502630975117922,0.2500283930850252,0.9183710597471956,-0.4396288282159636,1.0948600272991156,83.55312741602711,11.094357588985368,0
-0.1535546586681458,121.3020656942072,10.366448250480218,2.315067322518277,11.031240266630062,4.158366598448202,18.10588456336381,0.9964535629330502,0.7294547915778331,2.6919230864919084,0.7899192481990651,1.962725723381361,2.8752553879705687,78.12663726492343,0
0.9737212790501372,131.9087066425061,-14.65861943827575,0.8409867253498606,4.335073201785618,4.756478213567298,4.186657429038455,0.2986943965138229,0.1907433415310757,2.527204418945747,0.124234966976685,2.3127630293991897,64.74237595527427,-21.49325717354932,0
-0.2765716632196506,-0.3761468824571352,-1.7508455383274537,0.8430463008422038,8.325986920448202,3.3422826665940004,4.087379957054132,0.7711989883735523,1.2672430047128198,3.732177229564167,1.0420309447668443,1.8652582470163748,-7.877648758489954,71.76206054147514,1
1.1799079025532015,198.6779136307056,85.11270794773621,2.1833027721872518,10.463146918994765,4.309386910929828,91.100042742592,1.4902814507901725,1.021430113673173,20.30788795797299,0.0463781748409128,2.033078851340435,30.660291275947596,190.81124004839933,1
1.0699031409200268,273.17365027620474,136.911010650536,1.8561462336096228,3.1361924121960545,3.1543192797331887,119.25588054792291,1.1423664977708683,1.1346863545136925,18.262653111567023,0.630606353784726,1.770334018369133,-14.323181936064955,210.8578167003316,1
1.3526495592725745,48.135630063895945,148.2784054476809,2.2119807643559746,6.803577902891541,3.467188335788797,65.16739107250177,1.000060708028662,0.0577958494177458,4.794642586863152,1.0753880992205325,1.6804646872190268,7.771528519780809,2.238261351352889,1
1.035741590008061,69.12733846546261,62.02639185260748,2.1918204484598265,8.706962080586386,4.598584034266172,9.376792057277054,0.9811602257776032,-0.1931470082924226,1.1278921193668734,0.8607668700241381,1.873030749742564,19.32347275689808,-10.722536715779022,1
1.0317259055456736,307.20767716079706,148.78878990128803,2.0536244639183394,14.803425240457427,4.034621073112095,-18.023075985035064,0.3557534284991918,-0.2055892345709649,-0.89389165426884,0.9912338773984256,1.987880989468516,137.27070690637925,-8.969287351238044,0
0.8800551963126246,65.13768491430358,142.24447561348967,2.161082756293948,4.402421852939463,4.662015965904005,19.781152448410847,0.0165397343338252,-0.1167390991391712,-0.4784925845775087,0.2892015851131481,2.1027655284574336,-13.387816577030849,2.3020629968754847,0
1.069480024267282,385.3603018606998,202.0334029072124,1.076415873867397,3.4461991026388032,3.96512362797191,126.88610326099854,0.8160361946326861,1.2407573821414886,21.40813861319594,-0.0397911083598661,1.949317195861669,-38.77877833842311,-21.00357082648808,1
0.071249819538394,267.44189267997933,75.70780383511043,1.2827024593268883,3.77381641786584,2.9622954292463417,11.121292329021262,0.0893026776779062,-0.1706169052659552,-0.4686020045956347,0.2215770147426453,2.1601067795678466,84.38080412440281,79.96878888281564,0
1.0064992626522549,316.0851471999995,209.1001528101748,1.4831059326627145,7.65577246944384,5.398880504781468,12.576436682270224,0.9146354845678308,0.8323878049729714,3.3775045435990627,0.9268508529832118,2.1918089176095634,107.1304215823751,-9.981536939897858,1
0.0510858348733644,79.88062469081451,69.45646689871327,1.7157472155786029,9.37082624874053,5.445469377057726,29.318952197804144,-0.3107866000139032,0.0501165013101733,0.9032268166713848,1.1937217734812833,2.081525767983241,55.03662913493232,24.823454252497218,0
1.0539534075777663,6.353162864244638,-17.87160837101038,2.149271214675632,7.536780310949906,3.541248103249387,23.88497592580695,-0.2353860636777309,-0.1776885010984354,1.3834909281643908,0.0875414384406254,3.066692820772353,83.91049459803762,7.491348124731289,1
0.9323848271093848,192.306449411342,31.77531549359796,1.1356743335103334,13.91546633762542,3.7843853439252624,-6.262553564002218,-0.2346282912675505,-0.1320511774856949,1.0356486062825023,-0.1762882536872659,2.012907044362119,42.96433160236621,-53.296260830575726,0
0.0982772805699574,36.09093402173353,132.74885165062358,1.8145636252275985,9.454948819926251,3.955271759406518,1.980066014720244,-0.1530442970225993,0.2721676678914498,0.7196573030805493,-0.0960326803379303,1.952684377243578,64.04676219116175,12.946022355087983,0
1.4380027321893758,201.87494545236527,44.22002075379434,1.9422835634417008,10.446872695170226,3.5391628238174557,4.882015664897338,0.9971329768333131,-0.1266316426170667,0.0453970884006857,1.0657636232098204,1.8687371013854095,94.37452666852764,61.58452785664669,1
-0.3975144717251985,-3.3442511562915342,-55.202106790371445,2.046591171314225,9.341220305357874,3.183248671966558,35.31019693122409,0.2075985717790802,0.6103591377193374,-0.3975543879333734,0.9488557334069584,1.8989099695080491,17.90151847770455,-35.31080797043543,0
1.2212346628388504,243.0563425627009,-11.20536844262341,1.7431938058689842,8.883208074302734,2.794602766557638,6.315109794013786,0.0683602167187797,0.7467436928873178,1.1418143559212304,-0.0211022904397396,2.067674684711556,102.0291998268363,134.84400516976842,0
1.0128181583282854,259.559300612243,35.489325735216184,1.7145251471561629,11.979379307496252,3.759537675154277,-8.588524890810483,0.1396984460142822,-0.0009303018407189,0.1297773287665919,-0.0867584440863543,1.919750128943944,146.24933519711982,-23.04298901690462,0
1.5684170967899416,48.47483991356063,-5.0212988280370325,0.8657377294198194,6.438669749245383,4.839065300035879,-0.9525116371409156,0.0286257230488763,0.9858614123989554,3.3270513281534235,-0.1898431542207808,1.8554770697996688,73.65473653244841,21.644793142324545,0
0.0157621453346092,161.57210310382436,22.469799781426865,1.809025925634572,9.123616738907756,4.573641978439114,-12.16801597313242,0.1907893253624391,-0.0357037701783078,-1.5578948342404493,0.102058132771462,3.0291528137107555,60.27511323470994,-0.22430608157795,1
1.1234501233967638,184.8625328365129,17.844073922435385,2.0312635632780927,4.641880576351968,0.9842341502008848,-10.323986000510756,-0.0390544703889707,1.0205208835030213,1.7257549112028592,-0.0070298397427271,1.8060463593482208,10.0229824604937,15.118371716988191,0
1.0475210218403113,224.55870228485952,52.45648169848029,2.2280697635740645,8.92646654923991,2.6855091555243398,-15.004644143226528,-0.1873572632790389,-0.1903072055020392,0.8361990826029762,0.1378054666002436,2.168653631731503,108.3954126864207,-13.56884502716435,0
0.136438960152017,204.68892209918536,26.26250046252093,1.9751120804265376,4.422385899462521,3.1311026797256183,42.61475441525932,-0.219669524120026,0.2400863043244845,0.2081431051852824,-0.0057484324933995,2.0754941371088305,73.57839335392667,102.56425725880102,0
1.3220022579176152,261.1029769396296,-5.785295148669533,2.145064546337707,11.202879599527243,5.756383111923284,-19.06075494705765,-0.208245639847122,0.3305793190043712,-0.9199013671609926,-0.2965186086809923,2.934670871200296,73.72076727572255,-2.3472519204604723,1
0.6268810913008127,346.34142208521047,117.59800019106154,2.4675745426337468,4.698577416888418,5.306364038530538,5.145742331901019,1.181177394965193,-0.3668355805339534,3.6633494913363385,1.1763399617135188,1.994771720772328,93.3877202206938,-24.023320586362185,1
0.8007844757724109,235.3027528313957,67.02182616339236,2.008270733311558,6.4135773251759325,4.487356121683535,78.52328527973717,1.3460937922461835,0.865047927113237,8.907102260362777,1.398118059802178,1.8856601181308124,147.99034104524608,240.7037942749472,1
0.9927147296031826,18.379753798559705,150.60402229792305,1.9459304299797489,13.981299335389629,8.42978867988439,36.50890505046105,1.1646825755740453,1.2142014110704675,4.623478191865421,0.1277306120250926,1.9950677127528849,52.94162482107365,36.07566319245141,1
1.1190671958216027,61.14664467841871,27.067327595115717,2.1004011319750617,5.658843791815433,4.562702649786536,38.71445582125903,1.001880606302323,0.711861558914215,12.222022297592169,1.207825708655894,1.8915693443102657,56.39974700237198,214.8611331807529,1
-0.4430670418329937,124.1456953719727,212.2994608781764,2.124649853010192,4.543076700240389,4.603647227565045,51.05771764775351,1.35035627223467,0.8049564563990124,12.589172964854615,1.1675411549278296,2.0077140996045983,14.812625736204907,134.5534159470655,1
1.0774339310564298,211.37799005217784,30.90567261873386,2.1573721209022727,14.76967487767671,8.208633631472386,96.8292014040348,1.0607617797622535,0.8077981824777412,3.732357945306945,0.9658038846756228,2.0515160212019703,21.748882394531748,-33.602547782478915,1
1.3127883521115953,264.6504552134974,49.929293709203,2.0405571184098186,6.751990199586201,2.7025978288042216,18.5924854042909,1.0111929513673588,0.9349953655382782,8.334183451908437,-0.0083680394874041,1.957213025893881,41.66041927863552,199.89919671031768,1
-0.2072452949443028,88.82315408771655,33.27162647053942,1.544658199288482,0.6564433209798155,0.5121232595421032,13.803594590415774,0.0792090408780042,0.8662702068892325,3.070289062331013,0.1621582503642276,1.8967317297360955,16.768499489591584,21.254972857412582,0
0.94486436867753,302.1706093343579,61.22935103937252,2.3249512067145077,7.129967452311487,4.636587877845565,50.491672225958,0.7273606646593038,1.1239037038217057,11.512360560751976,1.2462088956384545,1.8262703818512247,135.64058195089228,232.5997315930535,1
0.160214883679849,297.29618175939424,54.02444623618971,1.82957907165974,1.3601395265946783,0.9679048843291688,-0.6384748563624072,-0.0256948108364158,0.0238442049483073,2.538341019697465,1.3088935547076677,0.9996976382400348,35.91987101546916,3.0598993234356726,0
0.9977162820380092,68.88448441210944,96.88385785709492,1.0147568204512805,5.521066360150247,4.431080174210747,37.43174544540784,1.0330113560282923,0.6788715224704027,5.972160589303753,0.9765906587937816,2.1557062208231947,115.82591549242971,115.5477597680478,1
-0.2555785300962311,133.53975788732384,6.940053772197359,1.906996494601256,0.3447083786864118,0.5431153605480716,84.0951513227422,0.1934305902774239,1.0173328151802887,2.3276450451269985,1.2300755152110254,1.9973451679308285,52.01882670183802,-51.10255321507949,0
1.137765198162251,200.3274934026425,102.75685617736016,1.9655380785958845,12.69504051143644,8.379235239577659,117.70439441403744,0.9159380269806168,0.0517440839598176,3.1640371964014014,0.987844693849455,2.0713730616135586,33.96208885999639,131.07318882784807,1
-0.0200304618076466,260.44368705965087,115.36170042273687,2.0904707255242494,10.323144399933303,5.563878219932578,101.15430660073484,1.184023669171323,1.021058616408804,8.423558456144143,0.1952416826795927,1.891897041675144,85.4764369369611,289.4553280813415,1
0.9488068547080636,141.25088035032556,155.8101130773597,1.7697747445787533,6.267528056727291,5.476531040553275,4.039387845536254,0.1006274916552952,0.1215260094025925,-0.8806098056477909,1.114502609205211,1.8127125968347209,-11.983282858983571,36.16437088649664,0
1.325809596202857,317.7912280619859,185.668517196958,1.219261223718463,11.489565034973362,7.4832058788058,84.72495323965231,1.409521312121757,-0.3388788695229312,2.8642063945711875,-0.228310104883075,2.0137690483002486,30.965041009219217,-30.316497145261746,0
0.868910042296422,258.97599783953274,73.144119390686,2.313302133903427,6.60238148232561,3.804669376970869,21.49909771508262,-0.4878629694197736,-0.4483886056017977,2.443786337274622,0.0135572494900287,2.0336520693567817,6.473925451028798,49.24051186959871,0
0.9746126842371696,89.8908706612358,94.80414261634536,1.6352112894131725,9.924361672065864,4.735168612298398,51.45353546579878,-0.0118495459551257,1.225718287055689,-0.6690862808225635,0.1598678987258289,1.8963800913467883,-33.2707655999985,-13.747095027032152,0
1.0190222715441744,151.53745845456243,161.55573895871038,2.362959198995057,7.586800637260823,3.7425354513516127,80.09303401689243,0.8672339297929906,1.070261409642982,5.187623045415884,0.8365367097192173,1.9121033876414488,64.43832060204781,-4.317395773336415,1
0.3768128120160166,72.28780724113446,243.98974024164545,2.08410139330512,5.073198522398414,4.416661791339664,39.49999508060984,0.9331742242550408,0.0221461238012559,0.8437988103312972,1.1773016543964376,1.0463094285869017,16.869455550594076,-21.502241721893192,1
0.8381078476680408,255.0380348234218,64.36283661606467,2.301084710782318,12.912799184529783,3.971703465515557,63.14568304867493,1.345207248789825,-0.0814653718506838,-1.0050290829633717,-0.3950733691659323,0.9132026969537236,-29.18742086346319,-19.35942668616949,1
1.0657367438757537,153.3923546127303,45.67832489726562,1.14992001096179,6.54228040662006,3.770974349656374,67.15934479643148,-0.3074134991815518,-0.1794170514974459,-0.1284271740272227,0.7480013779512475,2.05911188076354,131.8330554098457,-28.68370586425068,0
0.864544635711066,99.48212905245722,-16.34001810546158,2.087996120759461,6.393515378782473,7.930697192017737,69.78365135374938,-0.250518972137594,-0.0510461649089588,-1.88959901004096,0.7953293824263432,2.0304728787962483,138.37286058159276,92.83045784804465,0
0.1009331444407626,56.09530687513096,44.51916188947682,2.087879433904076,4.160829575111482,3.577564542803759,6.3081162258548815,0.0117923276166357,-0.0650444674136582,0.8122547245954195,-0.056494259213722,2.020499581080541,122.53718089602587,67.09835237960309,0
0.9191619596875052,118.63840494739088,170.03920945412784,1.0447271645251242,0.5042163056983,1.602142058063487,8.761749717071215,-0.1555175671074599,-0.0375460141565355,2.893527598044724,0.0881965477812499,1.8122924395078428,78.60573329664054,-34.45489995776982,0
0.3386424456817695,156.53414245394464,145.2856907213008,1.625438792545221,10.485755433062018,3.7435750552979457,15.897381104956184,0.7497572376031105,1.12902451602938,3.951545363210209,0.66494873842525,2.0939499480908004,56.59840608490278,6.621221346298604,1
1.1589743909705503,155.83149466634416,7.354619650502585,2.2789244184462363,8.170632677876952,2.517212780843948,25.92803924953703,-0.2294879699795213,0.0116150595615683,0.5031887232793197,-0.075518971690117,2.083268363322745,76.05327353280234,11.331307294768903,0
0.1297305489484016,410.64352178014167,103.6247601231376,1.8085931221829328,8.02747936412524,6.928621512371386,61.785574276725406,-0.0147545798130862,0.2306366500762705,2.11438630662566,0.1024756425467867,1.945926005693208,26.214407010751884,132.60039716545438,0
0.9747563305043634,99.6619629617631,196.9767127433028,2.09232546918618,10.847304746816263,3.653786206646201,73.51309104096012,0.1219346338577249,0.7282105914395849,-1.1633645237551402,0.8454462474224962,2.056273195277393,52.24361148855374,64.74820710529862,0
1.060587849629895,178.4535103044346,1.8743273832401144,1.0152000454603858,5.876932060084617,5.476730623270582,49.60745392619979,0.6006082078987018,1.0721331298065184,0.6208862104386386,1.1294557912983016,2.0062558533301327,113.81041383740109,218.42620310706883,1
-0.0604306236207433,228.35957681153477,30.18087038657009,2.390220090059912,13.29354055696658,6.192967706052238,4.900008264344187,1.0050526242398838,-0.2848235929025501,3.0147492215971505,-0.1125783091877248,1.9130572421479048,167.588775347208,267.86120843878786,1
0.9995967243455992,62.681611249191846,117.52314737358184,1.0273947033804895,4.342139912030008,3.702167284167324,-5.355733123378897,0.0947617148892112,-0.0209300821720418,-0.2031096933135474,-0.1484777353907944,1.837360656179401,65.3134340210281,76.56993758912444,0
1.0471596348781738,97.4932462114608,90.60519462737754,1.0360850657644762,12.891199671851329,7.850569221674126,-6.609727789686197,0.2948081944414742,-0.0450236010494861,1.2818598217753387,0.1286315914169736,1.9004643745940064,44.01996145219162,10.971040349825934,0
0.9625907269546417,230.66681529354005,59.98756534974005,1.903939410240285,2.6706816473423185,2.86055469857952,32.48595639481862,-0.4015809238618713,-0.0988723216724294,2.37765360107507,1.0679445447528133,2.0793204325405865,71.65013774402206,39.2379012015097,0
0.9547524767138058,320.48046871043573,34.34774384350114,0.6518090523683577,12.135395636849822,4.611350213849897,5.856261449434495,-0.0834790717887913,0.2409580692696493,0.0167501626819981,0.2574433330168497,2.0728539145561955,6.077768929582788,79.75674196695522,0
0.5714543462122588,99.8783596168384,150.85572893364554,0.906245427235634,9.071948128465554,8.32114118416758,16.39948809042549,-0.50686853118017,0.0906370734166612,1.9417409058641228,-0.0447581927032619,1.8457581240748089,93.84563745509108,-46.87418408907066,0
1.0530833671819244,123.54860273726167,5.919568499190106,0.8462361870716105,15.253714679968564,6.635592928316256,24.444013883721496,0.2967938699863305,0.1914770076646899,-0.2477995247167697,-0.1830676611305611,1.9717751412803148,59.12465062348305,-29.43687127017868,0
-0.111211606183761,231.66892157461547,85.80687048987885,1.115121172170812,12.10355007446833,8.455449553147933,93.78147012471302,1.019443983991766,0.7997625563510562,14.396613231217746,0.4828154660222744,2.012858435044317,-23.64418055641488,197.8949924791699,1
0.7263378753971258,21.38558218990985,16.08045087708966,2.272022544817495,7.536165135818925,5.107128412226087,-9.344336381043746,1.0126186594645274,-0.2184140489779822,0.2496499201403623,-0.0587647351763009,0.9024675902166605,43.77524080222746,-45.20655031582594,0
-0.0391803036088972,176.5698122516405,43.70381415050754,1.6719039972277192,3.2455989978529027,3.901183049637904,38.12016103176717,1.2595351667963692,0.1308849453094089,3.0848494579138794,1.3496965860715329,1.896154897288584,32.10745396786912,46.094000047078325,1
0.8364270224925714,140.32708133876758,8.702473734566425,1.1500211748470717,9.994127395450672,5.143580470095391,25.993902619032323,1.0067053794564238,1.1243961284571475,3.01324129341615,0.855885548694814,2.073515950325946,150.2188721449101,20.100309382952226,1
1.25843270157424,155.3182456174588,29.15477312557488,2.1822862817535054,8.815375451532848,3.444082128721674,0.1535277881453609,-0.167359984699305,-0.0121785485116844,3.114726931241925,-0.2324055087853044,1.988643198515252,160.0109596168978,-60.84138710267025,0
-0.2345855686861829,179.85574408434417,58.18398844463897,1.1154392823508386,7.445725296417781,3.682169947879118,-6.440182895528217,-0.3483400904918624,-0.0357582028008557,0.2616190648463683,0.2626601235717785,1.8392013165525185,26.022736047432502,-28.369172869824645,0
1.2327410254670013,95.24741206682884,36.01433817911337,1.8562894411921216,2.799544549697837,8.323418118944002,14.69986044207069,-0.021102930110412,0.2402394038498752,1.0144939617721491,1.1777592534263714,1.9341793411168329,39.38420606036423,14.772402626477522,0
0.9133601910322644,-9.542040236868218,15.464261960086093,0.6984340170674355,2.6021064363124653,2.358882903861921,-12.018434545930532,0.0678703110917428,-0.1614899329844099,-0.1401779250175319,0.1736445742518229,1.9948216753088623,68.102097685117,-14.763725649667002,0
-0.337406170364858,70.64977620780945,7.987544095713787,2.020722503702349,0.8812130243082157,4.471420350725339,-5.640929381122312,0.022513917857888,0.9367525978113844,10.492299807248552,1.4444300834559416,2.006249900391583,87.32769935632774,17.79250107092397,0
0.6171686436412683,87.4940863062902,108.6125070297436,1.0554696442367697,6.60261799796195,2.721827330080018,61.893797704151126,0.9249759498739708,0.1866014398523904,-1.29965101097336,-0.1697927416826224,0.6791763299531401,-34.330719434506875,59.781216670554215,1
-0.0349288011519325,116.65441031462512,1.5130315950565318,2.0800224627520474,10.615299821770886,4.0678309537664585,2.0982892211210498,0.1007643772825823,0.2594260204486819,3.988652197587815,1.0694179663651742,2.079216473460731,100.11665007432622,-1.8726079631805348,0
-0.285011866071409,137.794397143156,79.46301136583605,2.1624884848739425,11.463529676201675,3.756609004090139,9.176723219710532,0.9459598395955549,1.0227146676708907,17.14329893214231,0.2541753521216195,1.951456670008254,45.30560583705801,151.68270939481812,1
-0.0426613556895388,39.71455896892792,111.73883450856582,1.2302116812488235,9.740393794164271,7.497624646808753,4.636557325817087,-0.3512706093103078,0.0509298158576625,2.7551479529948133,0.0656768455759354,1.7865023720658189,108.43064394033787,25.25622613009044,0
0.3552253543909064,225.08860156431,131.73068936071715,2.073190959073637,1.854316268960864,2.870168925122342,27.468584349114117,0.0227904589514617,0.0510826354550364,1.85181862819142,0.2065656345451628,1.9069963628852349,80.82445316329205,48.42713870698776,0
0.8781932451020583,56.633062750129255,-22.981506893703724,2.1666537394215317,8.973597960188016,3.3716711573253844,19.68828668779415,-0.059682320446608,0.0730818303338393,-0.1385315861476521,0.8019328158777788,1.1413656220760164,105.67452378424171,67.10083754774917,0
1.1252348966864223,86.25517854405275,195.1943298020913,2.1949448098981312,7.016350376637175,3.100647213524013,-15.355841986444323,1.3311188157246696,-0.1732406696322569,3.685388108292376,0.1177230916260445,2.044328523283606,38.63170622477081,22.596775424057974,0
-0.0991742013126659,174.19732186489594,193.55790431653003,2.026734232096969,9.258983842237477,4.205348711433715,55.65920130060037,0.8416191145870358,0.9600140967975656,2.356985223062693,0.1839655159218778,1.9470936275659652,87.81553896145576,11.309980211070403,1
0.9462203682757626,88.98445404434656,72.43771521556235,2.0066935206327066,12.531614547925924,7.90487242304152,47.64494834603813,1.1386338665444655,0.7774395537948697,11.11038332557807,1.2476731617221672,1.944594953060418,130.5969423708601,145.5078195673764,1
-0.0045634348029246,-9.762100277387988,142.41155754062487,2.051329821563433,5.378245293092935,4.809730499776508,55.05452223062393,1.217992172507758,-0.061499661716158,2.371188436259324,1.0174792333665577,1.8339547865759345,14.960836417931487,5.776905742593286,1
1.1053612985582797,66.93543851525104,-34.24326108933775,2.034595507799139,5.063577163977956,4.399503785868393,1.3241435442779022,0.3690888195473,0.0693192906581147,1.7940136192984968,1.234178941891665,2.0487210422408677,97.36385988700204,-78.70695407229056,0
1.1887338900381264,304.07182286971147,165.35166471703178,1.8283303251570069,11.21241638930838,3.8285763904164063,133.93299647294933,0.9005366010469984,1.3239288101283266,7.238537578696377,1.0578958563068666,2.210248661426492,12.492347416559312,-29.764395137599383,1
0.9325253572928932,247.2167370658236,6.165384446814272,2.069970276585757,5.753107547121686,3.6180998746625175,111.50348900528236,0.7831674098520826,-0.1433310063817234,2.1514727855475773,-0.0378745410166521,2.026389229396558,-24.40739289799424,-14.09064892254343,1
0.793011669257597,125.61311793207992,-9.844411449517535,1.612572479294402,8.22670256367324,3.325281633988057,39.25324132071038,1.2491098782647705,0.8621247833547403,5.070924473786972,0.8517662185669377,1.7519722038277894,131.55898207992337,-14.392423744246235,1
1.0047103287794747,274.5715915909799,18.947940135042067,1.945009774934377,8.665402680993457,8.740117744283427,-3.083306368511302,0.986648766775158,1.2586688806082795,4.999405044377193,0.4046209005125317,1.8200598849234575,69.83281064320578,115.939183718816,1
1.0674472740175005,193.9709143440727,51.71225888298156,1.793540191374697,2.9090131580172525,6.014768119583,96.65767564972276,-0.3195526174983314,-0.0695379775058463,3.4638620777173674,1.1139132126639757,1.0262371816686098,131.4824919308337,-11.54609086724809,0
0.94216108689893,106.47226467997832,111.10958331278044,2.187253400667399,3.2127172309483694,3.699979071058241,48.65875380522612,1.1317581023457657,1.1583364696482024,16.439266478680825,-0.0781854496864863,1.937874528081347,35.80516997118459,61.74644175535438,1
-0.0709106676590008,84.06581226352675,68.26585544256598,0.6653089041668585,8.272275004001632,3.650186343530864,35.18629345886148,-0.0391466985457619,0.3713126640901897,-1.002372879100161,0.1316656750343345,2.042917303304084,24.965071164296653,6.798911947978404,0
0.1882692811081335,211.52764761406027,143.52348087963128,2.0406678092099173,2.81597307374376,9.175433365841986,104.8512729522082,0.5651989270417204,-0.2822909783775841,-3.988378791399589,0.9475081894813866,1.9746871257039245,-7.80867499797597,36.26753989317761,1
0.1104301272739017,196.3492331299075,33.68001140947586,0.6255642395335899,1.2209677716603071,0.1461470928098807,-8.447875243289673,1.1076869548799664,0.3155331516334758,0.9309524790481772,0.1242233835200932,1.8059076180310756,112.09523541051644,-0.958268694113812,0
1.2322746020931077,204.57385613314383,100.12316064111847,1.070201627234491,4.155227330256037,7.040332465159973,125.86247723792184,0.6448062476587639,1.099437801491581,10.070839769392768,1.2696499646298367,1.94267776979374,92.17554421596276,31.32702546171404,1
1.3005621704690655,328.1486888686086,155.5921473069465,2.090833702508057,8.612015937815217,10.044868745415856,136.9071499685926,1.0576411672104538,1.1529327244749408,11.125505692318718,1.0383288216155833,1.9848109459124792,36.309748815734686,32.628312035161684,1
0.8632089090245807,225.59581779421023,61.92490422786486,2.302804693692419,0.3075565149536512,1.160016977849165,10.90937937079535,-0.1964291591442388,-0.0162197663487573,0.5163697922708623,-0.1151988814456572,1.94091512261,24.077115992179948,130.4339400872641,0
1.3701673575636728,269.4230087044666,93.36174133546898,1.8970445200509136,4.476266699470236,4.875254686561742,3.5905081613068504,0.9432319886716622,0.0228612600595555,0.0874681058592319,1.0627367373124403,2.344589558574925,83.47652164044025,-13.23299997450986,0
0.2143160605450408,79.47924585683089,154.65501431987553,1.9091337058660984,10.723774746257789,4.671709206907808,68.3955267346803,0.9115268671017278,0.639554927518226,6.2065889214835,0.2419179479003087,1.8390819743734048,78.25587304944385,246.83778582805235,1
0.6341208931535788,22.724398698685743,2.779773465373154,1.90941209779632,14.330631875066771,7.4918295447863645,17.861630871396205,-0.2092661254156828,-0.2224341430075146,1.0667714195386524,0.0387888399462296,1.7505703796011738,65.2581731503569,32.46000313859814,1
0.7661716124232018,77.93582235159404,105.47283010559646,1.7654138356056617,7.125806783263889,4.3016533896913485,35.4691234842477,1.0076889944845706,1.154992845855068,5.963696149674892,-0.0695245139427827,1.8596895555835329,70.57915293504392,185.3850917972792,1
1.157692102963377,49.43907878090677,-8.359930099918131,1.6872994785164357,10.1163488666977,4.79656234189769,0.1457585144873263,-0.1559917226032561,0.5945227704835125,8.179600006510906,0.1851280492992807,2.103449693337016,73.08274984582523,27.85205329946204,0
0.7125919146982322,201.83270684852005,69.24875564923695,1.98435753164313,8.432693797391055,3.5624357446942625,45.22391948786189,0.311524415997166,0.098932864232845,0.8049764820997138,1.1388085397909284,2.0099159825728643,98.05239323488348,53.0523642071754,0
-0.1186268709190913,173.72657765521518,31.045631676198283,0.8080560795390057,14.108935498179523,4.152605197832882,41.26907950887977,0.0883615252818792,0.1026624899482676,1.5810634533511183,-0.042200184728472,1.9037627814374487,103.99412647585902,3.110465079780916,0
1.0913156430351103,2.193431812118547,-41.74949664947788,2.073013025548123,8.714154664719556,8.425998891954833,42.42463879134653,0.3348268506223158,-0.1023800739203731,1.7635459452276752,1.1333196387402191,2.230944370118233,33.42083339453903,-20.35226104595983,1
0.3077386759742226,92.70158164875994,149.87211244626866,2.268368621163689,7.114647302364364,3.594278419426952,41.05534277600957,1.257739913692738,1.0143744137343862,8.52458050828027,-0.0818563152054941,2.265094864925749,20.74617370440092,189.674170596011,1
0.7511337131062101,150.36159949775504,4.521165295326213,1.3421194610450726,8.887747545711338,7.182875860689917,59.107622524077,1.308985632268245,1.2508110781279171,2.0510687128737017,0.9007839313553114,2.1511554284069616,118.38594928518684,237.81510456933708,1
0.9333017039433916,170.72939487418466,115.0843181364484,2.198591233865346,3.817474198546854,5.011454465109987,98.09984542896252,0.7319997250518242,0.8701842920803731,13.15458246970907,0.1942108906085242,2.0984151549745875,50.323057483077456,197.8069536754988,1
1.1262991379208755,261.32807101414085,154.84833194144892,1.8919610504055295,9.831819231150911,3.4346028448482366,83.67190350542289,0.7093692388491439,0.7699662718765186,13.093224138092804,1.0825264000906465,1.771252491063014,11.319970881700144,53.21363834466936,1
-0.0059034718706822,-16.5933532014611,55.38267540167675,2.0921692878668567,11.024314240859274,3.292257286780663,9.122549851541317,-0.0156878287743386,0.7031359316514727,-0.6701173032203034,0.1267094756886295,1.6503884228053896,38.26278806469111,32.37191501398649,0
0.8501071063748138,393.9560769094926,68.9288833306518,1.758723772922277,9.175389993514642,5.497144686906835,23.060764787177824,0.9909327297691032,-0.4887017084691538,-2.669062074611709,0.0290140963214576,1.951887690982307,-21.94887747833198,101.14219836062918,0
1.0193663669164077,83.005874753507,10.285536181077106,1.713682025963477,6.5290126254116485,7.679255596055444,91.12746231056911,1.3867566201419923,0.692292515809036,4.712655671925395,0.7667062041824719,2.063784289597385,103.279620386265,6.149412568252529,1
0.3186905865853988,141.8836634106547,162.52919153904958,1.7298615616852018,13.761602063044094,5.9238338112257125,91.13561224230196,0.9519945306923072,1.4076923386500804,3.866991623658214,0.2058517761082664,1.986494788128556,124.12986400821131,67.22110699247138,1
1.303240922587937,43.6681961533851,60.86580640918006,2.187617573221917,7.757981348277014,6.766525587910159,12.715017160740988,1.1932387689495694,-0.2806391272026733,1.7112027810964647,0.0256374929250954,2.050674689566251,146.78657773831733,46.47918121927185,1
0.9456972942911192,283.73141572944576,101.61241851119914,2.012467515764301,12.040383330794231,7.788330704663092,88.59655587641062,0.9627430248124876,-0.0016555130367678,-2.157234942587287,1.1034820937814684,1.9393996851319617,140.18004412747536,20.32098157173269,1
1.2660843457368711,306.5340334100923,75.20841159679539,2.381399002706992,2.686558474066718,7.716132686345642,16.2830518828783,1.0573567227994616,-0.0885551136399638,1.6754617322335783,0.1873479543076346,1.9846932362110945,195.87143142386856,8.817564927223486,0
0.839821858391599,87.2109938140033,42.68166901858413,2.080734061220137,5.8129168077399695,4.765706388008533,0.927644699324425,0.1422398182781843,-0.0023684301814819,-1.4970004320983277,0.9291073063284004,1.0490933424673536,110.7205822730242,-3.6087616106138896,0
-0.3645931766232729,66.71981405121134,185.8984195545333,2.101857073476101,8.939386496477953,2.2686083240272765,-15.23373755644159,0.443564541204581,-0.2331343382914092,2.108169261718441,0.8459860470879859,2.0107054987232207,49.85837334969463,19.356251586850465,0
1.4043744904493698,-4.536431413717821,8.712112015132462,1.3857599919950825,5.089026988204894,5.625753721916165,7.0869572816704505,0.4004952604802004,0.1670131587105563,1.5571466716916824,-0.01471464137479,1.9161485484335128,19.572866392837867,30.3339011230122,0
1.131289185762335,177.6083824309854,43.091525096552,2.024421254772196,8.905742148118367,2.128382417505935,-23.981858754552327,0.1539489503388409,1.072013259709419,2.895586077944657,-0.0875211239146085,1.879773335805648,122.10188383149377,127.71817108761417,0
0.944415331053678,157.3694111903141,114.737495690465,2.365383304775456,8.294029459495878,4.317574976022542,3.5867898108227507,1.1897408899893318,0.2515591066100029,-0.5054313268054393,0.9826379197515152,1.7551863826986198,165.30720991700906,68.50369851873351,0
1.153420653201498,319.5929260949683,66.68214475205922,1.6855347960388014,2.2005533465345426,2.2740541677129107,-6.462503233168526,1.0228011118568463,-0.4470062088907949,1.4839046613981246,-0.2384540210376677,2.026824638502569,9.601089964961863,19.745524192703733,0
0.6733099715493353,226.55996099109797,66.79016506102654,2.025133919451417,13.059012341984817,4.232188300681892,26.84700108637462,-0.2651036134340864,-0.0761714964319842,2.2093592870322416,1.1078253564956824,2.0617295904465824,58.14369299286895,136.07551200186626,0
1.1925360693248592,228.57123078376853,116.80982031776055,1.9063674485120852,3.4572856526384674,4.898363041979764,10.790719024935283,0.3005907951491506,-0.0343967513139791,-0.2625579665766571,-0.0501899738703546,2.0325839065307,4.664343868320145,160.55237499880462,1
-0.156637362653648,98.96189465533404,-15.488502976583078,1.0028431563780584,1.9480734141912477,1.8131079069705685,-8.483537147487496,0.0039896713033547,0.0409956298254682,3.806749546270174,-0.3321196729191544,1.8775766062187855,96.1996912172076,37.07270694099535,0
-0.0027562139753749,232.76861524068204,112.36993485085154,2.1919330532331265,13.029195289322516,3.402304973461308,3.0778676950286297,1.0852639155649038,1.340066079193126,6.079020840391186,0.7193301086175412,1.964516533690564,28.687622077724715,-7.744732446610136,1
1.1445545790147786,164.82152656294562,105.41490976323122,2.107642975826145,6.929305368334955,4.369906233049431,35.13761699332428,0.0830943288619664,1.1488061604354471,0.7850842757691918,1.011620948106258,1.916207526790132,135.07365413500875,6.2271186362549855,0
0.2206199098596886,105.26737034163936,174.11329164767756,0.9632424220241688,10.596765308881636,3.831047130376653,70.26061298076743,-0.2179703038917906,-0.0392633835124152,-0.2549876748709856,0.3367605080427019,2.1007033421381305,68.52111609093097,21.31956161448899,1
0.907486872966254,245.5478279076538,-19.339855552418115,2.074042677682229,2.352332950897848,4.813704427880544,11.875208858689486,0.0852606407329011,-0.2103555892159655,-0.3889063592708042,0.2078929898026153,2.237939261575683,133.96760224965124,151.66416166613624,0
-0.0980475504565199,106.66411215763398,125.06636012549544,1.898971712139888,7.220193317303417,5.662356513885453,57.02178298926663,0.7965120126416338,1.034301982931206,9.758673824050426,1.27760011441613,1.9106367188620967,20.452943360858196,175.3671267895185,1
1.2196878310003187,122.7248590734636,93.0273311165127,1.6574702639022048,11.042390054045994,6.932202678297408,77.9707547990035,0.2296000579380649,1.128528419414707,0.4489125563869867,1.0339870033109506,1.9367230422006068,135.60264457059617,13.831911134890916,0
1.2091541742153944,192.6862068768136,135.79904191992284,2.0693010973780024,16.9498763910281,5.454559295690362,63.876290660810845,1.1039248314214711,1.1762070628366197,4.719618361369571,0.1444204372238274,1.9013637205372211,162.6092255450102,68.5642974412935,1
1.2875540918191175,190.38904318477967,67.93643798489661,2.192515860680897,5.608466124786618,4.025104862354822,-0.5486328591472613,0.9529337110013956,0.0869416830974584,3.5419896188782096,1.0406513175741758,1.8775307761037896,115.10894711061154,31.11155052685493,1
0.1156605872554514,174.6193698842336,27.844255201397218,1.6865347995731903,2.117140007795448,4.844616647898963,3.909003430896121,0.8976165164432743,0.6913439711184048,2.442075752501001,-0.0389750546662136,1.901967877694276,8.843854367576093,189.79305479779404,1
-0.1286103073282176,104.81567632304912,65.6346221436891,1.2213506003313537,6.991829670433113,4.01819378726325,30.746630290861177,0.0509915039529513,0.2254771560121631,1.781397804207835,0.0373826410939833,1.8929140730179947,80.99621636631623,-101.37901946452683,0
0.4960584688085081,165.238261029682,85.86576482716389,2.0229482247670054,12.635145857495804,7.492286148759268,29.6925348456924,1.2376116442789322,1.0842943943742347,-0.7094839641213229,-0.274737369085323,2.201718665269965,9.34102863819284,-23.91546728764731,1
-0.0204032434933999,387.6049328167379,252.1958343649724,2.285891087051928,4.300488620006547,3.8750636552968634,122.95833452395632,0.7209850037603912,0.6688524527135872,14.433874427898749,0.1173032492236864,2.1213853378618563,11.316834601387905,239.37704532261264,1
-0.2292726297001476,3.9728589697550376,138.9607688564651,1.817174347848692,12.149586081837336,6.902235643782388,22.795337393821526,1.0956827198877686,1.0895763889984522,8.022425190383764,-0.3455142598560386,1.9166978163638624,21.547356179288016,-12.183344028957116,1
0.2173169263024024,130.5864447234544,57.7771333759744,2.0477055574287264,3.7963653584272814,4.493568925847072,-23.835705717351573,-0.1763853385214024,0.0307678493616548,0.646273407584895,1.1070820903136005,2.1060659233203407,13.626912740855689,-6.004446106807386,0
1.130144902150718,-9.513475722775324,20.85578478345137,2.028490368752978,0.2218249881852099,1.3901237821079269,-11.749255541964487,0.1145862335837699,1.12285728923982,-1.2922229295748364,0.2668709367332993,1.5904944798287906,101.2154242907886,170.5176617529779,0
1.0861519175048495,155.7477185015133,47.27096754097493,0.9295220204539268,4.388988590703743,5.0323058117465145,36.92431520399915,1.23499164241683,1.264396526112702,9.367868338999092,0.8878171976862594,2.065190323800365,36.044373543959445,7.954475535663603,1
0.9494436121731782,151.64275432058125,94.14855076168516,2.007001155486325,15.243360097703611,4.072500295567627,108.63355443389584,1.2532990676524092,0.9736047134039983,2.6407106471059385,-0.6390531959188632,1.9561284212884693,107.91624709062674,15.231785414121212,1
0.2999730051643852,52.56759392993729,29.07395108429619,1.643369260415712,11.422484138439556,3.4696507281423483,-9.940628974351648,0.9858971868420084,1.1370443737855198,1.3644513449669509,-0.1006400210043371,2.202878912146969,9.685045936456852,35.43167422500281,1
0.1363379959827931,102.2124094973305,144.75389082129936,1.9468465184385813,2.291261079222542,0.9808759069361764,19.572023840403475,0.2956098276522028,0.2669647393830946,3.187055107980795,-0.2324978649660327,2.0648509612033408,52.39223552439253,161.09357441960324,0
1.0459990224343243,-46.88016847751524,17.142403295647554,1.899661549933921,8.769253441620016,4.911142033218304,59.190185627416895,0.8105712804156933,1.2222834291725837,5.920022082094594,0.9272241766016024,1.9047984431405771,103.37991578860064,186.95459903681345,1
0.4777460578904251,56.58163088994942,153.4948185101428,2.0793603768361986,7.221539761476809,6.751022312006331,107.45220953500488,1.251242116641548,-0.0692154458855857,0.3156304878878058,-0.215586513533683,1.9798533928401745,99.32943342218906,-32.0497065210206,1
1.064622225522653,98.29687344337822,173.06684668866552,2.473022876923374,11.161446661140516,3.354005983737665,19.530191290752544,0.9518468455354938,0.0324746778566586,-0.2721429159827839,1.0983842859008786,2.1951147630476813,64.7388936324486,-35.87805455144812,0
0.8644409607334465,177.22670263666495,49.83917127392986,0.8801684916131183,1.480028309515217,3.935331543139594,118.38505524448,0.1547709224308997,0.2174296505552873,1.0713205713620175,0.1741631562769524,1.7633383558044828,18.91124936552785,7.789880463516042,0
0.9176941734275,104.50689034914365,61.62078934227772,1.895924345815707,9.031179398555423,4.132554853955188,69.88437695150382,0.904855585538137,0.9217690192413304,8.549438204858237,0.8272005733168424,1.9250261923965768,176.35580526325026,14.762528423426636,0
1.0957926653679124,343.22326924969553,3.785438540815989,2.2658062199709583,0.7678987195597511,-0.6877491242726403,-41.03658998205256,-0.3437416062225311,-0.0043867839000004,0.8804497795908142,0.141965877045274,1.9261662855842117,46.00535563362163,-9.50340504275716,0
1.150055401014308,94.09810913860672,-2.232016342952676,1.280640554616594,7.270161647384668,4.028765018762792,6.393002686804483,-0.1392748163990769,1.104886487006449,2.0322269402573614,-0.0922908327845626,2.183096115116997,18.4052070234423,-71.87151709894749,0
0.0803140729946861,289.38585902580434,27.160302887040253,0.7881640208079936,10.67340468098894,4.090396911166076,-9.18114750678459,-0.1396633237905405,-0.1445107176353801,-0.2861719414608106,0.7123135216118851,1.798390907003684,44.95316585802563,-17.382188390672162,0
0.1251589981373961,254.05847501365392,116.71314701578903,1.6728950328884495,9.181248591516276,3.5718002773948854,91.01680747707788,1.026484589323091,1.1298943064670597,8.11746224809325,0.995512107907054,2.1498748743351213,-16.224034717535076,-53.75241787573177,1
-0.0862596049950384,109.72034170199892,3.1201538343074304,1.8684827961123345,8.784032239776316,4.370762697683979,33.78179036582581,-0.353737234073832,-0.1927256343282501,3.324556998227232,0.016765232413534,2.0606118778411107,71.5748486298147,-15.558358692524742,0
0.058560719190397,84.58442995414673,33.89841896212844,2.082183298929744,5.791864321997493,4.597177339494436,-9.04238831136739,-0.3241681303330966,0.9869962253898924,2.1523557876722386,0.8445133554985532,2.1116644234026225,58.14646997614807,-8.30260796152131,0
1.2368998808416438,231.7300760024636,54.32519230597498,1.858135148515552,11.930719229652098,8.65636616638194,86.66412737337703,1.0801739850018142,0.1662664061265751,0.8399077820307173,1.2264600128754666,1.9591103285655165,-3.438044714505466,-30.945259102350786,1
0.9616451073563674,180.1268958054165,47.316103098526966,1.3079152780305376,7.125426429978589,4.412872737298218,-0.3716605301226039,0.1480525908878041,0.3514779619271923,0.7618250360503782,1.387807998722989,0.917820848060195,39.8569257623321,16.988687092567908,0
0.5475662847570422,408.3415178233017,124.75651937390052,2.0272861517589886,10.946472868272089,8.650533450111656,105.47420122360478,1.2241700682970622,1.1155578637200998,7.194537127429585,0.1171077650322491,2.263984936918876,19.699665408264156,-58.028271283234425,1
1.3260800512961042,352.46131388774995,-20.553573271360943,1.904224866881151,17.004032386618782,8.216035199906216,-2.371988181696388,1.161454381973882,0.2242494624594354,-0.0367064700065773,0.0491992495212972,2.1245003966121767,-23.07889347533288,200.40356137854664,1
-0.1581151818458468,236.00940073609564,49.96721848890097,2.3869622238336867,8.093432654028822,4.219826004337319,25.980542044169404,0.8530166169338861,1.0479316427415313,7.141330737198066,1.203591044676775,1.8383955806823016,123.05717825587388,188.84252372639668,1
0.0988955244528134,161.92339219447655,81.11174324140104,2.015588575365341,6.705146130079697,3.228920665263509,19.56488685061034,0.1000042452814049,1.1013605922830056,2.509517436473468,1.0103589451520922,2.0935757534707222,30.405872350582083,96.78718546033036,0
0.1220076946597757,129.58182934861688,39.42998481223257,1.7978587360960816,7.059700177525932,7.443810883852551,75.84344657870679,1.219360129267521,-0.0345358048727842,3.5959298603741354,1.3068158943773778,2.032705123643465,99.94366658792389,53.49757926589667,0
0.9967478200700342,31.570905697321397,19.400631825203632,1.9721575237894384,6.677743928707644,4.537380205933626,-0.0452774285545771,0.1098863893800977,-0.1010403290998561,-1.1935511781894332,0.3890099932414601,3.207815705038628,83.34077367092048,-11.67716613508211,0
0.8716414219336012,263.09486364836414,123.777139654989,1.9722347750537523,7.330440867708788,9.134140223091848,141.43053946006256,0.9312964846616956,1.1428605195409078,13.404376897282049,0.1613880929844361,1.819367598920014,-2.0228357499575798,136.1027751729242,1
-0.2315658198002703,75.06655242772229,24.865166718976877,1.7708937428814002,7.692615475294595,5.254672520248111,3.956928394802525,0.3363475391049048,-0.166686254400448,2.900979675116087,-0.1462166899849419,2.030277053696266,5.496716840646947,22.62354190897849,0
1.2690090802299407,248.29172029013887,183.29422772771892,2.014659690776572,9.482469604016536,9.136838216163529,6.0086615345479295,0.9659094801410124,1.1317494125416911,0.1768548525758375,-0.2890330127597789,2.054869549516258,143.17905095450902,11.0417038640881,0
1.2379737040099354,69.86435539550317,44.65232517441404,1.988424878589612,3.2960595515145696,9.391826666699714,51.01408676317794,1.4438723805401767,1.1997374687273403,6.574034064569105,0.1858001592221467,2.2292244705466304,110.4695515074439,136.79836045583,1
1.00973502985274,160.30002427766178,113.43725872535096,2.121989173172967,9.203896012896468,9.066650013253248,98.33584059273956,-0.0286011869766952,-0.0381689349229087,-1.3416331974584388,0.9409021144072812,2.1795671733087105,5.925366051661207,-43.00147733070212,0
0.0209605749962868,29.772179808302468,40.7778974331166,1.252319435409886,6.383750526255166,3.342460908852668,2.5374187196330524,0.4563423772960338,1.0678268983064243,2.870442808651752,-0.3004796717988826,1.999842790445836,181.5681839292176,-5.262410902196194,0
-0.0134020761121804,34.19424171701526,-3.699358950171941,1.950526879353276,12.414849850049151,4.206960066187365,29.843721217676144,-0.2529028774777696,0.7846129944751541,5.8885761831122245,-0.0398691846498974,1.8958951244089104,115.69892796007476,145.2120561002592,1
1.056586777852663,25.65372444370593,145.69196145865916,1.1228805248688731,8.468596091244505,3.1169582007200494,47.95523668784778,-0.1197365531406263,0.003674456783153,3.570577559632563,1.1810416214157489,2.1069400478751605,40.61222863501243,182.9908471270494,0
0.7880387697918279,-15.255887485074853,63.81606370234137,1.7236842611256993,3.3001259122400137,4.10642890862649,-4.52707995475798,-0.0609940116867013,-0.0044305997567847,-0.1896298899372759,1.154938780642954,2.1929500871058467,43.362932111553015,47.860673315266425,0
-0.1833880701503065,62.96988295218485,79.58544702752519,0.9635952844240294,1.5329726359736222,-2.053838995793482,40.3903749928433,0.1273048270150739,-0.132618150483494,4.496575720752443,-0.0778953521306127,2.017806418215644,-9.108885330287675,55.00205761957602,0
0.0690732197291666,154.52108004311276,72.25349027463018,0.7901202620323432,14.050176971154745,5.235334014598575,99.64495776816554,0.1592463811799488,-0.3076718718927508,1.357990335256838,1.4797245528303629,1.8832860479263065,67.77183264955599,109.20678005937684,0
1.314419361931238,207.15478364049935,105.07343971995743,1.8237633067769583,16.867709435982903,4.480468338315262,78.69689099532121,0.8498010344480419,1.0571663638325512,0.9684153193059832,1.1568693335250302,1.8718702126592603,107.69105579127336,172.94872233923846,1
1.4211668915578797,169.44256735035898,197.48661807419236,1.9150922486766169,1.3464817482013682,2.092467947445257,8.208845154850035,0.1900290111443996,-0.3507714824807757,-0.1999224542460926,-0.2595078472100857,1.870287301798698,2.109879049868056,24.862856265525156,0
0.2591533111923054,-29.945481199495845,10.96281665520118,1.8341156531736904,5.094935757552504,5.331430961059683,5.690088789796711,-0.1256851757835932,-0.2549558171819043,-2.395584036784249,-0.2805417413356092,2.0150437844531783,89.34233041379721,-16.31736264982421,0
0.8299155364296614,145.874460506879,116.29236783390618,2.409998150001312,15.301483709925092,3.769470880875101,73.14449800268721,1.1995189974477936,1.249813201871245,10.376767924059443,1.0076627701471348,2.040393131447272,12.49433479543589,-3.3501435820787364,1
0.8766912620270466,204.9799139988508,88.44420804912934,1.9707505222419752,8.716492197804428,4.055470502671492,6.803437958989058,-0.0917761057210789,-0.3112534795565066,-1.8003979985851508,0.146459916476418,1.9628202508366177,63.629647396657575,1.2780409285225076,0
1.0539482889303406,294.4213744565683,189.25786820827395,1.8226537513836276,7.107563135277779,4.376563998248055,141.4882608050696,0.8189084738340535,-0.076840378842409,-3.9051839834211375,-0.1393340693424562,0.929535208419464,13.841042196538318,6.413705247603737,1
1.017822683040125,284.3755382392212,62.889477628584,0.932287754534052,1.8916538704149373,6.372085672304293,119.5051985834822,0.4616527992019523,0.1020144491255292,2.245876209448909,0.907396850841128,0.9671693124603624,89.43380174599486,66.66230367753089,0
0.1951415632747694,21.71755956027863,145.88500839913635,0.7931227358989575,12.916331772102088,8.383343762807316,-2.0915184992525298,0.0738693826853889,0.0805726758079201,3.3959042978221428,0.9231460784312696,1.801556973966668,73.14756491322301,17.16396378961052,0
-0.1802265782825846,36.29538485925527,145.05366819336456,1.9526068759499229,9.0810550768937,4.063845511904666,28.67717611403009,-0.1345909541335439,0.876405166258484,1.7848619950882516,-0.0100348285380354,1.941032515115276,44.72256704849903,-57.32285275054924,0
0.5081508298363869,132.85622300633582,82.5893746518975,1.6908695886240086,10.734022382702651,9.604452289206812,52.60212335507412,1.0721576280370586,1.1429955407473895,8.20193479921064,-0.3413084752318433,1.9689528798571287,19.41769050248501,262.9678273090766,1
1.102875639750428,259.16787613417284,47.65758686729678,2.0207958184829184,8.35626008484773,4.692112486262264,67.06892717119263,1.0099381208833118,-0.1801312768618718,1.1227671427824073,0.9937183091047368,2.025957500332637,90.79098200498228,-16.121638936257362,0
1.2462132171882416,281.37814565126564,100.13334659976088,2.1413230455772325,1.396280573373959,3.9400171661021406,-13.146051603104397,0.8835125090579474,0.3364364912046896,2.1565944927248184,-0.1567027845335625,1.8637884165663143,53.68031135655903,-38.76820574745302,0
0.9625600543193452,99.93073579974126,101.14840342824355,1.4703467727823178,7.260699831739652,3.444368963069466,60.42066811547037,0.1262379305554397,1.2508454646279494,1.707576697855088,1.131513927366529,2.0263118040212973,17.48122825683653,95.12687136585,0
0.9670724299500026,47.296570371946814,22.68904533646581,1.0862650045564155,7.246425578290964,6.901989199763742,13.123456837070504,1.0387904986051053,1.351544419030562,4.290251930137851,0.9734008489348168,2.0384060018609627,72.10283995359018,86.17140739491336,0
1.233961658760863,162.75913385443064,54.74785445309696,1.9889856759937752,5.737712332891432,3.1256459847365203,-0.8752617101711522,0.1255382932453844,-0.0493193694681754,2.1746470769036303,0.996940338856585,2.09428142370663,62.51951068025068,0.6049641448650007,0
1.0305161739395212,137.92798751041957,52.33430441601309,1.6846504069387758,10.336600883422497,7.306264073248785,96.76203611478198,0.8603406961168593,-0.1392526673546817,3.2008113867861057,0.2228326003587052,2.0280381035655943,107.79579940301396,67.56748132011916,1
0.1568411693297831,61.383856709627935,21.405182923989106,2.118831089959609,10.565092645977188,4.819981925153196,27.509977196564144,0.0296584464353223,0.1172934160863637,1.5510795675857991,1.1213739794662123,2.027411081764418,70.48989636202049,-52.1918909867943,0
0.202035864640482,250.82704345447732,-14.259467866861216,1.9226989434388408,3.8879045000476298,1.68858621635655,-8.102005286392043,1.2931997640169453,0.8351430274569622,3.830678241150933,-0.3046652993895856,2.1442119406654165,75.5716994537981,16.37916482248132,1
1.0470812191490335,290.0835513221919,143.45421038246138,1.8648835977820264,7.852061506141696,6.568317138128061,121.20739309332065,1.1011457032162848,0.949370864432558,7.070023685660765,0.2216324961326548,2.048980647140904,48.93335011087843,167.82743561149852,1
1.0602461425075862,224.3983353002722,33.91865136848715,1.907672974432799,16.673623592121444,4.490016832928054,68.94231661961113,0.4005892180811268,-0.0148687969750814,4.779298103482551,0.2973230373561265,1.7518095224850154,146.49562109355048,85.72346003234388,1
1.0504665324785316,53.76815390995378,81.0163226134808,2.1679966606034786,2.404303995148097,4.295919786680141,23.28523649668864,0.4248956005118007,0.1653220660324718,1.080075446863738,-0.0121238542676041,2.0748964851242806,50.59949589914012,17.199169343997085,0
0.8565824061467998,47.32744600398199,24.83185871639925,1.3551422818126289,8.38466251933958,6.554397267815798,13.831461427015878,0.1226422344931277,-0.0278565661200159,-1.2013074242073325,0.3941623584455008,1.8562414073354048,111.71269484898735,84.53946342377604,0
-0.0444701805624196,260.1231381813333,166.36544799965225,1.840195157471223,12.188745710403584,8.101567795175555,22.48093660813218,0.9618193671647832,0.3075065656101371,4.041627403967162,0.1608321746940095,1.840055446694448,18.181334321967142,170.81384176059805,1
-0.1135030882798125,146.73999876380242,99.2396509229498,2.0912212415068567,1.9380377514360292,1.6021784878266137,-22.86669099992488,0.1034391328180183,-0.2263556033125594,-0.0701549867303397,0.4847153354026832,1.9659696420159745,95.63951490580652,39.67683921094877,0
0.8488377472371369,188.49680983199823,0.8512735206599018,1.0321892066663132,2.59152261741011,2.9656156066525523,63.39088412347885,-0.4967024842151841,0.1257254692260898,-1.1991546385863965,1.0297226187843884,2.049849095248029,158.5003451884825,-38.35817918843018,0
-0.0456467536744327,80.58996602256322,153.92008461602364,1.1071279527393925,13.0344060878584,8.555786867884226,27.224193224478867,0.9863070619319256,0.9017374784762132,5.274920712924148,0.123368922295649,2.277040659076364,20.495350218947745,128.90419244906823,1
1.062822216492138,158.5777246746257,114.03005586341196,2.0910987514493065,13.456617643218657,8.6136845177091,99.1879742135152,1.1506375697422988,1.1676612578291885,4.295199391130471,-0.0494132597674052,2.2056371082518336,95.08233409464984,106.79167312975665,1
1.032135652509741,146.07919169997118,97.92448619386018,1.9949198079081871,6.776979775675056,5.208251466276926,-7.403853870378505,-0.1263300964238565,-0.0829825519413891,2.074219108556002,0.7876230724180773,1.959961456549729,158.65800678734672,191.3513527566836,0
0.2386513022161439,377.3402225384898,72.534573185176,1.9394397905159135,1.274137906017522,1.6977475679579488,15.86752837036846,0.0638101176949697,0.1302904455745678,1.1163550405383225,-0.1510800382739935,0.9648943210635436,1.394115165086177,-0.1336320284765335,0
1.0021624200787558,76.13024455708936,10.360337171090832,2.349703319569287,10.740730217087323,3.787061051992565,44.20599852375342,0.7040744324639561,0.7691991925370779,2.0372802325896817,1.254657248838176,1.995548904311996,13.942407053435195,41.09426590579697,1
1.1310248704330033,86.53987162338848,153.8440074268576,2.3704220568936023,9.49786960713764,8.00385918372463,33.24317746229099,1.090451740117429,-0.0956111378475383,1.5710031961094153,-0.0378551314512831,1.787435566903854,32.198234104398544,-34.97644442383062,1
0.9710151534020672,26.131135816978517,136.47527518593927,1.7703859754701408,3.608822204839769,4.169064704225605,2.4967578809890583,1.3217357954364195,0.2022736925527692,1.5263510774342772,0.4022733943507516,1.7985958352929348,23.839660121762115,12.975210564705058,1
0.0404497246780005,97.30745592613906,96.02260665484556,2.30757436637082,13.621203310514757,8.965631592603911,-10.928038076627844,0.8132779028862169,1.0324894413930572,1.9690903782065807,1.0634650233290732,2.145724570002021,-12.632787048165312,67.8332284881667,1
1.3787315454729303,59.54110202593327,161.60429026716872,2.0486344736839666,8.22730141767197,6.879024772178935,26.52856968809348,0.0497134107899085,-0.0926307467216346,1.6126033999728642,0.0047772180656915,2.1039597436772945,120.76125939294732,19.464083576483027,0
1.028169694831219,290.2429882166041,165.5959441776989,1.8055383355546364,4.885161757949619,1.9488562815384989,89.4612984220251,1.2634416445739605,0.5593698849221227,1.3599350365946858,-0.0895225313666872,1.814764537847161,-3.910163177024209,232.72272193090365,1
-0.1367579589815736,63.82526227426648,170.16758345754042,1.8299134044408207,14.778994733518294,8.26653788600625,51.4862034315371,-0.1099240265207975,-0.0413985143549119,-0.2945079790399592,-0.5945228063652388,1.8148390944067037,60.42508203981754,-71.54331326270679,0
0.0786871493872046,56.86625290799867,169.68681982877263,2.1074067024619243,13.477192972101502,8.103755694051177,15.66952069313951,1.2839778679002871,1.338736419736661,14.503395927314704,-0.0914994922706527,1.8718429056847972,27.500433840945902,217.77981429950697,1
0.9851419531747724,91.96989540110587,2.352068560811489,1.851954674655457,14.490946576246373,4.662434139932925,0.3919658927324079,0.8532519359805615,0.1220934977795478,1.3410159780514648,-0.324675482180309,1.9908656015804704,6.4379059766638775,-28.41017540082745,1
0.0851737223920705,282.5972966865322,8.873735956808162,1.290537498513424,1.3397745100323055,-0.4631247052889522,4.319505361080296,0.4593954842677621,-0.2866047504377874,1.0539255794467524,-0.0507452403622876,2.012883640094896,5.031223580671771,38.2646108054296,0
0.8488668508192274,0.935423733732364,0.9389415491820898,1.156984456992321,3.813554104246364,3.183925215780384,5.187162327778463,0.1157018259990353,-0.2635253819397829,-1.9865472008766547,0.4467802988418934,0.9136781531223022,66.14957805740579,-12.003557244835356,0
1.3838958329707114,-5.379280413374147,158.1216686349009,1.873043474110736,11.334474983120892,4.529759704040447,-2.597769215552937,-0.117377225935611,0.1739100839379201,2.9096755582223537,-0.0158546969484436,2.006000661885492,16.737743844973963,5.308366475116984,0
0.6712633496517175,104.95929222174898,211.73680185916876,1.9840278035705987,8.671186055438396,3.57490694811448,-9.816646923874366,0.2306972843465052,1.086266073695036,3.8896118319980535,0.3367797662772381,1.858262520316736,-10.455941533852169,222.16269246040773,0
1.0267744646001211,143.8345618594709,25.55342152881851,2.1778791086600826,4.031913945436472,3.578605384963637,3.4523246711204862,0.4322837717356173,0.5636666255732522,4.825458988199674,0.326595022628716,1.8945180619676787,85.58305626197672,189.84423504982564,0
0.9136171042829976,244.23081895453544,113.33525159332773,2.296996757939419,14.303485271516358,6.9030075892827885,81.64958543298333,1.3710591013413558,1.3837302384873458,6.674321691066725,0.9140879867799312,2.196371935350617,-21.973998413298546,120.75221624204836,1
1.183678407128271,73.51352596667607,49.09374774523747,0.9622797021491722,5.959926789224079,3.4958075616224,3.8848868594252792,1.1600796153732524,-0.0915730823812879,1.9404872503718444,-0.1822208716481847,2.1019924121444884,50.96548708637352,29.84061309814181,0
1.2281431530781195,363.31702075149815,196.43229693583783,1.0877914889952938,0.4887548023582599,1.8381494916711243,-27.91807184816863,-0.0754304085517157,0.5567964527801592,0.2877060118669403,0.3057829511967138,2.120284576250857,-13.931034921136272,52.8845768074108,0
1.1128468567981622,371.6250424564211,75.75674647395749,1.9769626496737989,8.231612221743086,5.474040913539623,88.9271929206981,-0.4844896834057679,0.1254263908210539,5.665917620072397,1.1395535825125465,0.8448579850273734,136.8486776555255,-40.86446032724347,0
1.2791978877766517,158.30531021303636,149.968731178757,0.8179179395700287,2.3334809677307007,4.393759141460626,63.43787778124947,1.1054925179735071,0.5060236941223686,2.160952772086627,1.3303446569061297,1.0245779601385974,30.48053455578844,13.4634027294671,1
1.1496679516836938,17.627043021135364,124.02857387479747,1.8792092049748597,8.194797664177905,4.295904228111428,-0.4589090709087315,0.1120911361495298,-0.4691126662379045,0.921748350632762,0.4478500591879858,2.017783188683376,2.4093700612772864,18.91780060255773,0
1.4004714349843732,263.4867092573216,148.36321981762535,1.9819571620676544,3.217066838117275,5.327425775919158,103.93013913945356,0.1913331613208911,-0.1574544202390834,2.7579265304298946,0.9188758082671292,1.9341930501455675,64.85577672093054,2.0161585934674804,0
-0.2876438212467366,152.07864415851054,63.32774929147032,2.0215338352568755,12.3563194328286,9.323585649072454,25.275603829628658,0.7051618702869845,1.1494318079603405,8.594650110446405,0.870635281619544,2.0421673605045334,53.79499705940773,30.186615905842544,1
1.3634600314120888,182.8006171627113,52.74720664355263,2.2611946716829223,9.019963293161704,4.181684524400255,29.13691910965921,1.089226933418338,1.0134433877962434,9.636768060747077,0.9885214183648424,1.9892868658474825,177.30394152666844,59.23099170108959,1
1.094663257993146,97.12990354103452,62.17680418285102,1.954393434661569,12.694955668348474,3.757970092405924,45.936845307304246,0.9778734828856878,0.9457027476986924,4.194868123282067,-0.2004845922798167,1.9646512441329191,-13.233178042981422,268.16672018577856,1
1.0974070896974075,226.03277400765572,220.0669245928567,1.142252932617468,1.6200841701525803,1.5661873623916218,-21.940310252844505,1.0744038913041938,-0.0673705760185371,0.1241367450984189,1.1951817842081742,2.1987677533231587,38.2377178791432,43.9798312718172,0
1.112737442753804,56.88486685516929,157.74894597908332,1.6969267790934182,11.64341725338317,2.4233946097515315,70.28143822057021,1.0289087195092763,1.5313939775353087,6.00416746384533,0.9769827798672056,2.2416330461735794,56.724348913182496,117.24148360015704,1
1.0679970702055197,7.621436989547675,151.34889929089354,1.583758308859654,13.398202112234667,3.5518613459643165,-6.309075394485582,1.2439992937371027,-0.2911187040090514,2.445791057890008,-0.1571759429818771,2.21520058804086,47.55506983252016,-31.952135702121645,1
0.6028210774201407,138.05446790430523,96.86905237451448,2.431600627365211,8.203107048975427,3.9175397958504985,70.94345926461064,0.78502000596553,1.4585543764382325,6.657577832965591,0.4743320248443154,2.18724499079683,34.87407032941751,-20.769356744125822,1
0.9282088165494186,237.03998625324567,216.50547090082412,1.8916445613255195,1.8867977688961783,3.974634299824648,52.45458692047758,0.8271319045254725,1.224967416037574,9.238439921352224,-0.2454349747161435,1.9942033008705309,89.4490009085603,68.5141564463388,1
0.7107629012596056,252.74093157457983,99.73735477049225,2.1492052630665035,9.34012145576196,3.8693695293364168,19.59559036016385,0.0314490950618723,-0.1817896341202183,-1.080547960973707,0.7891989309783322,1.9147011690716813,-23.14502460368392,87.29757438745008,0
0.9371093723779442,125.75884166014202,-63.97459923385516,2.2460711586373026,9.037637290160417,5.690854273030897,6.713656410777148,0.709470111548931,-0.0934096478595272,1.0207260090728971,-0.2257816907443905,1.221516352445978,145.475350058311,16.63454574880617,0
0.3453111455730596,193.86990625189915,16.646363271162627,1.9432593671979423,3.781205034129696,4.203513408157158,41.13856639200938,1.0949528926872047,1.1616318585660803,7.121254348462031,-0.2622456812122576,2.101429586837096,117.88695316555388,32.75121725253707,1
1.131098662763682,52.73815288876901,-20.091937476295016,1.7908122703800915,10.89888819590957,4.057233387473452,82.50591348422984,1.1309768684379975,1.0181506385583985,3.9412367286293657,1.2475619940793334,1.9207078010595977,-1.9112434737245323,86.39317771852059,1
1.0063210692343871,7.36230264117367,-4.61604641418063,1.0269253941098535,11.12936493464505,2.600344292917942,28.382193006096472,0.1538464261700162,-0.0819562158971272,1.5327477744361433,0.0421775677107262,2.08094613071702,65.55009035210674,-84.1807752669391,0
0.9888197056078568,138.44551725772394,138.85102502883225,2.107554055937756,10.070461409158028,4.655257120890681,41.72909906784298,1.043567250618898,0.0223368722272661,-0.044950657955868,0.0729825183411627,2.272585901050562,63.12471229208534,198.93479397162292,1
0.7642304601851102,85.9314014773629,16.486573313546458,1.1181718946697132,4.95303894540041,6.67088398870754,17.834367846338274,-0.6245279639600223,0.2726325120840868,-2.3078066302394245,0.1890810408062108,1.8806023032060888,119.76740551805727,182.87175941154268,0
1.5488918559033704,-23.001328274584807,126.53845624343889,1.00518152999694,10.75744947191281,3.383197026144942,53.22223872690526,0.943093423760053,1.3515247958329768,3.795818477225229,1.2098417983516487,1.7092164472128588,36.22415041983032,163.4205463669488,1
1.3002575388062252,110.3520512494159,37.733437342051374,1.8545666801155556,3.7269735828036814,0.2233936217136722,21.1914210781878,0.0699917121507398,0.0817151119457614,3.463976463359443,0.2592559912775529,2.1028378541864563,2.495560982912778,-21.74109535251525,0
1.141508384856867,273.0428624236165,41.46179846192317,1.916448743677325,11.427432503092422,6.9012604614087625,130.60796233135886,1.1242014829232625,1.2652952708156169,17.846222506239396,-0.294155250917439,2.168823002720692,6.6859539250694695,225.59575679050147,1
0.950749729213448,134.7024352056105,-7.200668650860891,1.1256785922955626,4.125272260297441,5.944307778815051,6.919021176658649,0.9911034719568422,0.9932261672876576,14.062310104930749,0.3645518476116718,1.871416916244192,43.11498650468707,-8.486268786127916,0
1.1086789355691276,208.9810523404208,45.66898189994477,1.8444870586671336,2.352389459629979,3.064315281463325,3.9033882721855946,-0.2325617208642267,-0.3481190876092642,1.3980336653348258,1.0525971960328355,2.228532806468092,88.13028815054417,12.679249460925211,0
1.3596984978341105,223.2081716460896,34.701399066978915,2.00660573589969,-1.318495188616959,3.027991492654268,7.595349123869358,0.1900722230925677,-0.4321841071000364,0.3085196075472076,1.2263752732177686,1.8049705350444996,82.75612358919803,3.1566443837078,0
1.024202292199046,178.4662972145057,188.61142389307943,2.2375567126338805,2.0132402525688624,7.896672263065746,31.38673292148152,-0.2199123211714885,0.6265649884602574,1.680780729088417,0.0853833255948676,2.070556307346902,119.95533048483532,26.906321047759437,0
0.6894830102752717,71.84433627566163,-10.875603998901228,1.7958917869783544,9.389942059946092,3.955290143027076,17.787049931026917,0.8317126040574369,-0.0491234504391492,1.5462703699827396,0.2203734452210509,0.6472632329047328,84.73885151470517,6.200706349157969,1
0.1524736941397252,229.04325208320245,44.16156306342885,1.9325874687853148,6.663812278538775,4.494289123072999,53.96649669740161,0.8739334961094227,1.2469850177845596,10.39833217550516,-0.1308280975589068,2.219883842107354,19.025272473385435,99.29701289868842,1
1.0282989684225663,23.99526101276021,154.71683318927228,2.137899032137824,7.372791133315629,7.073973737884043,44.03623141547527,0.9601561186914171,0.9941160442459522,9.945757482478822,0.1701789324374213,2.178692944335411,-16.084260444554445,207.28333930973747,1
0.307602581419671,128.0217512657578,205.73873622554615,2.148415456666415,13.311772269413524,8.652271005791334,63.3107233186889,1.4517201766610244,1.2372413440815135,2.0756366491391693,-0.2308457455373164,2.06783097436259,-4.774599714928499,223.78723739242167,1
-0.1500668971355846,85.9708394131577,77.09667759720695,1.0675602132274382,13.946227093764996,8.376443741679186,53.33356552433247,-0.0375183716536577,0.181834328160357,2.1340106028720305,0.2806413718620406,1.929950672072234,81.96419347927146,2.3385684754040383,0
0.877079950434946,15.86548831080762,179.94556011540269,1.744701819084402,7.7054413253805745,4.222534337059044,7.449767698159178,0.2778778975820768,1.2706734168639435,1.1818878103493633,0.0434994290427902,1.7495235872568793,34.05643060397425,-23.954766760513174,0
-0.1398998443756876,69.7018147228149,172.08488196405148,1.0422917472341575,6.4433192979030025,3.20031753659897,12.090814284034682,1.015188929997776,1.0643650647993443,13.145263941842988,0.6733002812096875,1.957046289232374,-8.761422485686737,-19.88431527973031,1
1.3372376586806234,161.87314881210943,76.85209006543641,1.2532513692200764,5.346229348421808,6.878658864209488,21.84132946563817,0.8215115921376775,1.0978738845012268,2.950965677093856,1.061941691798344,1.8101689046308904,15.059509784828322,236.77676752605785,1
0.1562749577708788,251.32889847458765,-13.507113520660551,2.074612656377922,12.116566948132023,8.130886093510277,-10.94474355140374,0.9433199394773664,1.159165815243505,13.099264367360249,0.8232472300622526,1.843022182629912,141.32713644000393,25.339633855577787,1
0.853007013059109,202.0776142959408,29.92214397765607,0.7627576654089787,8.916401425873591,3.201285601864598,-9.105369367140696,0.8244211425108792,1.1162901872527302,1.5788846165368982,-0.040036494999233,2.0802106667879263,12.052318809332633,147.90414631809355,1
0.5221449165815308,191.05919109138023,149.19668454706084,2.0825319822605186,7.657529953708566,4.116270986932068,-0.8934175512838323,1.175432783585121,-0.32243995565847,3.252540642838226,-0.0917554308623213,1.8115226940348788,71.09897382111936,-1.2013679092283738,0
0.745153199578491,180.74956659111723,95.84497457353248,1.905931757009387,13.001734420436492,4.108603816068554,40.128993521799465,0.9481245574926156,1.1770377386827784,8.31363061905293,-0.0503856896457498,2.0218222416591103,106.38600238055987,124.31341857964208,1
1.3198836233232665,269.993768485415,126.93280229208251,1.940605313957884,10.003819912512544,9.529080033789464,123.5319458070406,1.1809032687770786,0.0275475602188877,-0.0640388951226902,1.002462405097164,2.192952222618296,38.52263614085816,-54.946446036415146,1
1.2519463454454534,165.87961968652948,9.564019977509917,2.1193748415095874,8.919825182938707,4.277181533880983,47.03357218828239,-0.2618043212254849,0.4471981858833249,-0.7405647143462604,1.1679785485481018,1.773273785309335,78.69465443391678,50.56866322034034,0
1.013870652176306,42.592644090112,-16.809461977155905,1.7550554986021485,1.919697683898308,7.58288437640492,6.799841043570609,1.347720589864152,-0.0183277138633204,3.3040733492010324,0.8804428903533368,2.032890198300838,-0.1512676758709332,-54.49367478519377,1
0.6352827295899914,123.88569932534044,135.60850533606865,1.9790689727076336,12.281796822342956,2.132039146490596,36.35536524780298,0.9145834417847902,0.5326652141697674,24.523118952216343,1.3217336872440884,2.2002256278690564,52.44925420127897,90.50559718088022,1
0.7657390458347711,295.89704787986693,108.11303743131305,2.0922691864060954,9.46664433624832,8.419087176861986,1.8422015974234969,-0.2577889385197932,0.0954621067527946,3.0525275297637946,-0.0177578386369158,1.972770378438331,8.749832027165716,-53.30875525681648,0
1.427029934807514,186.64292695383512,136.17917393154352,0.9896918655295835,7.9490799850590275,3.476772601361292,38.94602295380265,0.0714727199615112,-0.174595167167908,0.77314821542423,0.8632135800034821,2.3090021880435128,16.137859530992145,51.512184019432894,0
0.955709886876029,2.189002229193989,48.66553989649771,1.1326156246813397,2.4187289211484435,7.084146939169831,0.4288092248061304,0.253531153802967,-0.5077481479030436,-1.7151564932747476,-0.206914550204,2.196336270547177,50.864394760316415,75.0828780703963,0
0.5842483092146719,186.0695613327281,88.49363172301696,1.7512779027516157,1.942900396158313,5.048156508763906,83.77919179887661,0.7943184998373303,0.0906669252547282,1.702190200939821,0.7413418210822696,2.021290411474684,86.21753632588917,26.401783322964032,0
0.70327428723736,189.97300727796855,59.29465524072703,1.9189238938494864,11.453144637281234,7.542699959847452,67.55066596136962,1.198553868422981,0.8270761541378082,11.983857264847074,-0.0898224840779854,1.859806702251365,121.1531636268728,56.21845900805243,1
1.1737228665168735,36.66925559945992,42.18725408620646,2.010817998247865,2.821708681413801,4.32819486454893,2.290533801665461,0.0910229770697706,0.497429145795536,0.5094540732877233,1.094045578839426,1.1690057487217365,121.6631400962759,1.38299866284774,0
0.988342892040839,264.32446936713484,-2.219919233722365,2.461010084511239,6.890367283527588,3.6347171300547583,116.42412023293392,0.5498517824656813,-0.1691652254237454,2.783764114543502,-0.1410118724374744,0.8886253682421084,158.17596968529958,44.811654358475856,0
1.271531329368635,146.31444534689214,25.094116763675075,1.0026877467087427,9.018678884123991,3.91213664242619,56.39356222267192,0.6661081982174779,1.0206327163665023,5.606072479456834,0.0192800561170128,1.893305637536938,1.179307500694463,8.65899278099755,1
0.8305078047677492,-24.843360621491342,93.32979584031062,1.1054589672299897,1.3836917005594085,1.8646888391157108,2.435416373227042,0.0881075565414477,0.0676416583537437,0.8339308747030336,0.8809877848239369,2.2975121505709994,53.62087386052841,-19.76691537360609,0
0.6492502974504809,109.5614447753162,78.81276650562474,1.1361480571807894,1.3288822870762766,4.602311929790414,72.73115748672086,0.1455563599789721,-0.0387755267704674,1.2507607438796555,0.2438113438238332,2.1159801861476333,65.64388007872587,89.0984911629794,0
0.1758983186363041,243.94196106988903,81.85187196291359,1.8802665277326835,2.503178655756097,5.591390830214016,40.800696197787374,0.9054117945949292,0.1282750610463165,-1.4603518228286996,0.8491902475736877,2.014090309558499,10.38493206002576,-2.1858470436970308,1
1.0154836902659647,199.817186469658,22.68788817607648,1.901202508907624,14.678963049731628,4.301578596004855,-30.304253450135725,0.8234128780779204,1.268152904861156,6.1437095358161375,0.6823013660406158,2.3165479294873723,148.3993858401126,13.563515233902784,1
0.0788532055333294,-42.4111022116922,83.00977274144086,2.261398938111779,6.022488090123508,6.910902786671546,2.6190199063824124,0.0095797489410158,0.3965447740124143,0.1058521117709734,-0.1069191599811178,2.208099779688294,16.22217697107415,137.60809382746152,0
1.10760798474901,353.689474448517,56.273485621570245,1.7089263388279343,2.11101811184554,8.377574484861194,83.8518660003503,0.685472504220072,0.0857807753377549,0.9818276528590686,1.4291988297627316,1.965974063682564,131.23902496208493,-40.41992678415301,1
1.053160075460652,235.94005525679705,84.3954981485356,1.0602312362909574,8.334192692281277,4.218691249182314,73.46309404306774,0.7439043262076831,-0.107136069949151,3.6083712927046143,0.7394574795303086,1.7155885223821086,-22.63799686878754,173.95157674312057,1
0.877798378793047,320.5936427003991,191.18628692454269,1.4450499634435547,7.197203702526736,4.966657644108106,82.52581724221236,1.0253282379799311,1.3529180028640473,8.620119062691955,0.0004818317724265,1.8247814182724404,34.76916262176464,-1.724065108957383,1
-0.0220693160643089,325.2468073071953,229.8249997995606,2.113158941077941,4.909985057647065,1.994790752603603,42.468969824868,1.0713405071102595,1.0259936574852708,16.30954647714393,0.2938031359327049,1.9194867573736971,-4.77579342833085,36.74243767811875,1
0.9997646181091976,46.599859041570085,49.4478391614632,2.3760618501945885,10.610145799602757,9.64033789920671,-9.65892603344691,0.2050134604483139,0.8392663185331388,3.406899021993673,0.7145993621026001,1.91340550818826,116.9661703177848,81.3729260113854,0
-0.0630885685716753,115.853080390536,86.69665961665498,1.9196487105570252,0.4223443301220717,2.674856493464463,39.45351641079554,0.916519042129958,-0.0189442261927605,-0.5879441673623789,1.1458981840682236,1.9911926158706248,113.97182955077729,-4.979181499011219,0
1.0539183538194394,105.18887484816804,84.90307142625625,1.8365251779406149,12.422810199675489,4.186122166425423,57.334356783101086,1.173220642709983,1.2822040755549815,1.4449365806863388,0.9979969938092788,1.7681669035252294,129.87658153902464,214.25910004803396,1
1.1833804123837477,251.76586132593224,91.38665894918688,0.9913491879594444,11.672671720498114,8.865548168532257,108.9495808134547,1.076867980175712,-0.1441403387592009,3.9830422636823313,0.8034709276386819,1.9546601028787407,63.229832395644685,-34.70241185314298,0
1.1934845482623746,251.4329628414568,161.56523929597893,2.0027827937746814,3.575568429594824,4.534340297296689,23.595063348747157,0.976735613155758,1.3949764502108488,10.566100890125597,0.1665446342569411,1.9919824415687275,-5.801484240988245,183.66979307991977,1
1.1460336567724725,166.20533797613996,97.6861915164293,1.8374602673804663,7.035937978883043,5.458381880760295,65.04126575185123,0.8169824364965067,1.117224550487271,7.013754105722199,1.086907130194415,2.053610256275332,40.303425308057,210.1650782015373,1
-0.3149320045018356,266.8720332978195,186.14105405088932,2.087616574703494,16.162096422785798,8.291205089706427,102.72511962092292,0.9559691231414272,0.7829895427456899,8.281827571821564,-0.0902620764475701,1.9211224701593004,-27.91413659482039,273.05737887539044,1
0.8211453094380098,-10.03124326895707,-6.922080153399762,0.7647234580095017,7.554919836157407,5.046316129509885,8.858142591895636,0.1141159824800509,0.1342441059683948,0.3225728385187789,1.4755681881866185,1.031500134691666,113.34872982602543,-30.76671927332652,1
0.5902836735699967,25.328734710269305,145.28530341800678,2.080384804682046,7.765276902328058,3.672321361692425,54.79701196782697,1.0641022861558098,0.8559582408276454,4.068435734397944,1.0859079106332887,2.2308767937898213,27.318205292417364,66.70271997165696,1
1.2452748337445023,204.7762382373644,26.49825775208153,0.9778095590399066,9.321988165773842,2.974561428970575,59.11674092697194,-0.3167669092003934,0.1351981347170139,1.3010710961099543,-0.3689906664806114,1.0472257720961096,67.82729639007731,17.881096637883296,0
0.6124594517900943,128.6873964963559,-27.3837239809003,1.6335209001206104,9.193750577801003,1.9906679420086912,9.400446382858878,0.8792614489335253,0.8149353971397083,2.719152275039983,0.0685122080988692,2.120098309928746,85.61386577076563,38.292095873540006,1
-0.3652314231162011,50.702429390136416,169.9506844329096,1.9285517763831377,11.483320047786986,5.002581533065219,-3.625524773671053,0.195039406945699,0.8505858275704689,1.1335484130573588,0.820785811266445,2.046040956884589,25.030787173283706,62.98152161327419,0
0.7569595460039062,199.51953171267385,144.81111358766196,2.2083306700436336,6.947763335356855,2.983996607140199,35.74918713443565,0.9075005037439396,-0.1529432025520388,-0.3053801664045199,0.9268393176026226,1.986261221436548,127.0693753619452,-39.46239288212953,1
-0.0740589431051897,200.23263375364755,1.387921968307964,1.8490695488687203,4.763203514481301,5.555291608434534,49.21832667580991,0.6319321182793969,0.1999550557966336,-0.3218300655247441,0.2444192527582723,1.9014549746162757,-10.22499539035843,12.27222388281023,1
-0.0117605455652179,33.58946610942961,201.69749357273213,0.8204732661971021,10.80443091313628,7.851599302229056,1.4901904517087203,0.9363568037718946,0.0674779089678125,1.2262220169723186,-0.0572087508342989,1.7935735428740904,-29.655802158065384,212.91328575995016,1
-0.1267003984564931,-40.67111782671492,33.744805537586615,2.3330837199681707,11.451933362664802,4.340159190299714,-2.048226826544933,-0.038854142114293,0.2147326241196188,0.9413349805858742,0.118983541742006,1.9736632155538325,30.899461967753943,-44.99069929680287,0
0.2485852045865022,216.46096505930132,81.60491064833424,1.9049197109251188,7.038285863234393,4.622350071062144,69.18052533179055,0.146485546054736,-0.0019579134475024,1.931031523368936,-0.0939074359731409,2.299605506234325,116.46147744080017,42.21885378507976,0
-0.0230677250303377,166.73986116843074,63.27288548804076,2.023434359535796,9.21658049477288,8.737994110559894,1.0315515065499523,-0.163913003074017,0.907728136330576,5.150020970237777,0.0006711069468053,2.0457134712132787,14.905839385707182,16.7467855356173,0
1.016834535393345,-23.802278706819493,79.09754764956108,1.8251600171942357,2.901315776302696,4.561344980174408,24.158427058847124,-0.1097063051620849,-0.1446181364027364,1.2282879526808128,-0.0918036897888934,1.8509535780154835,56.09847269400648,12.10096308743924,0
0.8371866918146619,38.13477534825776,9.647189524195907,1.890612261777328,10.820555419284652,4.563333774973792,35.93385176199157,0.5096709577889257,0.7705371246249367,2.127752243813622,-0.2637084568804372,1.895514333469556,122.92419398254582,56.44260260124393,0
-0.3606774091225956,277.34313103550903,23.034243770309185,2.321842716372788,3.5217955904176668,5.504260092135263,26.2864849520655,0.7693088350092843,-0.109116810176059,-1.198609836608254,0.7133085005772049,2.0539823606213536,64.69121555064514,197.4459195817505,0
1.1003836296252096,111.42313756480314,52.17379686755926,2.265046161215007,0.1983165493911327,3.009415098961181,0.9686370457306452,0.0917093557825379,1.3599558725679144,6.237705417966048,-0.2247292239859997,1.985256097570958,60.260987139015455,19.38788045582455,0
1.1308078621408426,219.38075331838985,-18.05093845526754,2.2298125975459486,3.587347558106216,7.78952852774041,98.47852701181397,1.0020075090771965,0.0852681153859833,-0.4819006759045061,0.4641910179392845,1.9221173907040865,163.29127506321925,-5.173944841318367,1
0.9588773336636952,105.8353993889171,140.0664273352387,1.9135415319618851,4.348701765327563,5.420888663461547,55.6263375713426,1.3110020878004571,1.1426420049429424,5.952382123902584,0.9867625167278068,2.3211704080006808,27.926800875113177,-19.054915645107165,0
1.0450518196799552,172.76368240926067,80.51922785610311,1.038754855748908,9.342334081530892,2.7042643379435187,109.0470353139774,-0.0743648389010401,-0.0370888668000687,2.901729420351921,0.8386998900192413,2.181556480122709,127.97651657390485,25.60781442151964,0
0.9711529463495068,79.76281245893628,65.89734065271922,1.8859240374424504,9.117978322753157,5.587081574184427,24.304814940844143,0.5049274193051692,0.66299955786115,1.7599024956406752,-0.1059228411444597,1.8220448779850709,93.35873612690732,11.216635494655383,0
1.3566693429001586,19.251834444990948,151.17785962717468,1.800234228191092,11.962882727568047,4.5976200732808215,4.7878551025892975,1.0117697450289194,1.1238324655097824,3.630385171714472,0.2884976925002734,1.953092774840231,50.048673928404455,21.290518239549293,1
0.9451550529831266,257.09961689079705,160.26450988622975,0.9797023536200976,6.258901178431894,3.787979174771282,-25.090353638138147,-0.1805345592997085,0.1227087891559601,1.7175206183924203,-0.3513402497549419,1.902671252576655,40.92781041439507,-10.946856898580982,0
0.7501853979609384,157.84034439533986,190.16578400907972,1.315744484214815,5.112534587820957,4.924253774560078,24.056848427882493,-0.0216164281455137,-0.3458510834160831,3.727062388230014,1.2530866154293212,1.995789014158715,39.57432729246805,-18.16234813983332,0
0.9547725082304724,184.00913979270524,14.736034536364158,1.9657975567885413,10.15038914211096,4.541828138512747,19.656998016973176,-0.0661569773226153,-0.101551550171388,1.7939816415490113,0.136953687242374,1.941657181281739,54.40266411787427,38.02172240648935,0
0.9788150126092244,123.96118970083418,182.0399310058428,2.122293958134598,8.467213049246974,4.221291414063493,59.980666277967615,0.1576341442412428,1.6334322737638778,2.32005814908512,1.015917277513414,1.9400441113023388,52.872352490959294,122.48659915715189,0
0.0575656650642952,260.43131612611984,38.03345690185608,1.9370138985209664,4.457894602806418,2.8673430688587533,-8.204937526175122,0.900429517088059,-0.0088395916973552,1.802687717327703,-0.0682536050450456,1.9449561277806136,33.91657992324502,85.2070671528904,1
0.8589165276873902,51.038597664623154,176.54357071594524,2.117727154933059,2.2050113003739424,4.272679817268936,22.17674918633689,0.0930251129355758,0.3598078903047041,-2.743064269440511,-0.1325275719689696,2.0793991388065973,-8.822084772929344,149.24738459960926,0
0.2459650190925638,40.75105275452718,159.18146285717572,0.7597234556971684,2.832014610585011,9.121751642974427,89.29982643790956,-0.2580520326011168,-0.1020238418832749,0.8617681240963897,1.1312949486213673,1.76353710563244,-30.266306826266188,33.00541760204379,0
1.3953876250916504,65.84495268259009,21.35021490481429,1.7334917573620403,7.219897502146967,2.397677373741363,76.00958561976826,-0.1316662382786635,0.1687671865103928,-0.1799730471677159,0.8985211613684804,0.9670058164912032,27.64303414494396,-60.77750390304441,1
0.6929342416151166,-20.217726768752694,189.98649098398505,2.95980968552328,-0.2604758383688583,7.633432360808237,-25.221650600060457,-0.3550542629446495,-0.074331833443509,0.6813360132009847,0.6738634690078196,2.9184721271040392,134.67732626169314,227.14346044855728,1
0.217798692429316,171.69085469644676,40.70414134832222,0.751971277390471,2.660560753235405,7.439000852777854,7.418406153999115,-0.1685448353086315,-0.0639147865792542,1.9655603879508077,0.9732094721741352,1.7494871511678736,37.51611080541311,-48.667734140249,0
-0.1002977705804701,334.79923515568487,109.66501306041567,2.1549382716648875,3.2463336670531726,6.153968509595179,62.177304077702175,0.1051001281961445,0.1126224151937784,3.7241605487637495,0.6173656101434012,1.9384044123114463,38.60885569136612,51.53390027889262,0
1.1525543997579013,79.80253994994922,63.6037704124328,1.9859963236480485,6.992380594633747,2.299654130981712,57.54842908230471,1.0418168471317104,1.1241300494417903,-0.4265311784218744,0.1446151249872243,2.276065942874089,33.628038670172955,63.9842187803574,1
1.0521360562768425,220.27361082572756,51.67542119353647,1.942729000429012,8.293991279238439,4.207791034427971,8.71113327620317,1.0445827906422729,-0.2623845921074905,-0.8122245934452028,1.0894307747037744,2.1977463908755523,134.1630063951376,205.54294723081247,1
0.738964881593564,202.47215578021215,94.89881334307032,2.4728587937193174,8.718796630061878,5.318766556011567,75.44784384316148,0.0924141383867713,0.0263471463644922,1.80680989760742,-0.0344567682420568,2.19537840049424,134.52706901509472,73.01168203126599,0
1.122482627655195,318.3917576617159,73.12783574381773,2.0849140884203763,4.88842234683114,4.39329060271621,18.52611524901911,-0.0666566658387142,0.0148147297251948,-0.265245135765241,0.221868374504775,1.8416732241317864,73.23574872914853,-5.232203549238079,0
0.7893002926400081,178.84596082713617,-0.2320048487740962,1.8038736998792264,5.253086708581035,4.872351089195719,34.88719740621538,-0.0214301803103974,-0.0080097396516956,2.1626907334460954,0.4007959892442766,2.027537369593168,139.98340645084494,258.5772121469628,0
1.2881614248767053,58.61810324324786,-39.1436814281728,2.011047794098119,8.33242427716031,3.0734136317156358,6.40942521393292,-0.0811417466152827,-0.2989299415630616,2.218187519218908,-0.126389261713671,1.9453954739788624,107.40031872579809,41.38663200132196,0
0.7715944945443571,139.57521359951895,90.18722141300626,1.869531139976644,7.02400973653694,3.9317339554411768,31.279795129717638,1.1087157112832688,0.9987160028504828,1.5873520648055834,0.1631723439634439,1.9928840289484209,25.10893575159888,-22.135314281112365,1
0.0527093343944888,92.11013713573698,96.27312172180494,2.3348815808367034,6.033065275273515,2.355829663624736,72.15694501070055,-0.0744354111404381,0.970813290781674,3.0090008063239213,0.8976751309294984,1.9638747900170828,95.92226674964712,59.04487228490186,0
0.6729398697244464,79.56950737359504,67.61219048144065,1.8747986443468985,5.546196302268711,2.6764913176263003,41.24785491149857,-0.0883417543266953,1.304417096668011,2.0937049728946,0.3205063506108285,2.0344916298476288,41.70673619063772,45.50647456515093,0
0.8918238205343982,38.68749799420779,-38.47524966573735,2.248908179662274,2.93728494513463,3.2819971462972903,-15.276160461387668,-0.0459313985737067,0.3925966135673749,4.7984700520202725,0.6276275097837983,1.952373388899948,76.53445963941516,70.3078301228814,0
0.9501741258039956,66.87945542506279,23.527479619899623,0.7474386994643347,12.881667289887002,4.02827943913584,41.3087509997396,1.2758433854479514,-0.1892770012723528,1.5681355413000064,1.0152391186740355,1.790826563875977,4.626786917450005,21.389359905531837,0
1.0011627259902909,307.553270938278,118.94244684618268,1.6503085814286729,6.476957141062679,10.229511372536546,135.76458849889897,0.7641622427162569,0.999332205838726,3.8495587700087297,1.0939863252639888,2.01991650069436,23.72721761576292,-22.88630276177907,1
1.1355325490491417,344.13572059897444,152.25185756397178,2.130753859208365,4.752447870518196,9.352695510796222,117.29748192165744,1.2379244586193383,0.106209165464766,2.77775765326174,0.7114235777869453,1.983641391746516,5.191008943956049,174.03204375419975,1
0.7795707465745653,-2.4269246117173964,117.87262284695362,1.99478706508682,2.356666959368842,4.448674643829615,4.752009292093042,0.3294187070922166,-0.0595989920028625,0.2136899172598396,0.1081527767568736,1.7532310573547476,21.594410340802227,33.07034599271874,0
0.918336506812254,231.9813389521355,77.56066010114846,2.002591758366476,10.61229743391628,8.920622863032364,78.00716390061419,0.7659997214077171,0.77198234970722,11.346304625621508,-0.2754544658694681,1.9934735266277308,20.565659818257927,-24.710438479271534,1
1.0453430147963123,50.24821263794188,111.39600641702953,1.044360817818475,9.097874376071486,3.4257187590940967,79.66957067681247,0.7639098154435042,1.095202304181103,1.41902896354562,1.3944969990816,1.8786004945026475,8.741427311420537,62.29756071081859,1
1.2027896747979043,29.624035129185245,201.8390491497954,1.94927152225744,1.5019833764988126,4.176583290170751,69.68753522026391,1.3457822390204184,1.0758308125821388,10.37310017321521,0.2019284037360757,2.1468474138041658,33.26178800481661,180.4009243329362,1
0.7969721678434112,109.77037564079907,94.69902166968872,1.9408213186664671,15.77318705112528,3.355491637604989,101.73062112640456,0.765973251912238,1.0162020709314268,4.146353928920052,1.2536544537352077,1.943530617515936,49.51910086009279,14.76794765487204,1
1.0887713092839555,46.65007727312501,125.59092634720552,2.4521111586588806,9.37386574906749,4.290349047685419,12.950612496910942,-0.0790079625978839,0.05541879011244,2.535339147358308,0.0715422407970542,2.16918525126484,159.0292295699603,-9.858276464329712,0
-0.2110319240432412,255.40298447185447,106.51161200416568,1.7310916012601725,12.68738906506159,2.6614362220827537,121.13162916571343,0.6279419460275772,0.1177299622010962,1.6856883262572064,1.4277691018003609,2.11392737969864,160.22345933882983,27.741941039025225,0
0.887516878168753,184.1521911442358,91.3061506390859,1.8399551506222669,13.320045834678208,8.080265472880297,90.26977511197504,0.8641116823987545,-0.4101599402227095,-2.477032963287983,0.7176349370965052,1.823551751078213,159.7914356373659,-37.86337274929196,0
-0.0927377909996793,282.5418987031066,165.39909226984298,2.116600582704393,9.974543483778971,4.636205709984655,70.1943855616627,0.8713111196068571,0.8822483172690262,6.05511620772338,1.2277152366593778,1.8697899665311624,-13.504282060854068,42.03809594040134,1
1.1008227650221607,175.27781715180865,166.28232102645575,2.102215893559639,10.154283838267862,3.8714032151569073,62.69072012425531,0.1516491161212192,-0.1258247084966525,1.9867843730908932,-0.0490560083910129,2.0319849711787685,130.9168645652071,94.25606061136064,0
-0.1421086947708023,53.96450121632343,29.66027568121456,1.70302527322021,11.645433766653191,8.091876610455822,34.59136160742029,1.3569776084678913,-0.1385186283469414,4.737730417848463,-0.0505425638533342,1.828409339921792,99.4510081823078,105.81855781421216,1
0.0098016422287633,268.5950091160598,28.48784007479889,1.8306639231326447,-0.0720654889794811,1.4434051583367111,-9.1957172296554,-0.4758671686259859,0.9881472932293706,8.31464310966054,0.3623763410748244,2.023754672523543,50.215327736974615,-3.837635789952479,0
1.1410565963393968,307.092921555162,152.86728467598846,1.8532214459159804,8.288467285770116,3.650418070826254,129.71042103245736,0.8961634212294891,1.0111258769386473,5.050323299728167,1.0555031906542554,2.00593744880734,105.79044731804385,165.20118759406475,1
1.2205715064856024,109.60449164181314,47.17675558745572,2.086098789277673,8.337107342781131,8.752289689446698,22.43340479083148,1.1772993088945225,1.043212332167924,2.6828617509800314,-0.1417845684811253,1.915244213433021,111.4093243335798,70.77423802283553,1
-0.2841672144113566,163.89442459557668,77.47529919793739,1.9140758899775128,11.551871440434676,4.51818250781357,93.54371509498718,0.7530080182247171,-0.1205098437610922,1.4934561537892033,0.859128337725021,1.9625963460196472,10.15930938203168,194.5989494624166,1
1.080479750338036,417.4114641823289,107.12236713357902,1.95332204732684,9.98689728294328,3.58557560607698,128.93033528593912,1.1061870996255785,1.033905795987366,7.4463876859339955,0.0037555708653166,2.427273312529034,4.140831738098939,7.383587918347956,1
-0.1514276609630107,127.01384186145748,-28.264821699965932,2.333224884065401,7.634835080276794,4.408151018345665,81.81458020020258,1.06749332351839,1.3215463106211467,3.74727694375899,1.5375006893453764,2.1460732610540405,106.34148094193766,218.5845015021424,1
0.232498649328717,-7.745268154375765,-5.139107393680831,2.1892481028014146,5.1084326201120245,3.966175554314992,0.1675153406488263,0.1582723458325139,1.4320845535560185,4.308425184570329,1.327740774499272,1.8863106073441087,111.90432668534316,-28.831009830590425,0
-0.29380932733552,255.7791279212532,189.80745821814105,1.5826204449139791,5.938451793907264,3.0859539446133253,54.654964336378,0.7577702353370155,1.0944480342102012,4.035063225495109,1.3139672127130406,2.0009049085909334,36.04871734924089,-7.070466154649232,1
1.0181318140554931,219.66401502286124,132.93844382691896,2.20471139695386,10.84390432795676,7.815046829005624,140.7405502534352,0.9059908733640888,0.8722870655070949,4.110778798132145,0.9313483625224634,2.1484092324531803,34.90211702639487,168.79273112532218,1
0.8925987087973157,321.63998505361656,5.990092034133468,1.9416136115839904,9.15086936561325,3.632639693930369,71.68930121654873,0.7387265594460961,0.8745330025925183,4.358407570802371,0.8735991182353331,2.138589325909118,48.672898732591385,16.091749428504173,1
1.0595835226984822,52.78541737275951,42.93861779340129,1.8664985531594676,14.996900294023996,3.391878883091725,57.526607181276674,0.9447723139963042,0.8553822917057197,-0.273708373349407,1.0567693867620302,2.1202890668770755,133.6721074982272,94.1852990492696,1
-0.2543707529789913,210.41144295282805,88.66415141541289,0.9353850643647358,3.068715892262567,1.616098152293607,33.11889676367566,-0.3478876628896165,-0.059075664394012,0.1609077412184882,0.5574930514789626,2.142474472966768,57.38858744065476,65.17784764041893,0
0.3977614781666895,169.49431894100252,124.13270000931682,2.1708388632734668,5.277042346078813,3.629897962896636,97.45245269563566,-0.0604667276955415,0.0976127501260013,1.6198852361367444,0.9142061556402764,0.8213842537379474,35.03478887022031,-5.677377212446046,0
0.674323551565483,271.652679178095,100.61398432128988,1.6660950117057138,1.6821428713655084,4.061918561230041,114.5368077875278,1.135100141356946,0.7987743150121808,15.52790111549562,0.5833751292181917,1.933576330446665,9.27988375037124,239.96644283452167,1
0.8100638847492271,34.83357754781538,-0.9279519285309732,1.779861287115153,3.2684401681611828,3.5748875034954217,-2.9753861377062023,-0.0709761829441939,0.2623520444745918,1.361451608230278,0.5541887278264119,2.022910912622219,91.9804014068456,103.13510004238788,0
1.0513050181826018,287.0331839443643,170.7824955608175,0.8477254503866632,2.4088561781459177,3.578828245232303,18.405811044011983,1.1667546135059867,0.1821130287855596,2.7214573859969944,-0.1363940038868115,1.158469030295914,-9.243080337851763,22.362342852013192,0
1.07499537414341,77.27614385141695,197.80331663493217,0.9883788812457306,6.020833366584318,4.588438678614878,-9.882367604127625,0.0090659259585218,-0.0695185541741644,-1.8765535244731124,0.7936304184988557,2.21071739557501,45.98398201827133,69.73314474271662,0
0.5697964537279621,35.67057889482618,-16.29727951696347,1.8148981425479545,10.828926739112324,8.802522886916556,40.65877975021702,1.0386653576877949,1.1177540175750278,0.7444382971307113,-0.0547332274250478,1.99729992762947,-31.876496648612417,90.03786291905199,1
0.0870095832021642,46.52712076507582,5.643189562160458,1.931569270420316,2.1847571472058025,2.6936720174089483,-7.64290266125964,0.0598357199647144,0.2818300715733388,2.0057599363605774,-0.5828252394362288,2.086170955870801,35.416938477301024,15.810761012860986,0
-0.2161025439860245,106.15760995022868,201.6511407308414,1.814851749105454,14.039878629557666,6.762253818672072,11.039570944723849,1.1881050109232103,0.903167576756262,2.548208793842046,0.746695697272465,1.9128811155100245,138.48524903231987,121.38384604278954,1
1.4320912069188343,276.6291701757541,251.2448152951748,1.7197341091501426,8.654446238803098,7.026484139684019,6.915717514345307,0.7524838254302331,0.7611238652225388,17.51002635839002,0.1742858772796452,2.0955982345215403,87.60428717055586,37.58489623131837,0
0.9521203612329115,365.2700292242568,195.69188323108085,1.726812198011022,-1.1780401719067497,-0.2373741691717779,138.02842909746178,1.463876609458702,1.3033166005422825,12.56036118847978,1.3186104759840056,2.1258226284288755,-31.068883039330075,140.08862465005342,1
0.7849578060411642,174.55812127944623,3.243277582991624,1.889006867784768,7.591719055629883,3.887883027259593,105.9262356684752,0.3220444740286028,-0.0873252699870994,1.6136832030436632,1.1043197092426766,2.12931019987119,152.6366197583555,-4.415132530068455,0
-0.2589732693018052,360.0628776859928,186.8290340273833,1.7897417510907525,10.520783817712182,3.582739932745018,111.68815656722958,1.2134480642196952,-0.1748287189183588,4.147626074080287,0.7029167344180687,2.217062785664829,-17.095166887492653,228.9668783824568,1
0.1216431129858867,54.67589102014337,22.80527817755454,0.9499693867639774,12.448425585193784,1.193076783218595,16.405456807347853,0.0024690809924015,0.1956767107463295,-1.7164889649486383,-0.2937733726531942,1.7261936750465778,92.6785086336316,-35.556364146784794,0
0.8077471938903407,225.56659262031056,63.74471692865177,1.1335454888456835,5.752057509998796,4.24398140457894,-23.2675297570605,0.7827055147939284,1.1257182884107606,11.03845793575264,0.3959946591657713,2.166997133649423,109.83596820688302,-25.774779510121142,1
1.0319277023956364,-4.646791792961068,161.07030838872424,1.09441291192581,5.663203982449484,4.084672121763749,4.0259292814930845,0.2730182522855624,-0.1336598447447154,2.392082579257377,0.0093839281166277,2.200419410506467,71.78926323070506,7.439067987730581,0
-0.1654636040088067,51.768871563875024,93.61803301295171,2.1043209289572733,2.4478300820410706,4.822637475335359,31.470945891920657,1.2388128058225882,0.7500765614270876,0.7704107769674136,0.0854070225826347,2.1572778249425,87.58635089433659,84.35222093957346,1
1.0514897970228367,217.44309001861987,109.76077362636909,1.8784734854302507,10.300498955891545,5.372045888254186,25.537296305810965,0.9831965229659508,-0.0209264311620342,-3.018893959430996,0.9507662162403568,0.978861454065949,132.67351594084053,47.28490438453777,0
1.2982747407320456,188.40218067071015,173.2948474963526,0.9778657760922812,1.844118074065202,0.7753828497457769,-7.7311768804054495,-0.1470531821607319,1.075461227119379,2.3504287923984526,-0.1017341607025952,1.8204755159119728,54.61123837152793,-3.924023570724202,0
1.2854246390457706,166.74817949051243,16.68208585284343,1.176965192657923,1.785432781584953,3.557979744266304,32.49200303173824,0.248009829211316,-0.1001013506314667,1.385268910466246,-0.2709445143802121,1.879675660308308,88.57674266951078,5.026658312765832,0
1.0649568008620462,302.9295524663688,9.937304537168188,1.0392977795452798,0.6755532769630657,3.5099426675166274,36.18988671765798,0.3028215475001256,0.4009446520765631,1.8130058791757344,0.9155660716354448,2.3349453401432743,129.1271629211077,-17.669895248148656,1
1.0286434827786652,154.12831191020598,77.69819033558595,2.1468460285959705,10.289824221361307,5.686947205323609,34.93312156866051,1.4159939830482569,0.2117526811741603,2.2814934253830943,-0.0460138112513625,1.9944455755801944,105.9890207420645,44.30813017800997,1
0.4164771279184126,95.20716902938656,116.37851622378903,1.3984689782984034,12.214132954928946,3.913803078847488,29.64385925544973,0.8020516863187706,1.077965886136803,7.5351022181080225,0.89967699900109,1.942747562465844,1.524267653073288,137.73957877484793,1
0.7642588423615262,198.11052279399024,34.39309185994247,2.0184567634177832,3.964709795348121,3.118965170028698,19.235349236267886,0.2726051960815333,0.2469283870734645,-1.8881816764291488,0.0676091413793371,2.1364531576724,42.58534189657186,61.74160883548859,0
0.0230154189793349,142.01458252933685,29.64532003143598,1.56286294305436,13.684049619836994,7.854149628000464,61.24048972174892,0.6724967371727681,-0.0869744102986089,4.094706166155496,1.1008868067343751,2.0756914779728,55.377916934300345,230.785543597692,1
-0.147729339537012,289.65164095190926,80.35407008821478,1.2557564488566424,2.096362381186178,1.0144502193920095,77.46861878138694,-0.0973724637519484,0.0729643976564635,2.059781805310149,0.7965088016176598,2.004901860865342,-41.16124546977562,11.92072425087342,0
0.8984330266642474,156.74670293941912,161.83445671907504,2.193718528394456,12.56405056700397,7.76315680354063,88.32274947147349,0.6737177342949473,1.1740345361208555,13.8908563621893,1.2883253607339629,1.971671148150541,129.0577240554028,155.5586282105935,1
0.2134375542009728,356.0119869038164,39.05245036668536,2.0318486070795965,7.588544676071185,2.401974558476395,-25.46018234956287,-0.4125877896334323,0.0844501964567078,-1.4713516666879665,0.2815050846147492,3.0040641826103127,59.93250370514554,-26.584827818690293,1
1.0022707557436634,175.64137687743195,50.75352932555341,1.91307530487601,8.450597677425883,3.902762863530226,30.16313686623356,-0.1160419655976227,1.2449694848816422,4.2256650514991785,1.1256278720944324,1.965397287811675,176.898721700159,-20.037407185431118,0
-0.0128267368899368,97.2723310845756,64.02168956011234,1.827925241032161,8.567540015804529,8.566981875360439,31.20226539683319,1.6876538255810158,0.7582133995904368,16.71889487121567,0.1143749849288393,2.205491409571172,2.340398775044214,133.70606588174422,1
-0.0545746548626424,86.52726496275704,174.1137227665572,1.810110432675464,6.583019208687568,8.097385424682715,54.198307764683726,0.5694615890785537,1.061963734610756,2.5036239461445544,-0.1422193525091244,1.9510323355245764,6.2733881071057525,156.55071336479227,1
-0.0395192771693871,287.1809806001876,29.27958207637259,2.153812181451495,8.727033223879564,4.524532623296245,27.123038558292546,-0.0449187800599132,-0.1575731532858582,2.186441976239541,1.0383928255853716,1.8088436606696716,79.19172539102586,53.29017435977752,0
0.7510789586701718,193.61498947857703,114.64532588601544,1.8467350259702844,9.04403244091576,4.51113975320192,13.098838469870827,0.3487973227177227,0.2842872335248643,-0.8165125314814059,1.377466248784431,1.928653535150944,121.68375408963824,9.22241878813,1
1.124703363650781,223.1142502923805,49.62746796428634,2.102228123030293,10.234960543734864,5.179688352365081,4.66951976453953,0.6751585370906882,0.1333908537510132,1.0765102451520263,0.9072657976525969,2.171691425445611,24.368840103821285,54.74199909389994,0
0.7280864177656019,65.02654026375666,25.215985280117582,2.2350596962757137,10.676499418985022,4.698374427089847,12.693216706050515,1.1683018393353266,0.8515649179092285,7.722013041943551,0.8152268472326225,1.8322084498730815,36.92198577563889,220.06425530945216,1
0.9137405543700026,156.3871260880893,-7.98826307491413,1.177203623935236,4.1293418242937445,4.772259231424818,-4.202605111397183,0.0847219941476808,-0.2508951325882421,3.4103621619963738,0.2792759605104153,2.1289386463007443,-30.434993496727373,28.10318709722393,0
-0.1167165893029724,152.1367347486159,85.74700159857305,1.9412226850995196,7.456507641139687,3.5447783014790524,1.113992500761256,1.0860586989564662,1.051547998787526,3.5414459873591397,0.8808453988469136,2.2546796704756225,113.11951845811257,-27.606510183719585,1
0.2153675029580567,190.2716117713685,62.94260063204465,1.5830510465091538,7.558747880855384,3.478954456586276,-21.33764117990267,0.1018195460420784,-0.1001744362977165,-0.951567531207818,-0.1243371824089116,2.143949479823652,65.51246684200282,-3.250429515411461,0
1.1943852543480622,152.64383483986953,108.5219985218229,2.1451228996668754,5.272130797618057,2.796011276148773,13.867086656315404,0.1227378707989047,0.2427657939575517,-0.6986456429873087,0.7967748073792229,2.061796064237633,30.52310494904598,-60.643771381127856,0
0.0287519137852751,77.26637000264216,39.236066621901294,1.0517843126965398,3.9914130794381584,4.38297698576593,49.90657593308859,1.3034613904691748,0.1599218471604295,0.8446938383314175,0.5653244976170293,1.8223264889198527,146.62119686542144,-24.816382610166265,1
1.1756084248839584,243.56783773628743,6.574734516807496,1.9659225114594696,8.663020352811305,1.436387647372653,5.937726905730461,-0.0254772069396408,-0.0112710589201106,2.28176984401504,-0.0167634684750949,2.846792225793904,62.06553687181014,3.2083251630934058,0
0.2142178431586801,72.05094749486351,155.86603031005504,2.186166408937683,2.45157353090861,3.496971664312415,22.39962049160242,0.0248611735614248,0.0002982827287428,3.672187671482078,-0.5494945868344896,1.8095080423605832,-0.6347142980203628,22.12535148400334,0
0.862959204107437,303.2938703766592,57.93120332207498,1.9733682618487864,7.807509090018488,2.69597772203132,-14.741884509600972,0.8015450852845449,0.0922607911372108,1.3971922123001093,1.2388395711871925,2.1011527785843573,114.24469795057928,20.887898621552974,1
1.1376189785751336,155.15373470320858,182.8373355043541,1.82034465615854,7.562039303192543,2.534801023881909,98.87082124803229,0.981244226408938,-0.0979520476359879,-4.361993978041523,0.720346814638058,2.1506055681383507,136.2073291838308,126.7874024027266,1
0.9724044014172816,107.17028869942948,35.31531168881461,2.31752956949734,13.214788710286456,4.114004117595574,45.3580586983308,0.5352629282568042,0.8837654091427389,9.661293247229183,0.3504830785337718,1.868747802930101,125.84558780541389,235.78702423507215,1
0.3448263488031234,54.53559856331708,61.69873971328505,2.46271493208368,3.248684536775671,1.299762550618471,22.01789238266761,-0.1858318813549704,0.995390255813012,0.9370449632447352,0.0601230863126276,1.8722779680233168,65.26578797914729,51.704039470599085,0
-0.3368215107135365,127.57808368151689,47.26175902444608,2.0311242756270715,10.669293370098302,3.2202627846626517,44.71508612738729,0.7685886790464938,0.8385094579994659,6.034138739916018,-0.4161266963989322,2.1712647119492696,36.95358615116127,30.395017004690374,1
-0.268167866152176,-43.359062365599385,-4.308026783886248,2.0961449149007145,8.23589513978721,8.618600530925168,30.02034896542632,1.0356330486324472,1.139271755641452,2.438792895266036,0.1024106959783928,1.911058068517541,24.46571426074156,-11.47865230325656,1
1.1454399056753426,277.1206564157483,93.86330239987905,1.6155686973355643,6.490929393723941,3.242103990854469,-22.0230401190313,0.0099320336876544,1.0875840013097255,0.4052778969158668,0.1742350719461229,2.080769376883328,65.62431147272235,-3.6395812718840617,0
0.1008379439760361,87.39129950795854,88.98959732217578,1.8939565609216376,11.06824827556949,7.9448885746243985,64.50304941919093,0.7695828732571066,1.2264040182217744,8.845999506962588,0.7047405326450187,2.162352346039673,91.36308304700304,225.74900911894565,1
1.0640559732929131,21.53999132957261,187.8400591802225,2.1818939159972546,0.7685635247183358,2.833387370840824,41.08841632668095,-0.0710780221413284,-0.0037403494762629,-0.5475664063913839,1.197164275211771,2.1045106600854084,33.370304013290735,197.8484536243576,0
1.010456213153062,-31.30648316742796,69.18038957874502,1.94208302681072,7.846144720900749,4.383874568225607,6.833208572995673,-0.3575110918324898,0.6323298326468688,2.77044964726184,-0.1827902297004278,2.0405847875950083,17.206305780677297,-34.54625150179816,0
0.7486170697678323,36.35014584377389,106.59017207115116,2.002416212454825,3.796245141037268,4.4000438545719724,14.869811817558094,-0.0221353910511679,-0.094236579792385,0.8553776409530505,-0.3783066145485401,1.8055538083878988,-9.449363010393752,17.40094023199331,0
-0.0201458092031129,206.62053752391955,22.121177978341592,2.1186600670443223,8.786547198669986,8.44672404766177,64.45411496876058,0.8553108376879717,1.1902711780791146,-1.99526739919882,0.0777271048032483,2.217600915651585,139.88246278317465,157.74241464509734,1
0.3863209280546805,42.895176694154685,92.04867734878778,1.8177935147592292,3.695964507819383,2.902095171456168,-4.322446758321853,1.1048892988797372,0.7078189421054907,5.774559027409788,0.2032312599169575,0.9326384064059025,3.891774994208866,-14.500713969295042,1
0.650128017874922,285.2189862729375,9.803713056342758,2.18965043309678,13.60740441422489,7.107968765256545,107.05808248845608,0.975830941053066,0.123407446300907,1.4184786908507945,1.2682237329202863,2.010131316185462,51.51618838572685,272.8293077040342,1
0.6845374100344066,199.14902489705327,87.78160845216023,2.237561826575289,6.94081121888635,4.573562505320635,76.2060012396714,1.0557281740246132,0.9685218954554468,9.583872789558384,-0.1199066780786561,1.7887018906668513,-27.678938339023645,183.61342554881867,1
0.0023382804562804,82.289453988096,60.96200736640289,0.8543698079103299,9.520572351046184,4.891440439929763,67.42071822673422,0.0888824569360561,-0.3333460879662743,2.071526751700437,1.1411133449201456,2.167314548082968,44.95821207664772,-52.32821467223341,0
0.8072158753978556,338.3043585101917,136.0633761795905,1.9672511936604509,3.107168075239985,0.3292553827014766,126.49138613155048,1.2145601417921186,1.1801293853203705,11.71043554229134,0.9352262340476531,1.7663581435123044,-12.91975559739504,104.4068633437192,1
1.0871149054449167,141.6480841214334,-4.365989715328084,2.0517721804725,12.653551959022456,7.6278846174548125,71.00071247434258,0.968356135497622,1.237313327782055,5.28491274516381,0.964433483403292,1.8608408593641896,54.24609242556564,128.10305236902585,1
1.0017409782330111,172.4841376919075,-5.892620165336481,2.097283568725975,10.00159125245299,4.580891219832595,-4.375221844850529,1.012015088380397,0.9734700958447314,10.121740615273431,0.9599448510022388,1.9067297102070608,100.48671249777932,248.6093391403409,1
0.6975484892436015,180.5304170346473,27.309568982011346,2.053304842141096,7.180848307533186,5.741129303018559,-2.490352247563763,0.9852044594492242,-0.1255323242212653,-0.2287333727846565,1.0961268381077574,1.144779070851892,99.87657460237855,26.519729725741584,0
1.1540680654304,260.09620553199125,49.36639486005242,1.9541168208173727,0.9919936111601996,4.144143748924677,68.39297722909029,0.0542682812555729,0.3207602002994513,0.9241727375934587,0.2249830921136157,2.1450259208872207,71.19689345334854,20.43986303825305,1
1.2302947848841177,150.0021257192056,20.390789624895937,2.118110195339465,0.4597269017598302,7.800375322353638,95.58979976120985,1.0041342453335007,0.8889242718418833,4.613424984927752,1.2185429585084977,2.1760279411538304,82.14481722807335,36.349123771051225,1
-0.2066623599603919,93.5511098631356,165.31957853802996,1.9749105769828208,11.116126156947509,4.511710463627953,94.12751791611028,1.166251737633201,1.1824058564527349,10.723419819896346,0.9156760508262978,1.9384482799515697,53.9579871002306,27.775743997915097,1
-0.2170249070566796,324.52633920941764,58.64092672701938,1.8583848050755876,7.51702573321818,3.90221769613795,2.868898031291579,0.1263752720442741,-0.2876046584373912,1.639725572297529,0.4288915359830517,2.0626395478971435,-6.8073528631906015,89.42320588262808,0
-0.1865578362129322,-15.46864977384388,129.31700057220598,0.9645524547644052,6.933018712280385,4.527414750096984,18.712956547963667,1.220305645621968,1.0625960385518272,3.734512884306833,0.8058530785229643,1.778628553654573,30.033448913035222,103.40886696662704,1
-0.2324941628947419,333.24828489413363,103.78333060196462,2.163630457022052,9.046707667213257,4.34810047007543,67.18195283310754,1.17690344930442,0.8445518346968945,3.1253504730924,-0.3945780716997704,1.7896961974317167,-17.603504741007754,10.499161522757234,1
1.1416895051671028,116.15838003835192,110.2331780558794,2.293831322209813,3.4088995499628147,5.840346058028539,15.858714996825494,-0.5281746042834417,1.099321215697874,5.087818548797994,1.0815848107663135,2.0785823555133445,60.45667924541981,-52.84707837872822,0
0.8378761736269348,179.26027053994883,28.902044919377023,1.8678982523896133,11.54627558623378,4.189445528064014,-5.017942905662096,-0.0348673973710915,0.301227343759665,3.659940661043288,-0.1831280487243083,1.994298236714346,33.870982245248925,-31.23926055063273,0
0.7327648902988583,187.7546471126217,124.4322251949508,2.356629958727451,13.652113981036212,7.653382348755088,127.51647418162072,0.9461707887071772,0.9157844384063988,13.261192576456178,1.3157794348935197,1.6588106877127562,146.55759676277887,-14.15938534568469,1
0.8770509286936711,26.05315950433281,62.37247664014452,1.8050856125919177,4.199605971208334,4.056443338402168,6.092936609022228,0.5597910934934768,0.997257423433813,2.599127797686509,-0.0231871715857001,1.9962400420092148,42.68093727211449,124.97777342132407,1
0.0851064426778847,-52.08285434377208,143.35763773229849,2.07049659058095,6.9210094893645655,4.158807098602589,47.757591737180434,0.3312058075102133,1.2729451998556898,5.798675908317206,0.9288291031161332,1.9778761044071904,-35.360477695437,14.078755489083129,0
0.5698106378358043,312.3749797696735,138.7382161113989,1.956130568443332,2.4148550254576904,1.55750959010518,-20.210991015488744,0.7371086822070642,0.8466847236757249,2.3378271664653445,-0.4555669289051972,1.998223169233736,35.46294733414278,-8.252218929563234,0
1.4834071580332229,37.79205084364459,48.199368586379705,1.0691012834375564,2.5949204497964136,0.3508265185605728,-12.947114177767702,0.1033225468046885,1.220076182356443,5.073032124279872,-0.2884141387619095,1.8172242559069531,-16.61669059479638,-55.781902445909104,0
1.5452016069736685,107.8980502425118,54.801037667004096,2.0481865813595483,11.271167875334369,3.100802364143312,8.591693805739705,-0.1961145562819566,-0.0106229778440585,-2.819805462495041,-0.1220389570173494,1.9667286322230737,29.52935404723175,-13.63112133344,0
1.129128602918274,239.50293132267075,95.36147342452338,1.5202607779504225,6.349664059654514,6.104547383259546,12.618348600573764,0.9218913663606568,0.7373029035289247,8.459627025134035,-0.1513630425183574,2.0542786565766478,12.734734151886208,164.02449367614136,1
0.9792175314858036,27.85673357165895,12.073098343377724,1.941042218047099,7.127390092945295,3.780057098968684,23.76599431073741,-0.1645245685507558,-0.0139823160372919,1.3326138808167096,0.3498364437474375,1.959648058988851,62.89766362052492,41.27224663785936,0
0.9982410026437696,15.351306466606276,33.901223953153526,1.8659021925735624,13.459816415632918,3.717046591856057,4.33503038841679,0.1705301194619728,0.0053128051013738,0.4595437767384314,-0.0067313679309292,2.120100944573614,55.2441395629581,-3.1265689006332598,0
1.024160784084097,87.766466010291,47.47832700714845,1.7899739653028364,8.29100698238378,9.155638119940589,-25.336823734135,1.0403770113932913,-0.1303196028435271,0.3274684703015764,-0.2028611853527073,1.977217741135315,101.21071185268308,-40.33303789557928,0
1.163464861713621,90.17228837770664,78.21368033869265,1.734477712096656,14.543865252094331,8.16013265760905,15.932161386280846,0.9949013050711188,0.8614073028372681,3.055751975336288,-0.0792817316247824,1.8516588103400031,51.698863965763394,186.40478813819524,1
-0.2456640930873617,10.93904151181718,51.182380807442826,2.6389329922894182,13.928268084240289,1.476772538456506,147.16951171056263,-0.3557817419151203,0.3583433272146865,-0.0149748441663719,0.899778827452868,0.83580122229218,79.42431826613009,14.19076557407064,1
1.223637104370306,211.2794195493553,40.16758900927511,2.502358889696185,7.369479762029889,5.284005880056967,124.49508472738133,0.130534242510188,0.987358669106398,1.6908517375485463,0.8252371665801551,2.0578189063319368,97.32844917735738,75.75735464756478,0
1.0053971445222312,204.94458209160783,20.229841869060078,1.3237265558851048,8.718437766538605,4.407211616588266,37.83964158007015,-0.0736961079054283,-0.0360951152832729,1.2456857127095136,1.3852043672863927,1.9677900424462424,85.09183366875814,26.71161913711998,1
1.0833473102575455,34.719280018689744,70.71786516606795,1.09083962409647,10.112793422965533,3.3263265142469844,2.881608872768119,-0.0684029563967122,-0.1865199934212839,2.275407453343269,0.2773513022027867,1.9932026516668655,59.14255784818284,-63.39793639210931,0
0.7776189841324086,360.2028639354133,15.856357629351166,1.916434777014776,2.161640561222181,5.783709869743706,67.09499950949989,-0.1496923182305573,-0.1226253469584052,4.009520899533797,0.369461412843133,1.8652636948664367,57.68115009912196,120.31537859681728,0
0.9969867832451812,278.7024386526567,105.78758493064116,1.743104326897628,14.274400355465758,3.4583132745148477,-7.286138802732402,0.9852101834940052,1.014956161695698,1.2984902703450691,-0.0039087441116796,1.9946572124706647,72.62794327888645,16.93595482003864,1
-0.1217552310819445,18.86534026313322,82.95526681400048,2.481391849838245,11.7410484518085,2.813845640728263,-5.631009177995665,0.1144281975978384,0.298565207455479,-1.200389382036601,0.9721241221739996,2.026327078559439,55.94219000190593,128.76800376527584,0
1.3372703753256836,77.55078711330971,153.20123653214807,1.8397675811590375,8.47586325777128,8.556129481038987,98.14621067214875,1.2642445867358092,0.6074939314558387,14.155844085875742,-0.0699729239011621,2.098289722076208,-26.46442549548054,191.1620297579078,1
1.049494680129106,182.32710756126423,4.683469842281269,2.048160594079036,17.0165583753345,6.520201652352622,10.072298108414511,0.904791067104192,-0.1158957409259001,2.474196596528081,0.0541810020813241,1.7615011829899585,11.696069702004984,197.12079759377423,1
0.8926943132827195,220.92040955209572,58.68574817698895,1.2655555314920888,9.43630274018827,4.072914738200895,-13.300375510169978,0.002681256874343,0.0029061238221738,-1.48017652110903,-0.1209640521979976,0.9565610335797092,61.5807465248705,16.081100744908767,0
-0.0347417370974499,190.3394549523737,93.3202019757116,2.011799539991121,2.473106739301169,0.9111169676180872,7.519798352676528,-0.1217289484373013,0.1273625308010845,1.6816385037781834,0.1941193711807265,2.095866542809797,65.21775350856069,-2.2171724173480314,0
0.4989769420660538,98.5925501589384,7.322632456143907,2.2842682003126,1.280694091098864,1.8956002843533395,-11.736996933534044,-0.3489383253028426,0.0580503173014547,0.9390376589828904,0.8897947306037524,2.011375801072272,89.43129558582842,236.2798543386131,0
0.664733964372323,242.2116913863932,183.48910700867205,1.7105638450122225,11.240257542072776,6.170252488225458,35.22810470273292,0.7032244614116914,0.5020055543516384,3.557145370735355,-0.0709302967969887,1.9124863797418656,42.59409653647305,27.917837936207587,1
0.6761950500428665,191.3127706067196,237.2738808102,1.9638832204824304,14.16474108442948,7.315292077369621,99.6984046180878,0.6997862582917719,1.2087155821529605,9.392376462038468,1.1935085171005626,1.8906012799012024,4.674221845353337,72.5066451116487,1
-0.0117058100196977,144.22243759303075,52.14429674623331,2.233501494203692,8.454741122021055,3.8083210199815225,17.851959591257604,-0.1315257290975336,0.1310457260278827,0.8405227182808463,0.782657257084348,1.8714313791363049,132.0301285898177,-4.113270863800764,0
1.12153659369434,62.2311357907664,155.57507775120024,1.9672040330072609,6.709815494229924,3.9212265085282536,51.83603224032706,1.4159062374620386,1.0191454998067395,-2.2345931555594936,-0.0210718812928071,2.3681027948688573,41.979291036248185,63.49280397511016,1
0.818545787526876,158.05462843826248,-18.69325567402062,2.310238635282335,7.944854999881233,2.959031880325158,24.935966811105544,0.8198298297177418,0.7162387013396654,6.172032011246759,0.7246967965656463,1.707027674981642,98.12075275635276,-57.93367145774858,1
-0.2061407930123719,-19.3632456889402,40.521706227153054,2.021540532656636,9.765753533045393,5.051385499553622,5.925469658698429,-0.0953322467175622,0.1168534607670558,-1.0202644630171802,-0.0245460244499311,1.1463456238480714,57.38108198031127,41.77719235077002,0
-0.2830600745588608,260.2800256471251,31.164539900726943,1.846632927620048,11.130721276872464,3.6113317697209535,21.81574235445929,-0.0363266679191818,0.1550203220755339,1.3686642407011846,0.6856504925530579,1.98781840572414,67.35767416118652,-2.534368392705389,0
0.8144686187559049,214.0346912687992,75.5349913833591,1.964105075179194,15.405950186414817,7.373983214381827,107.88284686274426,0.1848025373924126,0.234859084878911,1.2549652080340503,1.7267022610387346,1.1416960085181889,170.74203255448444,-27.633144309502438,1
-0.4377174709039838,99.94987542720185,72.68129969124107,2.035376223187877,17.488497677175545,9.11144092719401,36.82485034850053,0.7837655609697236,-0.1142052052659989,0.8279357923249684,-0.1738491422195876,2.067246618887453,124.4067614991625,-34.575756983962016,1
0.2969308433850497,154.79617754905695,76.6638494679557,1.030406942890357,7.653786635645726,4.607884402049613,-3.057077132869999,0.052946190318921,0.1941139621073238,-0.0192123823260761,-0.138152689048404,0.8395150179785553,1.909497704412196,-58.76852107976179,0
0.8248360533236007,245.20843564702855,78.42099997017529,2.137885135952769,10.33641385885765,7.262947569746725,72.22221801818492,0.0644810463607561,-0.4260542779283367,2.883634080557072,0.8780818860658024,1.189636409256905,109.17718746967378,7.69166881036255,0
0.9641176015461158,33.86911623773196,183.7603018554805,1.7428999913728207,9.943737911902508,8.92413423559801,1.9553216851414772,-0.0308922980036238,1.093157086214196,2.625556678669691,0.1305656062798343,2.0754183678632847,17.621590547669136,34.370879356498186,0
-0.2946054660352094,218.97603863604843,16.0548413949369,2.036712077931285,15.386808855097696,3.607782372016967,-1.857029529818988,-0.1231142048745717,-0.0428611334248368,0.8349742483480207,-0.1862455018533501,1.7281612657928422,90.35930424083264,46.76236221233352,1
0.1824805296903397,59.3488324961947,153.67667765079602,1.8771533702232743,5.387709400739961,7.962240992968381,-14.090559590223414,-0.378686239067093,0.1851860703879191,0.008051179213385,0.0740741555527418,2.166577437060698,79.8365058984275,4.5245015332377605,0
0.2156458622657414,217.62614822590425,43.65910773336631,1.790425666586666,3.570757957235821,8.339794072742315,27.02999712698295,0.2472291204123503,-0.0294373400211903,-1.2572005479678694,-0.0715448781022747,2.029189008688126,87.8062614450015,67.10918576285434,0
1.0070653723857887,84.64378937088854,-13.863547721689557,2.1743289616645605,5.9708006265346825,3.2208268880440016,-5.860573463183286,0.2415788247902327,-0.029563745419289,-0.2599653211214843,0.2076367794839107,1.2879176989455243,5.35144509937286,41.33314823652688,0
1.038786388341294,281.4321523096545,130.85652975483768,2.256775325834826,6.40372980252593,7.336568965779898,74.31255855008604,0.7394824184689346,1.1076415550074323,12.299951637941628,0.8493824464628403,2.0670039340506787,4.265004331218158,26.186991851634144,1
0.8285013428946869,39.72469411579327,204.47793633325767,1.2653945214855495,7.358462667564308,4.867222701979539,21.579411294676945,1.0763746628891884,0.1024559496295403,2.8039204440805414,1.0185457264894435,2.1894812150181067,59.42109915155197,114.40399612343056,1
1.0376645195534384,293.4112524316704,80.96098767274698,2.310650947353362,3.996917431985955,4.329697368119638,-11.159622064504916,0.2381880000915692,-0.333516082468544,3.904259068202117,1.0448419290930369,1.643893694848772,30.93363714445828,22.376938496457942,0
0.0065541645272572,31.25412131753936,136.78885129619033,1.9246162973009695,9.120689305337928,4.030825411660164,22.872758910595856,1.1802099679691902,0.7826327204201752,6.604087507553177,0.9337970269977944,2.048117810475039,-32.976767490119926,154.12300295268048,1
1.127953918490204,113.00600525230276,62.760620788784,1.982421778554472,4.05506512963834,5.542347551319479,36.49594921119797,-0.001837577225802,0.8990283018178806,5.654444961686283,1.1794567532739264,2.042404149084624,53.32032701709467,14.842848826470728,0
0.975290922526464,111.6648612630952,13.308451325769212,1.749277827856016,5.545104268605594,1.909331223016772,16.91978986663842,1.168441192325027,0.9365778239851796,12.35882476439551,1.2442065872626795,2.178399065031466,16.565212955110304,230.24744816820484,1
0.605219378139064,10.08648641944049,69.1736281802234,2.052233211987392,9.682335205949014,5.66590713108084,44.65433500130329,0.1478655301474384,0.6034783978678255,0.6121222589610915,-0.1788882636639501,2.057482318762165,58.11017438234006,-8.217830197646038,1
1.1874898752729517,87.5609998264931,36.45948961763179,1.9960364045139976,6.246613335498859,2.1324177004413296,40.770548895433706,1.3253849353968314,1.372825855275316,12.64471273692558,0.4398889191587989,1.9942300752679871,29.7834602835954,103.24968712910294,1
1.16710635059733,84.53724838747397,-16.344457362675456,2.237150324667355,6.6155538686577104,4.443069512992548,41.90588517718985,0.279140325463398,1.2515878078733402,13.114080091274214,0.134151618759441,1.069825961246118,-21.77253269924788,23.905980183694723,0
0.949628980031526,154.27339032297837,236.3953082303641,2.0983686444712992,3.062750861783056,4.40673120290866,106.1402115943765,0.9501945093453876,1.2216527120028111,4.748013327926491,0.6669366315841252,2.0189686555874,20.54866465769164,-6.837888638616199,1
0.0867624130777736,160.00362564559714,108.61982468931907,0.9214042185912296,3.151588936711238,3.270947256475547,41.06271453417449,0.2537454459384757,-0.025367497057992,-0.524186384583571,0.8151482651039316,2.087419113782489,113.42440427425346,18.75520158666754,0
1.23175453656094,-31.302886270219037,100.03688211017554,2.172574289459163,3.5216701298581183,5.0136344126221255,12.072400228125804,0.0450567047647987,0.0269911169911271,-2.661437173541393,0.9819743830259392,1.9102082376308205,20.378203076369232,49.87670742966691,0
