A1,A2,A3,A4,A5,A6,A7,A8,A9,A10,A11,A12,A13,A14,target
0.8709492128756156,146.82033021746307,89.27341870116265,1.0570553379199503,12.379853440300796,8.379482754647917,95.05930819357631,0.0954331474370103,1.050579013741968,0.8428178767121648,1.0124987696821048,1.9501769165542016,101.29337499676232,38.6513344366161,0
0.0060892191136258,78.85194586768942,25.494545034742718,1.993216968864284,8.676910196847992,3.6762359819573662,36.67898740989073,0.4530791871883123,0.8937550576801003,3.121117488523114,0.7764449636712014,2.0104331166058462,56.088806018549214,97.35731742602746,0
1.032301522570235,165.76098857525838,37.60591956896586,1.896718787849704,2.1732375761600657,4.538260979526594,11.564663165607058,-0.1818445442913517,0.0446702425601092,1.191451787425568,0.1435583847405799,1.988074188687356,73.94531260387745,-2.753142765726203,0
1.114834076331755,69.7830913285073,1.2472776301340789,0.8589754030632543,9.467107201021612,4.821179513103009,56.61022435616049,0.9677002851859582,1.1590476763303403,4.810362896058605,1.2939861446895913,2.2189399026276475,34.55776666657624,97.87514083838484,0
1.0516226207042865,199.5853267014519,35.93711507915592,2.104914747268181,14.179783251784473,8.139089087648257,95.5528009360232,1.040507853174836,0.8718654549851608,3.8215719635379632,0.9772025897837486,2.034344014134647,14.832588263021172,-22.068365188319284,1
0.8614025421013338,200.75993915303417,49.00009148020438,1.1583578351925878,7.662130397972305,3.5728738194183247,12.678347244308306,-0.3361941209127276,-0.1117494602025783,0.0035473079592516,0.0117065256476167,0.9818308869846232,129.04274461715593,-2.8076112799923933,0
1.0918434654415008,204.55166226842837,94.50457078490678,1.9770253857305893,12.130027007624292,8.252823493051773,116.13626294269164,0.9439586846537446,0.0344960559732118,2.4426914642676008,0.9918964625663031,2.0475820410757057,33.641392573330926,129.71545921856537,1
-0.0031214452928045,277.8458677448052,89.03734548417765,1.78507208486744,3.8458457606381535,8.199930262491906,33.364600589462086,-0.0296730177067475,-0.3254087402268237,-0.8645568180719128,1.306713587707719,0.9021317898956148,105.74325752530132,-19.35627726174601,0
0.7143028974748392,84.25223974455893,151.57048595576367,0.9374969514904228,9.38129875231037,8.214094122778386,21.26632539361699,-0.3379123541201133,0.0604247156111074,1.627827270576082,-0.029838795135508,1.8971720827165397,93.23042497006072,-30.9161227260471,0
-0.0383577138951224,146.0184188911126,18.98324876932162,1.9333437736114845,7.755299913187177,3.633230774243856,29.47889235394686,1.1001753983411948,0.1666855953900168,0.9455807064981304,-0.2930858854773091,1.0632400181994104,95.0354182773514,7.729571725990247,0
0.8502456447705744,129.95661129921868,26.129824691852825,1.890001922365212,11.395298567933647,8.087373121296405,4.209473885122449,-0.0102755521281453,-0.0133589932613198,0.5552870037207089,1.0209008805126587,1.94231885049018,113.7570119472092,57.28681550687448,0
0.8339201042288499,319.0610155952749,38.1331686087546,2.1477621696090816,7.130757165334567,3.749078442071818,42.511779940078426,0.8050458188926495,0.9979586253088188,1.690483586703283,0.9408933601383598,2.082887349690222,4.516733045819329,-16.300505312606468,1
1.079378130547735,56.76442978561248,39.37821839674381,2.066934087983374,6.439229194543622,4.37513509985769,41.47630388083935,1.0012537375348818,0.8079077059428099,12.148014865061445,1.1385504724372626,1.927712896206844,60.599831334914654,209.90742212050196,1
1.0466020939466845,284.44910018413646,130.940673767024,1.9040974890730815,3.4241282747973694,3.4362128531554594,112.1705870319486,1.0949109985139125,1.0897909030091284,17.508435407711346,0.4204042358564839,1.846889345579422,-9.215454624043318,217.57187780022107,1
0.0474998796922626,233.6279284533196,74.80520255674028,1.1884683062179258,4.182544278577227,2.974863619497561,7.747528219347508,0.0595351184519374,-0.1137446035106368,0.0209319969362438,0.1477180098284301,2.106737853045231,73.92053608293521,60.31252592187709,0
-0.0342409919712644,2.4376293878925708,4.464175912424707,2.339684805029954,1.6138260773684987,0.7229898287505496,6.069607829245584,-0.1514671859829892,1.223293381838833,1.200472338406111,0.0748968036211331,2.095489141029552,58.323280431532936,61.05875671858052,0
0.9555344692955944,191.1529299161231,124.72287875763226,2.132394155910231,4.878316132364569,4.674302976739991,98.39989695264168,0.8213331500345494,0.9134561947202486,13.769721646472714,0.1294739270723494,2.0656101033163914,62.21537165538497,202.20463578366585,1
0.0340572232489096,84.25374979387634,77.97097793247552,1.8104981437190688,9.247217499160351,4.963646251371817,28.212634798536094,-0.2071910666759355,0.0334110008734488,0.9354845444475904,1.1291478489875222,2.054350511988828,75.69108608995488,18.882302834998143,0
0.883001409726063,204.9941620050309,131.20232202571776,1.9846542112389167,2.0174976225431367,4.705999739977347,87.18740987281824,-0.0559668153594198,0.0720269374365246,1.632351522801457,0.1328755424734575,2.1275209417329197,86.77772518014987,108.64040312666606,0
0.9549232180729232,189.5376329408947,25.183543662398638,1.0904495556735556,13.61031089175028,3.856256895950175,-3.175035709334807,-0.1564188608450336,-0.0880341183237966,1.0237657375216682,-0.1175255024581772,2.0086046962414126,49.64288773491081,-35.19750722038382,0
0.9056877862503472,176.7923997688366,19.02043095584113,1.902324663059049,11.113621677845185,4.377352654980095,68.49079551789448,0.9450573619855072,0.7526258866340709,3.08850138616481,0.8913471588839574,2.1163941145067366,152.09812253668994,224.23102670224475,1
0.175004728065147,16.72886520383375,34.92906824515275,1.8819271615979665,10.258089232449322,4.8823904143165455,33.09113977731927,1.069257273420869,0.7222806544292824,4.252373336541019,0.0900779367833286,1.9836518584194855,8.96269736771211,-29.723779746621027,1
0.8909513483283809,114.55138755917838,11.801649156377607,1.1000141165647146,11.329418263633782,4.762386980063594,17.995935079354883,1.0044702529709493,1.082930752304765,2.6754941956107667,0.903923699129876,2.04901063355063,155.8125814299401,26.733539588634816,1
1.0043328417681698,317.7234314666663,198.4001018734499,1.6554039551084765,7.437181646295893,4.9325870031876455,18.717624454846817,0.9430903230452206,0.8882585366486475,3.918336362399375,0.951233901988808,2.127872611739709,94.42028105491671,-6.321024626598572,1
0.09687838459238,102.77680846479169,14.12515857465145,1.917812497696917,10.764025768086467,3.6807038309948825,31.82490036383043,1.266415444207766,1.1850999502069508,2.8079003372144977,-0.1806005520084145,2.119799969434856,68.32133315487239,-36.625115471874985,0
0.9658712364720424,122.83392023355036,150.20674205157312,1.8465164963858356,6.178352037818193,4.984354027035517,5.026258563690838,0.0670849944368635,0.0810173396017283,-0.2537398704318598,1.076335072803474,1.875141731223147,-7.655521905989048,24.44291392433109,0
0.7822066476995568,223.0399739940653,67.19344337401769,2.016755946300945,13.039341561323212,4.154792200454594,19.56466739091641,-0.1767357422893909,-0.0507809976213228,1.806239524688161,1.0718835709971215,2.041153060297721,39.0957953285793,129.38367466791084,0
0.998019041603632,108.63183725586596,192.19809477779364,1.9971089387941536,4.484462979662244,4.988257726156173,12.822299927987434,0.1408341814391231,0.0990004593001467,-1.1608197637401725,1.1669021115377174,1.9589816896402756,71.90210111258406,-20.19412170900214,0
0.19900704931553,111.70982654894864,47.66239323307168,2.2571323395771232,0.8716952559115336,-0.0352340713729466,-3.3118425808853544,0.217942950598141,1.055814873361265,1.9854484683883071,0.8975773538386829,1.9498626456739236,73.99717988139736,80.16291434348588,0
0.9167340106112626,85.71368760185723,34.271282938122425,0.9317349810064882,2.256916055187678,8.013051446341834,82.44456945529798,-0.0358647127259726,-0.1519037526435269,1.216824277683675,0.0328827129347983,2.12175457574004,72.55378063119869,124.77718592475064,0
-0.0232858674346216,90.43627354308342,3.0086877300376784,2.053348308501365,10.743533214513924,4.045220635844306,2.065526147414033,0.0671762515217215,0.1729506802991212,2.9924347983918764,1.0462786442434495,2.052810982307154,108.07776671621748,-0.9150719754536852,0
1.1474897752259003,236.70422837513397,0.5297543715844029,1.8287958705793228,8.58880538286849,3.196401844371759,7.543406529342526,0.0455734778125198,0.8311624619248785,1.7612095706141535,-0.014068193626493,2.0451164564743705,94.68613321789088,128.22933677984562,0
0.0105080968897395,141.71473540254956,15.313199854284576,1.872683950423048,8.749077825938503,4.382427985626076,-7.778677315421611,0.1271928835749594,-0.0238025134522052,-0.7052632228269653,0.0680387551809746,3.019435209140504,61.85007548980663,0.1837959456146976,1
0.9643184334884594,196.0068032910076,84.63658469985376,1.8890157078107432,5.713434690995691,6.076111191353034,1.5157410589578717,-0.054478812119372,-0.1705606520624257,-1.307781526890885,-0.017469979765379,1.9106134818442984,156.8260912135247,-33.87281494762724,0
-0.1543772132001801,64.37770161848152,29.91011114598458,1.847262495254267,7.7950769835297296,4.836448346832074,2.9712855965350187,0.2242316927366031,-0.1111241696002987,2.2673197834107244,-0.0974777933232945,2.020184702464177,3.997811227097969,15.415694605985657,0
1.2350997061817162,50.75708670926396,152.18560363178727,2.1413205095706496,7.202385268594361,3.6447922238591977,65.11159404833451,1.0000404720191078,0.0385305662784972,3.5297617245754345,1.0502587328136883,1.786976458146018,5.514352346520532,1.825507567568593,1
1.150752671582978,220.40624118651493,31.30801288439926,1.868227070807092,1.03080068022562,4.959321002542455,27.352028562461832,-0.0203072988208518,0.0054260516102041,0.0124342218034629,1.133031584857887,0.9659687991122036,-2.5981640756059434,14.26717625562886,0
0.9824808527000914,111.27247109500404,-8.105746292183824,0.8939911502332404,4.223382134523745,4.504318809044865,4.124438286025637,0.199129597675882,0.1271622276873838,2.018136279297165,0.08282331131779,2.2085086862661267,66.16158397018285,0.3378285509671244,0
1.082300082264509,176.57502189100865,24.229382614956933,2.0208423755187286,3.427920384234644,0.9894894334672566,-6.549324000340505,-0.0260363135926471,1.0136805890020142,1.8171699408019064,-0.0046865598284848,1.8706975728988144,16.681988306995798,16.745581144658793,0
0.8671896505149406,241.5351685542638,56.01455077559491,2.0055138222077056,7.275718216783955,4.324904081122356,80.68219018649144,1.230729194830789,0.9100319514088246,8.271401506908518,1.2654120398681188,1.9237734120872083,149.32689403016406,236.46919618329807,1
0.1131090547486332,90.45503031711937,184.2132679826632,0.8916223163158948,12.187693415273555,5.102807530351664,62.18264008320084,1.0052003085995578,-0.0776880352659218,0.581003909640164,1.2558048766525447,1.9100417404486252,80.9657674358506,36.10588983793404,0
0.8644990315620732,89.0533919767566,-8.771412405016378,2.0586687394247423,0.8273752288492613,4.395823814276653,-19.28882600364488,1.062785461709371,-0.2675551168847548,1.0383747660725162,1.2450582280887903,2.149904434185665,-23.98476699551908,7.503152592831668,1
1.1641421447921612,270.9187637675104,84.08889773317392,2.094215363718155,2.264187048915973,3.9600114440680936,-6.764034402069598,0.9223416727052982,0.2242909941364597,1.7710629951498789,-0.1044685230223749,1.9091922777108763,53.45354090437269,-25.512137164968657,0
0.7512540608672085,326.89428139014035,109.06533346070768,2.311716361755831,5.465718277925612,4.870909359020359,4.763828221267346,1.1207849299767956,-0.2445570536893022,2.775566327557559,1.1175599744756792,1.9965144805148856,88.92514681379586,-15.682213724241455,1
0.180342004840778,80.79514046150199,60.44886250325979,1.86694490856647,2.930083576325827,4.781571425146852,29.23764105032254,1.1429982199488635,0.0735065983385174,1.1761320645951332,1.058775712617861,1.9227845384416389,70.85952222322058,-23.234453035539996,0
1.043824495917169,156.92823640848687,39.11888326484374,1.0999466739745267,6.36152027108004,3.847316233104249,69.10622986428766,-0.2049423327877013,-0.1196113676649639,0.2477152173151848,0.832000918634165,2.0394079205090265,123.5553702732305,-18.78913724283378,0
0.033111707386499,141.19853701553993,27.059879261959143,2.003964782279148,3.8017065933497984,3.3019133517079844,9.464469050927615,0.1928677903433703,-0.0794071138133087,2.121430768088662,1.2034127761637654,1.8527996861540867,105.47180410042048,22.888553555951688,0
0.0390404794602647,84.38961996943115,30.932279308085626,2.0547888659531623,6.861242881331663,4.398118226329625,-3.694925540911591,-0.216112086888731,0.9913308169265947,2.1015705251148256,0.8963422369990355,2.074442948935081,67.43097998409871,-3.868405307680881,0
0.9461079731250034,109.4256032982606,175.69280630275188,1.0298181096834162,0.6694775371321997,1.4014280387089917,6.174499811380809,-0.1036783780716399,-0.0250306761043571,2.262351732029816,0.0587976985208332,1.874861626338562,74.07048886442702,-22.636599971846543,0
0.9187954967347056,63.08870850008617,-6.654337929135807,2.111102492947688,8.315731973458677,3.5811141048835893,17.7921911251961,-0.0397882136310721,0.0487212202225595,0.240978942568232,0.8679552105851858,1.094243748050678,106.11634918949449,45.06722503183278,0
1.0336443549856875,57.84543593996918,74.34421507565386,2.111997773735653,2.602869330098732,4.197279857786761,16.85682433112576,0.2832637336745337,0.1102147106883145,1.0533836312424922,-0.008082569511736,2.0499309900828537,51.39966393276008,15.13277956266473,0
0.9997311495637328,58.45440749946124,113.01543158238788,1.018263135586993,4.561426608020006,3.801444856111549,-0.9038220822525956,0.0631744765928074,-0.0139533881146945,0.1979268711243018,-0.0989851569271964,1.8915737707862672,58.54228934735207,75.71329172608296,0
0.983170887002909,80.4413086411754,186.3178084955352,2.0615503127907866,9.898203164544174,3.7691908044308007,64.67539402730674,0.0812897559051499,0.4854737276263898,-0.4422430158367594,0.8969641649483308,2.037515463518262,49.49574099236917,43.498804736865736,0
-0.0133536412050977,266.9624580397673,120.9078002818246,2.060313817016166,10.215429599955534,5.3759188132883855,100.43620440048988,1.1226824461142155,1.0140390776058694,7.949038970762762,0.1301611217863951,1.9279313611167628,97.9842912913074,272.636885387561,1
-0.1843811088131004,26.74923541169524,7.832769641115036,0.8953642005614693,9.217324613632137,3.5615217777293333,15.058253304702752,0.8474659922490348,1.1781620031418798,3.4881181530427776,1.0280206298445629,1.910172164677583,2.7482341610067,84.1747070276501,1
0.9637981961940794,285.4876104862972,107.40827900746608,2.008311677176201,11.693588887196157,7.858887136442061,91.06437058427376,0.9751620165416586,-0.0011036753578452,-1.1048232950581918,1.068988062520979,1.9595997900879745,131.45336275165022,13.880654381155123,1
0.0909593067680113,219.79261473279024,28.84166697501395,1.983408053617692,4.948257266308348,3.4207351198170795,34.40983627683955,-0.1464463494133506,0.1600575362163229,0.4720954034568549,-0.003832288328933,2.0503294247392203,77.71892890261778,96.37617150586736,0
0.5845418746773444,79.85853816075631,222.65982682776365,2.0560675955367467,5.382132348265609,4.277774527559775,47.99999672040656,0.955449482836694,0.0147640825341705,0.895865873554198,1.1182011029309584,1.0308729523912676,12.246303700396048,-14.001494481262135,1
0.990094635449848,87.31326360073726,1.901379040540988,1.9013031164369716,13.993964384164247,4.441622759955283,1.2613105951549386,0.9021679573203744,0.0813956651863652,1.2273439853676429,-0.2164503214535393,1.9939104010536468,4.625270651109247,-18.60678360055163,1
1.1677255488187177,124.85030509455316,149.52511229699496,1.993380605360369,6.310502104741959,5.581011475207468,3.3246297065311268,0.1240571129675241,0.0277749288811045,-0.5904881094892742,0.7884762536999756,2.1005577178769093,181.5464648009552,8.037065789701835,0
0.9614407245992866,85.64817645331888,118.73972220852028,2.124835600444933,4.141811487298913,3.799986047372161,47.77250253681741,1.087838734897177,1.105557646432135,15.959510985787215,-0.0521236331243242,1.958583018720898,29.870113314123056,63.83096117023626,1
0.9126066948642813,258.6506652263552,78.42941292712399,2.208868089268951,6.40158765488374,3.8697795846472474,14.999398476721744,-0.3252419796131823,-0.2989257370678652,1.962524224849748,0.0090381663266858,2.0224347129045213,15.6492836340192,49.49367457973247,0
1.1022804354676654,294.3952840633122,54.12142983470615,1.7903565306925342,1.8003688976896957,1.8493694451419405,-3.9750021554456874,1.0152007412378976,-0.2980041392605299,1.32260310759875,-0.1589693473584452,2.0178830923350457,20.400726643307912,13.830349461802491,0
1.023827726672041,72.41822564364175,70.35092790173832,2.127880298973218,8.471308053724258,4.732389356177448,8.584528038184704,0.9874401505184022,-0.1287646721949483,1.0852614129112488,0.9071779133494252,1.9153538331617093,30.548981837932057,-6.815024477186015,1
-0.0741410707891739,234.77928104974364,99.87124699325256,1.0767474481138746,11.735700049645551,8.303633035431956,98.520980083142,1.0129626559945106,0.8665083709007041,14.597742154145166,0.321876977348183,2.008572290029545,-15.429453704276582,195.9299949861133,1
0.0655181870466383,48.06062268115569,129.49923443374905,1.876375750151732,8.969965879950834,3.970181172937679,2.9867106764801576,-0.1020295313483996,0.1814451119276332,0.8131048687203664,-0.0640217868919536,1.968456251495719,60.36450812744117,8.964014903391991,0
1.125822593358751,281.3812152464743,173.9011098113545,1.8855535501046712,10.47494425953892,3.8857175936109374,126.28866431529956,0.9336910673646656,1.215952540085551,7.159025052464251,1.0385972375379109,2.1401657742843274,14.994898277706213,-19.50959675839959,1
1.0359689383851776,30.23544190949643,-11.58107224734026,2.099514143117088,7.691186873966604,3.694165402166258,16.256650617204635,-0.1569240424518206,-0.1184590007322902,1.2556606187762602,0.0583609589604169,3.044461880514902,77.60699639869175,5.327565416487524,1
0.780842233101145,96.30619481449932,201.82453457277916,1.9893518690470655,8.447457370292264,3.71660463207632,-5.211097949249577,0.1537981895643367,1.0575107157966903,3.593074554665369,0.2245198441848254,1.905508346877824,-6.637294355901446,220.44179497360517,0
1.0085454388855235,238.37286707482863,45.65955049014413,1.809683431437442,12.3195862049975,4.173025116769518,-1.0590165938736575,0.0931322973428547,-0.0006202012271459,0.4198515525110609,-0.0578389627242362,1.9465000859626291,134.83289013141322,-15.028659344603078,0
0.9922285946938928,264.88297957809,4.186720510851757,2.3073400563408257,6.926911522351726,3.756478086703172,116.28274682195595,0.6999011883104543,-0.1127768169491636,2.189176076362335,-0.0940079149583163,0.925750245494739,149.11731312353305,30.20776957231724,0
-0.0030422898686164,-0.5080668515919626,141.2743716937499,2.0342198810422887,5.585496862061957,4.5398203331843385,48.03634815374929,1.1453281150051722,-0.0409997744774386,1.9141256241728823,1.011652822244372,1.889303191050623,10.307224278620993,4.184603828395517,1
0.8920718984453605,256.3586898822812,75.24189107737644,2.200723140521545,12.275199456353189,3.9811356436770384,69.4304553657833,1.2301381658598831,-0.0543102479004558,-0.3366860553089146,-0.2633822461106216,0.9421351313024824,-19.124947242308775,-12.572951124112995,1
0.147079939906459,93.51158022775957,161.07552776511838,0.9754949480161124,11.73117687258776,3.887364753584436,65.84040865384495,-0.1453135359278604,-0.0261755890082768,0.16334155008601,0.2245070053618013,2.0671355614254203,64.01407739395398,14.546374409659322,1
-0.1474146950000013,322.98032296591816,129.55533172457075,2.108571490931619,9.986636334264526,5.678047522498625,71.08408591937652,1.010791022821672,0.8077502013512032,17.06342659563434,0.1673307926853941,2.0265974075473467,-17.63303994319584,180.5910012432941,1
0.9951431530687884,38.2531691990398,155.73601486528202,1.963953619986499,13.98753289025975,8.286525786589593,28.672603366974037,1.10978838371603,1.142800940713645,3.7489854612436138,0.0851537413500617,1.996711808501923,45.9610832140491,24.38377546163428,1
1.0834899311242816,76.83678569603518,179.46288653472757,2.129963206598754,7.344233584424783,3.400431475682676,-7.90389465762955,1.2207458771497797,-0.1154937797548379,2.790258738861584,0.0784820610840296,2.029552348855737,40.75447081651387,15.397850282705312,0
0.7447790957608456,74.32939087086012,122.7416713531624,1.0369797628245132,7.0684119986413,3.1478848867200124,60.59586513610074,0.949983966582647,0.1244009599015935,-0.5331006739822399,-0.1131951611217482,0.7861175533020932,-19.22047962300458,40.18747778036948,1
-0.0039356479137881,-7.395568800974075,50.255116934451166,2.0614461919112377,11.016209493906183,3.5281715245204417,8.415033234360877,-0.0104585525162257,0.8020906211009817,0.2199217978531313,0.0844729837924196,1.766925615203593,36.84185870979407,37.58127667599099,0
0.0736200848492678,193.232822086605,38.45334093965057,0.7503761596890599,1.1473118477735378,0.4307647285399198,-5.298583495526444,1.0717913032533108,0.2103554344223172,0.9539683193654516,0.0828155890133955,1.870605078687384,110.39682360701096,-0.3055124627425414,0
-0.2953780278886625,113.43046358131514,201.53297391878425,2.083099902006795,5.028717800160259,4.402431485043364,46.37181176516901,1.233570848156447,0.8699709709326748,12.72611530990308,1.11169410328522,2.005142733069732,22.541750490803278,130.035610631377,1
-0.0932665629171249,66.46787648187659,171.0565879760343,1.0281944981561053,5.962212865268668,3.133545024399313,8.393876189356458,1.0101259533318503,1.042910043199563,12.763509294561992,0.782200187473125,1.9713641928215828,-5.507614990457824,-12.922876853153532,1
1.0875261238415566,148.07225495399027,47.06101673103467,2.016280836514797,9.270494765412243,2.08558827833729,-14.321239169701556,0.1026326335592273,1.0480088398062797,2.930390718629772,-0.0583474159430723,1.9198488905370987,117.06792255432916,140.47878072507612,0
0.1172655457575361,236.62797404659267,92.90124797527572,1.9201776851551224,3.0021191038373978,5.060927220142678,35.86713079852492,0.9369411963966194,0.085516707364211,-0.6402345485524656,0.8994601650491252,2.009393539705666,7.256621373350505,-1.1238980291313538,1
0.3184973719269501,53.72108725996627,160.32987900676187,2.052906917890799,7.481026507651205,7.167348208004221,103.63480635666993,1.1674947444276986,-0.0461436305903904,0.5437536585918705,-0.1437243423557887,1.986568928560116,103.21962228145938,-21.033137680680404,1
1.378944731193294,42.983226609040415,1.3191341146419688,0.9104918196132128,6.959113166163589,4.559376866690585,1.031658908572723,0.0190838153659176,0.9905742749326372,2.8847008854356155,-0.1265621028138538,1.9036513798664456,72.10315768829894,15.096528761549692,0
-0.1023697724454304,125.20137712947148,17.910965500320145,2.210044881678851,11.020826844420045,4.105577732298801,20.73725637557587,0.9976357086220335,0.8196365277185553,2.794615390994605,0.8599461654660434,1.9751504822542407,20.58350359198038,90.41775817661562,0
-0.1703856867308206,145.0265052582159,29.960035848131582,1.937997663067504,0.5631389191242748,0.6954102403653812,78.06343421516146,0.128953726851616,1.0115552101201926,2.551763363417999,1.1533836768073502,1.9982301119538857,57.67921780122535,-32.40170214338632,0
0.7772331567788743,19.24791349455475,149.30609935939424,1.940865140346125,8.676264172355868,9.157033689943711,62.04509452770749,0.8558416116299937,1.0516056161680187,11.50766067804523,0.957496384552278,2.016601274341641,108.56624466944336,84.60663974264826,1
1.0403918997532633,181.96900686962303,2.249551588826733,1.0101333636402574,6.251288040056412,5.3178204155137205,33.73830261746652,0.7337388052658013,1.0480887532043457,1.0805908069590924,1.0863038608655344,2.0041705688867557,108.54027589160071,205.6174687380459,1
1.0211506036971156,299.1384514405314,129.525859934192,2.0357496426122266,14.53561682697162,4.356414048741397,-11.015383990023366,0.2371689523327945,-0.1370594897139766,-0.2625944361792265,0.994155918265617,1.991920659645677,143.5138046042528,-5.646191567492032,0
0.225761630454513,121.02276163596308,148.85712714753384,1.7502925283634807,10.657170288708013,3.829050036865297,16.931587403304125,0.8331714917354069,1.086016344019587,3.634363575473472,0.7766324922835002,2.0626332987272,42.39893738993519,4.747480897532412,1
0.2302074303820397,176.24660416793276,16.430908847441756,1.962172911465295,3.854136689419797,4.135675605438106,32.425710928006254,1.0633019284581364,1.1077545723773867,6.4141695656413535,-0.174830454141505,2.0676197245580634,119.92463544370258,60.16747816835805,1
-0.2430621177488486,64.81320936747423,181.5989463696889,2.067904715650734,8.626257664318636,2.8457388826848518,-7.822491704294393,0.2957096941363873,-0.1554228921942728,1.738779507812294,0.8973240313919906,2.007136999148813,54.238915566463085,13.23750105790031,0
1.0867632681004786,6.657682851483116,20.570523188967577,2.018993579168652,0.4812166587901405,1.2600825214052849,-7.499503694642989,0.0763908223891799,1.0819048594932132,0.4718513802834425,0.1779139578221995,1.7269963198858604,105.4769495271924,159.3451078353186,0
0.9698349844758704,295.6536458069571,36.23182922900076,0.7678727015789052,11.090263757899882,4.4075668092332645,6.23750763295633,-0.0556527145258608,0.1606387128464328,0.3445001084546657,0.1716288886778997,2.048569276370797,4.385179286388521,78.17116131130348,0
1.1199386017021344,210.7852757538037,87.40847196515747,2.122201848124834,9.64209794599651,4.539591273953219,93.73336182839466,1.3268543005267814,1.014286742448782,19.20525863864866,0.0309187832272752,2.02205256756029,32.77352751729839,180.5408266989329,1
1.0702408657055198,65.2902923435007,-7.162174059558495,2.0230636718660926,4.709051442651971,4.266335857245595,1.8827623628519348,0.2460592130315332,0.0462128604387431,1.5293424128656643,1.1561192945944434,2.032480694827245,103.5759065913347,-52.13796938152704,0
0.0813384631065171,119.38788623241123,45.28665654148838,1.865239157397388,7.373133451683954,7.629207255901701,71.56229771913786,1.1462400861783473,-0.0230238699151895,2.7306199069160906,1.2045439295849183,2.0218034157623097,105.6291110586159,36.33171951059778,0
0.9629435540357854,167.91294079354273,116.15833046031,2.243588869850304,7.529352972997251,4.211716650681695,3.724526540548503,1.1264939266595544,0.1677060710733353,-0.0036208845369594,0.9884252798343436,1.83679092179908,157.5381399446727,46.00246567915568,0
1.0300345464533036,174.8424549395071,75.67948523740208,1.025836570499272,9.228222721020597,3.136176225295679,106.36469020931828,-0.0495765592673601,-0.0247259112000458,2.267819613567947,0.8924665933461609,2.12103765341514,117.9843443826032,17.405209614346425,0
0.9088059393497204,219.06387852947347,63.61660281857657,2.2018697957949462,0.5383710099691008,1.1066779852327762,7.606252913863567,-0.1309527727628259,-0.0108131775658382,0.6775798615139079,-0.0767992542971048,1.96061008174,16.38474399478664,136.95596005817606,0
1.012681514362783,148.35830563637495,139.37049263914025,2.241972799330038,8.057867091507216,3.828356967567742,88.0620226779283,0.9114892865286603,1.0468409397619878,4.458415363610589,0.891024473146145,1.9414022584276325,79.29221373469854,-2.54493051555761,1
0.6983775231713615,380.2276785488678,128.50434624926703,2.0181907678393256,10.630981912181392,8.433688966741103,103.98280081573654,1.1494467121980416,1.0770385758134,6.12969141828639,0.0780718433548328,2.175989957945917,13.466443605509433,-38.352180855489614,1
-0.2249374469099052,51.09985080520632,10.991696063809188,2.0138150024682324,1.5874753495388108,4.314280233816892,-2.093952920748201,0.0150092785719253,0.9578350652075897,9.328199871499034,1.296286722303961,2.004166600261055,86.8851329042185,21.861667380615984,0
1.152095435385413,358.21134716766545,198.95486462389192,1.058527659330196,0.6591698682388394,1.5587663277807495,-17.945381232112425,-0.0502869390344771,0.7045309685201062,1.1918040079112937,0.2038553007978091,2.080189717500572,-8.954023280757525,69.25638453827388,0
0.8441144082821346,67.62388156772936,111.31522007039764,1.843609223737108,7.417204522175926,4.201102259794232,36.97941565616514,1.0051259963230472,1.1033285639033783,5.309130766449927,-0.0463496759618551,1.9064597037223552,70.05276862336261,180.2567278648528,1
0.1068099224532326,301.19745450626283,38.016297490793136,1.88638604777316,1.2400930177297855,0.9786032562194462,-0.0923165709082738,-0.017129873890944,0.0158961366322049,2.0255606797983097,1.2059290364717783,0.9997984254933564,30.279914010312773,10.706599548957117,0
0.8147121175845473,342.1774970921556,199.197306047698,2.2628495580925074,1.4189750806522738,5.505273823858188,137.78593787211756,0.921883767458996,0.8897384181439445,18.89664310829028,1.0859285947588448,1.8736390491825297,-14.611929383148862,-54.27567234117627,1
-0.0304311691162884,76.72664401504214,158.28005641068245,1.0714186351595951,13.356270725238932,8.370524578589484,24.81612881631924,0.9908713746212838,0.9344916523174754,5.183280475282765,0.0822459481970993,2.184693772717576,13.996900145965157,118.26946163271217,1
0.077107058170301,184.41291325615572,28.89617013426481,1.7910231997154604,3.4114266718636324,4.563077765265975,9.272668953930747,0.9317443442955162,0.7942293140789366,3.2947171683340013,-0.0259833697774757,1.934645251796184,6.229236245050736,184.86203653186269,1
0.9947797759841512,26.50380061901784,-12.888884223825173,1.718112259805198,6.165716347803047,4.19350692317495,15.169795074731724,0.2354467627721735,0.2330134301600118,-0.2070560775307783,-0.0526527482691812,2.0430278347696658,133.0289513748581,167.25536618685578,0
1.0631088386620973,97.08660236068968,68.78453612190069,1.9695956231077127,12.796637112232316,3.838646728270616,36.29123020486949,0.9852489885904584,0.9638018317991284,5.463245415521378,-0.133656394853211,1.9764341627552795,-8.48878536198761,253.11114679051903,1
0.8866103576197744,173.58297367125266,111.52824522260411,2.273332100000875,14.534322473283396,3.846313920583401,73.09633200179148,1.1330126649651957,1.1665421345808298,10.584511949372963,1.0051085134314233,2.026928754298181,8.662889863623917,-1.9000957213858245,1
1.044964849345,190.64727622938184,37.80817258865437,1.8623601275831312,2.939342105344835,5.676512079722,89.77178376648183,-0.2130350783322209,-0.0463586516705641,2.642574718478245,1.0759421417759838,1.01749145444574,132.98832795388913,-7.364060578165393,0
0.0864870326322677,376.0956811867611,110.08317341542504,1.872395414788622,7.351652909416826,7.285747674914257,62.85704951781693,-0.0098363865420575,0.1537577667175136,1.7429242044171065,0.0683170950311911,1.9639506704621388,17.809604673834585,88.7335981103029,0
0.9641469121838416,99.32296936289772,64.29181014370823,2.004462347088471,12.687743031950614,7.936581615361013,46.42996556402542,1.0924225776963103,0.8516263691965799,11.740255550385378,1.1651154411481115,1.9630633020402788,140.3979615805734,140.67187971158427,1
1.1579332538944291,218.1533840016424,60.55012820398332,1.9054234323437012,12.2871461531014,8.437577444254627,92.10941824891802,1.0534493233345428,0.11084427075105,0.8932718546871454,1.150973341916978,1.9727402190436776,-1.958696476336975,-20.296839401567176,1
-0.1044249084357653,93.64126310355604,-3.659001984388709,1.001895437585372,1.6320489427941656,1.542071937980379,-4.322358098324997,0.002659780868903,0.0273304198836454,2.871166364180116,-0.2214131152794363,1.918384404145857,76.79979414480508,40.0484712939969,0
0.9750604846364276,220.11121019569333,61.99171023316004,1.9359596068268563,2.7804544315615454,3.2403697990530134,30.32397092987908,-0.2677206159079142,-0.065914881114953,1.9184357340500469,1.0452963631685424,2.052880288360391,72.10009182934805,26.4919341343398,0
0.8175585835980839,17.257054793273255,20.386967251393106,2.1813483632116637,7.357443423879284,4.738085608150725,-5.2295575873625,1.0084124396430183,-0.1456093659853214,0.4997666134269081,-0.0391764901175339,0.9349783934777736,52.18349386815164,-29.804366877217294,0
1.0401640950050577,233.26555686684816,33.27910091232476,1.938448649621866,15.782415728080965,4.326677888618702,65.29487774640742,0.6003928120540846,-0.0099125313167209,3.519532068988368,0.1982153582374176,1.834539681656677,148.66374739570034,98.8156400215626,1
1.0313874794326892,290.05570088146123,140.96947358830758,1.9099223985213507,7.901374337427797,7.045544758752041,120.47159539554708,1.067430468810857,0.9662472429550388,8.046682457107178,0.1477549974217699,2.032653764760603,53.95556674058562,170.88495707433236,1
1.292001821459584,200.5832969682436,51.4800138358629,1.9615223756278004,9.964581796780152,3.692775215878304,3.588010443264892,0.9980886512222088,-0.0844210950780444,0.3635980589337908,1.0438424154732135,1.9124914009236065,91.24968444568508,66.7230185710978,1
-0.1887067163725739,263.85335043141674,31.776359933817965,1.897755285080032,11.087147517914977,3.740887846480636,15.877161569639522,-0.0242177786127879,0.1033468813836892,1.2457761604674564,0.7904336617020387,1.9918789371494268,75.90511610745767,-1.3562455951369188,0
1.0359455692129598,99.12591656544537,66.60204761750417,1.8910167852937432,11.948540133116992,4.124081444283615,65.88957118873407,1.115480428473322,1.1881360503699876,1.9632910537908923,0.998664662539519,1.845444602350153,138.5843876926831,202.8394000320226,1
0.134690576426988,280.2180289696515,-7.5063119112408,1.9484659622925604,2.92526966669842,1.4590574775710334,-5.068003524261364,1.1954665093446302,0.8900953516379748,3.2204521607672887,-0.203110199593057,2.0961412937769444,78.38113296919875,27.586109881654217,1
0.672100553224258,147.5708153375572,77.059583101265,1.7939130590826724,11.489348255135102,9.069634859471208,56.06808223671608,1.048105085358039,1.0953303604982596,7.8012898661404275,-0.2275389834878956,1.9793019199047528,30.61179366832334,236.3118848727177,1
0.9632429124516868,295.11373955623856,62.81956735958168,2.2166341378096712,7.086644968207658,4.757725251897043,52.99444815063866,0.8182404431062025,1.0826024692144702,12.008240373834653,1.1641392637589696,1.8841802545674835,134.76038796726152,220.06648772870236,1
0.1727688741282036,-16.630320799663906,10.308544436800789,1.8894104354491268,5.3966238383683365,4.887620640706455,5.126725859864472,-0.0837901171890622,-0.1699705447879361,-1.263722691189499,-0.1870278275570728,2.010029189635452,82.56155360919814,-10.211575099882817,0
1.0574346116698998,147.16514566767552,65.84731169398329,0.9530146803026178,5.592659060469162,5.02153720783101,36.94954346933277,1.1566610949445533,1.1762643507418011,9.24524555933273,0.925211465124173,2.04346021586691,39.6962490293063,7.969650357109067,1
-0.0661161342084439,167.79821457659727,187.37193621102,2.0178228213979787,8.83932256149165,4.13689914095581,52.77280086706692,0.8944127430580239,0.9733427311983772,2.2379901487084624,0.1226436772812518,1.964729085043977,84.21035930763718,14.206653474046938,1
1.0118817886934166,266.5836921594808,63.926318419056,0.9548585030227014,2.2611025802766243,6.914723781536195,118.00346572232148,0.3077685328013015,0.0680096327503527,1.8305841396326057,0.9382645672274188,0.9781128749735748,82.6225344973299,44.77486911835393,0
0.8340891420708068,157.57439966517003,5.014110196884133,1.228079640696715,8.591831697140892,7.455250573793278,63.07174834938466,1.2059904215121633,1.1672073854186114,2.0340458085824675,0.9338559542368744,2.100770285604641,125.2572995234579,233.5434030462247,1
1.1059829273137003,150.55432977756277,18.236413100335056,2.185949612297491,8.447088451917967,3.011475187229298,31.61869283302469,-0.1529919799863476,0.0077433730410455,0.6687924821862135,-0.0503459811267446,2.055512242215164,73.70218235520156,7.887538196512608,0
0.2124603910569325,126.25577560710312,167.68612769269973,1.8199077077901349,13.507734708696065,6.615889207483808,85.09040816153464,0.9679963537948716,1.271794892433387,4.911327749105476,0.1372345174055109,1.9909965254190372,126.41990933880754,82.14740466164758,1
1.269582993632913,-0.0242876091452046,6.141408010088298,1.2571733279967214,5.392684658803264,5.083835814610777,7.057971521113629,0.2669968403201336,0.1113421058070375,1.3714311144611215,-0.0098097609165267,1.9440990322890084,19.048577595225247,20.55593408200813,0
1.001513837162442,176.42758458495462,55.8356862170356,1.9420502032506728,7.633731784950588,3.935175242353484,34.442091244155705,-0.0773613103984151,1.1633129899210948,3.817110034332786,1.0837519147296215,1.9769315252077837,172.93248113343932,-13.024938123620736,0
1.1793393868199606,253.19448019342596,193.1961518184793,2.0097731271843813,9.988313069344358,8.757892144109018,6.005774356365286,0.977272986760675,1.0878329416944608,0.7845699017172247,-0.1926886751731859,2.036579699677505,150.78603396967267,23.027802576058733,0
-0.2650096478167989,4.770499229138977,-30.801404526914283,2.0310607808761496,8.894146870238583,3.455499114644372,37.87346462081606,0.1383990478527201,0.7402394251462249,0.4016304080444177,0.9659038222713056,1.9326066463386995,19.934345651803035,-21.54053864695694,0
0.7560805954357193,22.482932465790498,3.853182310248769,1.9396080651975467,13.220421250044511,7.32788636319091,13.90775391426414,-0.1395107502771218,-0.1482894286716765,1.044514279692435,0.0258592266308197,1.8337135864007823,66.5054487669046,32.30666875906543,1
0.9698483388203152,195.33942652847017,19.49068969090944,1.9771983711923609,10.100259428073972,4.361218759008498,13.771332011315447,-0.0441046515484103,-0.0677010334475921,1.5293210943660076,0.0913024581615826,1.9611047875211596,48.93510941191618,27.347814937659567,0
0.1428773736966938,63.31949723788726,145.43667621325034,1.9394224705773988,10.815849830838523,4.447806137938539,66.26368448978687,0.941017911401152,0.7597032850121506,6.137725947655667,0.161278631933539,1.8927213162489365,73.83724869962924,243.2251905520349,1
-0.0790845806127275,162.81771843681014,32.697087784132194,0.8720373863593371,14.072623665453015,4.101736798555255,36.17938633925319,0.0589076835212528,0.0684416599655117,1.3873756355674125,-0.028133456485648,1.9358418542916325,101.99608431723934,6.74031005318728,0
0.8595335284266721,183.23064055142413,13.845330100817264,1.8692491332528176,4.50205780572069,4.91490072613048,24.591464937476918,-0.0142867868735983,-0.0053398264344637,1.7751271556307304,0.6005306594961844,2.018358246395445,140.32227096722997,242.3848080979752,0
1.246778238375782,242.2820058029777,93.90782755697931,1.931363013367276,4.984177799646824,4.583503124374494,11.060338774204569,0.9621546591144414,0.0152408400397036,0.3916454039061547,1.0418244915416268,2.2297263723832828,84.31768109362683,-8.488666649673235,0
1.072452623712752,215.3207015602805,47.77932126662984,1.8963247057780888,2.901592973086653,3.376210187642217,7.268925514790396,-0.1550411472428177,-0.2320793917395095,1.2653557768898835,1.0350647973552238,2.152355204312061,92.75352543369613,9.452832973950136,0
0.0672887629605083,80.3968712500873,36.34610792631788,2.058586289269384,4.773886383407654,3.718376361869173,4.872077483903247,0.0078615517444238,-0.0433629782757721,0.8748364830636124,-0.0376628394758147,2.013666387387028,112.3581205973506,95.06556825306872,0
-0.0136021623289332,367.73662187782526,237.1305562433149,2.190594058034618,3.866992413337698,4.250042436864575,120.3055563493042,0.8139900025069275,0.7792349684757247,14.289249618599165,0.0782021661491242,2.080923558574571,7.877889734258602,233.5846968817417,1
0.0269664831186671,81.53830395075937,116.68173776989704,2.2050495775805468,13.41413554034317,8.643754395069275,-4.28535871775189,0.8755186019241448,1.021659627595371,1.979393585471054,1.0423100155527154,2.097149713334681,-0.421858032110201,57.22215232544446,1
1.1551606836446675,91.1649413778859,33.676225452742244,1.904192960794748,2.866363033131892,8.215612079296001,10.799906961380458,-0.014068620073608,0.1601596025665835,1.009662641181433,1.1185061689509144,1.9561195607445552,51.92280404024282,11.84826841765168,0
0.9521392110329456,213.0266575021638,210.6703139338828,1.92776304088368,1.924531845930785,3.983089533216432,56.63639128031839,0.8847546030169817,1.1499782773583829,9.492293280901483,-0.163623316477429,1.9961355339136877,88.63266727237352,90.00943763089253,1
0.1999820034429234,51.37839595329153,43.7159673895308,1.7622461736104746,11.281656092293035,3.6464338187615657,-4.960419316234436,0.990598124561339,1.091362915857013,2.242967563311301,-0.0670933473362248,2.1352526080979795,17.123363957637906,25.954449483335207,1
0.9200367975417496,67.75845660953571,151.16298374232645,2.107388504195965,3.9349479019596423,4.441343977269336,16.8541016322739,0.0110264895558834,-0.0778260660927807,0.0143382769483277,0.1928010567420987,2.068510352304956,-8.59187771802057,1.8680419979169895,0
0.0524580995914697,44.577501938665776,167.79121321918177,2.071604468307949,13.651461981401,8.069170462700786,19.11301379542634,1.1893185786001914,1.2258242798244408,13.668930618209805,-0.0609996615137685,1.9145619371231983,18.666955893963937,211.85320953300464,1
1.1283573795499062,247.04748718917904,116.53988021184038,1.9375782990080568,3.638190435092312,4.5989086946531765,7.860479349956858,0.200393863432767,-0.0229311675426527,0.1582946889488954,-0.0334599825802365,2.0217226043538,3.44289591221343,172.36824999920307,1
0.8586925131945519,-5.50392499004991,66.8773758015609,1.8157895074171329,3.533417274826676,4.0709526057509935,-2.3513866365053246,-0.0406626744578009,-0.0029537331711898,0.206913406708483,1.103292520428636,2.128633391403898,46.57528807436868,42.57378221017761,0
0.9998430787394652,77.73323936104674,46.29855944097547,2.2507079001297257,9.74009719973517,9.09355859947114,-4.105950688964612,0.1366756402988759,0.8928442123554259,3.271266014662449,0.8097329080684001,1.9422703387921731,121.64411354518988,71.58195067425693,0
1.3659279039355805,-15.000885516389872,113.35897082895926,1.0034543533312932,10.171632981275206,3.5887980174299616,49.81482581793684,0.962062282506702,1.2343498638886512,3.530545651483486,1.1398945322344325,1.8061442981419056,36.81610027988688,158.9470309112992,1
1.0963697193431858,157.21435104196374,103.2766065088208,2.0717619838840973,6.952870245556636,4.246604155366287,39.091744662216186,0.0553962192413109,1.099204106956965,1.1900561838461274,1.0077472987375056,1.9441383511934207,138.71576942333917,18.48474575750333,0
-0.1027414419675851,107.98875482886064,149.260183245184,1.097923134149316,4.86702238082912,4.023429333002319,81.57559027079702,1.3487950985498969,0.0935654143717024,0.2829143532303155,0.1023936725377734,2.1915353923582312,15.45395240424564,-17.35996311647026,0
1.0873499136220022,81.69324774892566,155.8960049512384,2.246948037929068,9.99857973809176,8.002572789149754,33.162118308194,1.060301160078286,-0.0637407585650255,1.3806687974062768,-0.0252367543008554,1.8582903779359028,32.132156069599034,-22.984296282553736,1
1.0608770953567404,23.12895454141237,-18.499664432985227,2.048675350365416,8.476103109813037,8.283999261303222,45.28309252756435,0.2232179004148772,-0.068253382613582,1.5090306301517835,1.0888797591601462,2.153962913412156,35.613888929692685,-13.234840697306543,1
0.9634367019887512,245.39974459386468,158.17633992415313,0.9864682357467316,5.505934118954595,3.858652783180855,-15.393569092092092,-0.1203563728664722,0.0818058594373067,1.4783470789282804,-0.2342268331699612,1.9351141683844368,44.95187360959671,-6.964571265720657,0
-0.0402870824138289,209.9063845410232,26.120580257713392,2.260146726706608,13.195693704644388,5.461978470701492,3.93333884289612,1.0033684161599226,-0.1898823952683668,2.3431661477314334,-0.0750522061251499,1.9420381614319369,158.725850231472,255.2408056258585,1
0.9455576712081692,242.320892634757,76.04044006743231,2.001727838910984,10.741531622610852,8.61374857535491,84.00477593374279,0.8439998142718114,0.8479882331381468,11.564203083747673,-0.1836363105796454,1.9956490177518205,21.71043987883862,-16.14029231951435,1
-0.0575064033300256,86.14689446799929,9.413435889538292,1.9123218640748896,8.85602149318421,4.247175131789319,36.18786024388388,-0.2358248227158879,-0.1284837562188334,2.549704665484821,0.0111768216090227,2.0404079185607404,73.38323241987646,-8.372239128349833,0
0.9580729149186294,162.83922777342804,-36.98306615590344,2.164047439091535,8.358424860106945,5.127236182020598,6.809104273851432,0.8063134076992875,-0.0622730985730181,1.013817339381932,-0.150521127162927,1.1476775682973186,129.98356670554065,11.42303049920411,0
-0.047273778439334,86.04387484235117,62.84390362837732,0.7768726027779056,8.181516669334421,3.7667908956872425,25.124195639240988,-0.026097799030508,0.2475417760601264,-0.3349152527334413,0.0877771166895563,2.028611535536056,30.9767141095311,4.865941298652267,0
1.0316806812268742,202.3724681899064,53.970987798986855,2.1520465090493763,8.61764436615994,3.12367277034956,-9.003096095484352,-0.124904842186026,-0.1268714703346928,0.8907993884019842,0.091870311066829,2.1124357544876684,106.2636084576138,-8.712563351442896,0
1.0031402191863166,267.04772772732,17.63196009002806,1.963339849956252,8.443601787328971,8.493411829522286,-0.0555375790075345,0.9910991778501052,1.1724459204055198,5.666270029584795,0.2697472670083544,1.880039923282305,72.22187376213718,126.29278914587736,1
1.0064900199018267,173.20001618510787,102.62483915023398,2.0813261154486447,8.802597341930978,8.7111000088355,101.89056039515972,-0.0190674579844634,-0.0254459566152724,-0.5610887983056254,0.9606014096048544,2.119711448872473,4.283577367774143,-28.33431822046807,0
1.2172063974685714,323.86081870799063,184.7790114646387,1.146174149145642,10.32637668998224,7.655470585870533,84.81663549310154,1.2730142080811713,-0.2259192463486208,2.242804263047458,-0.1522067365887168,2.009179365533499,32.64336067281281,-19.877664763507816,0
0.9816029342781878,126.446859132953,32.87687445920974,2.211686379664893,13.476525806857635,4.076002745063716,41.2387057988872,0.6901752855045362,0.922510272761826,9.440862164819457,0.5669887190225146,1.912498535286734,118.23039187027592,224.8580161567148,1
-0.1381635299628685,98.88210272514436,35.51441764702628,1.696438799525655,0.770962213986544,0.6747488396947352,9.535729726943844,0.0528060272520028,0.9108468045928216,2.713526041554009,0.1081055002428184,1.9311544864907304,20.17899965972773,45.50331523827505,0
1.0377245185684418,40.43581629580396,153.4613076391061,1.081920349912582,7.979064060829669,3.4113054671467,44.30349112523185,-0.0798243687604175,0.0024496378554353,2.7137183730883754,1.120694414277166,2.0712933652501078,27.408152423341612,190.66056475136625,0
0.9451294489516666,115.67126023276242,68.41385956151848,1.9306162305438048,9.020786265703617,4.088369902636792,70.9229179676692,0.936570390358758,0.9478460128275537,7.032958803238825,0.8848003822112283,1.9500174615977184,153.57053684216686,10.175018948951092,0
0.9750400362128968,119.62049053316083,92.43226895216236,1.646897848521545,7.507133221159768,3.629579308712977,59.61377874364691,0.0841586203702931,1.1672303097519665,2.138384465236725,1.087675951577686,2.017541202680865,29.32081883789103,74.41791424389999,0
1.1548497347287383,200.71590408876256,96.08210709407898,1.046801084822994,3.7701515535040246,6.360221643439981,120.5749848252812,0.7632041651058427,1.0662918676610542,9.380559846261846,1.179766643086558,1.961785179862493,84.1170294773085,21.218016974476026,1
0.8379730306692709,189.67968780844924,125.54074239177464,2.138887113362422,6.96517555690457,3.3226644047601326,43.16612475629044,0.9383336691626264,-0.1019621350346925,0.1297465557303203,0.9512262117350818,1.990840814291032,123.71291690796347,-25.974928588086364,1
1.1586491360066236,74.90957026366878,45.10155011627603,1.992283252393075,2.8640397010097134,8.927884444466475,49.00939117545196,1.2959149203601177,1.1331583124848934,6.716022709712737,0.1238667728147644,2.1528163136977536,96.64636767162926,123.86557363722,1
1.0129109112776051,94.67058316900466,15.523690787384735,1.809121350642318,7.019341750274433,7.786170397370296,86.75164154037941,1.2578377467613282,0.794861677206024,4.475103781283597,0.8444708027883147,2.0425228597315903,104.18641359084334,26.09960837883501,1
0.0351395562629925,102.40675809049132,88.5154144812033,2.2232543872244688,6.355376850182343,2.903886442416491,69.43796334046704,-0.0496236074269588,0.9805421938544494,2.6726672042159474,0.9317834206196656,1.9759165266780552,96.61484449976471,43.029914856601245,0
0.9780482866333352,47.86438024796455,28.45936355764387,1.0575100030376103,7.497617052193976,7.267992799842495,20.082304558047007,1.0258603324034037,1.2343629460203749,4.193501286758568,0.9822672326232113,2.0256040012406418,63.06855996906012,83.78093826327557,0
0.9984775213586728,86.92298960807295,83.25590523806328,1.0098378803008536,5.680710906766832,4.287386782807165,40.62116363027189,1.022007570685528,0.7859143483136017,5.314773726202501,0.9843937725291878,2.103804147215463,117.21727699495314,117.0318398453652,1
1.2003747803127105,332.43245924573904,158.39476487129764,2.060555801672038,9.074677291876812,9.696579163610568,134.93809997906172,1.038427444806969,1.1019551496499609,10.083670461545813,1.0255525477437222,1.9898739639416527,25.873165877156453,22.085541356774456,1
1.0638617769119416,326.1488461664637,23.190292360544,2.177204146647305,0.8452658130398332,-0.1251660828484269,-24.69105998803503,-0.2291610708150208,-0.0029245226000002,0.9202998530605426,0.0946439180301827,1.950777523722808,53.67023708908109,-5.002270028504768,0
0.9383245819775026,218.03188527176923,-5.893237034945415,2.049361785121486,2.9015553005985657,4.542469618587029,10.250139239126328,0.0568404271552674,-0.1402370594773103,0.0740624271527972,0.1385953265350768,2.1586261743837887,130.64506816643416,161.44277444409084,0
0.2051591173161484,81.13438776583996,138.2480749641791,2.178912414109126,6.743098201576242,3.7295189462846334,46.703561850673054,1.171826609128492,1.0095829424895908,7.016387005520179,-0.0545708768036627,2.1767299099504998,21.830782469600614,175.11611373067402,1
0.8992445672128183,4.623615822488233,4.625961032788069,1.1046563046615474,3.8757027361642415,3.4559501438535896,6.124774885185641,0.0771345506660235,-0.1756835879598552,-0.9910314672511032,0.2978535325612622,0.9424521020815346,67.09971870493719,-7.669038163223561,0
1.0430814836817686,95.86458229558548,175.37789779244366,2.3153485846155832,10.440964440760345,3.569337322491777,21.020127527168363,0.9678978970236628,0.0216497852377723,0.151904722678144,1.065589523933919,2.130076508698454,73.82592908829906,-23.58536970096541,0
1.280777927705253,157.961711566906,195.9910787161282,1.943394832451078,1.5643211654675788,2.728311964963505,6.805896769900024,0.1266860074295997,-0.2338476549871837,0.2000516971692718,-0.1730052314733904,1.9135248678657988,1.7399193665786967,47.57523751035011,0
0.909627307155631,172.48446842444332,57.559447515953245,0.9201123277420789,1.9866855396768104,4.2902210287597295,112.59003682965334,0.1031806149539331,0.1449531003701915,1.0475470475746786,0.1161087708513016,1.8422255705363215,12.940832910351894,5.859920309010697,0
1.2001716925374837,112.23470083294391,31.155624894700917,1.90304445341037,3.8179823885357873,0.4822624144757812,14.460947385458532,0.0466611414338265,0.0544767412971742,2.642650975572962,0.1728373275183685,2.0685585694576374,12.330373988608514,-14.160730235010156,0
1.0685837598336183,262.7785840894486,47.10505791153118,2.0138638789886123,8.23750672323182,4.461408324174843,64.04595144746176,1.006625413922208,-0.1200875179079145,1.0818447618549385,0.9958122060698248,2.017305000221758,75.52732133665485,-10.41442595750491,0
-0.1054101212305645,248.67293382406376,57.64481232593397,2.2579748158891246,8.062288436019216,4.146550669558213,35.653694696112936,0.902011077955924,1.031954428494354,7.760887158132045,1.13572736311785,1.892263720454868,125.03811883724926,195.22834915093117,1
0.9043882707645332,49.55163066932133,26.5545724775995,1.236761521208419,8.256441679559721,7.036264845210532,11.554307618010586,0.0817614896620851,-0.0185710440800106,-0.4675382828048877,0.2627749056303339,1.904160938223603,107.14179656599156,82.35964228251737,0
0.0834393320915974,257.7056500091026,118.14209801052604,1.781930021925633,9.78749906101085,3.714533518263257,94.67787165138526,1.0176563928820606,1.086596204311373,6.744974832062166,0.997008071938036,2.0999165828900805,-10.48268981169005,-35.50161191715453,1
-0.075668725519875,138.15999917586828,82.8264339486332,2.060814161004571,1.6253585009573532,1.4014523252177424,-14.911127333283249,0.0689594218786788,-0.1509037355417062,0.2865633421797735,0.3231435569351222,1.9773130946773163,100.759676603871,27.117892807299175,0
0.9096964238073773,100.32141936830482,-6.8933454036410495,2.058664080506308,5.595676919188316,7.953798128011825,70.85576756916626,-0.1670126480917293,-0.0340307766059725,-0.9263993400273058,0.8635529216175621,2.020315252530832,129.24857372106186,62.220305232029766,0
1.214668171945077,247.0686512930864,-3.5235300991130174,2.096709697558472,10.135253066351495,5.170922074615522,-12.373836631371752,-0.1388304265647481,0.2203862126695808,-0.2799342447739952,-0.1976790724539948,2.956447247466864,70.8138448504817,-1.2315012803069791,1
0.9059443517915936,46.6923984430821,166.36238047729682,2.078484769955373,3.470007533582629,4.1817865448459575,21.784499457557928,0.0620167419570505,0.2398719268698027,-1.4953761796270069,-0.0883517146459798,2.052932759204398,2.1186101513804374,133.16492306640615,0
1.2173867008640693,334.9742092585,-13.035715514240636,1.9361499112541007,16.002688257745856,8.144023466604144,-0.9146587877975918,1.1076362546492549,0.1494996416396235,0.3088623533289487,0.0327994996808648,2.083000264408118,-15.052595650221903,200.26904091903108,1
1.2880608046125563,289.08611345050275,233.16321019678315,1.8131560727667615,9.102964159202068,7.684322759789346,4.9438116762302045,0.8349892169534887,0.8407492434816926,18.340017572260013,0.1161905848530968,2.063732156347694,75.06952478037059,45.05659748754558,0
1.0354400503071013,242.9600368378647,89.93033209902373,1.040154157527305,8.556128461520853,4.145794166121543,71.97539602871183,0.8292695508051221,-0.0714240466327673,2.738914195136409,0.826304986353539,1.810392348254739,-9.758664579191688,173.6343844954137,1
1.17228846771616,166.54549707830589,41.43651541704992,2.12152418783567,8.543583634355231,3.6293880858144494,8.769018525430237,-0.11157332313287,-0.0081190323411229,2.409817954161284,-0.1549370058568697,1.992428799010168,155.34063974459852,-34.894258068446824,0
1.1464585540002123,116.14990604897574,88.0182207443418,1.7716468426014698,10.028260036030662,7.288135118864938,69.64716986600233,0.1530667052920432,1.0856856129431378,0.965941704257991,1.0226580022073004,1.957815361467071,135.4017630470641,16.554607423260613,0
1.0943389232379113,275.6952416157443,31.307865641282117,1.94429916245155,10.284955002061617,6.267506974272509,129.0719748875726,1.0828009886155083,1.1768635138770778,18.56414833749293,-0.196103500611626,2.112548668480461,4.790635950046308,228.06383786033436,1
-0.1103090693392044,50.179247709250006,104.7453553419678,2.0695472859715154,2.965220054694046,4.548424983556906,33.3139639279471,1.159208537215059,0.8333843742847251,1.1802738513116091,0.0569380150550898,2.104851883295,76.05756726289106,83.9014806263823,1
1.2669809566562489,262.99113950488106,132.90881321175024,1.987971441378436,3.144711225411517,5.218283850612772,86.6200927596357,0.127555440880594,-0.1049696134927222,2.1719510202865964,0.9459172055114196,1.9561287000970449,58.57051781395369,1.677439062311656,0
1.0353889114546162,110.6990684915078,10.613045666126736,0.8974907913810737,14.502476453312376,7.0903952855441705,17.62934258914766,0.1978625799908869,0.1276513384431266,0.1681336501888202,-0.122045107420374,1.9811834275202096,68.08310041565537,-18.95791418011913,0
-0.0947391298472016,65.97633414421561,25.44018378747637,1.8020168488134731,11.430289177768795,8.061251073637216,35.39424107161353,1.2379850723119274,-0.0923457522312942,3.491820278565641,-0.0336950425688895,1.885606226614528,98.9673387882052,117.5457052094748,1
0.265174318777793,162.996212627335,119.08846667287789,2.1138925755156444,4.851361564052542,3.753265308597757,95.96830179709043,-0.0403111517970277,0.0650751667506675,1.413256824091163,0.9428041037601844,0.8809228358252983,34.02319258014687,-3.451584808297362,0
0.992546470405238,103.96367817181596,140.5673500192215,2.071702703958504,9.713640939438688,4.436838080593788,40.152732711895325,1.029044833745932,0.0148912481515107,0.3033662280294216,0.0486550122274417,2.181723934033708,54.74980819472356,195.623195981082,1
-0.0018374759835833,237.17907682712135,114.57995656723436,2.1279553688220845,12.352796859548343,3.6015366489742053,6.718578463352419,1.0568426103766024,1.226710719462084,5.386013893594124,0.8128867390783607,1.9763443557937093,35.12508138514981,-4.829821631073422,1
0.7929886735168478,74.22955751710775,3.74959733406584,1.8639278579855696,8.926628039964061,3.9701934286847176,19.524699954017944,0.887808402704958,-0.0327489669594328,1.3641802466551596,0.1469156301473673,0.7648421552698217,90.49256767647012,4.467137566105308,1
-0.0618251939997862,279.02793246873773,163.599394846562,2.077733721802929,10.316362322519316,4.42413713998977,75.1295903744418,0.914207413071238,0.9214988781793508,6.70341080514892,1.1518101577729185,1.913193311020775,-8.669521373902711,28.358730626934232,1
0.0139737166641912,32.84811987220164,34.5185982887444,1.1682129569399238,6.922500350836777,3.5616406059017782,10.358279146422037,0.3042282515306892,1.0452179322042832,2.5802952057678343,-0.200319781199255,1.9998951936305571,178.04545595281172,-2.508273934797465,0
0.7357500544303618,191.92635052226544,26.99062491985548,1.963724282671223,3.727462487462388,4.291458483310076,25.24934971315472,-0.243943570182812,-0.0516740863230844,1.9241554441069852,1.25223708447718,2.070062214855399,62.68654179517675,-4.063910835922066,0
1.046320016178188,362.9068679071332,206.3556019381416,1.050943915911598,4.964132735092536,3.976749085314607,128.59073550733237,0.8773574630884574,1.160504921427659,21.605425742130627,-0.026527405573244,1.9662114639077797,-25.51918555894873,-8.669047217658708,1
0.2368169029272709,206.39240104287336,126.15379290714476,2.048793972715758,1.9028775126405757,3.2467792834148947,28.64572289940941,0.0151936393009745,0.0340550903033576,1.5678790854609466,0.1377104230301085,1.9379975752568237,85.5496354421947,32.61809247132517,0
-0.156390379124122,149.90382938956276,60.12265896309265,1.076959521567226,7.630483530945187,3.788113298586079,-3.9601219303521447,-0.2322267269945748,-0.0238388018672371,0.5077460432309122,0.1751067490478522,1.892800877701679,30.015157364955,-18.579448579883117,0
0.1041833051805858,259.2192656497251,-3.6714090137736974,2.0497417709186143,12.411044632088016,8.087257395673518,-3.629829034269157,0.962213292984911,1.10611054349567,12.7328429115735,0.8821648200415018,1.8953481217532744,141.2180909600026,19.22642257038519,1
1.1051280686422515,37.292719187271175,-2.2399533999454064,1.7915329856776236,10.410899244465131,4.531041561265127,3.097172342991556,-0.103994481735504,0.7296818469890083,7.119733337673937,0.1234186995328538,2.0689664622246773,66.38849989721682,21.568035532974697,0
0.9830751228247796,92.26058044082389,87.53609507756357,1.7568075262754483,9.282907781377244,4.490112408198931,44.63569031053252,-0.0078996973034172,1.150478858037126,0.2206091461182913,0.1065785991505526,1.9309200608978592,-21.84717706666568,-1.498063351354766,0
-0.1000445980903896,104.31389294210511,69.73111839813797,1.045040142151625,12.630818062509997,8.250962494452791,51.22237701622164,-0.0250122477691052,0.1212228854402379,1.7560070685813538,0.1870942479080269,1.953300448048156,84.97612898618097,7.559045650269361,0
-0.0296467870416131,254.41542545422217,161.24363199976818,1.8934634383141489,11.792497140269054,8.06771186345037,29.32062440542145,0.9745462447765224,0.2050043770734247,3.0277516026447744,0.1072214497960063,1.8933702977962985,14.78755621464476,161.54256117373205,1
0.9144276146224009,270.3965757655761,125.85142643665937,1.9814898500358349,7.886960578472525,8.756093482061232,136.6203596400417,0.9541976564411304,1.0952403463606053,13.269584598188032,0.107592061989624,1.8795783992800088,-1.0152238333050576,136.7351834486161,1
0.1451991282862107,180.12723646429785,40.46942756554815,0.8346475182603139,2.773707168823604,7.626000568518569,9.612270769332746,-0.1123632235390876,-0.0426098577195028,1.6437069253005383,0.9821396481160902,1.832991434111916,42.67740720360874,-32.111822760166,0
1.0188659789483774,28.330174008506816,142.81122212618152,2.0919326880918825,7.915194088877086,7.382649158589363,41.357487610316845,0.9734374124609448,0.9960773628306347,9.29717165498588,0.1134526216249475,2.1191286295569407,-2.722840296369625,204.52222620649164,1
0.9988273350958464,24.567537644404183,25.934149302102355,1.9106014617157083,12.639877610421944,3.8113643945707048,4.22335359227786,0.1136867463079819,0.0035418700675825,0.6396958511589546,-0.0044875786206194,2.0800672963824094,59.8294263753054,-1.7510459337555062,0
-0.0653650336376798,122.10940810508932,123.04424008366362,1.9326478080932588,7.480128878202279,5.441571009256968,63.34785532617775,0.8643413417610892,1.022867988620804,9.172449216033618,1.1850667429440866,1.9404244792413985,13.968628907238797,183.91141785967895,1
0.8566385373607761,172.03874751963082,24.162185055327747,1.9260045785231787,7.061146037086589,3.925255351506396,105.28415711231682,0.548029649352402,-0.0582168466580663,1.409122135362442,1.0695464728284512,2.0862067999141267,154.09107983890365,-2.61008835337897,0
-0.1900079107142727,148.86293142877065,67.97534091055736,2.1083256565826285,10.642353117467785,3.837739336060093,15.451148813140357,0.9639732263970364,1.0151431117805938,17.095532621428205,0.1694502347477463,1.9676377800055027,42.87040389137201,162.45513959654542,1
0.090891997321862,122.474939664887,152.16926054753293,1.964564345625721,1.8608407194816945,0.9872506046241178,13.381349226935647,0.1970732184348018,0.177976492922063,2.4580367386538637,-0.1549985766440217,2.0432339741355605,56.59482368292836,179.06238294640215,0
1.0418814776614256,161.71848311641713,107.35337057560798,2.0607325009662043,13.30441176214577,8.409123011806066,98.4586494756768,1.100425046494866,1.1117741718861256,4.196799594086981,-0.0329421731782701,2.1370914055012227,98.38822272976655,102.52778208650444,1
1.2423066876080593,163.86707810847415,50.49813776236842,2.174129781121948,9.013308862107802,4.1211230162668375,35.09127940643948,1.059484622278892,1.008962258530829,10.424512040498051,0.9923476122432282,1.992857910564988,164.86929435111227,49.48732780072639,1
0.0535427153297908,278.2572393505362,35.440201924693504,0.8587760138719959,9.782269787325962,4.060264607444051,-5.787431671189729,-0.093108882527027,-0.0963404784235868,0.1425520390261261,0.8082090144079235,1.865593938002456,46.302110572017085,-10.921458927114776,0
0.0065344281525089,249.7300060773732,22.65856004986593,1.88710928208843,0.2852896740136801,1.2956034388911406,-5.797144819770267,-0.3172447790839906,0.992098195486247,9.209762073107028,0.2415842273832162,2.0158364483490283,56.47688515798308,3.774909473365021,0
0.0217823406772171,78.79972448115639,111.93686326979764,2.000010880406641,10.20327117891651,4.189029853809819,58.94047622159994,1.3136374142503349,1.2335115773599443,8.466660737669036,-0.1140534971992648,1.900351364824877,57.47948635312073,207.72601650697985,1
0.9422401273548427,15.638639842087857,16.976174640057394,0.7989560113782902,2.068070957541644,1.9059219359079476,-7.678956363953688,0.0452468740611619,-0.1076599553229399,0.2398813833216455,0.1157630495012152,1.9965477835392416,56.06806512341134,-9.509150433111335,0
0.0672252959840241,82.92753300530569,79.99306488145052,1.9293043739477584,11.04549885037966,7.963259049749599,60.66869961279395,0.8463885821714043,1.1509360121478496,8.563999671308391,0.8031603550966792,2.108234897359782,75.90872203133534,214.83267274596375,1
1.043304533908031,274.6197016442459,18.958203024778783,1.0261985196968533,1.1170355179753777,3.673295111677752,36.45992447843865,0.2018810316667503,0.2672964347177087,1.5420039194504895,0.94371071442363,2.223296893428849,132.08477528073848,-11.446596832099097,1
1.2021606150586246,55.77879743559005,55.91053760612004,2.1250783821479446,7.838654232184677,7.17768372527344,20.143344773827327,1.1288258459663796,-0.1870927514684489,1.4741351873976432,0.0170916619500636,2.0337831263775006,143.5243851588782,56.65278747951457,1
0.8620077795050647,127.07541195471995,3.437059033654976,1.741714986196268,7.817801709115493,3.550187755992038,34.50216088047358,1.1660732521765134,0.9080831889031602,4.713949649191315,0.9011774790446252,1.834648135885193,130.70598805328223,-9.26161582949748,1
-0.2434876154108007,35.13495292675759,156.63378962193974,1.952367850922092,11.322213365191324,4.668387688710146,-1.0836831824473734,0.1300262712971326,0.9003905517136459,1.4223656087049057,0.88052387417763,2.030693971256393,17.020524782189135,64.98768107551612,0
1.0752312378654414,328.4166949709474,76.83783098263832,1.9846417664491995,7.8210748144953905,4.982693942359749,83.61812861379873,-0.3229931222705119,0.0836175938807026,4.11061174671493,1.093035721675031,0.8965719900182489,134.89911843701702,-26.90964021816232,0
0.918053300289964,22.910325540538423,161.9637067436018,1.8298012127229348,7.470294216920383,4.1483562247060295,5.633178465439453,0.1852519317213845,1.1804489445759625,1.454591873566242,0.0289996193618601,1.8330157248379195,33.37095373598284,-15.303177840342125,0
1.0453313801370132,26.747624659698445,155.5659328605957,1.7225055392397697,13.265468074823112,3.701240897309544,1.793949737009612,1.1626661958247348,-0.1940791360060342,1.9638607052600057,-0.1047839619879181,2.1434670586939064,42.37004655501343,-20.96809046808108,1
1.030666014956216,-28.920112318343516,20.094935530431705,1.9331076999559476,8.512835627746677,4.607428022145536,53.79345708494459,0.8737141869437954,1.1481889527817222,5.946681388063063,0.9514827844010684,1.936532295427052,107.25327719240042,167.96973269120895,1
0.8646481118956075,111.18025042719938,93.79934777979248,1.960547545777645,14.848791367416856,3.5703277584033257,94.15374741760304,0.8439821679414921,1.0108013806209513,3.4309026192800345,1.1691029691568051,1.962353745010624,45.67940057339519,10.178631769914688,1
1.1394361161435962,202.1241379178757,141.86602794661522,2.0462007315853348,15.9665842606854,4.969706197126908,61.91752710720723,1.0692832209476473,1.117471375224413,5.479745574246381,0.0962802914825516,1.9342424803581475,160.40615036334012,71.04286496086233,1
1.1559744391739086,166.17275590295375,63.83190296873131,1.9926571173291836,5.158474888594288,3.41709732315768,4.0831588598858986,0.0836921954969229,-0.0328795796454502,1.783098051269087,0.99796022590439,2.0628542824710867,69.67967378683379,0.7366427632433385,0
1.1170722832559723,227.04522515752492,4.716489677871664,1.977281674306313,8.442013568540869,2.2909250982484357,4.291817937153638,-0.0169848046264271,-0.0075140392800737,1.85451322934336,-0.0111756456500632,2.8978614838626022,63.04369124787343,2.4722167753956086,0
1.2524876969819538,47.69406801728884,159.7361935114458,2.032422982455978,8.15153427844798,7.252683181452624,27.019046458728983,0.033142273859939,-0.0617538311477564,1.408402266648576,0.0031848120437943,2.069306495784863,116.17417292863156,17.64272238432202,0
0.997991188830121,265.1349591017712,109.85838995376076,1.828736217931752,13.182933570310508,3.638875516343232,-4.190759201821592,0.9901401223293368,1.0099707744637985,1.5323268468967128,-0.0026058294077864,1.99643814164711,71.41862885259097,42.62396988002576,1
-0.0134305394687419,230.41369168261303,23.41411865222772,2.0791067113628814,9.524364799113323,8.297816031774513,63.96940997917372,0.9035405584586478,1.126847452052743,-0.6635115994658807,0.0518180698688321,2.145067277101057,129.92164185544976,153.49494309673156,1
0.8071752675064038,261.4939543830532,106.15823651366148,2.099470175377669,8.893414303841308,3.912913019557611,21.73039357344257,0.0209660633745815,-0.1211930894134789,-0.387031973982471,0.8594659539855547,1.9431341127144544,-15.09668306912262,85.53171625830007,0
1.053653166892024,381.6076427882193,120.414911422386,1.96888136488456,9.99126485529552,3.7237170707179863,123.28689019062608,1.0707913997503855,1.022603863991577,6.964258457289331,0.002503713910211,2.2848488750193563,3.0938878253992925,5.2557252788986375,1
0.9671664861422988,139.13495680374035,6.53288756609274,1.0837857281970418,3.750181506864961,5.629538519210034,9.279347451105767,0.9940689813045616,0.9954841115251052,13.041540069953832,0.5763678984077812,1.9142779441627944,43.07665766979138,3.34248747591473,0
1.0997786344557958,34.084695347423576,129.019049249865,1.9194728033165729,7.46319844278527,4.1972694854076185,0.6940606193941719,0.0747274240996865,-0.3127417774919363,0.9478322337551744,0.2985667061253239,2.0118554591222506,1.9395800408515316,12.945200401705158,0
0.143763908177161,217.08409881726948,51.10607182224422,1.860283777724444,3.380505304823881,8.22652938182821,20.019998084655303,0.1648194136082336,-0.0196248933474602,-0.5048003653119131,-0.0476965854015165,2.0194593391254174,89.20417429666767,73.4061238419029,0
0.3307056458723388,170.15884068645468,89.57717655144259,2.015298816511337,12.090097238330536,7.661524099172846,33.12835656379493,1.1584077628526217,1.0561962629161563,0.5270106905857848,-0.183158246056882,2.1344791101799765,6.560685758795223,-15.61031152509822,1
1.0649380597982718,247.35518267177048,218.04461639523785,1.0948352884116457,1.4133894467683872,1.3774582415944143,-14.293540168563004,1.049602594202796,-0.0449137173456914,0.4160911633989461,1.130121189472116,2.1325118355487724,25.82514525276213,29.65322084787813,0
0.9704732579173528,19.12600148612933,62.44369326433181,1.0884104164542263,2.612485947432296,7.389431292779887,0.9525394832040844,0.1690207692019779,-0.3384987652686957,-0.8101043288498309,-0.1379430334693334,2.130890847031452,48.909596506877605,66.72191871359753,0
-0.0261202024059313,200.04654150109369,40.13587610033836,1.7812693314851462,3.163732665235269,4.267455366425269,42.74677402117811,1.173023444530913,0.0872566302062726,2.389899638609253,1.233131057381022,1.9307699315257223,21.73830264524608,62.06266669805222,1
1.0190956551857768,137.418874606804,60.465460223723966,2.0978973523973137,9.526549480907535,5.457964803549073,25.62208104577367,1.277329322032171,0.1411684541161068,1.854328950255396,-0.030675874167575,1.9962970503867965,108.32601382804302,37.538753452006645,1
1.0359655259535605,291.9475829710455,184.50524547218265,1.8817691675890849,7.071708756851853,4.251042665498703,136.99217387004637,0.8792723158893689,-0.0512269192282726,-2.2701226556140925,-0.0928893795616375,0.9530234722796428,20.894028131025543,4.609136831735825,1
0.9806767689347112,25.08742387798567,127.31685012395953,1.8469239836467608,3.739214803226513,4.11270980281707,6.331171920659376,1.2144905302909466,0.1348491283685128,1.3509007182895183,0.268182262900501,1.8657305568619569,23.893106747841408,8.98347370980337,1
1.1249932501819675,108.0406665509954,29.97299307842119,1.997357603009332,6.83107555699924,2.754945133627553,41.51369926362247,1.216923290264554,1.2485505701835442,12.42980849128372,0.2932592794391992,1.9961533835119916,23.188973522396928,108.16645808606862,1
1.0669224197501397,127.6154250432021,58.44919791170618,2.176697440810005,0.4655443662607554,2.339610065974121,0.9790913638204302,0.0611395705216919,1.2399705817119429,6.158470278644032,-0.1498194826573332,1.990170731713972,60.50732475934364,34.2585869705497,0
0.0383771100428634,264.6208774174132,54.35563793457072,1.9580092656806445,4.638596401870945,2.911562045905836,-5.136625017450079,0.933619678058706,-0.00589306113157,1.5351251448851353,-0.0455024033633637,1.963304085187076,33.27771994883001,106.13804476859362,1
0.0460488131527778,163.3473866954085,68.50232684975344,0.8600801746882288,13.70011798076983,4.823556009732383,90.76330517877705,0.1061642541199659,-0.2051145812618338,1.2386602235045587,1.319816368553575,1.9221906986175377,68.18122176637065,93.80452003958456,0
-0.0493726287367931,222.4884225024317,1.2586146455386429,1.8993796992458136,5.842135676320868,5.03686107228969,52.14555111720661,0.7546214121862647,0.1333033705310891,0.1187799563168372,0.1629461685055148,1.9343033164108503,-6.483330260238958,8.514815921873492,1
0.8083946097988215,176.88847123234672,70.49917043282463,1.9895716877620864,8.621795864927371,3.708290496462842,36.815946325241256,0.2076829439981106,0.0659552428218967,0.8699843213998091,1.0925390265272856,2.0066106550485765,99.368262156589,49.3682428047836,0
0.8428392282410175,177.74034852932684,27.26206123996164,2.012304508945189,5.309806530232081,3.4126434466857987,15.490232824178593,0.1817367973876889,0.164618924715643,-0.9254544509527652,0.0450727609195581,2.0909687717816,54.056894597714575,61.82773922365906,0
-0.1440683626573498,96.10507330015244,192.1007604872276,1.8765678327369693,14.026585753038445,7.174835879114714,12.0263806298159,1.1254033406154735,0.9354450511708412,2.698805862561364,0.83113046484831,1.9419207436733492,126.32349935487991,120.58923069519304,1
-0.0284409037930257,34.476372645951955,124.82588967237722,1.1534744541658828,10.16026252944285,7.665083097872502,4.757704883878056,-0.2341804062068718,0.033953210571775,2.1700986353298752,0.0437845637172902,1.8576682480438795,109.28709596022526,17.17081742006029,0
1.1699260929555413,-1.0206444446398848,-27.820850245680333,1.9977357069086328,7.003563878427999,3.7955329197862433,1.1114482013174438,-0.2555725444337398,-0.2397900986585932,1.5830340159361092,-0.078130308700497,1.7702529327750876,11.858332794625554,6.935673887635581,1
1.0668531596457167,51.98431244881583,73.69959860696076,1.1238629817426848,-0.1562567980978402,2.8211049202230223,30.98192854379229,0.9989336203732024,1.0252570391921902,8.441082056149178,1.0993003656364837,2.083544794490177,59.69590462475013,-3.684157802857016,1
0.9320683506570344,141.2054897717567,65.34040286221419,2.0955699918743904,10.003874427801772,3.3121974593866765,64.1285866664122,-0.1277663446757243,1.0385202391234474,2.312334930365082,1.0725108467705389,2.030184220253209,20.32587223081372,-25.417263098344016,0
0.925011252112502,189.76812742949053,86.5374337593906,1.893303433748178,13.546697223118803,8.053510315253531,84.84651674131669,0.9094077882658363,-0.2734399601484729,-1.3180219755253215,0.8117566247310035,1.8823678340521424,160.8609570915773,-24.908915166194653,0
0.9744300715709115,171.41793053694434,54.54406873235131,1.2052768520203585,7.083617619985726,4.275248491532145,1.085559646584933,0.0987017272585361,0.2343186412847948,0.8412166907002523,1.258538665815326,0.9452138987067966,34.57128384155473,11.659124728378607,0
1.2085255680743967,253.43363680899827,49.61952913946867,2.027038078939879,7.167993466390801,3.135065219202814,24.7283236028606,1.0074619675782392,0.9566635770255189,9.222788967938955,-0.0055786929916028,1.9714753505959208,49.77361285242368,203.93279780687848,1
0.9978318800466892,36.71393713154758,13.267087883469088,1.981438349192959,7.118495952471763,4.358253470622418,0.3031483809636199,0.0732575929200651,-0.067360219399904,-0.4623674521262884,0.2593399954943066,3.1385438033590853,77.22718244728033,-7.451444090054736,0
0.9662957414487854,144.4285028803875,97.76570050779011,2.004667436990883,14.828906731802409,4.048333530378418,100.42236962259724,1.1688660451016062,0.9824031422693322,2.7604737647372923,-0.4260354639459089,1.97075228085898,117.27749806041784,12.821190276080811,1
1.0251096797022925,253.6075016211136,78.30732511516466,2.207100631568908,3.331278287990637,4.2197982454130925,-5.773081376336613,0.1587920000610461,-0.2223440549790294,2.936172712134744,1.029894619395358,1.762595796565848,33.28909142963885,15.251292330971973,0
0.8187242785104013,76.35102684250444,23.14399018674505,2.156706464183809,9.784332945990014,4.465582951393231,11.128811137367007,1.1122012262235508,0.9010432786061524,7.8146753612957,0.8768178981550816,1.8881389665820545,34.614657183759256,218.0428368729681,1
1.1921076165844702,60.07873549549858,-20.4291209521152,2.0073651960654124,8.22161618477354,3.3822757544770905,5.60628347595528,-0.0540944977435218,-0.1992866277087077,1.8121250128126047,-0.084259507809114,1.9635969826525748,110.6002124838654,27.924421334214635,0
0.1448779508682682,147.05762981563626,54.8514222506496,2.0318037049524844,3.1975769056181877,4.329045950564715,-10.890470478234375,-0.1175902256809349,0.0205118995744365,0.7641822717232638,1.071388060209067,2.070710615546894,9.417941827237122,-3.6696307378715782,0
0.8259765877290427,205.31477052014145,93.93254222871356,2.315239195812878,9.479197753374583,4.879177704007711,74.63189589544098,0.0616094255911808,0.0175647642429948,1.537873265071613,-0.0229711788280378,2.13025226699616,137.68471267672982,60.67445468751066,0
1.0120878760369956,236.10934334857416,133.95896255127928,2.1364742646359067,11.562602885304509,7.876697886003749,135.16036683562348,0.9373272489093928,0.9148580436713968,3.40718586542143,0.9542322416816424,2.09893948830212,31.934744684263247,172.52848741688146,1
0.2050683876131139,124.34783417717183,199.4924908170308,2.09894363777761,12.54118151294235,8.434847337194224,70.54048221245927,1.301146784440683,1.1581608960543424,2.38375776609278,-0.1538971636915444,2.04522064957506,-2.8497331432856754,220.1914915949478,1
1.031338075932255,62.77726873655503,137.55093582954862,2.0062898933164086,12.304285121494305,2.639026670114045,32.41846750200741,0.9499711642703296,-0.1354029176655738,1.4070322124645258,1.1834660773322616,2.0930853979538875,16.130708540750227,128.0847649941708,1
0.1045607795531886,68.25590447308528,29.6034552826594,2.07922072663974,10.043395097318124,4.546654616768797,26.33998479770943,0.0197722976235481,0.0781956107242424,1.367386378390533,1.0809159863108082,2.0182740545096123,64.65993090801365,-34.461260657862844,0
1.0940377308929312,313.3952810367747,143.24485645065897,1.9021476306106533,7.85897819051341,3.766945380550836,127.80694735497158,0.9307756141529928,1.007417251292431,5.700215533152112,1.037002127102837,2.0039582992048937,109.52696487869588,165.8007917293765,1
-0.1406879493621607,245.26865631456968,105.00774133611046,1.8207277341734485,12.791592710041058,3.107624148055169,121.4210861104756,0.7519612973517182,0.0784866414673974,1.4571255508381376,1.2851794012002409,2.07595158646576,163.14897289255325,18.827960692683483,0
1.0161348614660308,165.31086480967045,187.4076159287196,2.1583711417559206,2.008826835045908,7.931114842043831,25.59115528098768,-0.1466082141143256,0.4177099923068382,1.453853819392278,0.056922217063245,2.047037538231268,106.97022032322354,18.27088069850628,0
0.0043694430181715,31.50274754502624,139.19256753079355,1.9497441982006465,9.080459536891953,4.020550274440109,28.581839273730573,1.1201399786461268,0.8550884802801167,6.736058338368785,0.9558646846651964,2.032078540316693,-18.31784499341329,144.415335301787,1
0.1016491294264834,221.02883472213492,40.4410420422859,1.9550583125235432,7.109208185692517,4.329526082048666,51.64433113160107,0.9159556640729484,1.16465667852304,10.932221450336773,-0.0872187317059378,2.1465892280715693,13.016848315590297,103.1980085991256,1
-0.1726488462012033,351.3752517906619,191.21935601825552,1.8598278340605012,10.680522545141454,3.721826621830012,113.45877104481973,1.1422987094797967,-0.1165524792789057,3.098417382720191,0.8019444896120458,2.144708523776553,-10.063444591661764,228.9779189216379,1
0.9381528390038856,114.02392267253876,110.12400591270394,2.007943133835134,7.154910944200113,3.292265841069504,58.01120140674006,0.7355923967255198,1.0816802061119175,7.988978387524416,0.0652103102692595,1.9803229413214023,72.81596513357643,128.72520959560876,1
0.2776514186122751,87.13811268625768,131.58567748252602,1.5989793188656023,11.80942196995263,3.9425353858983256,23.42923950363315,0.8680344575458471,1.0519772574245354,7.023401478738681,0.93311799933406,1.9618317083105623,1.349511768715523,131.82638584989863,1
0.7268557823799978,31.5524898068462,143.85686894533785,2.0535898697880306,7.843517934885372,3.7815475744616167,50.19800797855131,1.0427348574372064,0.9039721605517635,4.045623822931963,1.0572719404221924,2.153917862526548,21.878803528278247,53.46847998110464,1
0.9322886844428316,162.83113529294607,144.22297114605,2.129145685596304,12.042700378002648,7.842104535693753,89.88183298098232,0.7824784895299649,1.1160230240805702,13.593904241459532,1.1922169071559752,1.9811140987670277,130.03848270360186,153.70575214039567,1
0.0525688036888861,-16.607401474461454,91.3398484942939,2.174265958741186,5.0149920600823386,7.273935191114364,4.412679937588273,0.0063864992940105,0.2643631826749428,0.4039014078473157,-0.0712794399874118,2.1387331864588632,18.81478464738277,129.73872921830767,0
-0.098486226358008,300.4344273012728,84.23604672547653,1.1705042992377617,1.7309082541241183,1.0096334795946733,79.97907918759128,-0.0649149758346322,0.0486429317709756,1.7065212035400992,0.8643392010784399,2.0032679072435613,-27.1074969798504,9.613816167248949,0
-0.0363831032417616,73.01817664183804,166.40914851103815,1.873406955116976,7.055346139125045,8.064923616455143,44.79887184312248,0.7129743927190358,1.0413091564071706,3.335749297429703,-0.0948129016727497,1.9673548903497176,9.182258738070502,162.36714224319488,1
1.2397989985560738,219.80544776405972,41.46759937798594,2.0044038239331265,0.1210032075886937,3.351994328436178,7.396899415912905,0.1267148153950452,-0.288122738066691,0.5390130716981387,1.1509168488118455,1.869980356696333,81.17074905946535,2.4377629224718618,0
0.883224035549067,215.13895709801903,74.28066664678353,2.0919234239685127,11.2242759059051,7.508631713164483,65.48147867878994,0.042987364240504,-0.2840361852855578,2.2557560537047143,0.9187212573772016,1.1264242728379368,109.7847916464492,5.461112540241707,0
1.1000369340095388,90.73207275907114,3.1786557713648875,1.187093703077729,7.513441098256446,4.019176679175195,4.928668457869655,-0.0928498775993846,1.069924324670966,2.354817960171574,-0.0615272218563751,2.122064076744665,25.60347134896153,-45.581011399298326,0
0.833456931973959,126.56022959689324,170.44385600605318,1.2104963228098766,4.408356391880638,4.949502516373386,17.70456561858833,-0.0144109520970091,-0.2305673889440554,2.8180415921533424,1.1687244102862142,1.9971926761058096,48.04955152831204,-11.774898759888863,0
1.2846866232050094,187.09528463589007,127.11944928769567,0.9931279103530558,7.966053323372685,3.651181734240861,38.29734863586843,0.0476484799743407,-0.1163967781119387,0.8487654769494863,0.9088090533356548,2.206001458695675,16.75857302066143,34.67478934628859,0
-0.1894448096075711,180.59628306371775,86.65019946529159,1.9427172599850089,11.034580960289786,4.345455005209047,90.6958100633248,0.835338678816478,-0.0803398958407282,1.328970769192802,0.9060855584833474,1.9750642306797648,7.106206254687784,198.3992996416111,1
1.0873991085091212,61.492101925846,1.9387083491366468,1.860541513586728,10.93259213060638,4.038155591648968,73.33727565615322,1.0873179122919985,1.012100425705599,3.9608244857529114,1.1650413293862223,1.947138534039732,-0.9408289824830264,98.26211847901374,1
0.6814299443876872,181.37279406092017,165.1311230313739,2.055021321507013,7.771686635805711,4.077513991288045,4.071054965810781,1.1169551890567475,-0.21495997043898,2.50169376189215,-0.0611702872415475,1.8743484626899192,60.0659825474129,-0.4675786061522515,0
0.980768630899671,69.50854163929085,79.59822710181281,1.923949358294967,9.745318881835438,5.058054382789618,19.53654329389609,0.6699516128701127,0.7753330385741,1.8399349970937835,-0.0706152274296399,1.8813632519900472,79.90582408460489,7.811090329770252,0
0.8733759231661514,35.8890516985436,3.048032047646018,1.8532408580767683,3.5122934454407884,3.716591668996948,0.6830759081958675,-0.0473174552961292,0.1749013629830612,1.240967738820186,0.3694591518842746,2.015273941748146,93.9869342712304,103.09006669492526,0
1.1545030243739598,-16.535257513479337,93.02458807345036,2.1150495263061084,3.3477800865720786,4.675756275081417,11.048266818750538,0.0300378031765324,0.0179940779940848,-1.4409581156942606,0.9879829220172928,1.9401388250872131,28.585468717579484,34.2511382864446,0
1.1988498271546972,182.9347871138068,179.52989833090172,0.9852438507281874,1.5627453827101343,0.8502552331638511,-4.820784586936959,-0.0980354547738212,1.0503074847462526,2.566952528265636,-0.0678227738017302,1.880317010607982,54.07415891435196,-1.949349047149468,0
-0.1917625474978244,154.71909610567369,70.55183286098021,2.01435589017125,12.570879621885734,8.88239043271497,22.51706921975244,0.8034412468579897,1.0996212053068937,9.063100073630936,0.9137568544130292,2.028111573669689,57.19666470627182,20.457743937228365,1
1.1114042337315533,82.02483225831598,-10.562971575116975,2.158100216444903,5.74370257910514,4.295379675328364,36.6039234514599,0.186093550308932,1.1677252052488931,12.742720060849477,0.0894344125062939,1.0465506408307452,-14.181688466165255,16.270653455796484,0
1.0751582951692025,62.2565779034462,159.83263065272223,1.7979511860622788,11.42894483558878,2.9489297398343544,66.18762548038013,1.0192724796728512,1.3542626516902057,6.669444975896887,0.9846551865781372,2.161088697449053,48.482899275455,124.82765573343804,1
1.2635917500611002,67.89663512172673,16.233476603209525,1.82232783824136,7.479931668097978,2.598451582494242,68.00639041317885,-0.0877774921857756,0.1125114576735952,0.2133513018881898,0.9323474409123202,0.9780038776608022,18.762022763295967,-40.185002602029606,1
0.893214572261066,85.14066254266886,39.45444601238943,2.053822707480092,6.541944538493313,4.510470925339022,5.2850964662162845,0.0948265455187895,-0.0015789534543212,-0.6646669547322182,0.9527382042189336,1.0327288949782358,106.48038818201611,-2.0725077404092573,0
1.2096129079541584,192.4365224269996,99.04895981330496,1.882508871184639,15.911806290655267,4.320312225543508,80.79792733021415,0.8998673562986945,1.038110909221701,1.9789435462039888,1.1045795556833533,1.9145801417728403,105.12737052751558,178.6324815594923,1
0.7828823677103219,278.7684527853967,110.0759895475266,1.777396674470476,2.1214285809103397,4.374612374153361,111.35787185835188,1.0900667609046306,0.8658495433414539,15.685267410330416,0.7222500861454612,1.95571755363111,6.519922500247496,230.97762855634772,1
1.237779561933439,33.501222963327294,155.45190641811644,1.8668228187940612,12.641921818378698,4.398413382187215,5.858570068392861,1.0078464966859464,1.0825549770065217,4.753590114476315,0.1923317950001823,1.968728516560154,46.3657826189363,14.527012159699533,1
-0.1243718908086214,0.6875668174374141,133.21133371480397,0.97636830317627,7.288679141520257,4.351609833397989,21.14197103197578,1.1468704304146455,1.0417306923678848,4.156341922871222,0.8705687190153095,1.8524190357697152,28.02229927535681,107.27257797775135,1
0.9424114028553316,228.82054596969027,109.55683439555182,2.197997838626279,14.202323514344238,7.268671726188526,89.09972362198889,1.247372734227571,1.255820158991564,6.7828811273778165,0.942725324519954,2.130914623567078,-14.31599894219903,130.50147749469892,1
0.9924627490706692,297.25347667132,104.2960890995891,2.1267000097211533,10.4486885668183,7.29227864747237,74.48915703505682,0.8913331399785289,1.3158996891304724,6.006576808581845,1.1253282517155054,1.9191167448152329,160.8883310880414,9.389123069975334,1
0.9020046753727392,204.38507619729387,39.28142931843738,0.8418384436059857,8.94426761724906,3.4675237345763987,-5.070246244760469,0.882947428340586,1.07752679150182,1.7192564110245987,-0.0266909966661553,2.053473777858618,13.03487920622176,150.9360975453957,1
1.01032246017731,210.21145764643865,32.125258784050985,1.934135005938416,14.45264203315442,4.20105239733657,-18.86950230009048,0.8822752520519469,1.1787686032407705,6.095806357210758,0.7882009106937438,2.211031952991582,148.59959056007506,9.37567682260186,1
1.0047102482571924,81.42919291392569,-6.909031814459695,2.116219307776374,6.313867084356454,3.480551258696001,-2.907048975455517,0.1610525498601551,-0.0197091636128594,0.1600231192523438,0.1384245196559404,1.1919451326303496,3.900963399581904,27.888765491017917,0
1.128989698841583,267.28864189430453,158.04349286398593,2.0018551958497874,3.383712286396549,4.689560198197793,16.063375565831432,0.9844904087705052,1.2633176334738994,11.044067260083729,0.1110297561712941,1.9946549610458184,-3.5343228273254965,176.77986205327986,1
0.8438260305565142,309.59803191991125,113.07535828754202,2.061512790937397,9.64442955749888,8.612724784574658,1.5614677316156644,-0.1718592923465288,0.063641404501863,2.3683516865091967,-0.0118385590912772,1.9818469189588876,6.16655468477714,-31.205836837877666,0
1.2248251057870825,168.24876587473963,75.90139337695761,1.1688342461467176,6.230819565614539,7.252439242806325,30.56088631042545,0.881007728091785,1.0652492563341514,2.63397711806257,1.041294461198896,1.8734459364205935,31.039673189885548,236.1845116840385,1
0.7667520119166147,250.4793241819584,17.86914203756183,2.12643362206452,13.071602942816591,7.405312510171031,104.37205499230404,0.9838872940353772,0.0822716308672713,1.2789857939005294,1.1788158219468576,2.006754210790308,52.6774589238179,260.8862051360228,1
0.1255128540720891,239.35176507604015,158.3489872530875,2.0271118728066115,3.2106487158291737,8.783622243894657,106.56751530147216,0.7101326180278136,-0.1881939855850561,-2.3255858609330584,0.9650054596542575,1.983124750469283,-4.872449998650644,24.51169326211841,1
1.0203441159596809,140.61865834027972,52.88953627734206,1.7897669379591838,9.557733922281663,7.537509382165857,91.17469074318798,0.9068937974112397,-0.0928351115697879,2.467207591190737,0.1485550669058034,2.0186920690437296,102.53053293534263,70.71165421341277,1
1.0187797965541456,298.82865881106943,166.73062945179925,1.8703588903697572,3.590107838633079,1.632570854358999,87.97419894801673,1.1756277630493068,0.7062465899480819,2.9066233577297904,-0.0596816875777915,1.8765096918981077,-2.273442118016142,230.4818146206024,1
1.096959937116895,252.74710427716548,83.90886826658601,1.7437124648903763,7.327286262482628,3.4947359939029794,-13.348693412687531,0.0066213557917697,1.0583893342064836,1.270185264610578,0.1161567146307486,2.0538462512555524,69.41620764848157,-1.759720847922701,0
0.8530471643830435,8.048716925521745,115.91508189796907,1.99652471005788,2.237777972912561,4.299116429219743,8.168006194728694,0.2196124713948111,-0.0397326613352417,0.4757932781732266,0.0721018511712491,1.835487371569832,27.062940227201487,22.380230661812497,0
0.9835272816843096,100.10990750873012,30.872300883846137,1.832851885237344,6.363402845737063,2.606220815344515,20.613193244425617,1.1122941282166847,0.957718549323453,12.239216509597007,1.1628043915084532,2.118932710020978,17.043475303406872,215.49829877880325,1
0.056737628451923,-29.721902895848075,143.57175848819898,2.0469977270539665,6.614006326243044,4.105871399068392,46.17172782478696,0.2208038716734755,1.1819634665704597,7.532450605544803,0.9525527354107556,1.9852507362714604,-23.240318463624675,13.052503659388757,0
1.0427039821952753,36.02666088638175,181.22670612014832,2.121262610664836,1.8457090164788896,3.222258247227216,40.39227755112064,-0.047385348094219,-0.0024935663175086,-0.0317109375942559,1.1314428501411806,2.069673773390272,32.91353600886049,185.5656357495717,0
0.7416396345267295,138.1249309975706,-17.92248265393353,1.7556806000804068,9.129167051867336,2.660445294672461,16.600297588572584,0.91950763262235,0.8766235980931388,2.479434850026655,0.0456748053992461,2.080065539952497,80.40924384717708,25.861397249026677,1
1.032996453419404,159.88473837417615,15.455646561520837,2.0321070627193576,16.011038916889667,7.013467768235081,17.04819873894301,0.9365273780694614,-0.0772638272839334,1.9827977310187208,0.0361206680542161,1.841000788659972,8.130713134669989,203.41386506251612,1
0.7602897835807898,82.85979686623425,53.2225374425242,1.8278257930765065,3.6176718933311567,4.01930078846323,28.92843231714477,0.0063503440809287,-0.0498863835650056,-1.2477416118632094,0.0675980302153277,2.0592363201342985,44.34969557792638,25.72453163394328,0
-0.0089347174081202,37.12949447801017,-0.7995726334479656,1.9670179195688504,11.9432332333661,4.137973377458244,28.5624808117841,-0.1686019183185131,0.856408662983436,4.592384122074816,-0.0265794564332649,1.93059674960594,105.79928530671653,142.14137073350614,1
1.122253608255832,249.1772408839548,81.25777263279126,0.994232791972963,12.448447813665409,8.577032112354837,110.9663872089698,1.0512453201171414,-0.0960935591728007,2.988694842454888,0.868980618425788,1.9697734019191608,62.48655493042979,-22.80160790209532,0
0.7896916066896045,213.43268326470215,92.52107230144016,2.1583745510501924,7.293874145924233,4.38237500354709,79.13733415978092,1.0371521160164088,0.979014596970298,9.055915193038924,-0.0799377853857707,1.8591345937779007,-18.11929222601576,189.4089503658791,1
-0.1009517739753403,129.675894574305,-7.5098811333106,2.2221499227102672,7.756556720184529,4.27210067889711,73.87638680013504,1.0449955490122602,1.2143642070807643,4.49818462917266,1.3583337928969177,2.097382174036027,104.89432062795844,203.0563343347616,1
1.0112230235955637,5.7984808621203285,73.73169843304072,1.883440011462824,3.2675438508684644,4.374229986782939,22.772284705898084,-0.0731375367747233,-0.0964120909351576,1.152191968453875,-0.0612024598592623,1.900635718676989,58.39898179600432,8.400642058292824,0
1.0591808728559706,31.766718182083338,124.72728423147036,2.3014074391059203,9.582577166044992,4.193566031790279,17.300408331273964,-0.052671975065256,0.0369458600749599,2.0235594315722056,0.0476948271980361,2.112790167509893,159.6861530466402,-6.238850976219808,0
0.9278825470229322,48.1249986628052,-20.31683311049156,2.165938786441516,3.29152329675642,3.52133143086486,-8.850773640925112,-0.0306209323824712,0.2617310757115832,3.5323133680135146,0.7517516731891989,1.9682489259332985,83.68963975961012,59.538553415254256,0
-0.0231611580649665,198.22630330158248,94.88013465047442,2.007866359994081,1.9820711595341125,0.9407446450787248,5.346532235117685,-0.0811526322915341,0.0849083538673897,1.4544256691854556,0.1294129141204844,2.0639110285398647,61.145169005707125,-1.1447816115653495,0
0.97258488910913,102.2235995926114,151.7109515568258,1.9423610213079237,4.232467843551709,4.9472591089743645,54.417558380895066,1.207334725200305,1.0950946699619617,4.9682547492683895,0.9911750111518712,2.214113605333787,31.28453391674212,-10.703277096738098,0
1.1089765744757474,101.44819225180444,70.47578689246177,1.8229851413977705,14.362576834729555,8.1067551050727,19.288107590853897,0.9966008700474126,0.9076048685581788,3.703834650224192,-0.0528544877498548,1.9011058735600024,49.46590931050893,198.9365254254635,1
1.034757370851228,219.1824072171517,53.11694746235764,1.9618193336193412,8.529327519492293,4.138527356285314,6.474088850802112,1.029721860428182,-0.1749230614049937,-0.2081497289634684,1.059620516469183,2.1318309272503684,133.10867093009173,210.02863148720832,1
1.0092471014508706,49.06176272674135,-7.872974651437261,1.8367036657347653,1.9464651225988725,7.72192291760328,10.533227362380403,1.231813726576101,-0.0122184759088803,2.536048899467355,0.920295260235558,2.0219267988672254,0.2324882160860397,-35.995783190129195,1
-0.1883853941193749,14.314742539472547,23.39611357341524,2.3183418986855746,7.31338210833999,3.8400565974079655,19.72955928969721,0.0317828205529511,0.0566491124345019,0.9354459846564742,0.1623721895860579,1.9447316330075528,51.64373748916799,30.735325183909957,0
0.80218285815824,166.6486715186457,56.19643682715135,1.9459492625663244,11.968763091520824,7.695133306564968,74.03377730757975,1.1323692456153207,0.884717436091872,11.32257150989805,-0.0598816560519903,1.90653780150091,124.10210908458188,84.8123060053683,1
-0.0857402048854784,130.5437842153661,68.08974809579273,1.1475670668875693,6.661219780288742,4.0121291915088335,36.16442019390745,0.0339943359686342,0.1503181040081088,1.52093186947189,0.0249217607293222,1.9286093820119965,74.99747757754416,-67.25267964301787,0
1.191702727879412,202.2593621231865,48.29095865659775,2.1283439071205983,5.0723107498577455,4.016736574903215,0.6342447605684853,0.9686224740009304,0.0579611220649723,2.6946597459188064,1.027100878382784,1.91835385073586,109.4059647404077,21.074367017903285,1
1.0214237683398273,136.38612779998078,85.61632412924011,1.9966132052721248,5.517986517116703,5.138834310851284,-0.2692359135856748,-0.084220064282571,-0.0553217012942593,1.7161460723706683,0.8584153816120517,1.9733076376998195,159.77200452489785,196.2342351711224,0
0.154999099552478,-3.1635121029171955,-1.4260715957872208,2.1261654018676097,5.40562174674135,3.977450369543328,8.778343560432557,0.1055148972216759,1.2880563690373457,3.8722834563802193,1.2184938496661812,1.9242070715627395,110.26955112356212,-18.554006553726943,0
1.0580766036299445,155.43205608095562,14.422673523114623,2.0345147869816667,13.102367972681636,7.751923078303209,74.33380831622839,0.978904090331748,1.1582088851880366,5.189941830109206,0.976288988935528,1.9072272395761265,65.83072828371043,133.40203491268392,1
1.0314397565854492,113.32883080764054,79.07012975158503,1.024056710509651,13.26079978123422,7.900379481116084,-3.739818526457469,0.1965387962943161,-0.0300157340329907,1.187906547850226,0.0857543942779824,1.9336429163960045,42.67997430146108,7.98069356655062,0
0.8870052031784995,-5.895573747660876,89.88653056020708,1.0703059781533262,1.255794467039606,1.5764592260771404,1.9569442488180255,0.0587383710276318,0.0450944389024958,0.8892872498020226,0.920658523215958,2.198341433714,56.74724924035228,-12.51127691573739,0
0.0567824815947136,289.7315311243548,6.24915730453877,1.193691665675616,1.2265163400215364,0.0245835298073657,3.2130035740535305,0.306263656178508,-0.1910698336251916,1.0359503862978352,-0.033830160241525,2.0085890933965973,3.687482387114521,25.8430738702864,0
1.0903550326994278,335.0904803993162,161.5012383759812,2.087169239472244,4.501631913678798,8.90179700719748,114.19832128110497,1.1586163057462255,0.070806110309844,2.18517176884116,0.8076157185246302,1.989094261164344,5.460672629304035,176.6880291694665,1
0.18334167501294,329.2522689723694,207.623412610347,1.9488277544769352,10.125598258233596,9.440084129756904,-4.03757751091041,1.1493223912282078,0.8525189972476572,15.356294263378654,0.1379061565790175,2.0591254557129366,27.514052835363717,187.36259172391377,1
0.9000714042498759,379.304051272995,82.28592222043453,1.8391491819481849,8.783593329009761,4.99809645793789,20.373843191451883,0.9939551531794022,-0.3258011389794359,-1.4460413830744727,0.0193427308809717,1.967925127321538,-14.29925165222133,100.42813224041946,0
1.094459670111402,89.43892002556794,127.8221187039196,2.195887548139876,4.939266366641876,5.560230705352359,15.905809997883663,-0.3521164028556278,1.0662141437985828,4.391879032531996,1.0543898738442092,2.052388237008896,63.30445283027987,-32.564718919152135,0
0.9180339524624472,26.70210633622189,59.91498442676301,1.8700570750612784,3.7997373141388895,4.0376288922681125,16.39529107268149,0.7065273956623179,0.998171615622542,2.73275186512434,-0.0154581143904667,1.9974933613394763,41.120624848076325,114.65184894754938,1
0.379864302485308,52.447052596550805,-5.198186344642309,1.8765987616986364,10.885951159408217,8.535015257944371,37.43918650014468,1.0257769051251966,1.078502678383352,1.1629588647538078,-0.0364888182833652,1.99819995175298,-20.917664432408277,102.69190861270134,1
1.1017029331719344,68.86835996663281,60.40251360828853,1.9906642157653656,7.328253729755831,2.8664360873211407,55.69895272153647,1.027877898087807,1.0827533662945268,0.3823125477187501,0.0964100833248162,2.18404396191606,33.085359113448646,64.6561458535716,1
-0.1201510521883897,32.53025657283685,147.03577879557636,1.968404583966615,9.054036717929131,4.042563674603111,27.78478407602006,-0.0897273027556959,0.9176034441723226,1.856574663392168,-0.0066898856920236,1.960688343410184,42.481711365666015,-37.54856850036615,0
0.8914577945431079,46.75651689883853,15.431459682797282,1.9270748411848853,10.213703612856436,4.375555849982528,26.622567841327708,0.3397806385259504,0.8470247497499578,2.0851681625424145,-0.1758056379202915,1.930342888979704,127.28279598836389,67.96173506749595,0
1.2402584939952783,98.58854243509111,180.97553858607745,2.110225963057488,11.535474401896654,3.8680749533258463,9.03681397775959,-0.0208143518893201,0.125917380641828,1.6702286328665514,-0.1119048932295279,2.0122453690780406,21.62028925747285,-15.117707909450054,0
-0.2099546696678904,245.24802219854632,182.42736936725956,2.0584110498023294,14.441397615190532,8.194136726470951,109.81674641394864,0.9706460820942848,0.8553263618304598,8.521218381214377,-0.0601747176317133,1.9474149801062004,-18.2760910632136,255.70491925026028,1
0.9550169048619288,247.14449137721573,4.44358963120952,2.046646851057172,6.502071698081124,4.078733249775012,116.33565933685492,0.8554449399013884,-0.0955540042544823,1.7676485236983848,-0.0252496940111013,2.0175928195977058,-15.938261931996166,-9.060432615028953,1
1.0672151766814406,209.1852114345391,148.52154735097048,2.0681439290397594,9.76952255884524,3.914268810104605,72.79381341617021,0.1010994107474795,-0.0838831389977683,1.657856248727262,-0.0327040055940086,2.021323314119179,136.27790971013806,84.83737374090711,0
0.7952894944100778,-7.811817845835094,196.3243273226567,2.97320645701552,0.1596827744207614,7.422288240538824,-16.48110040004031,-0.2367028419630996,-0.049554555629006,0.7875573421339896,0.7825756460052131,2.9456480847360265,137.45155084112875,231.42897363237157,1
0.8301021330523273,170.1663777274115,103.56331638235496,1.937287838006258,13.001156280290996,4.072402544045702,49.41932901453298,0.9654163716617437,1.1180251591218524,8.542420412701954,-0.0335904597638332,2.014548161106074,107.25733492037324,135.54227905309472,1
0.0578416087185158,154.00241709706475,89.74654979287938,0.947602812394153,3.43439262447416,3.5139648376503647,37.70847635611632,0.1691636306256504,-0.016911664705328,-0.0161242563890473,0.8767655100692877,2.058279409188326,108.28293618283564,12.836801057778352,0
-0.1446832713711197,292.35089280627847,55.76061781801292,1.905589870050392,7.01135048881212,3.9348117974253,4.245932020861055,0.0842501813628494,-0.1917364389582608,1.4264837148650191,0.2859276906553678,2.041759698598096,-4.204901908793737,94.94880392175205,0
0.0580063888014428,55.01808051005055,12.762126374773644,1.954379513613544,2.456504764803868,3.129114678272632,-4.09526844083976,0.0398904799764763,0.1878867143822259,1.670506624240385,-0.3885501596241524,2.057447303913867,39.27795898486736,10.873840675240658,0
1.07173865649934,324.792982965678,43.1823237477135,1.8059508925519565,2.407345407897028,8.251716323240796,84.23457733356686,0.7903150028133814,0.0571871835585032,0.9878851019060456,1.2861325531751544,1.9773160424550424,123.15934997472328,-26.61328452276866,1
1.006970808768708,-18.87098877828529,71.45359305249669,1.96138868454048,8.230763147267165,4.255916378817071,5.555472381997117,-0.2383407278883266,0.7548865550979126,2.51363309817456,-0.1218601531336185,2.0270565250633386,11.804203853784864,-20.697501001198766,0
0.1639766793950424,54.8340351696848,162.4543085714505,0.8398156371314455,3.2213430737233404,8.747834428649618,81.19988429193971,-0.1720346884007445,-0.0680158945888499,0.90784541606426,1.087529965747578,1.8423580704216267,-19.17753788417745,27.67027840136253,0
-0.0911719726543823,73.21684151617765,176.4450556383603,1.8866089362938807,13.51932982234553,8.177691924004167,46.65746895435807,-0.0732826843471984,-0.0275990095699412,0.136994680640027,-0.3963485375768258,1.8765593962711355,72.9500546932117,-47.0288755084712,0
1.0499969160956066,81.51742923427796,193.86887775662143,0.9922525874971536,6.013888911056212,4.392292452409919,-5.921578402751749,0.0060439506390145,-0.0463457027827763,-0.9177023496487422,0.8624202789992372,2.1404782637166733,43.32265467884755,84.15542982847775,0
0.1979538955900331,140.53078503270464,74.10923297863712,1.020271295260238,7.769191090430484,4.405256268033075,-1.0380514219133303,0.0352974602126139,0.1294093080715491,0.3205250784492826,-0.092101792698936,0.8930100119857036,9.272998469608131,-38.845680719841205,0
0.8718314625935605,221.37772841354035,73.49647795243452,1.0890303258971223,5.168038339999198,4.162654269719293,-13.178353171373663,0.8551370098626189,1.0838121922738404,11.025638623835093,0.5973297727771809,2.1113314224329485,108.89064547125535,-16.849853006747416,1
1.167964230296969,168.25307979101967,28.37601331833995,2.0795832276730586,8.613216788625806,4.184787689253989,41.68904812552159,-0.1745362141503232,0.2981321239222166,-0.1603764762308404,1.1119856990320678,1.8488491902062236,85.12976962261119,34.045775480226894,0
1.0555648735050305,31.81285334579316,60.1452434440453,1.0605597493976466,10.075195615310356,2.8842176761646563,2.254405915178744,-0.0456019709311416,-0.1243466622808558,1.85027163556218,0.184900868135191,1.995468434444577,50.095038565455226,-41.931957594739536,0
-0.06686518038698,324.1994901037899,112.77667537361044,2.103292181109925,3.164222444702116,5.76931233973012,63.78486938513479,0.070066752130763,0.0750816101291856,2.816107032509166,0.7449104067622675,1.9589362748742976,32.73923712757741,34.689266852595075,0
0.7568551530599943,116.92379955022696,150.40567022404576,1.986045981805089,12.521197881561967,2.754692764327064,34.236910165201984,0.9430556278565267,0.6884434761131782,24.015412634810897,1.2144891248293923,2.133483751912705,49.96616946751931,90.00373145392014,1
0.9667827505359972,56.91963695004186,31.01831974659975,0.8316257996428899,12.921111526591336,4.018852959423894,43.2058339998264,1.1838955902986343,-0.1261846675149018,1.3787570275333376,1.0101594124493571,1.8605510425839848,13.7511912783,21.25957327035455,0
1.034203345455068,280.0221226295762,168.52166370721164,0.8984836335911088,2.272570785430611,3.719218830154869,24.603874029341323,1.1111697423373244,0.1214086858570397,2.1476382573313297,-0.0909293359245409,1.105646020197276,-5.82872022523452,15.241561901342124,0
1.1317750373531854,82.12537160141599,172.72962261034905,2.11427862829807,3.5418940172612623,4.716896778242303,17.15133751506873,0.9467026614759444,0.0498443304340298,-2.5443969219964035,1.0572295978697313,1.6731790639125248,8.155849615875937,52.845260113991344,0
1.2673419310216345,108.02625588290336,58.93267791795022,1.9890426623900823,7.133647482935007,4.911602217485729,36.76489494281059,1.0264154399797676,0.9703346030879928,1.938853973192281,0.1949962439246397,2.0003319213790154,86.5352049264967,126.6978615377372,1
1.0007751506601938,319.035513958852,115.62829789745513,1.7668723876191152,7.651304760708453,9.819674248357698,130.843058999266,0.8427748284775046,0.999554803892484,3.23303918000582,1.0626575501759925,2.0132776671295733,16.15147841050861,-14.92420184118604,1
1.1635165558296685,202.1841588249096,39.66550516805435,0.9852063726932712,9.214658777182562,3.3163742859803835,61.07782728464796,-0.2111779394669289,0.0901320898113426,1.2007140640733027,-0.2459937776537409,1.0314838480640731,68.21819759338487,12.254064425255528,0
0.1657234697243348,220.9739767062009,83.40327376555616,1.936613140616746,7.358857242156263,4.414900047374762,67.78701688786036,0.0976570307031573,-0.0013052756316682,1.6206876822459573,-0.0626049573154272,2.1997370041562165,127.3076516272001,28.47923585671984,0
1.1861319251844344,134.87020680869088,139.97915411917134,0.8786119597133526,2.2223206451538005,4.262506094307084,73.29191852083298,1.0703283453156716,0.3373491294149123,1.773968514724418,1.2202297712707528,1.016385306759065,30.987023037192294,9.308935152978066,1
1.0917459857167555,144.7691564688057,185.2248903362361,1.88022977077236,8.041359535461696,3.02320068258794,97.5805474986882,0.987496150939292,-0.0653013650906587,-2.5746626520276825,0.8135645430920387,2.1004037120922336,140.80488612255385,122.85826826848438,1
-0.167521257412045,312.9124777762336,184.2168123195546,2.166386351009372,3.453798099055667,5.467392298490434,79.1885583011399,1.0785080787655064,1.1081531000892673,9.302575987822976,1.0836340123415835,2.050718496541795,-6.60307140024635,-23.46816188743987,1
1.2559305553138074,10.41381305775056,146.41444575660063,1.915362316073824,10.222983322080594,4.353173136026965,2.934820522964713,-0.078251483957074,0.1159400559586134,2.2731170388149025,-0.010569797965629,2.0040004412569945,11.491829229982642,3.872244316744656,0
1.1773895638245808,291.6893556067282,70.4722743978636,2.254266001804661,2.791038982711145,6.810755124230427,17.52203458858553,1.038237815199641,-0.0590367424266425,1.4503078214890524,0.1248986362050897,1.9897954908073965,183.58095428257903,6.211709951482327,0
-0.0147128773762059,323.1645382047969,219.2166665330404,2.075439294051961,4.939990038431377,1.6631938350690687,28.64597988324533,1.0475603380735063,1.0173291049901805,16.206364318095954,0.1958687572884699,1.9463245049157984,-2.8505289522205715,53.49495845207917,1
0.9424937029133352,159.92475072539287,-4.6588420499427485,1.1181357492901571,5.086227882862497,4.514839487616545,-2.135070074264789,0.0564813294317871,-0.1672634217254948,2.606908107997582,0.1861839736736102,2.0859590975338294,-19.95666233115159,19.068791398149287,0
0.8919174490846232,156.1735136932992,34.93469661291802,1.9119321682597423,10.697517057489188,4.126297018709343,-2.0119619371080617,-0.0232449315807278,0.2008182291731099,2.773293774028858,-0.1220853658162056,1.9961988244762308,33.24732149683262,-20.492840367088483,0
-0.0078038733464651,144.14829172868718,42.096197830822206,2.155667662802461,8.63649408134737,3.872214013321015,14.234639727505073,-0.0876838193983557,0.0873638173519218,0.8936818121872308,0.855104838056232,1.9142875860908697,122.02008572654516,-2.408847242533845,0
1.001441613385837,64.08682970472624,11.240224780727218,2.2331355463795246,10.827153478058216,3.8580407013283766,45.13733234916895,0.8027162883093041,0.8461327950247186,2.3581868217264548,1.1697714992254509,1.997032602874664,17.294938035623467,27.729510603864654,1
0.963741294033662,191.26856772046528,96.61959996873853,1.8453529359433567,8.803068191953013,3.9760354429785862,83.79274424734456,0.9061064028274076,0.8983965939524587,15.119632973213411,0.150424309032458,2.204907335403511,105.14396773710588,174.87215575299646,1
1.0816550851034632,294.26117177447725,62.75189049587848,2.056609392280251,3.9256148978874266,4.26219373514414,14.01741016601274,-0.0444377772258095,0.0098764864834631,0.1565032428231725,0.1479122496698499,1.8944488160878576,67.82383248609902,-3.1548023661587195,0
-0.1222587134335375,59.64658863478989,87.0569646850168,0.9757301896160196,1.355315090649082,-1.0358926638623212,27.26024999522886,0.0848698846767159,-0.0884121003223292,3.331050480501628,-0.0519302347537418,2.011870945477096,-5.739256886858442,37.00137174638401,0
1.0302286765308748,50.83214175862793,107.597337611353,1.02957387854565,9.065249584047656,3.617145839396065,70.44638045120831,0.8426065436290029,1.0634682027874018,1.61268597569708,1.2629979993877332,1.919066996335098,13.827618207613696,72.86504047387906,1
-0.033192919434378,39.917531154083946,25.21689556469329,0.9520507921577396,4.060265689436415,4.19589909153158,34.81213502555383,0.7701683506272525,0.1282061928488163,0.6026663398969605,0.9908339033870934,1.905682472527457,48.37279222971278,29.331489102917327,0
-0.1695805019859941,177.94096196855202,81.44276761027525,0.9569233762431572,2.3791439281750444,1.4107321015290712,22.41259784245043,-0.2319251085930775,-0.0393837762626747,0.4406051608123253,0.7049953676526418,2.0949829819778456,59.25905829376984,57.11856509361262,0
0.0015588536375203,115.52630265873069,62.6413382442686,0.9029132052735532,9.013714900697456,4.594293626619842,64.28047881782281,0.059254971290704,-0.2222307253108495,1.7143511678002916,1.094075563280097,2.111543032055312,30.305474717765144,-33.88547644815559,0
1.0608234621706285,346.0165143273034,181.24054187115695,2.144741657551627,13.895992381093386,7.336483570314536,141.94674762076525,1.0937503532791757,0.8123213048034532,12.149407451517868,1.0984698694320612,1.9990866428190357,23.00070867880537,153.4715297037433,1
0.8477296630295714,125.38347573301266,98.45814760867084,1.913020759984429,7.34933982435796,3.9544893036274513,29.51986341981176,1.0724771408555125,0.999144001900322,2.3915680432037223,0.1087815626422958,1.9952560192989472,17.072623834399252,-14.423542854074917,1
1.2132557488821776,264.99584565694335,118.955201528055,1.960403542638589,10.33587994167503,9.019386689192975,122.35463053802704,1.120602179184719,0.0183650401459251,0.2906407365848733,1.0016416033981097,2.128634815078864,34.681757427238765,-36.29763069094341,1
0.6659846280440359,91.39503343929226,26.881754970762607,2.189512133541733,1.1871293940659091,1.59706685623556,-6.824664622356032,-0.232625550201895,0.0387002115343031,0.9593584393219268,0.9265298204025016,2.0075838673815145,70.28753039055229,227.1865695590754,0
-0.1958728848903467,269.18608528083547,186.87163881209403,1.721746963275986,5.958967862604842,3.3906359630755505,54.10330955758533,0.8385134902246771,1.062965356140134,4.023375483663406,1.209311475142027,2.0006032723939557,41.3658115661606,-4.380310769766147,1
1.1490914029135373,227.1862796995702,40.1117260061834,2.334905926464123,7.24631984135326,4.8560039200379785,123.99672315158752,0.0870228283401253,0.991572446070932,1.7939011583656976,0.8834914443867701,2.0385459375546247,103.21896611823826,68.50490309837652,0
-0.0263461847795913,290.4539870667917,29.186388050915056,2.102541454300997,7.818022149253043,4.34968841553083,22.74869237219503,-0.0299458533732754,-0.1050487688572388,1.790961317493027,1.0255952170569145,1.872562440446448,81.4611502606839,54.19344957318501,0
1.1400500457128109,127.71387978999373,55.02559144496061,1.942350054215676,3.945278200253873,7.9310169601380895,-2.10528693289001,0.0992053718963503,0.0965075779981105,1.7178726100733817,1.2297289189818197,1.1298307640461929,39.81263278809581,9.129819344376706,0
0.1428118954391199,57.70063166324233,154.24402020670334,2.1241109392917883,2.30104902060574,3.6646477762082768,18.599746994401613,0.0165741157076165,0.0001988551524952,2.7814584476547184,-0.3663297245563262,1.873005361573722,7.576857134653096,26.08356765600223,0
1.2422649675141395,14.506748306628566,35.676976725218,1.1002184987363657,4.480059324204471,3.7753364412410817,2.542567883830202,-0.2060124665374356,-0.0353488755485177,0.6778185997264328,0.0347022313921049,1.950254379045332,51.52374480082543,27.069817661569072,0
-0.067035662516625,82.29173805504662,138.07799819813872,2.0814691584064144,3.1982689010676024,4.4443039873571255,3.197403840727212,-0.2492411437017087,0.1497214456880354,0.8939522019723318,0.1180082811266296,2.0618315444300306,58.30142786581892,130.0641330622014,0
1.1158152443445823,32.77950373297328,30.12483605747097,2.00721199883191,2.5478057876092004,4.218796576365953,3.860355867776974,0.0606819847131804,0.3316194305303573,0.6729693821918157,1.0626970525596175,1.1126704991478245,113.7754267308506,1.2553324418984957,0
0.8517459894216057,342.13524262360886,25.90423841956744,1.944289851343184,2.1077603741481203,5.189139913162471,69.3966663396666,-0.0997948788203716,-0.0817502313056034,3.0063472663558644,0.5796409418954221,1.9101757965776247,38.78743339941464,113.87691906454484,0
-0.0057103190282278,349.1814051106976,62.95292020110476,2.2874770573509124,2.3814481116573534,1.8653925838359875,129.49502890475674,0.1136010747564635,1.024202283550185,3.177686727067981,-0.0835885831095897,2.009646425836991,-7.961324773796292,19.673160291346107,0
1.1588664965935709,195.21558539791792,-6.185078572172955,1.857437948732404,7.842857066488185,3.0740944312997414,25.442073507763347,0.0507174621354419,0.2181083051696411,0.3045444777367856,-0.0961815479799106,0.9953019640810864,11.854887889083804,-2.3614556972516283,0
0.0622076280497386,150.67344014797376,80.91353296651488,0.9771874528098464,13.187622710993123,8.655307057080252,62.80885179800682,0.8473723229494297,0.971253603815376,-0.1084275813452615,0.0052868149506458,1.982229335975093,12.052238361356956,35.53272541031195,1
0.1591008681440959,366.5601483589933,86.689715456784,1.959626527010609,1.182758604011681,1.4651650453052991,10.911685580245642,0.0425400784633131,0.0868602970497118,1.0775700270255486,-0.1007200255159957,0.9765962140423624,1.2627434433907825,0.24424531434898,0
0.871477250265237,329.86957234012783,138.375584119727,1.9781674624403007,2.404778716826656,0.5528369218009841,125.99425742103368,1.143040094528079,1.120086256880247,11.806957028194226,0.9568174893651022,1.844238762341536,-5.61317039826335,100.9379088958128,1
0.8324113798452215,29.566763895849263,110.72678138076743,2.0016108083032167,3.5308300940248456,4.266695903047982,11.246541211705395,-0.0147569273674452,-0.0628243865282567,0.9035850939687003,-0.2522044096990268,1.8703692055919323,-0.299575340262507,28.26729348799554,0
1.0397223484656548,67.19027824850635,45.625745195600864,1.9109990354396449,14.664600196015996,3.5945859220611505,52.01773812085112,0.9631815426642028,0.9035881944704798,0.4841944177670618,1.0378462578413536,2.080192711251384,131.78140499881812,69.7901993661797,1
1.0841994252805836,237.55204734276052,149.89888796096594,1.9279740336036864,9.221212820767276,3.6230685632321578,82.78126900361526,0.8062461592327625,0.8466441812510124,13.062149425395202,1.055017600060431,1.847501660708676,7.879980587800098,62.14242556311291,1
0.8428203067900735,75.2876009849086,14.324382209030972,1.0787812631131422,5.96869263026694,7.11392265913836,14.222911897558848,-0.416351975973348,0.1817550080560578,-1.2052044201596157,0.1260540272041406,1.9204015354707256,112.51160367870484,147.9145062743618,0
0.0810954086572577,53.45059401342891,20.87018545170303,0.9666462578426516,11.63228372346252,1.4620511888123966,19.603637871565237,0.0016460539949343,0.130451140497553,-0.8109926432990928,-0.1958489151021296,1.817462450031052,92.45233908908772,-23.370909431189865,0
1.0872052414272284,230.58716887892652,-9.36729230351169,2.1532083983639656,3.391565038737477,7.859685685160273,94.98568467454264,1.0013383393847974,0.0568454102573222,0.0120662160636628,0.3094606786261896,1.9480782604693907,152.5275167088128,-3.1159632275455778,1
0.8807635396253398,4.97917115402862,-4.281386768933174,0.8431489720063343,7.369946557438271,5.030877419673256,6.238761727930424,0.0760773216533672,0.0894960706455965,0.5483818923458523,1.317045458791079,1.0210000897944438,126.23248655068365,-19.844479515551026,1
-0.0153784833535584,161.82657411228718,56.51525699202717,2.0156229063571973,9.144386996515257,8.491996073706597,1.3543676710333017,-0.1092753353826779,0.938485424220384,4.7666806468251846,0.0004474046312035,2.030475647475519,10.27055959047145,20.8311903570782,0
-0.2404516060817304,292.562087357006,19.35616251353945,2.214561810915192,3.3478637269451115,5.336173394756843,26.190989968043667,0.8462058900061895,-0.0727445401173726,-0.4657398910721695,0.8088723337181366,2.035988240414236,72.46081036709676,193.9639463878337,0
-0.0844669323043287,-25.447411884476622,46.49653702505775,2.2220558133121138,11.3012889084432,4.226772793533142,-0.365484551029958,-0.0259027614095286,0.1431550827464125,0.9608899870572496,0.0793223611613374,1.982442143702555,33.26630797850263,-29.66046619786857,0
1.081024395796227,64.1540905271776,158.38338516746683,1.9781360220048407,7.473210329486617,3.947484339018835,50.22402149355137,1.2772708249746922,1.0127636665378263,-0.823062103706329,-0.0140479208618713,2.245401863245905,35.98619402416546,72.32853598340678,1
1.1902830926971804,181.16545299367496,19.78805723522894,1.117976795105282,1.8569551877233028,3.705319829510869,26.99466868782549,0.1653398861408773,-0.0667342337543112,1.2568459403108307,-0.1806296762534746,1.919783773538872,87.71782844634052,4.6844388751772215,0
0.1436356562948521,222.4323529305473,35.760573739969544,1.706599947147578,1.7077681301412468,0.9324088600095232,-10.028884122221903,0.0189690741517006,-0.0866277027372539,0.3608968992567165,0.0906218115714341,1.880109128690468,37.48962773066887,-29.45936305658569,0
0.9861450209905356,22.23782238110597,9.71539889558514,1.9606948120313996,7.4182600619635295,3.853371399312456,17.510662873824938,-0.1096830457005039,-0.0093215440248613,1.2217425872111396,0.233224295831625,1.9730987059925675,56.26510908034994,27.848164425239567,0
-0.2918116472693224,98.96658361813456,72.4541997941607,2.023584148791918,16.32566511811703,8.740960618129339,32.549900232333684,0.8558437073131491,-0.0761368035106659,0.8852905282166454,-0.1158994281463917,2.044831079258302,121.93784099944168,-22.71717132264134,1
1.001160652155341,175.3227584612717,7.071586556442341,2.0648557124839835,11.334394168301992,4.38726081322173,3.7498521034329775,1.0080100589202647,0.982313397229821,9.41449374351562,0.973296567334826,1.937819806804707,103.9911416651862,234.7395594268939,1
0.065930349635209,152.6155947963177,82.4078288276007,2.0103923835768938,7.136764086719798,3.485947110175673,15.376591233740225,0.0666694968542699,1.0675737281886706,2.339678290982312,1.0069059634347282,2.062383835647148,23.937248233721384,86.85812364022024,0
0.8790305250179173,140.0364189588417,-6.795503782680399,2.20682575685489,7.963236666587488,3.3060212535501057,28.623977874070363,0.8798865531451612,0.8108258008931102,6.114688007497839,0.8164645310437643,1.804685116654428,100.7471685042352,-38.28911430516572,1
1.0212851349304242,4.568805471359298,148.0468722591495,1.0629419412838734,6.108802654966323,4.056448081175833,3.3506195209953944,0.1820121681903749,-0.0891065631631435,1.9280550528382512,0.0062559520777518,2.1336129403376445,62.85950882047004,5.29271199182039,0
0.0153436126528898,126.34305501955792,29.763546687623997,1.7085752953695734,13.789366413224664,7.902766418666976,49.8269931478326,0.7816644914485121,-0.0579829401990726,3.063137444103664,1.06725787115625,2.0504609853152,54.58527795620023,227.19036239846133,1
0.781959913149631,56.37967158239668,68.4081269876271,1.916532429564599,5.697464201512474,3.1176608784175337,33.49856994099905,-0.0588945028844635,1.2029447311120074,2.062469981929733,0.2136709004072189,2.0229944198984198,35.804490793758475,37.67098304343395,0
1.004214046156258,24.574868427449104,5.92263572387958,1.0179502627399022,11.752909956430036,3.066896195278628,24.92146200406431,0.1025642841133441,-0.0546374772647514,1.3551651829574287,0.0281183784738175,2.05396408714468,61.36672690140449,-55.78718351129273,0
1.0178496430667474,124.5563745729806,27.03561435254567,2.118586072440055,5.021275963624315,3.719070256642425,3.3015497807469885,0.2881891811570781,0.7091110837155015,4.88363932546645,0.2177300150858106,1.9296787079784523,87.05537084131781,186.22949003321708,0
0.8992251648247579,179.99787322133218,1.234182347106611,1.0214594711108755,2.3943484116067406,3.310410404435035,68.26058941565257,-0.3311349894767894,0.0838169794840598,-0.4661030923909313,1.0198150791895924,2.033232730165353,154.33356345898835,-25.23878612562012,0
0.8607419605134304,143.6939523555992,119.01257435194267,2.176765307378254,3.663329854490992,4.464800608267216,90.72605897374396,0.9472988923579172,0.9600721705563856,4.738287871833727,0.0984867917462132,2.197172475455956,99.44107739882573,117.34762467560438,1
0.4328335316336539,102.37429651687746,74.54184433708315,1.0907653714538594,1.885921524717518,4.734874619860276,75.48743832448058,0.0970375733193147,-0.0258503511803115,1.167173829253104,0.1625408958825554,2.0773201240984225,66.76258671915058,96.39899410865294,0
-0.264922540192542,105.14315516628746,40.01415960876341,2.3259691773805145,5.568048152549649,7.678248096784154,30.91757568692534,1.0312626116952237,0.0300273240299761,0.0187805396956863,-0.0261466172571431,1.8227532364244283,143.8164406582586,-15.79518620844113,0
0.2050717362587429,281.8817678155249,113.72437600089096,1.8805408966804915,3.569580421147593,7.177758295399389,106.91726858578151,0.966702461618386,0.781708311786536,2.77171150018723,1.0468606419909132,2.0750784855227837,59.6248114427912,99.50094684421413,0
1.026605232874226,30.46951019485732,69.55028676807665,1.1608923559753297,5.721175804703448,4.21707730176537,-11.245851622863896,-0.1732655174419942,-0.0436015923247199,-0.2966874612288435,1.1067802206645467,2.1789156965220617,21.721512047370886,23.749406594451575,0
-0.0091319481767739,116.5330198374488,166.2148049017921,2.127290949644334,11.372652646239208,3.3996885986423537,50.82632666976616,0.9763223199160028,1.0831915555148377,10.234609739251033,-0.0258481619075962,2.014704145733099,27.407262274709417,159.75955375810193,0
0.130094375516513,30.1450397068524,150.59000559942425,0.8620818239326384,13.277554514734724,8.25556250853821,-1.061012332835027,0.0492462551235926,0.0537151172052801,2.5972695318814285,0.9487640522875131,1.867704649311112,65.765043275482,20.77597585974035,0
1.099842132643246,270.57502143378593,3.243352098350329,1.893694025729052,2.878039062525507,5.4386951265792725,-4.61686582683685,-0.1246869796905161,0.1079237991589516,0.4335891748943474,0.081020436977372,0.9004316111586705,83.2904458884725,17.459358390263688,0
-0.0420590457144501,131.56872026035734,85.13110641110333,1.946432473704684,0.9482295534147154,3.1165709956429755,47.96901094053035,0.9443460280866388,-0.012629484128507,-0.0586294449082527,1.0972654560454824,1.994128410580416,109.9812197005182,-2.9861209993408124,0
0.7412486923512522,248.31056310978545,20.33849071598342,0.8594137348210182,8.6970399442995,4.542548390218539,11.381676204854584,0.540927506401341,0.8103108020239456,11.281244754639156,0.9183094716169592,1.8222625627689315,119.08967208813976,70.29105447445839,1
0.7764893095815487,256.80779425759545,192.65940467244803,1.8070425633414815,10.493505028048515,5.446834992150305,37.818736468488616,0.8021496409411275,0.6680037029010922,3.704763580490237,-0.0472868645313258,1.941657586494577,41.06273102431537,23.611891957471723,1
1.0217872340102894,139.90247307549856,75.9552072817923,2.0456073949870994,9.711082828685772,4.429595444053949,61.4428006124093,0.8556556687976746,0.8391320789211516,4.388841064110046,1.1188966953696045,2.025982378368661,33.09982960772688,-52.502307692054735,1
0.0191679425235167,83.51091333509477,48.49071108126753,1.0345228751310267,4.660942052958772,4.25531799051062,35.60438395539239,1.2023075936461165,0.1066145647736197,0.8964625588876114,0.7102163317446862,1.8815509926132357,137.7474645769476,-16.21092174011084,1
-0.163776062058241,14.95936100787813,38.45492053829521,2.759288661526279,13.618845389493526,1.3178483589710042,136.4463411403751,-0.2371878279434135,0.2388955514764576,0.3233501038890853,0.9331858849685786,0.8905341481947868,86.9495455107534,9.793843716047093,1
1.0343265313485577,202.6287266790799,115.5071824175794,1.9189823236201675,10.200332637261033,5.248030592169457,30.024864203873975,0.9887976819773006,-0.0139509541080228,-1.6792626396206636,0.9671774774935712,0.985907636043966,133.78234396056035,31.85660292302518,0
0.918532252528698,314.0624284669327,192.79085794969512,1.63003330896237,7.464802468351157,4.644438429405405,91.6838781614749,1.0168854919866208,1.2352786685760315,9.08007937512797,0.0003212211816176,1.883187612181627,23.51277508117642,-0.816043405971584,1
0.908639469404958,312.8625802511061,54.28746888138332,1.982245507899191,8.871672726678993,3.130651814687546,-8.494589673067317,0.86769672352303,0.0615071940914738,1.2647948082000728,1.1592263807914618,2.067435185722905,106.82979863371952,14.25859908103532,1
1.0901577817964272,318.00653579994423,68.9097270731641,1.9789280713763595,8.372742537383717,4.840634800382994,56.98653734832656,0.0964868888933342,-0.3042790411864106,0.9410777024386237,0.8739631051914787,1.8908200238278023,94.85074460690416,-6.2814537730810045,0
1.107343336454771,224.7713690150985,107.22288688760771,2.285007591039179,12.865197603498151,6.690478072658373,95.03107607275696,1.1845824486016483,1.0820856328958284,9.301047664684097,0.1507647815252288,2.0433968232464608,123.84725209213008,21.036729495360227,1
0.9177941746846976,184.9866093325672,86.29613869941957,1.9805003481613168,8.477661465202951,4.036980335114328,6.202291972659371,-0.0611840704807192,-0.2075023197043377,-0.8669319990567672,0.097639944317612,1.9752135005577447,67.75309826443838,1.1853606190150074,0
0.1108253683988961,349.74382138860875,187.9129339884816,1.9452359095803036,8.346797297889278,3.853216105170735,103.3685759422594,0.6625968375862697,0.8773034620394373,14.053709353753302,-0.3468215942364815,1.91367829422649,-11.661202992427704,183.6173854717918,1
0.1164061207652131,149.58987910849498,148.08961232159132,1.9483011412561009,9.67823839381787,9.188167976713633,1.950330004997077,0.0965730903529065,0.9203198478262608,11.727749645222492,0.9650420835318344,2.098643654600776,33.79566535004811,-14.97124698621257,0
0.7017518207291505,283.6358484335755,26.36281208965194,1.014671645815755,4.2035737424111,9.165223531616997,61.178665450408985,0.9958894245466612,0.0451832062968208,0.1095171035917266,0.0042339739405303,1.8566782422635533,82.50608044694572,80.14577473253709,1
1.1470476709904016,120.73632776120876,46.11783705830382,2.057399192851782,8.558071561854089,8.501526459631132,21.62226986055432,1.1181995392630149,1.0288082214452827,2.455241167320021,-0.0945230456540835,1.9434961422886807,102.93954955571986,63.84949201522369,1
-0.0928729993277494,376.57213811597296,224.8696333735203,2.0125836263417574,6.961486817476908,3.683886000864248,93.79802294909432,1.005622428695817,0.9865132691424292,7.962709725741014,-0.0320424611204771,1.8708290802666063,-6.145936350130668,219.93213273179663,1
1.102264583153612,81.78438458843033,87.44289366222593,0.9716447063685624,3.377086526334617,7.992272171286237,79.16921727690683,0.8108453516224228,1.004366939420729,4.244255416375575,0.6690473402080583,2.0309698188922525,38.458444010160086,-2.334847867433829,0
-0.2245476738090243,128.05205578767792,35.84117268296405,2.0207495170847145,10.779528913398869,3.480175189775101,35.143390751591525,0.8457257860309959,0.8923396386663106,5.689425826610679,-0.2774177975992882,2.1141764746328464,32.635724100774176,20.59667800312691,1
1.1295901695653747,146.4292232265797,100.3479990145486,2.096748599777917,5.5147538650787045,3.197340850765849,11.578057770876937,0.0818252471992698,0.1618438626383677,-0.1324304286582056,0.8645165382528153,2.041197376158422,31.015403299363985,-40.09584758741857,0
0.7983656594957343,174.68694468976489,23.87304598800757,2.035536561427397,7.45389887168879,5.494086202012372,6.0064318349574926,0.9901363062994828,-0.0836882161475103,0.1808444181435624,1.064084558738505,1.096519380567928,102.25104973491904,18.01315315049439,0
1.0973557711816482,187.47022531742664,103.45746101095288,1.8916401782536445,7.023958652588695,4.97225458717353,54.02751050123415,0.8779882909976712,1.0781497003248477,6.675836070481465,1.0579380867962769,2.0357401708502216,38.20228353870466,191.77671880102488,1
1.1535298565894117,142.33475047947042,31.92719308326395,2.0787401302263104,1.6398179345065538,7.866916881569092,89.39319984080655,1.0027561635556672,0.9259495145612556,4.075616656618502,1.1456953056723318,2.1173519607692204,76.09654481871557,24.56608251403415,1
1.0853026123268026,110.67067016820184,51.840413859189326,1.9882811857029807,4.03671008642556,5.028231700879653,27.66396614079865,-0.001225051483868,0.9326855345452536,4.769629974457522,1.1196378355159509,2.0282694327230826,55.54688467806312,11.228565884313824,0
0.9784133005808666,196.2703886489578,35.30475020290713,1.916319761139623,10.772740130910917,4.626499216552516,20.713614180459764,0.0851749003610263,-0.1102256779829572,-0.4328126195599076,0.1545225976913801,1.847348570043574,50.8230699258096,-4.50750295330112,0
0.9313024195459324,153.42392349673395,116.12392534219197,1.1933656555551655,7.314551706940084,3.7581948787572177,112.00667710265986,0.8828145443473374,-0.1471622690829644,-0.3863895445319358,-0.0654037014636828,2.022359406648617,-25.450000609174367,-0.0101725932339533,0
