A1,A2,A3,A4,A5,A6,A7,A8,A9,A10,A11,A12,A13,A14,target
1.0459217327207502,208.77583113421417,86.25228539245339,1.9885126928652948,11.565013503812146,8.126411746525886,114.56813147134582,0.9719793423268724,0.0172480279866059,1.7213457321338006,0.9959482312831516,2.023791020537853,33.320696286665466,128.3577296092827,1
1.0396890652738675,52.38221489280623,51.68910919837191,2.033467043991687,7.2196145972718115,4.187567549928845,44.23815194041968,1.000626868767441,0.903953852971405,12.074007432530724,1.0692752362186313,1.963856448103422,64.79991566745733,204.95371106025095,1
1.0108936170051448,132.95123653774928,61.47760364089615,2.0228036974935497,9.355541414342886,4.214797722026975,67.72140030620466,0.9278278343988372,0.9195660394605758,5.194420532055023,1.0594483476848022,2.0129911891843304,32.549914803863444,-24.25115384602737,1
0.8723895478804228,61.16469543543006,136.8708356765812,1.0184898814122567,7.53420599932065,3.573942443360006,59.29793256805037,0.9749919832913236,0.0622004799507968,0.2334496630088804,-0.0565975805608741,0.8930587766510467,-4.110239811502289,20.59373889018474,1
0.0170286116244547,88.62687489693818,86.48548896623777,1.9052490718595343,9.123608749580177,4.481823125685908,27.10631739926805,-0.1035955333379677,0.0167055004367244,0.9677422722237948,1.064573924493761,2.027175255994414,96.34554304497745,12.941151417499078,0
0.0195202397301323,84.19480998471556,27.966139654042813,2.0273944329765814,7.930621440665831,4.199059113164812,1.6525372295442011,-0.1080560434443655,0.9956654084632974,2.050785262557413,0.9481711184995176,2.037221474467541,76.71548999204936,0.5657973461595631,0
-0.0116429337173108,64.21813677154171,4.504343865018839,2.0266741542506823,10.871766607256962,4.022610317922153,2.0327630737070166,0.0335881257608607,0.0864753401495606,1.9962173991959384,1.0231393221217246,2.026405491153577,116.03888335810872,0.0424640122731574,0
0.9251228223852872,126.97830564960934,26.06491234592641,1.9450009611826056,11.197649283966824,8.043686560648203,4.604736942561225,-0.0051377760640727,-0.0066794966306599,0.7776435018603545,1.0104504402563292,1.97115942524509,95.3785059736046,72.64340775343724,0
1.0334265798228583,51.99215622440791,73.34979930348038,1.0619314908713426,0.9218716009510796,3.410552460111512,29.490964271896143,0.9994668101866012,1.012628519596095,8.720541028074589,1.049650182818242,2.0417723972450887,56.34795231237506,-0.8420789014285006,1
0.8904211165505724,87.65309740724966,191.9122672863896,1.9946759345235328,8.223728685146131,3.85830231603816,-0.6055489746247886,0.0768990947821683,1.0287553578983453,3.2965372773326846,0.1122599220924127,1.952754173438912,-2.818647177950723,218.72089748680256,0
-0.07718860660009,53.68885080924076,34.95505557299229,1.9236312476271336,7.897538491764865,4.418224173416037,1.9856427982675056,0.1121158463683015,-0.0555620848001494,1.6336598917053624,-0.0487388966616473,2.0100923512320885,2.4989056135489847,8.207847302992832,0
0.9690764195019428,103.51196133626938,90.06200295635198,2.003971566917567,7.577455472100056,3.646132920534752,55.00560070337003,0.8677961983627599,1.0408401030559589,7.494489193762208,0.0326051551346297,1.9901614706607007,68.90798256678822,126.86260479780438,1
0.867875027215181,197.46317526113276,26.49531245992774,1.9818621413356117,3.8637312437311935,4.1457292416550375,31.12467485657736,-0.121971785091406,-0.0258370431615422,1.4620777220534928,1.12611854223859,2.0350311074277,72.84327089758838,-1.5319554179610293,0
0.0237499398461313,199.81396422665975,73.90260127837014,1.094234153108963,4.5912721392886136,2.9874318097487804,4.373764109673751,0.0297675592259687,-0.0568723017553183,0.5104659984681219,0.0738590049142151,2.053368926522616,63.46026804146761,40.65626296093855,0
0.8360502766121289,162.28540766877862,71.5297915506325,1.896956529541336,12.244674127567553,8.534817429735604,59.53404111835804,1.0240525426790197,1.0476651802491297,7.400644933070214,-0.1137694917439478,1.989650959952376,41.80589683416167,209.65594243635888,1
0.9962313745353346,272.62673833566,103.14804454979456,2.0633500048605766,10.72434428340915,7.646139323736185,79.74457851752842,0.9456665699892646,1.1579498445652363,6.503288404290922,1.0626641258577527,1.9595583724076164,154.4441655440207,5.194561534987663,1
0.0030446095568129,75.42597293384472,25.74727251737136,1.996608484432142,8.338455098423996,3.838117990978683,41.83949370494537,0.2265395935941561,0.94687752884005,3.0605587442615567,0.8882224818356008,2.005216558302923,62.5444030092746,102.17865871301372,0
0.9774616090364616,186.76881647044732,18.591771831199324,1.0452247778367778,13.30515544587514,3.9281284479750873,-0.0875178546674035,-0.0782094304225168,-0.0440170591618983,1.0118828687608343,-0.0587627512290886,2.0043023481207065,56.3214438674554,-17.0987536101919,0
1.0820710723960807,260.4593818837552,68.04444886658696,2.0471076818590777,3.1320935244579866,3.980005722034047,-0.3820172010347988,0.9611708363526492,0.1121454970682298,1.3855314975749395,-0.0522342615111875,1.954596138855438,53.22677045218634,-12.256068582484325,0
0.9593977483673528,69.54435425004309,9.672831035432097,2.055551246473844,7.657865986729338,3.790557052441794,15.896095562598052,-0.019894106815536,0.0243606101112797,0.6204894712841162,0.933977605292593,1.047121874025339,106.55817459474724,23.03361251591639,0
0.9818990980970396,287.2438052431486,113.20413950373305,2.0041558385881,11.346794443598078,7.92944356822103,93.53218529213687,0.9875810082708292,-0.0005518376789225,-0.0524116475290958,1.0344940312604896,1.9797998950439872,122.72668137582512,7.44032719057757,1
1.1403889638526263,146.480855783453,194.4955393580641,1.971697416225539,1.7821605827337903,3.364155982481752,5.402948384950012,0.0633430037147998,-0.1169238274935918,0.6000258485846364,-0.0865026157366953,1.9567624339328995,1.369959683289352,70.28761875517505,0
0.8911033238497784,219.51998699703265,67.59672168700885,2.0083779731504725,13.019670780661606,4.077396100227297,12.282333695458206,-0.0883678711446955,-0.0253904988106614,1.4031197623440803,1.0359417854985609,2.020576530148861,20.04789766428965,122.69183733395542,0
-0.0067152697343708,254.2068458413065,24.707059326113864,2.039553355681441,10.262182399556664,8.148908015887256,63.48470498958686,0.951770279229324,1.0634237260263717,0.6682442002670599,0.025909034934416,2.0725336385505284,119.96082092772488,149.24747154836578,1
-0.0148233935208065,248.70771272711107,156.1218159998841,1.9467317191570743,11.396248570134528,8.033855931725185,36.16031220271073,0.9872731223882611,0.1025021885367123,2.013875801322387,0.0536107248980031,1.9466851488981491,11.393778107322383,152.27128058686603,1
1.0156690379661275,49.38863436827751,140.7754679147743,2.0031449466582045,11.652142560747151,3.3195133350570227,29.209233751003705,0.9749855821351648,-0.0677014588327869,1.203516106232263,1.0917330386661308,2.046542698976944,17.065354270375117,118.54238249708538,1
0.9821592167442296,217.0034016455038,93.31829234992688,1.944507853905372,4.356717345497845,5.538055595676517,3.757870529478936,-0.027239406059686,-0.0852803260312128,-0.1538907634454425,-0.0087349898826895,1.9553067409221487,157.41304560676235,-16.436407473813624,0
0.0108911703386086,73.89986224057819,111.46843163489882,2.0000054402033207,10.601635589458256,4.0945149269049095,59.47023811079997,1.1568187071251677,1.1167557886799722,8.233330368834519,-0.0570267485996323,1.9501756824124383,49.23974317656037,204.86300825348988,1
-0.0466332814585624,63.2339382409383,170.02829398801714,1.0140972490780529,5.481106432634334,3.0667725121996563,4.696938094678224,1.0050629766659251,1.0214550215997815,12.381754647280996,0.8911000937365625,1.9856820964107915,-2.253807495228912,-5.96143842657677,1
0.9849174922379352,270.82682290347856,38.115914614500376,0.8839363507894525,10.045131878949942,4.203783404616632,6.618753816478165,-0.0278263572629304,0.0803193564232164,0.6722500542273333,0.0858144443389499,2.0242846381853985,2.6925896431942675,76.58558065565174,0
-0.0066768206025489,273.48122901988364,126.4539001409123,2.0301569085080837,10.107714799977767,5.187959406644192,99.71810220024494,1.0613412230571078,1.0070195388029346,7.474519485381381,0.0650805608931975,1.9639656805583812,110.4921456456537,255.81844269378047,1
0.9529721758957967,42.346199221541056,156.1811902386484,2.0392423849776864,4.735003766791314,4.090893272422979,21.392249728778964,0.0310083709785253,0.1199359634349013,-0.2476880898135034,-0.0441758573229899,2.026466379602199,13.05930507569022,117.08246153320307,0
1.0376156189327208,285.2083474854737,77.91891549131917,1.9923208832246,7.410537407247696,4.491346971179874,78.30906430689936,-0.1614965611352559,0.0418087969403512,2.5553058733574656,1.0465178608375154,0.9482859950091244,132.9495592185085,-12.954820109081147,0
0.0262844018444431,9.196299262769289,99.66992424714697,2.087132979370593,4.007496030041169,7.636967595557182,6.20633996879414,0.0031932496470052,0.1321815913374714,0.7019507039236577,-0.0356397199937059,2.0693665932294314,21.407392323691383,121.86936460915383,0
0.9454756741641904,88.77569377958919,14.900824578188818,1.050007058282357,12.664709131816892,4.381193490031797,9.99796753967744,1.0022351264854747,1.0414653761523829,2.337747097805384,0.951961849564938,2.0245053167753158,161.40629071497003,33.366769794317406,1
0.8833760059583073,215.7396620909792,25.93457101878092,2.06321681103226,12.535801471408297,7.702656255085515,101.68602749615204,0.9919436470176888,0.0411358154336356,1.139492896950265,1.0894079109734287,2.003377105395154,53.83872946190895,248.9431025680114,1
-0.0015211449343082,8.745966574204004,140.13718584687496,2.017109940521145,5.7927484310309785,4.26991016659217,41.01817407687464,1.072664057502586,-0.0204998872387193,1.4570628120864413,1.005826411122186,1.9446515955253116,5.653612139310496,2.592301914197762,1
0.0262290497957349,32.288750969332895,165.89560660959086,2.0358022341539748,13.8257309907005,8.034585231350393,22.55650689771317,1.0946592893000957,1.1129121399122202,12.834465309104903,-0.0304998307568843,1.957280968561599,9.833477946981963,205.92660476650232,1
1.018862259284221,55.21790814790198,161.23065381955303,1.040960174956291,7.489532030414835,3.70565273357335,40.65174556261593,-0.0399121843802088,0.0012248189277176,1.856859186544188,1.0603472071385829,2.0356466826250537,14.20407621167081,198.3302823756831,0
0.0406692315532586,109.19394311620562,51.143328270744185,1.932619578698694,7.686566725841978,7.81460362795085,67.28114885956893,1.0731200430891734,-0.0115119349575947,1.8653099534580453,1.1022719647924593,2.010901707881155,111.31455552930797,19.16585975529889,0
0.9323240559478037,112.59012521359968,92.89967388989623,1.9802737728888224,13.924395683708427,3.785163879201663,86.57687370880151,0.921991083970746,1.0054006903104755,2.715451309640017,1.0845514845784026,1.981176872505312,41.83970028669759,5.589315884957351,1
0.9307012710506668,217.37996957651708,50.0000457401022,1.0791789175962938,7.331065198986153,3.7864369097091615,8.83917362215415,-0.1680970604563638,-0.0558747301012892,0.501773653979626,0.0058532628238083,0.9909154434923116,130.02137230857795,-0.9038056399961932,0
0.9998655747818664,54.22720374973062,108.50771579119396,1.0091315677934969,4.780713304010003,3.900722428055775,3.5480889588736986,0.0315872382964037,-0.0069766940573472,0.5989634355621511,-0.0494925784635981,1.9457868853931335,51.771144673676034,74.85664586304148,0
0.1151037151910199,158.6233020839664,16.21545442372087,1.9810864557326475,3.927068344709898,4.067837802719053,23.712855464003127,1.031650964229068,1.0538772861886936,5.707084782820678,-0.0874152270707525,2.033809862279032,121.96231772185128,87.58373908417903,1
1.000756918581221,177.2137922924773,60.9178431085178,1.9710251016253368,6.816865892475294,3.967587621176742,38.72104562207785,-0.0386806551992076,1.0816564949605474,3.408555017166393,1.0418759573648109,1.988465762603892,168.96624056671965,-6.012469061810371,0
1.0258113103521431,187.79266335072597,40.96855753957796,2.0524573736340908,13.589891625892236,8.06954454382413,94.2764004680116,1.020253926587418,0.9359327274925804,3.910785981768982,0.9886012948918744,2.017172007067324,7.916294131510575,-10.534182594159638,1
-0.0513707209837925,101.49437741443032,156.63009162259198,1.048961567074658,5.43351119041456,4.01171466650116,81.28779513539851,1.1743975492749483,0.0467827071858512,0.641457176615158,0.0511968362688867,2.095767696179116,26.72697620212282,-8.179981558235134,0
1.0574170381658774,76.39154566425364,8.62363881506704,0.9294877015316272,9.233553600510806,4.410589756551504,58.80511217808024,0.9838501425929792,1.0795238381651702,5.905181448029302,1.1469930723447956,2.109469951313824,53.27888333328812,98.9375704191924,0
-0.0551545346696021,48.589623854625,115.8726776709839,2.034773642985758,3.482610027347023,4.274212491778453,35.15698196397355,1.0796042686075291,0.9166921871423626,1.5901369256558044,0.0284690075275449,2.0524259416475,64.52878363144553,83.45074031319115,1
1.058536141627986,210.52261257876248,2.858244838935832,1.9886408371531563,8.221006784270434,3.1454625491242174,2.645908968576819,-0.0084924023132136,-0.0037570196400368,1.4272566146716803,-0.0055878228250316,2.948930741931301,64.02184562393671,1.7361083876978043,0
1.0177200251535503,249.98001841893236,95.46516604951186,1.0200770787636526,8.778064230760426,4.072897083060771,70.48769801435591,0.914634775402561,-0.0357120233163836,1.8694570975682048,0.9131524931767696,1.9051961741273693,3.120667710404156,173.31719224770686,1
0.981870647016831,208.13428386023264,88.30979998436925,1.9226764679716783,8.901534095976507,3.988017721489293,79.89637212367228,0.953053201413704,0.9491982969762294,15.059816486606708,0.0752121545162289,2.102453667701756,115.57198386855292,171.43607787649822,1
0.9727788356040844,252.6604463173785,74.52022003371616,2.000863919455492,10.870765811305423,8.306874287677454,90.0023879668714,0.9219999071359056,0.9239941165690732,11.782101541873836,-0.0918181552898227,1.9978245088759103,22.855219939419307,-7.570146159757172,1
0.0995035246577651,137.3549132744743,46.83119661653584,2.1285661697885616,0.9358476279557671,0.4823829643135262,-1.1559212904426772,0.1089714752990704,1.0279074366806324,2.492724234194154,0.9487886769193414,1.9749313228369616,71.49858994069868,65.58145717174294,0
1.043381634050239,22.828841425741544,20.285261594483792,2.009496789584326,0.7406083293950703,1.1300412607026429,-3.249751847321491,0.0381954111945899,1.0409524297466066,2.235925690141721,0.0889569789110997,1.8634981599429303,109.7384747635962,148.1725539176593,0
1.1440304023062782,301.5430567252514,215.0816050983916,1.9065780363833809,9.551482079601032,8.342161379894673,2.971905838115106,0.9174946084767444,0.9203746217408462,19.17000878613001,0.0580952924265484,2.031866078173847,62.53476239018529,52.5282987437728,0
0.9829356182360212,104.4169601167752,144.60337102578654,1.9232582481929177,6.089176018909097,4.492177013517758,6.013129281845419,0.0335424972184317,0.0405086698008641,0.3731300647840698,1.038167536401737,1.937570865611573,-3.327760952994524,12.721456962165549,0
0.0311038140248693,141.83672007398687,77.45676648325744,0.9885937264049232,13.593811355496562,8.327653528540125,60.90442589900341,0.9236861614747148,0.985626801907688,0.9457862093273692,0.0026434074753228,1.9911146679875469,16.026119180678485,18.266362705155977,1
0.929766764213336,187.6153202757121,27.92266505040864,1.934624566626409,3.751028902860345,4.95745036306524,14.295732468738455,-0.0071433934367991,-0.0026699132172318,1.3875635778153652,0.8002653297480923,2.0091791231977227,140.661135483615,226.1924040489876,0
1.0216522669540151,246.30985082212297,27.97910151238939,1.0130992598484267,1.5585177589876889,3.836647555838876,36.729962239219326,0.1009405158333752,0.1336482173588543,1.2710019597252449,0.9718553572118148,2.1116484467144248,135.0423876403692,-5.223298416049545,1
0.9760696055164728,189.01332875108187,204.83515696694135,1.96388152044184,1.9622659229653932,3.991544766608216,60.81819564015919,0.9423773015084908,1.0749891386791912,9.746146640450744,-0.0818116582387145,1.998067766956844,87.81633363618677,111.50471881544628,1
0.0718819540885805,216.54204940863477,58.55303591112211,1.930141888862222,3.190252652411941,8.113264690914106,13.009999042327651,0.0824097068041168,-0.0098124466737301,0.2475998173440432,-0.0238482927007582,2.0097296695627085,90.60208714833384,79.70306192095146,0
-0.0604577149131796,252.26282988278425,128.0610434469553,0.9093332255819532,4.563805815146141,3.839606309317268,2.7733916278940782,0.003085178350443,1.08478945572561,3.012117015008437,-0.0896154967483386,2.0243599614566548,61.6450787784753,39.57148564157878,0
-0.0943533581862869,267.4266752157084,32.38817996690898,1.948877642540016,11.04357375895749,3.870443923240318,9.938580784819765,-0.0121088893063938,0.0516734406918446,1.1228880802337282,0.8952168308510193,1.9959394685747132,84.45255805372884,-0.1781227975684629,0
0.0586327728787681,229.31398702329636,103.95062398763788,1.960088842577561,3.501059551918699,4.530463610071339,30.93356539926246,0.9684705981983096,0.0427583536821055,0.1798827257237669,0.9497300825245624,2.004696769852833,4.128310686675256,-0.0619490145656698,1
0.0052540484448697,121.8573677012748,8.156599927142295,1.936341975211524,8.374538912969252,4.191213992813038,-3.389338657710802,0.0635964417874797,-0.0119012567261026,0.1473683885865173,0.0340193775904873,3.009717604570252,63.425037744903314,0.5918979728073523,1
0.9214196141205088,157.3701742646634,20.131030619980827,2.0061522544725943,6.65490326511604,3.7063217233428993,11.745116412089295,0.0908683986938444,0.0823094623578215,0.0372727745236174,0.022536380459779,2.0454843858908,65.52844729885729,61.913869611829526,0
0.9354746064378078,134.91016510873155,83.63670935058133,1.0285276689599752,11.689926720150398,8.189741377323958,91.02965409678816,0.0477165737185051,1.0252895068709842,1.9214089383560824,1.0062493848410523,1.975088458277101,110.14668749838116,20.32566721830805,0
1.0042727194427616,217.18643353741436,55.829775245072064,1.904841715718721,12.65979310249875,4.586512558384759,6.470491703063175,0.0465661486714274,-0.0003101006135729,0.7099257762555307,-0.0289194813621181,1.973250042981315,123.4164450657066,-7.014329672301543,0
0.1128808152272565,85.51138081798155,152.42856357376692,1.87514626418174,10.828585144354006,3.914525018432649,17.96579370165206,0.9165857458677036,1.0430081720097932,3.3171817877367364,0.8883162461417501,2.0313166493636,28.199468694967592,2.873740448766206,1
0.8801448917903949,90.42989843311712,43.1112687212621,1.9139128965382528,4.808835946665578,4.009650394231615,21.46421615857239,0.0031751720404643,-0.0249431917825028,-0.1238708059316047,0.0337990151076638,2.029618160067149,56.67484778896319,13.362265816971636,0
-0.0171204959856321,4.718814693946285,8.232087956212354,2.169842402514977,1.3069130386842502,0.861494914375275,3.534803914622792,-0.0757335929914946,1.1116466909194165,1.6002361692030551,0.0374484018105665,2.047744570514776,55.66164021576647,60.02937835929026,0
0.9961142973469465,265.4414897890449,10.593360255425878,2.1536700281704126,6.963455761175863,3.878239043351586,116.141373410978,0.8499505941552272,-0.0563884084745818,1.5945880381811677,-0.0470039574791582,0.9628751227473696,140.05865656176653,15.603884786158616,0
0.9849241694101576,206.6697132642351,24.24534484545472,1.9885991855961804,10.050129714036986,4.180609379504249,7.885666005657725,-0.0220523257742051,-0.033850516723796,1.264660547183004,0.0456512290807912,1.98055239376058,43.46755470595809,16.673907468829782,0
1.0219122479585845,160.46411820424342,32.55944163242187,1.0499733369872637,6.18076013554002,3.923658116552125,71.05311493214383,-0.1024711663938506,-0.0598056838324819,0.6238576086575924,0.9160004593170824,2.019703960254513,115.27768513661525,-8.894568621416887,0
0.928319268680388,169.5193737598154,45.08109252766388,1.9630022892615893,6.530573018543294,3.9626276757531977,104.64207855615842,0.774014824676201,-0.0291084233290331,1.204561067681221,1.0347732364142257,2.043103399957064,155.5455399194518,-0.8050441766894778,0
1.0471694616189555,278.3476208078722,21.15393282064105,1.972149581225775,9.142477501030807,5.633753487136255,127.5359874437863,1.0414004943077542,1.0884317569385389,19.282074168746465,-0.0980517503058129,2.0562743342402303,2.895317975023161,230.5319189301672,1
0.8571514487374197,68.62611987227946,152.28524297788184,0.9687484757452114,9.690649376155186,8.107047061389192,26.133162696808498,-0.1689561770600567,0.0302123578055537,1.3139136352880412,-0.014919397567754,1.9485860413582696,92.61521248503036,-14.958061363023551,0
1.07725151218698,-1.7676287567396685,86.01229403672518,2.0575247631530544,3.17389004328604,4.3378781375407085,10.02413340937527,0.0150189015882662,0.0089970389970423,-0.2204790578471303,0.9939914610086464,1.970069412543607,36.792734358789744,18.625569143222307,0
1.0290383018149722,169.2160280404778,33.21133676155731,2.0172573934908336,13.551183986340815,7.875961539151604,77.66690415811419,0.989452045165874,1.0791044425940184,5.094970915054604,0.988144494467764,1.9536136197880636,77.4153641418552,138.70101745634196,1
0.7922709373386723,87.42926908037816,201.3299134138818,2.0280337977683733,5.691066174132804,4.138887263779887,56.49999836020328,0.977724741418347,0.0073820412670853,0.9479329367770992,1.0591005514654792,1.0154364761956338,7.62315185019802,-6.500747240631064,1
1.0849630464777706,3.489677777680072,-12.91042512284018,1.9988678534543165,7.501781939213999,3.8977664598931216,1.555724100658722,-0.12778627221687,-0.1198950493292966,1.2915170079680545,-0.0390651543502484,1.885126466387544,6.429166397312777,3.967836943817794,1
1.02871730583495,138.58257283383776,84.42365584699165,0.9765073401513088,6.796329530234582,5.010768603915505,36.97477173466638,1.0783305474722766,1.0881321753709006,9.122622779666363,0.9626057325620864,2.0217301079334558,43.34812451465315,7.984825178554537,1
1.0315544193310486,97.04330118034484,75.39226806095034,1.9847978115538565,12.89831855611616,3.919323364135308,26.645615102434743,0.9926244942952294,0.981900915899564,6.731622707760689,-0.0668281974266055,1.98821708137764,-3.744392680993805,238.0555733952595,1
1.0789666269472145,204.5766920008212,66.77506410199166,1.9527117161718508,12.643573076550698,8.218788722127314,97.554709124459,1.0267246616672714,0.055422135375525,0.9466359273435728,1.075486670958489,1.986370109521839,-0.479348238168491,-9.648419700783585,1
1.1347914968164563,4.487856195427384,3.570704005044149,1.1285866639983606,5.696342329401632,4.541917907305388,7.028985760556815,0.1334984201600667,0.0556710529035187,1.1857155572305609,-0.0049048804582633,1.972049516144504,18.52428879761262,10.777967041004068,0
-0.1215310588744242,62.90660468373712,177.29947318484443,2.033952357825367,8.313128832159318,3.422869441342425,-0.4112458521472035,0.1478548470681936,-0.0777114460971364,1.3693897539061473,0.9486620156959952,2.0035684995744067,58.619457783231546,7.118750528950152,0
1.016822177492844,61.92271796998459,67.67210753782693,2.055998886867826,2.8014346650493653,4.09863992889338,10.428412165562882,0.1416318668372668,0.0551073553441572,1.026691815621246,-0.004041284755868,2.024965495041427,52.19983196638004,13.066389781332369,0
1.0021664208840848,319.3617157333332,187.70005093672492,1.8277019775542385,7.218590823147947,4.466293501593823,24.85881222742341,0.9715451615226104,0.9441292683243238,4.459168181199687,0.975616950994404,2.0639363058698543,81.71014052745836,-2.660512313299286,1
0.959026650144982,29.95516277026921,143.9818533718009,1.9149006063614675,7.235147108460191,4.074178112353015,3.816589232719728,0.0926259658606922,1.0902244722879812,1.727295936783121,0.01449980968093,1.91650786241896,32.68547686799142,-6.651588920171058,0
0.8948458033448022,227.7163416323511,97.26053615072009,2.079187275525096,7.646937072962117,4.191187501773545,82.06866707989046,1.0185760580082044,0.9895072984851488,8.52795759651946,-0.0399688926928853,1.9295672968889503,-8.559646113007886,195.20447518293955,1
0.908779291799042,13.128527396636628,24.69348362569655,2.090674181605832,7.178721711939642,4.369042804075362,-1.1147787936812463,1.0042062198215091,-0.0728046829926607,0.7498833067134538,-0.0195882450587669,0.9674891967388868,60.59174693407582,-14.402183438608652,0
1.0150172732266518,176.92122746975355,70.83974261870104,1.012918285249636,9.114111360510297,3.56808811264784,103.68234510465912,-0.02478827963368,-0.0123629556000228,1.633909806783974,0.9462332966730804,2.06051882670757,107.99217219130162,9.202604807173216,0
0.0725995641431053,188.5636182321489,40.23471378277407,0.917323759130157,2.886853584411801,7.813000284259284,11.806135384666373,-0.0561816117695438,-0.0213049288597514,1.3218534626502692,0.9910698240580452,1.9164957170559576,47.83870360180437,-15.555911380082996,0
0.990801467139094,145.72342956647648,30.438437229604872,2.105843189832447,13.73826290342882,4.038001372531858,37.1193528994436,0.8450876427522681,0.961255136380913,9.220431082409728,0.7834943595112573,1.956249267643367,110.61519593513796,213.92900807835736,1
0.9903383844673556,24.043711938992857,118.15842506197976,1.92346199182338,3.869607401613256,4.056354901408535,10.165585960329686,1.1072452651454734,0.0674245641842564,1.175450359144759,0.1340911314502504,1.9328652784309783,23.946553373920707,4.9917368549016885,1
0.9917636408421546,88.55495375436507,48.43615044192307,1.916425942618672,7.181701422868532,3.303110407672257,24.30659662221281,1.0561470641083424,0.9788592746617264,12.119608254798504,1.0814021957542266,2.059466355010489,17.52173765170344,200.7491493894016,1
1.0411500411322543,168.28751094550432,30.61469130747846,2.0104211877593645,2.213960192117322,0.9947447167336284,-2.7746620001702524,-0.0130181567963235,1.006840294501007,1.908584970400953,-0.0023432799142424,1.935348786449407,23.340994153497896,18.372790572329396,0
0.0673452882134939,309.60901448482576,-0.7531559556204002,1.97423298114628,1.9626348333492096,1.229528738785517,-2.0340017621306856,1.097733254672315,0.9450476758189874,2.610226080383644,-0.1015550997965284,2.048070646888472,81.19056648459937,38.79305494082711,1
1.117549853090858,53.37854335463199,156.09280181589364,2.070660254785325,7.60119263429718,3.822396111929599,65.05579702416725,1.000020236009554,0.0192652831392486,2.264880862287717,1.0251293664068442,1.8934882290730088,3.257176173260269,1.4127537837842965,1
0.9189865153346354,179.8398439042246,106.27037119588732,2.069443556681211,6.982587778452285,3.6613322023800654,50.583062378145215,0.9691668345813133,-0.0509810675173462,0.5648732778651602,0.9756131058675408,1.995420407145516,120.35645845398172,-12.487464294043184,1
-0.0015607226464022,273.4229338724026,92.51867274208882,1.89253604243372,3.922922880319077,8.099965131245952,29.682300294731043,-0.0148365088533738,-0.1627043701134118,0.0677215909640436,1.1533567938538594,0.9510658949478076,95.87162876265066,-9.178138630873,0
1.0544882872378736,112.7240961259022,62.737893446230885,1.9114925706988848,14.181288417364776,8.05337755253635,22.64405379542695,0.9983004350237064,0.9538024342790894,4.351917325112097,-0.0264272438749274,1.950552936780001,47.23295465525446,211.46826271273176,1
0.8756270304336042,307.4471406950702,100.53266673035384,2.155858180877916,6.232859138962806,4.43545467951018,4.381914110633673,1.0603924649883978,-0.1222785268446511,1.8877831637787796,1.0587799872378396,1.9982572402574428,84.46257340689793,-7.341106862120732,1
0.9460359492226802,257.6793449411406,86.12094553868822,2.1003615702607727,11.637599728176594,3.99056782183852,75.71522768289165,1.1150690829299417,-0.0271551239502279,0.3316569723455425,-0.1316911230553109,0.9710675656512412,-9.062473621154396,-5.786475562056495,1
1.0201959498766318,185.48450343481156,2.624775794413381,1.0050666818201286,6.625644020028206,5.15891020775686,17.86915130873326,0.8668694026329007,1.024044376602173,1.5402954034795462,1.0431519304327672,2.0020852844433774,103.27013794580036,192.80873436902291,1
0.9220572041410672,57.311940783864685,117.1576100351988,1.921804611868554,7.708602261087963,4.1005511298971165,38.489707828082565,1.0025629981615236,1.0516642819516893,4.654565383224964,-0.0231748379809276,1.9532298518611773,69.52638431168131,175.1283639324264,1
0.9999215393697324,108.86661968052336,43.14927972048773,2.125353950064863,8.870048599867584,8.54677929973557,1.4470246555176942,0.0683378201494379,0.9464221061777128,3.1356330073312244,0.9048664540342,1.9711351693960864,126.32205677259492,61.79097533712847,0
1.0781011946336896,310.3403292617565,41.84435018358672,1.0224830225459067,9.07713299879448,8.620250306746689,114.37780621197756,1.0120013673197792,0.0798658129811386,0.4886091391066904,1.0248918693958544,1.998841616809404,71.17146316209679,40.91931948306199,0
0.1388257093061375,79.06905634312885,146.792838741263,1.7994896594328011,11.404710984976315,3.971267692949163,17.214619751816574,0.9340172287729236,1.0259886287122677,6.51170073936934,0.96655899966703,1.9809158541552812,1.174755884357758,125.91319292494931,1
1.023301046973342,295.7245500920683,124.970336883512,1.9520487445365409,3.7120641373986847,3.7181064265777297,105.08529351597429,1.0474554992569562,1.0448954515045643,16.754217703855673,0.2102021179282419,1.923444672789711,-4.107727312021659,224.28593890011047,1
1.0896696934099803,258.09724009671294,203.09807590923964,2.00488656359219,10.49415653467218,8.378946072054509,6.002887178182643,0.9886364933803377,1.0439164708472304,1.3922849508586124,-0.096344337586593,2.0182898498387525,158.39301698483632,35.013901288029366,0
1.0200820475025287,242.13277843342405,32.63955045616238,1.969224324810933,14.89120786404048,4.163338944309351,61.64743887320371,0.8001964060270423,-0.0049562656583604,2.2597660344941835,0.0991076791187087,1.9172698408283384,150.83187369785017,111.90782001078132,1
1.0760477176927066,353.10567358383275,201.477432311946,1.0292638296650978,0.8295849341194206,1.2793831638903752,-7.972690616056219,-0.0251434695172385,0.852265484260053,2.095902003955646,0.1019276503989046,2.040094858750286,-3.9770116403787625,85.62819226913693,0
1.0793245680033117,79.95478513183438,45.550775058138015,1.9961416261965368,2.432019850504857,8.463942222233237,47.004695587725976,1.1479574601800588,1.066579156242447,6.858011354856368,0.0619333864073822,2.076408156848877,82.82318383581463,110.93278681861,1
0.055412684199448,328.87191069430435,191.95646699424083,1.972617954790152,8.173398648944639,3.926608052585368,98.18428797112968,0.8312984187931349,0.9386517310197188,14.526854676876653,-0.1734107971182407,1.956839147113245,-5.330601496213859,185.8086927358959,1
0.9912404263500456,90.63623554750204,-1.552873146091926,0.94699557511662,4.111691067261873,4.252159404522432,4.062219143012818,0.099564798837941,0.0635811138436919,1.5090681396485826,0.0414116556588949,2.104254343133064,67.58079198509142,22.16891427548357,0
0.9903843154498356,59.25427081964543,93.2991135509064,1.9619746791474837,10.37265944091772,4.529027191394809,14.768271646948044,0.8349758064350563,0.8876665192870499,1.9199674985468915,-0.0353076137148199,1.940681625995024,66.45291204230244,4.405545164885126,0
0.1325871593888965,156.4981063136675,114.04423333643894,2.0569462877578224,4.425680782026271,3.8766326542988794,94.4841508985452,-0.0201555758985138,0.0325375833753337,1.2066284120455817,0.9714020518800924,0.9404614179126491,33.011596290073435,-1.2257924041486774,0
-0.0309125969998931,275.51396623436887,161.79969742328095,2.0388668609014644,10.65818116125966,4.212068569994885,80.06479518722091,0.957103706535619,0.9607494390896754,7.351705402574461,1.0759050788864593,1.9565966555103875,-3.834760686951356,14.679365313467116,1
1.1233891191878909,215.1410029014889,94.45391377848966,1.965681506683638,5.492088899823412,4.291751562187248,18.530169387102283,0.9810773295572208,0.0076204200198518,0.6958227019530772,1.0209122457708135,2.1148631861916414,85.15884054681341,-3.744333324836617,0
1.1201292469976392,101.79427121754556,182.48776929303875,2.055112981528744,12.267737200948329,3.9340374766629234,11.518406988879793,-0.01040717594466,0.062958690320914,1.3351143164332755,-0.055952446614764,2.00612268453902,11.310144628736424,-6.058853954725024,0
0.0191885550214317,268.8104387087066,70.67781896728536,1.979004632840322,4.819298200935473,2.955781022952918,-2.068312508725036,0.966809839029353,-0.002946530565785,1.2675625724425674,-0.0227512016816819,1.981652042593538,32.638859974415006,127.06902238429684,1
1.0641786897749532,265.5237435945895,116.2699401059202,1.9687891495040284,3.819095217546156,4.299454347326588,4.930239674978431,0.1001969317163835,-0.0114655837713263,0.5791473444744479,-0.0167299912901182,2.0108613021769,2.221447956106722,184.18412499960152,1
0.0290031944007214,63.50904025502527,19.88106318738682,1.977189756806772,2.7282523824019336,3.564557339136316,-0.5476342204198801,0.0199452399882381,0.0939433571911129,1.3352533121201926,-0.1942750798120763,2.0287236519569336,43.13897949243368,5.936920337620329,0
1.0484799685584476,228.37355213858277,73.954434133293,1.871856232445188,8.163643131241313,3.74736799695149,-4.674346706343762,0.0033106778958847,1.029194667103242,2.135092632305289,0.0580783573153743,2.026923125627776,73.2081038242408,0.1201395760386461,0
1.030411731085314,342.5082571636517,193.6202709355785,2.0723708287758136,13.947996190546691,7.668241785157268,135.4733738103826,1.0468751766395878,0.9061606524017266,11.074703725758932,1.0492349347160306,1.9995433214095175,12.000354339402683,151.73576485187166,1
0.9790364574593148,199.919613886714,-9.991533077951717,2.082023719545768,7.679212430053472,4.563618091010299,6.904552136925712,0.9031567038496436,-0.031136549286509,1.006908669690966,-0.0752605635814635,1.0738387841486592,114.49178335277033,6.2115152496020585,0
0.9994136675479232,33.78376882220209,17.967074651051178,1.9553007308578545,11.819938805210974,3.905682197285352,4.11167679613893,0.0568433731539909,0.0017709350337912,0.8198479255794768,-0.0022437893103097,2.0400336481912045,64.4147131876527,-0.3755229668777531,0
1.0119138633360203,75.70911282182087,78.67546395086916,2.063940149486609,8.235654026862129,4.866194678088724,7.79226401909235,0.993720075259201,-0.0643823360974742,1.0426307064556246,0.9535889566747128,1.9576769165808547,41.77449091896603,-2.9075122385930072,1
1.049889317227898,50.54234767371179,134.0095246249325,1.9597364016582863,6.731599221392635,4.098634742703809,1.8470303096970893,0.0373637120498432,-0.1563708887459681,0.9739161168775872,0.1492833530626618,2.005927729561125,1.469790020425762,6.972600200852575,0
0.9691622909887514,190.5159426358846,7.553381482527286,2.024680892560743,3.450777650299283,4.271234809293515,8.625069619563163,0.0284202135776336,-0.0701185297386552,0.5370312135763986,0.0692976632675384,2.079313087191894,127.32253408321708,171.22138722204542,0
0.9817183509943754,233.6998722969324,156.08816996207656,0.9932341178733658,4.752967059477298,3.9293263915904273,-5.696784546046047,-0.0601781864332361,0.0409029297186533,1.2391735394641403,-0.1171134165849807,1.9675570841922183,48.97593680479836,-2.982285632860325,0
-0.0703439746810803,235.13432815728484,103.50387066805524,1.910363867086724,12.89579635502053,3.5538120740275847,121.71054305523782,0.8759806486758591,0.0392433207336987,1.2285627754190689,1.1425897006001202,2.03797579323288,166.07448644627664,9.913980346341738,0
0.9528438931251736,183.39619988441828,33.01021547792057,1.9511623315295248,12.056810838922592,4.188676327490048,53.245397758947234,0.9725286809927536,0.8763129433170355,2.5442506930824047,0.9456735794419788,2.058197057253368,154.049061268345,231.1155133511224,1
0.9712057014276658,213.4102729848452,105.77841719777592,2.0989989193131398,14.101161757172118,7.634335863094263,96.54986181099446,1.1236863671137851,1.127910079495782,6.891440563688908,0.9713626622599772,2.0654573117835398,-6.657999471099515,140.25073874734946,1
0.0565545273743166,80.22751515855967,174.1066339913316,0.9458111581579476,11.59384670763678,4.551403765175833,63.591320041600426,1.002600154299779,-0.0388440176329609,0.790501954820082,1.1279024383262723,1.9550208702243128,87.48288371792529,18.55294491896701,0
1.0063407571813916,145.17915281818748,117.18524631957013,2.120986399665019,8.528933545753608,3.914178483783871,96.03101133896416,0.9557446432643302,1.023420469880994,3.729207681805295,0.9455122365730724,1.9707011292138163,94.14610686734926,-0.7724652577787978,1
0.0875023640325735,31.864432601916874,31.96453412257637,1.9409635807989831,10.62904461622466,4.441195207158273,36.04556988865964,1.0346286367104345,0.8611403272146412,3.1261866682705093,0.0450389683916642,1.9918259292097429,4.981348683856048,-14.36188987331051,1
0.9950473177249242,82.65663180036863,1.4506895202704868,1.9506515582184856,13.496982192082124,4.220811379977642,2.1306552975774693,0.9510839786601872,0.0406978325931826,1.113671992683822,-0.1082251607267696,1.9969552005268236,2.8126353255546235,-8.803391800275811,1
1.012554839851146,213.8037508105568,75.65366255758232,2.103550315784454,2.6656391439953184,4.109899122706546,-0.38654068816831,0.079396000030523,-0.1111720274895147,1.968086356067372,1.0149473096976789,1.881297898282924,35.64454571481943,8.125646165485982,0
-0.0191788569475612,135.00920944555628,32.49162438466081,1.9666718868057425,7.377649956593588,3.816615387121928,38.23944617697343,1.0500876991705974,0.0833427976950084,0.9727903532490654,-0.1465429427386546,1.0316200090997052,106.51770913867573,4.36478586299512,0
-0.0008429548576489,85.6130261812624,204.38501575807777,1.9473334475564503,8.164485694714124,4.775961497021402,93.72337235149166,1.066440408892824,0.9496608966098748,3.309978093849943,0.0192587776194624,1.9768606519597167,26.244608482481624,114.2420088859858,1
1.0629112966793757,258.6906076232372,182.45055490567725,1.9427767750523357,9.73747212976946,3.942858796805469,118.6443321576498,0.9668455336823328,1.1079762700427755,7.079512526232126,1.0192986187689557,2.0700828871421635,17.497449138853106,-9.25479837919979,1
0.945728897271554,55.37825844941926,21.21572984139864,1.9635374205924427,9.606851806428216,4.1877779249912646,17.311283920663854,0.1698903192629751,0.923512374874979,2.0425840812712077,-0.0879028189601457,1.965171444489852,131.64139799418194,79.48086753374798,0
1.0201372051704058,238.1562099679388,77.80427087438062,1.9415662762502104,0.9719281309178608,0.8935048380900952,2.345565820015203,0.0846200256718627,0.9761394177073194,2.3604115883792747,0.0242776473725912,1.985370714782207,0.920429187216584,-1.1792693798389635,0
-0.0019678239568939,1.8022155995129765,45.127558467225576,2.030723095955619,11.00810474695309,3.764085762260221,7.707516617180438,-0.0052292762581128,0.9010453105504908,1.1099608989265657,0.0422364918962098,1.8834628076017963,35.420929354897034,42.790638337995496,0
0.8491887615856807,352.1138392744339,132.25217312463352,2.009095383919663,10.315490956090697,8.21684448337055,102.49140040786828,1.0747233560990206,1.0385192879066998,5.064845709143195,0.0390359216774163,2.0879949789729584,7.23322180275472,-18.676090427744803,1
0.9807203622996432,64.82408822665943,126.36986110426014,2.0624178002224665,5.0709057436494565,3.899993023686081,46.88625126840871,1.0439193674485885,1.0527788232160673,15.47975549289361,-0.0260618165621621,1.979291509360449,23.93505665706153,65.91548058511813,1
0.9973898879920756,23.75190030950893,-2.444442111912579,1.859056129902599,6.082858173901523,4.096753461587475,8.584897537365862,0.1177233813860867,0.1165067150800058,0.3964719612346106,-0.0263263741345906,2.0215139173848327,115.51447568742906,151.1276830934279,0
1.03512043285276,63.64514617175034,19.918912970220752,2.0115318359330465,4.354525721325985,4.133167928622798,2.4413811814259674,0.1230296065157666,0.0231064302193715,1.2646712064328325,1.0780596472972217,2.0162403474136226,109.78795329566736,-25.56898469076352,0
1.0060439380184978,252.55467167428708,134.97948127563964,2.0682371323179534,12.281301442652254,7.938348943001874,129.58018341781172,0.9686636244546962,0.9574290218356984,2.703592932710715,0.9771161208408212,2.04946974415106,28.967372342131625,176.26424370844074,1
1.0775803418223338,87.08247068894295,31.33811272637113,1.952096480397374,2.933181516565946,8.107806039648,6.899953480690229,-0.0070343100368039,0.0800798012832917,1.004831320590717,1.0592530844754573,1.9780597803722773,64.46140202012141,8.924134208825848,0
1.0391081113017782,344.755597281521,191.63099930427245,1.990970364188155,0.4615825471962198,1.1451809374153283,5.3932177110674,1.1106414707444676,0.0275881964140159,1.5591121847280742,0.977793017335482,1.978578221621086,4.276629996563486,-3.211144766340773,1
1.041744965562141,67.41839284801759,163.73144326736377,2.064981603299377,7.672116792212392,3.700215737841338,-0.451947328814775,1.1103729385748895,-0.0577468898774189,1.895129369430792,0.0392410305420148,2.0147761744278685,42.87723540825694,8.19892514135266,0
0.0368100424246339,190.1164110433025,43.22667046982529,0.87518807984453,1.0736559238867691,0.7153823642699604,-2.149291747763222,1.035895651626655,0.1051777172111586,0.9769841596827256,0.0414077945066977,1.935302539343692,108.69841180350548,0.3472437686287293,0
0.929346256597276,4.248037504975031,69.93868790078045,1.9078947537085664,3.7667086374133376,4.035476302875496,-0.1756933182526552,-0.0203313372289004,-0.0014768665855949,0.603456703354242,1.051646260214318,2.0643166957019488,49.787644037184336,37.286891105088806,0
-0.1217438077054003,19.5674764633788,143.31689481096987,1.9761839254610456,11.161106682595662,4.334193844355073,1.4581584087763133,0.0650131356485663,0.950195275856823,1.7111828043524526,0.940261937088815,2.0153469856281965,9.010262391094564,66.99384053775806,0
0.9890241433166675,48.43219012398227,34.229681778821934,1.0287550015188054,7.748808526096988,7.633996399921248,27.041152279023503,1.0129301662017016,1.1171814730101872,4.096750643379283,0.9911336163116056,2.012802000620321,54.03427998453006,81.39046913163779,0
0.9129882938645212,208.15738526007075,92.96627111435676,2.157619597906439,10.239598876687293,4.439588852003856,73.8159479477205,0.0308047127955904,0.0087823821214974,1.2689366325358065,-0.011485589414019,2.06512613349808,140.8423563383649,48.33722734375533,0
0.1025358681293715,298.44088390776244,119.36218800044549,1.9402704483402455,3.7847902105737967,7.588879147699695,103.45863429289076,0.983351230809193,0.890854155893268,3.385855750093615,1.0234303209954567,2.037539242761392,45.8124057213956,67.75047342210706,0
0.9892066502904332,190.6351943244789,37.652375101453565,1.9581598805698115,9.88637006545546,4.313249608276258,24.85680709022989,0.0425874501805131,-0.0551128389914786,0.2835936902200462,0.07726129884569,1.923674285021787,44.4115349629048,-1.7537514766505566,0
1.0611268041279158,246.5886204419774,71.12888631639562,0.9971163959864816,13.224223906832703,8.288516056177418,112.98319360448492,1.0256226600585707,-0.0480467795864003,1.994347421227444,0.934490309212894,1.9848867009595803,61.743277465214895,-10.900803951047656,0
1.0557021168657768,79.512416129158,-4.781485787558481,2.0790501082224515,4.87185128955257,4.147689837664182,31.30196172572995,0.0930467751544659,1.083862602624447,12.371360030424736,0.044717206253147,1.0232753204153728,-6.590844233082635,8.635326727898239,0
-0.0378343627599374,129.57999958793414,66.4132169743166,2.0304070805022856,1.3126792504786762,1.2007261626088712,-6.955563666641623,0.0344797109393394,-0.0754518677708531,0.6432816710898868,0.1615717784675611,1.9886565473386584,105.87983830193552,14.558946403649593,0
0.8407149721938436,171.68639703046009,181.0655615156869,2.0275106607535065,7.885843317902855,4.038756995644023,9.03552748290539,1.0584775945283738,-0.1074799852194899,1.7508468809460755,-0.0305851436207738,1.93717423134496,49.03299127370645,0.2662106969238778,0
1.075376335791489,188.20312059325747,39.65400644219963,1.934113535403546,1.5154003401128096,4.479660501271227,21.67601428123092,-0.0101536494104258,0.002713025805102,0.5062171109017317,1.0665157924289437,0.9829843995561018,-0.7990820378029682,7.633588127814434,0
0.0534049612266164,305.0987272531314,22.00814874539657,1.94319302388658,1.1200465088648928,0.9893016281097232,0.4538417145458666,-0.0085649369454718,0.0079480683161024,1.512780339899155,1.1029645182358891,0.9998992127466784,24.639957005156383,18.35329977447856,0
0.0735399699532296,81.75579011387978,148.0377638825592,0.9877474740080564,12.86558843629388,3.943682376792218,61.42020432692247,-0.0726567679639302,-0.0130877945041383,0.5816707750430052,0.1122535026809006,2.03356778071271,59.50703869697699,7.773187204829661,1
0.9661443422214158,168.91556764647305,126.611485573025,2.064572842798152,11.521350189001325,7.921052267846877,91.44091649049116,0.8912392447649824,1.058011512040285,13.296952120729769,1.0961084535779877,1.9905570493835136,131.01924135180093,151.85287607019785,1
-0.0941926970596874,8.657371269736274,18.19805678670761,2.159170949342787,7.656691054169995,3.920028298703983,22.864779644848603,0.0158914102764756,0.0283245562172509,0.9677229923282372,0.0811860947930289,1.9723658165037763,44.821868744584,24.86766259195498,0
-0.0921905544065502,53.87461770584764,17.416384820557525,0.9476821002807346,10.108662306816068,3.780760888864666,26.029126652351376,0.9237329961245174,1.08908100157094,3.244059076521389,1.0140103149222814,1.955086082338792,13.374117080503346,96.58735351382504,1
1.0794332482967854,195.10779269895897,14.407460713913537,1.9287189743662017,7.421428533244092,3.5370472156498707,27.221036753881677,0.025358731067721,0.1090541525848205,0.652272238868393,-0.0480907739899553,0.9976509820405433,9.427443944541906,-0.6807278486258141,0
-0.0335178312583124,66.14586902752332,141.53899909906937,2.040734579203207,3.0991344505338008,4.222151993678563,2.598701920363609,-0.1246205718508544,0.0748607228440176,0.946976100986166,0.0590041405633147,2.0309157722150157,63.65071393290946,140.03206653110072,0
-0.0621859454043107,16.843783408718707,137.105666857402,0.9881841515881352,7.644339570760128,4.175804916698994,23.570985515987893,1.0734352152073228,1.0208653461839423,4.578170961435611,0.9352843595076548,1.9262095178848575,26.011149637678407,111.13628898887568,1
0.9093621392552006,87.67551342125222,21.07199509337253,2.0783532320919047,8.892166472995008,4.232791475696616,9.564405568683505,1.0561006131117754,0.9505216393030762,7.907337680647851,0.9384089490775408,1.9440694832910272,32.307328591879624,216.02141843648403,1
-0.0950039553571363,159.93146571438533,56.48767045527868,2.0541628282913145,9.821176558733892,3.9188696680300463,21.72557440657018,0.9819866131985182,1.007571555890297,17.047766310714103,0.0847251173738731,1.9838188900027516,40.435201945686,173.2275697982727,1
-0.132461270096271,98.07157758314374,31.50707980438171,2.162984588690257,5.784024076274824,7.839124048392077,36.958787843462666,1.015631305847612,0.0150136620149879,0.5093902698478434,-0.0130733086285715,1.9113766182122145,137.4082203291293,-7.397593104220562,0
0.0032672140762544,230.8650030386866,16.829280024932956,1.943554641044215,0.6426448370068396,1.1478017194455703,-2.3985724098851264,-0.1586223895419953,0.9960490977431234,10.104881036553516,0.1207921136916081,2.007918224174514,62.73844257899154,11.387454736682514,0
0.9875200181064484,139.3102452665804,83.7161344760812,1.8234489242607723,7.753566610579884,3.814789654356488,58.80688937182346,0.0420793101851466,1.0836151548759831,2.569192232618363,1.043837975788843,2.0087706013404323,41.16040941894552,53.70895712194999,0
0.9415007048630316,205.99708100251544,120.10116101285888,1.9923271056194585,2.508748811271569,4.852999869988674,86.09370493640913,-0.0279834076797099,0.0360134687182623,1.3161757614007283,0.0664377712367287,2.06376047086646,79.88886259007494,118.82020156333304,0
-0.0851928433654103,156.51325262910794,52.98001792406579,1.968998831533752,0.7815694595621379,0.8477051201826908,72.03171710758073,0.064476863425808,1.0057776050600964,2.7758816817089995,1.0766918384036752,1.9991150559769428,63.339608900612674,-13.700851071693158,0
0.9359157312967804,217.18886420677015,83.24823897621725,1.0445151629485612,4.584019169999598,4.081327134859647,-3.089176585686836,0.9275685049313094,1.0419060961369202,11.012819311917546,0.7986648863885906,2.0556657112164745,107.94532273562768,-7.924926503373712,1
1.0525640343211258,25.14635959363558,3.8800233000272897,1.895766492838812,10.705449622232567,4.265520780632564,6.048586171495778,-0.0519972408677519,0.8648409234945041,6.0598666688369685,0.0617093497664268,2.034483231112339,59.69424994860841,15.284017766487352,0
0.9544029696748602,212.53193926473676,65.30830140928829,2.1009348978974733,0.7691855049845504,1.0533389926163883,4.3031264569317855,-0.0654763863814129,-0.0054065887829191,0.8387899307569544,-0.0383996271485524,1.98030504087,8.692371997393316,143.47798002908803,0
0.962505626056251,195.38406371474525,81.7687168796953,1.9466517168740889,13.773348611559404,8.026755157626766,79.42325837065835,0.9547038941329182,-0.1367199800742364,-0.1590109877626608,0.9058783123655018,1.9411839170260712,161.93047854578865,-11.95445758309733,0
0.0718178281474259,224.71617646527363,40.88028686998478,1.853299973573789,1.3538840650706234,0.966204430004762,-4.514442061110948,0.0094845370758503,-0.043313851368627,0.6804484496283583,0.0453109057857171,1.940054564345234,30.24481386533444,-14.229681528292836,0
1.0156937397163446,290.0278504407306,138.48473679415378,1.9549611992606757,7.950687168713898,7.52277237937602,119.73579769777352,1.0337152344054283,0.9831236214775194,9.023341228553589,0.0738774987108849,2.0163268823803016,58.97778337029281,173.94247853716618,1
1.0426513061634013,108.33533508410092,40.92020692959466,1.9941405928514904,4.01835504321278,4.514115850439826,18.831983070399325,-0.0006125257419339,0.9663427672726268,3.884814987228761,1.0598189177579755,2.014134716361541,57.773442339031554,7.614282942156912,0
0.9875302423182138,209.5556050978467,63.99585511658002,1.967979803413428,2.890227215780773,3.6201848995265062,28.16198546493954,-0.1338603079539571,-0.0329574405574765,1.4592178670250235,1.0226481815842712,2.026440144180196,72.55004591467402,13.7459670671699,0
0.0289208043592579,148.0012085485324,70.87327489643968,0.9738014061970766,3.71719631223708,3.7569824188251824,34.35423817805816,0.0845818153128252,-0.008455832352664,0.4919378718054763,0.938382755034644,2.029139704594163,103.14146809141782,6.91840052888918,0
-0.0152155845581442,72.86332200752108,162.64002820534122,1.0357093175797971,13.678135362619466,8.18526228929474,22.408064408159625,0.9954356873106418,0.9672458261587376,5.091640237641383,0.0411229740985496,2.092346886358788,7.498450072982578,107.63473081635608,1
-0.0045659740883869,93.2665099187244,151.10740245089605,2.063645474822167,11.186326323119603,3.699844299321177,46.91316333488308,0.9881611599580016,1.0415957777574187,10.617304869625515,-0.0129240809537981,2.0073520728665493,25.703631137354705,154.37977687905095,0
1.0161507612851175,175.88049428762918,53.80295978448293,1.948359393924852,2.586618788080033,4.769130489763297,6.2823315828035255,-0.0909222721456759,0.0223351212800546,1.095725893712784,0.0717791923702899,1.994037094343678,68.47265630193873,-0.876571382863105,0
0.159248685963475,50.86054362998314,167.16493950338094,2.0264534589453995,7.740513253825603,7.58367410400211,99.81740317833496,1.083747372213849,-0.0230718152951952,0.7718768292959357,-0.0718621711778943,1.9932844642800585,107.10981114072968,-10.016568840340206,1
0.9258729947108028,324.06762131180443,35.95211920978372,1.972144925671592,2.0538801870740606,4.594569956581236,71.69833316983329,-0.0498974394101858,-0.0408751156528017,2.003173633177932,0.789820470947711,1.9550878982888125,19.89371669970732,107.43845953227242,0
-0.0330580671042219,161.39910728829864,181.18596810551,2.0089114106989894,8.419661280745824,4.068449570477905,49.88640043353346,0.947206371529012,0.9866713655991886,2.118995074354231,0.0613218386406259,1.9823645425219885,80.6051796538186,17.103326737023465,1
1.050851466585967,57.9341799833164,57.201256804144265,1.995332107882683,7.6641268648779155,3.4332180436605704,53.84947636076824,1.0139389490439037,1.0413766831472633,1.191156273859375,0.048205041662408,2.09202198095803,32.54267955672432,65.3280729267858,1
-0.0818880310291205,18.97968050393905,25.72746026914761,2.8796443307631394,13.309422694746765,1.158924179485502,125.72317057018752,-0.1185939139717068,0.1194477757382287,0.6616750519445427,0.9665929424842894,0.9452670740973932,94.47477275537668,5.396921858023546,1
1.1211533438040298,144.9335390542371,48.24906888118421,2.087064890560974,9.006654431053901,4.060561508133419,41.04563970321973,1.029742311139446,1.0044811292654146,11.212256020249026,0.996173806121614,1.996428955282494,152.43464717555617,39.7436639003632,1
-0.0982018220117364,196.32534621201611,14.018280464978956,2.0122373593104284,13.79560295169923,3.869260790672322,6.04765682339367,-0.0410380682915239,-0.0142870444749456,0.9449914161160068,-0.0620818339511168,1.909387088597614,98.11976808027754,38.92078740411117,1
0.0385535290851505,194.2064566280779,29.94808506713241,1.89551159985773,4.705713335931816,4.281538882632987,14.636334476965375,0.965872172147758,0.8971146570394684,4.147358584167001,-0.0129916848887378,1.967322625898092,3.614618122525364,179.93101826593136,1
0.9975715765343942,58.1265845995199,160.86800743264104,1.981976809993249,13.993766445129877,8.143262893294796,20.83630168348701,1.0548941918580153,1.0714004703568225,2.8744927306218067,0.0425768706750309,1.998355904250961,38.98054160702455,12.691887730817143,1
0.0582030603826065,151.7949395542475,154.54480616079564,1.9741505706280504,10.339119196908936,8.594083988356815,2.4751650024985423,0.0482865451764532,0.9601599239131304,12.363874822611248,0.9825210417659171,2.049321827300388,37.397832675024056,-5.485623493106274,0
1.0511402177338327,269.1976420316561,41.56071491735307,1.8951782653462672,1.4001844488448478,1.424684722570971,-1.4875010777228397,1.007600370618949,-0.1490020696302649,1.1613015537993752,-0.0794846736792225,2.008941546167523,31.20036332165396,7.915174730901249,0
0.9915854435014544,61.2206543205877,175.65890424776757,2.0307751563953933,8.949101582272087,3.884595402215401,55.83769701365337,0.0406448779525749,0.2427368638131949,0.2788784920816201,0.9484820824741654,2.018757731759131,46.74787049618458,22.249402368432868,0
0.9777672346477972,211.5764649580616,134.36143937881613,2.0661970779551155,5.9391580661822845,4.337151488369996,98.69994847632084,0.9106665750172748,0.9567280973601244,14.38486082323636,0.0647369635361747,2.032805051658196,74.10768582769248,206.6023178918329,1
1.026826583446012,345.8038213941096,133.707455711193,1.98444068244228,9.99563242764776,3.861858535358994,117.64344509531304,1.0353956998751928,1.0113019319957886,6.482129228644665,0.0012518569551055,2.142424437509678,2.0469439126996463,3.1278626394493187,1
1.010642567465212,13.784402735679665,135.02343612957475,1.0314709706419367,6.554401327483161,4.028224040587916,2.675309760497697,0.0910060840951874,-0.0445532815815718,1.4640275264191258,0.0031279760388758,2.0668064701688222,53.92975441023502,3.1463559959101914,0
1.0319308884559708,309.07442308323186,42.595146180272,2.0886020733236528,0.922632906519917,0.4374169585757865,-8.345529994017511,-0.1145805354075104,-0.0014622613000001,0.9601499265302716,0.0473219590150913,1.975388761861404,61.33511854454055,-0.5011350142523909,0
0.9730539865625016,100.2128016491303,181.346403151376,1.014909054841708,0.8347387685661003,1.2007140193544958,3.587249905690406,-0.05183918903582,-0.0125153380521785,1.6311758660149078,0.0293988492604166,1.937430813169281,69.53524443221352,-10.818299985923268,0
1.0226389372490878,185.5964744735849,60.291954842139575,2.042921373883174,3.0069087116543383,5.265290896843627,62.302256657388966,-0.1065174207713292,-0.1064310059418892,0.543106985393087,0.9210604642380944,2.0338273249535166,86.43018816345642,88.97709658153721,0
0.9583670053056312,105.85684380092862,33.63564146906121,0.965867490503244,2.1284580275938394,8.006525723170917,73.722284727649,-0.0179323563629864,-0.0759518763217635,1.1084121388418375,0.0164413564673991,2.06087728787002,66.77689031559935,120.88859296237533,0
-0.0492431131790039,311.2172136506364,88.11802336273826,1.085252149618881,1.3654541270620593,1.0048167397973369,82.48953959379566,-0.032457487917316,0.0243214658854878,1.3532606017700497,0.93216960053922,2.0016339536217806,-13.053748489925198,7.306908083624478,0
0.9124764604733466,54.71413147924402,24.89541686979507,1.1530734592420413,7.0406265079155474,4.060811134140049,40.85787421488882,-0.0369652836623382,0.0104944803735032,-0.4062060603669533,1.0176990968073027,1.0852302121363793,82.86333607961578,3.830958066343129,0
0.917026319556724,191.204996492859,108.88177529533849,1.948911675323428,9.014677480305252,4.170379917733973,6.366279489956945,0.1162657742392409,0.0947624111749547,0.3944958228395316,1.1258220829281436,1.9762178450503147,107.2279180298794,7.740806262709995,1
-0.0236368892196668,88.02193742117558,57.42195181418866,0.8884363013889529,8.09075833466721,3.883395447843621,15.062097819620494,-0.013048899515254,0.1237708880300632,0.3325423736332795,0.0438885583447781,2.014305767768028,36.98835705476555,2.932970649326137,0
0.9563033474321408,258.3253326131776,83.714706463562,2.104434044634476,6.200793827441871,3.9348897923236232,8.499699238360872,-0.1626209898065912,-0.1494628685339326,1.481262112424874,0.0045190831633428,2.0112173564522604,24.8246418170096,49.74683728986624,0
0.0454796533840057,234.89630736639512,31.42083348750697,1.991704026808846,5.474128633154174,3.71036755990854,26.20491813841977,-0.0732231747066753,0.0800287681081614,0.7360477017284275,-0.0019161441644665,2.02516471236961,81.8594644513089,90.18808575293367,0
-0.0473695649236007,77.9881670721078,21.22009189373818,1.901008424406737,11.215144588884398,8.030625536818608,36.19712053580676,1.1189925361559636,-0.0461728761156471,2.2459101392828207,-0.0168475212844447,1.942803113307264,98.4836693941026,129.2728526047374,1
0.999009520801816,111.315918627933,193.0990473888968,1.9985544693970767,3.7422314898311217,4.994128863078086,6.911149963993719,0.0704170907195615,0.0495002296500733,-0.0804098818700862,1.0834510557688588,1.9794908448201376,66.95105055629203,-9.597060854501072,0
-0.0246863143683965,244.74421125121583,1.129307322769321,1.949689849622907,6.921067838160434,4.5184305361448445,55.0727755586033,0.8773107060931323,0.0666516852655444,0.5593899781584186,0.0814730842527574,1.9671516582054247,-2.741665130119472,4.757407960936746,1
0.0134832415593335,65.76915197537969,137.34086888494852,2.1025247887902734,13.207067770171584,8.321877197534636,2.357320641124055,0.9377593009620724,1.010829813797686,1.989696792735527,1.0211550077763578,2.0485748566673405,11.789070983944889,46.61107616272223,1
0.052091652590293,267.10963282486256,6.164295493113144,2.024870885459307,12.705522316044007,8.043628697836759,3.685085482865425,0.9811066464924556,1.053055271747835,12.36642145578675,0.9410824100207508,1.9476740608766367,141.1090454800013,13.113211285192598,1
-0.0068010811644666,347.8683109389126,222.06527812165743,2.095297029017309,3.433496206668849,4.625021218432288,117.65277817465213,0.9069950012534638,0.8896174842378624,14.144624809299582,0.0391010830745621,2.040461779287285,4.438944867129294,227.79234844087085,1
0.0267713576648953,267.1286196752681,43.72010096234675,0.929388006935998,8.891134893662981,4.030132303722025,-2.393715835594861,-0.0465544412635134,-0.0481702392117934,0.5712760195130633,0.9041045072039616,1.932796969001228,47.65105528600854,-4.460729463557385,0
1.0209407388307126,164.85924155820857,100.676685287804,2.030366250483102,13.152205881072884,8.204561505903033,97.7293247378384,1.050212523247433,1.055887085943063,4.09839979704349,-0.016471086589135,2.068545702750612,101.69411136488328,98.26389104325222,1
1.0334612098750695,143.80771252160105,64.72459895585308,2.088348720405002,0.7327721831303782,1.6698050329870604,0.9895456819102152,0.0305697852608459,1.119985290855971,6.079235139322016,-0.0749097413286666,1.995085365856986,60.753662379671816,49.12929348527485,0
1.0095478275928884,120.709437303402,43.23273011186198,2.048948676198657,8.763274740453769,5.2289824017745365,16.311040522886834,1.1386646610160855,0.0705842270580534,1.427164475127698,-0.0153379370837875,1.998148525193398,110.66300691402152,30.769376726003323,1
0.9989955944150604,251.5674795508856,113.92919497688038,1.914368108965876,12.091466785155252,3.819437758171616,-1.095379600910796,0.9950700611646685,1.0049853872318992,1.7661634234483563,-0.0013029147038932,1.998219070823555,70.20931442629548,68.31198494001288,1
0.9459587245423116,133.08675684664962,40.967348306459,1.9559660841298712,9.848758528744591,4.063148509354671,0.9940190314459656,-0.0116224657903639,0.1004091145865549,1.886646887014429,-0.0610426829081028,1.9980994122381155,32.62366074841631,-9.746420183544238,0
1.18296395196779,-7.000442758194936,100.17948541447964,1.0017271766656466,9.585816490637605,3.794399008714981,46.40741290896842,0.981031141253351,1.1171749319443256,3.265272825741743,1.0699472661172162,1.903072149070953,37.40805013994344,154.4735154556496,1
0.988039200515372,23.28970541257732,161.9201006184935,1.9142999971242736,9.314579303967502,8.308044745199336,3.985107228380493,-0.0102974326678746,1.0310523620713985,2.208518892889897,0.0435218687599447,2.025139455954428,31.207196849223045,12.790293118832736,0
-0.0737073475000006,324.9901614829591,140.27766586228535,2.054285745465809,10.493318167132262,4.8390237612493125,73.54204295968827,1.005395511410836,0.9038751006756016,16.03171329781717,0.083665396342697,2.0132987037736734,-8.316519971597913,178.29550062164705,1
1.010575301848558,291.0692257202657,110.262929967096,2.0178748213061133,14.26780841348581,4.678207024370699,-4.007691995011683,0.1185844761663972,-0.0685297448569883,0.3687027819103869,0.9970779591328088,1.9959603298228383,149.75690230212643,-2.3230957837460124,0
-0.0522124542178826,88.320631551778,8.170499007805645,1.000947718792686,1.3160244713970828,1.2710359689901898,-0.1611790491624987,0.0013298904344516,0.0136652099418227,1.935583182090058,-0.1107065576397182,1.9591922020729289,57.39989707240254,43.02423564699845,0
1.0624966250909835,128.5203332754977,23.4864965392106,1.998678801504666,7.41553777849962,3.3774725668137764,42.25684963181124,1.108461645132277,1.124275285091772,12.21490424564186,0.1466296397195996,1.998076691755996,16.59448676119846,113.08322904303432,1
1.0224824246725,187.3236381146909,23.904086294327197,1.9311800637915653,2.969671052672417,5.338256039861,82.88589188324092,-0.1065175391661104,-0.0231793258352821,1.8212873592391223,1.037971070887992,1.0087457272228697,134.49416397694455,-3.1820302890826966,0
0.963941273511466,57.56249933140259,-2.158416555245779,2.082969393220758,3.64576164837821,3.76066571543243,-2.425386820462556,-0.0153104661912355,0.1308655378557916,2.266156684006757,0.8758758365945996,1.9841244629666488,90.84481987980506,48.76927670762713,0
1.1000858462687415,114.11735041647196,24.57781244735046,1.951522226705185,3.9089911942678937,0.741131207237891,7.730473692729266,0.0233305707169133,0.027238370648587,1.821325487786481,0.0864186637591842,2.034279284728819,22.165186994304264,-6.580365117505082,0
1.01797278460648,93.06295828272268,48.30102380875208,1.9455083926468717,11.474270066558496,4.062040722141807,74.44478559436703,1.0577402142366612,1.0940680251849937,2.4816455268954463,0.9993323312697596,1.9227223011750765,147.29219384634155,191.4197000160113,1
1.052161856722067,108.77078727025896,55.1345488290174,0.9533719223830868,8.035979138892369,4.573640102765733,24.102363058570663,1.0288011848503336,0.883825088760656,6.919243465727737,0.9643361701938408,2.0470528428801944,52.14789908395621,224.6639845226495,1
1.189472365596647,37.4916133045202,7.659567057320999,0.9552459098066064,7.479556583081794,4.279688433345293,3.015829454286361,0.0095419076829588,0.9952871374663184,2.4423504427178075,-0.063281051406927,1.951825689933223,70.55157884414947,8.548264380774853,0
0.9416120177745336,185.06947854900957,70.14033332339176,2.0459617119842566,12.112137952952551,7.754315856582242,58.74073933939497,0.021493682120252,-0.1420180926427788,1.6278780268523574,0.959360628688601,1.0632121364189682,110.3923958232246,3.23055627012085,0
1.036226311856376,221.66035078014025,49.889660633314925,1.9481623528890448,3.450796486543326,3.688105093821109,10.634462757395198,-0.0775205736214088,-0.1160396958697548,1.1326778884449422,1.017532398677612,2.0761776021560303,97.37676271684803,6.226416486975076,0
0.9435026015892496,13.052213126169562,86.44326528010355,1.035152989076663,1.1278972335198034,1.2882296130385704,1.4784721244090164,0.0293691855138159,0.0225472194512479,0.9446436249010112,0.960329261607979,2.099170716857,59.87362462017614,-5.255638457868699,0
1.0059408943467083,248.7918460797404,64.963159209528,0.9774292515113506,2.630551290138313,7.457361890768098,116.50173286116076,0.1538842664006507,0.0340048163751764,1.415292069816303,0.9691322836137096,0.9890564374867876,75.81126724866495,22.887434559176967,0
0.9521941353822666,51.77581533466065,28.277286238799743,1.1183807606042095,8.12822083977986,7.518132422605266,9.277153809005291,0.0408807448310425,-0.0092855220400052,0.2662308585975563,0.1313874528151669,1.9520804691118017,102.57089828299578,80.17982114125869,0
1.1334904783281243,262.49556975244053,117.45440660587512,1.993985720689218,3.072355612705758,5.1091419253063854,69.31004637981785,0.063777720440297,-0.0524848067463611,1.585975510143298,0.9729586027557098,1.9780643500485224,52.28525890697684,1.3387195311558315,0
0.8964943367584239,76.61477875855388,18.37479866703293,1.9319639289927848,8.46331401998203,3.985096714342359,21.262349977008974,0.943904201352479,-0.0163744834797163,1.1820901233275798,0.0734578150736836,0.8824210776349108,96.24628383823506,2.733568783052661,1
1.049921066321623,256.28751071689294,24.621676049175164,1.946847012864526,2.939019531262753,5.219347563289636,-1.8084329134184287,-0.062343489845258,0.0539618995794758,0.7167945874471737,0.040510218488686,0.9502158055793352,92.64522294423624,9.229679195131837,0
1.0745457014567688,243.09313984978516,40.0558630030917,2.1674529632320616,7.123159920676629,4.428001960018989,123.49836157579378,0.0435114141700626,0.995786223035466,1.8969505791828487,0.9417457221933851,2.019272968777312,109.10948305911911,61.25245154918826,0
-0.0326825168188399,137.55470405254465,121.0221200418318,1.9663239040466292,7.74006443910114,5.220785504628484,69.67392766308888,0.9321706708805446,1.011433994310402,8.58622460801681,1.092533371472043,1.9702122396206991,7.484314453619397,192.4557089298395,1
1.07374488761295,230.35211418756697,12.2648771857922,1.9143979352896612,8.294402691434245,3.5982009221858795,8.77170326467126,0.0227867389062599,0.9155812309624392,2.3806047853070766,-0.0070340968132465,2.022558228237185,87.34306660894543,121.6146683899228,0
0.9831478707243928,137.21425144019375,101.38285025389506,2.002333718495441,14.414453365901204,4.024166765189209,92.2111848112986,1.084433022550803,0.991201571134666,2.880236882368646,-0.2130177319729544,1.9853761404294896,126.63874903020891,10.410595138040406,1
1.0658875186765926,70.062685800708,170.86481130517453,2.057139314149035,3.270947008630631,4.358448389121151,15.575668757534366,0.9733513307379722,0.0249221652170149,-0.7721984609982018,1.0286147989348655,1.8365895319562624,20.077924807937976,47.92263005699567,0
-0.0044673587040601,40.06474723900509,2.1002136832760243,1.983508959784425,11.47161661668305,4.068986688729122,27.28124040589205,-0.0843009591592565,0.928204331491718,3.296192061037408,-0.0132897282166324,1.96529837480297,95.89964265335826,139.07068536675308,1
1.0094329894741887,32.665087004253394,130.90561106309076,2.045966344045941,8.457597044438543,7.691324579294681,38.67874380515842,0.9867187062304724,0.9980386814153174,8.64858582749294,0.0567263108124737,2.0595643147784704,10.638579851815187,201.76111310324583,1
0.9820734560919208,109.66148468144884,56.14590507185412,2.0022311735442355,12.843871515975309,7.968290807680507,45.21498278201271,1.0462112888481552,0.92581318459829,12.370127775192689,1.0825577205740555,1.9815316510201395,150.1989807902867,135.83593985579213,1
0.1062301955284662,110.62788780355156,172.84306384634988,1.9099538538950676,13.253867354348031,7.307944603741904,79.04520408076732,0.9839981768974356,1.1358974462166935,5.955663874552737,0.0686172587027554,1.9954982627095184,128.70995466940377,97.0737023308238,1
1.0107118841699136,126.6930638999904,73.30816206462006,1.9983066026360623,4.258993258558352,5.069417155425642,6.865382043207166,-0.0421100321412855,-0.0276608506471296,1.358073036185334,0.9292076908060258,1.9866538188499097,160.88600226244893,201.1171175855612,0
0.8882446547907743,271.4038971287977,201.82970233622405,1.9035212816707408,9.74675251402426,4.723417496075152,40.40936823424431,0.901074820470564,0.8340018514505461,3.8523817902451194,-0.0236434322656629,1.9708287932472883,39.53136551215768,19.305945978735863,1
-0.0468810135184737,49.887763875263474,72.46848049196953,2.1931455478566475,5.405274105081677,4.068377469526067,5.357115077331184,0.9998822265235898,0.0081762990891877,0.3681798034610075,0.0079581994269705,2.0229052887722574,34.266180286661054,7.213110212346152,1
0.033612647992012,78.46376650265285,70.99653244072526,1.9646521869738791,11.02274942518983,7.981629524874799,56.83434980639697,0.9231942910857024,1.0754680060739248,8.281999835654196,0.9015801775483396,2.054117448679891,60.45436101566767,203.91633637298187,1
1.0405121978981131,66.0770452635888,161.1916925837334,1.9890680110024204,8.236605164743308,3.9737421695094177,48.61201074677569,1.1386354124873463,1.0063818332689132,0.5884689481468355,-0.0070239604309357,2.1227009316229526,29.993097012082725,81.16426799170338,1
1.01798276297678,289.4737914855227,179.75262273609133,1.9408845837945423,7.035854378425927,4.125521332749352,132.4960869350232,0.9396361579446846,-0.0256134596141363,-0.6350613278070463,-0.0464446897808187,0.9765117361398212,27.94701406551277,2.8045684158679123,1
1.0304385476783702,44.06447727070618,4.750167783507379,2.024337675182708,8.23805155490652,8.141999630651611,48.141546263782175,0.1116089502074386,-0.034126691306791,1.2545153150758916,1.0444398795800731,2.076981456706078,37.80694446484634,-6.117420348653276,1
1.015840340613437,180.1862340949532,55.48549389949343,2.076023254524688,8.30882218307997,3.56183638517478,-3.001548047742176,-0.062452421093013,-0.0634357351673464,0.945399694200992,0.0459351555334144,2.056217877243834,104.1318042288069,-3.856281675721448,0
0.9548136535778156,167.74223421222166,65.27972375797663,0.9600561638710394,2.4933427698384056,4.645110514379865,106.79501841482669,0.0515903074769665,0.0724765501850958,1.0237735237873395,0.0580543854256507,1.9211127852681609,6.97041645517595,3.929960154505352,0
0.9852366289586764,36.06300074306465,76.2218466321659,1.0442052082271132,2.806242973716148,7.694715646389944,1.4762697416020387,0.084510384600989,-0.1692493826343479,0.0949478355750845,-0.0689715167346666,2.0654454235157256,46.9547982534388,58.360959356798766,0
0.0999910017214616,50.18919797664576,58.357983694765394,1.881123086805237,11.14082804614652,3.823216909380783,0.019790341882782,0.9952990622806694,1.0456814579285068,3.1214837816556504,-0.0335466736681124,2.0676263040489897,24.561681978818957,16.477224741667605,1
1.0994249135773486,177.4673935569034,185.76494916545084,0.9926219253640935,1.2813726913550676,0.9251276165819258,-1.910392293468476,-0.0490177273869105,1.0251537423731265,2.7834762641328177,-0.033911386900865,1.9401585053039911,53.53707945717598,0.025325476425273,0
0.9322495157810368,99.02669598837832,0.6142937974918112,2.029334369712372,1.9136876144246304,4.697911907138327,-9.144413001822445,1.0313927308546855,-0.1337775584423775,1.0191873830362583,1.1225291140443951,2.0749522170928327,-11.492383497759532,4.251576296415834,1
-0.0455859863271911,82.60842075808883,182.72252781918013,1.9433044681469405,12.259664911172766,8.088845962002083,41.82873447717903,-0.0366413421735992,-0.0137995047849706,0.5684973403200138,-0.198174268788413,1.938279698135568,85.47502734660586,-22.514437754235598,0
0.189932151242654,69.2235262982754,5.900906827678838,1.938299380849318,10.942975579704108,8.267507628972185,34.21959325007234,1.0128884525625983,1.0392513391916758,1.5814794323769037,-0.0182444091416826,1.99909997587649,-9.958832216204144,115.34595430635068,1
0.077499549776239,1.4182439485414022,2.2869642021063896,2.063082700933805,5.702810873370675,3.988725184771664,17.389171780216277,0.0527574486108379,1.1440281845186728,3.4361417281901097,1.1092469248330907,1.9621035357813696,108.63477556178104,-8.277003276863468,0
0.9496222836064092,8.31180791124413,8.31298051639402,1.0523281523307737,3.9378513680821214,3.727975071926795,7.062387442592822,0.0385672753330118,-0.0878417939799276,0.0044842663744484,0.148926766280631,0.9712260510407674,68.0498593524686,-3.3345190816117807,0
1.0779872195869544,169.5863779514769,72.91595148436565,1.996328558664592,4.579237444297144,3.70854866157884,9.041579429942953,0.0418460977484614,-0.0164397898227251,1.3915490256345435,0.9989801129521952,2.031427141235543,76.8398368934169,0.8683213816216693,0
0.04843919229619,101.38840423239584,25.562579287325725,1.9589062488484583,10.882012884043233,3.8403519154974415,31.91245018191521,1.133207722103883,1.0925499751034753,2.9039501686072486,-0.0903002760042072,2.059899984717428,68.66066657743619,-17.812557735937496,0
1.0596650733206716,148.90110242638076,31.22199095157844,1.0481327421471691,7.907686908114872,3.651897649724879,12.062014497198984,-0.0012951631419692,-0.0060394471210868,0.755023497008366,0.08818422619602,1.9764909710631389,47.31258652325975,65.60488876273826,0
-0.0009187379917916,241.58953841356063,116.78997828361716,2.063977684411042,11.676398429774173,3.800768324487103,10.359289231676213,1.028421305188301,1.1133553597310422,4.693006946797062,0.9064433695391804,1.9881721778968544,41.5625406925749,-1.9149108155367145,1
1.0279953097517092,18.879504391567707,58.58825508975018,2.1367688172795343,8.55385914413572,7.245455744039369,28.13811003682771,-0.0751678378281491,1.0948031781414675,2.4901381060246703,1.0211713156162876,1.926572598937629,38.88233868542967,126.46821323525802,0
1.0732292770001062,109.57495302448788,83.0091103721709,1.885823421300735,9.014130018015331,7.644067559432469,61.32358493300117,0.0765333526460216,1.042842806471569,1.4829708521289957,1.0113290011036502,1.9789076807335355,135.20088152353208,19.277303711630303,0
-0.0947224048037854,197.2981415318589,95.8250997326458,1.9713586299925043,10.517290480144894,4.172727502604523,87.84790503166239,0.917669339408239,-0.040169947920364,1.1644853845964014,0.9530427792416736,1.9875321153398824,4.053103127343896,202.19964982080555,1
-0.0028551595141138,337.0907025553488,58.97646010055238,2.143738528675456,1.6907240558286771,1.4326962919179942,114.24751445237835,0.0568005373782317,1.0121011417750925,2.5888433635339902,-0.0417942915547949,2.0048232129184957,-3.480662386898146,15.33658014567306,0
0.0165558536932495,125.09926850776996,41.02993963097958,2.001982391139574,4.400853296674899,3.150956675853992,5.232234525463806,0.0964338951716851,-0.0397035569066543,1.5607153840443309,1.1017063880818827,1.9263998430770437,101.23590205021024,12.444276777975851,0
-0.0131730923897956,293.7269935333959,29.09319402545753,2.051270727150498,6.909011074626521,4.174844207765415,18.374346186097515,-0.0149729266866377,-0.0525243844286194,1.3954806587465136,1.0127976085284571,1.936281220223224,83.73057513034195,55.09672478659251,0
-0.0781951895620609,119.95191469478138,62.06132948154632,1.038479760783613,7.815241765472594,3.8940566492930393,-1.4800609651760723,-0.1161133634972874,-0.0119194009336185,0.7538730216154561,0.0875533745239261,1.9464004388508396,34.0075786824775,-8.789724289941553,0
0.0175697781314962,112.70337904524568,80.75770724060165,2.111627193612234,6.677688425091171,3.451943221208245,66.71898167023352,-0.0248118037134794,0.9902710969272248,2.336333602107974,0.9658917103098328,1.987958263339028,97.30742224988236,27.014957428300622,0
0.1184084514636355,187.69620052143665,120.57689645357236,2.0243969863578792,1.951438756320288,3.623389641707448,29.822861449704703,0.0075968196504871,0.0170275451516788,1.2839395427304732,0.0688552115150542,1.968998787628412,90.27481772109736,16.809046235662592,0
1.0439425273122829,50.29361162749599,141.30157395551407,1.903432368407,9.606882572157758,2.168701685978569,4.757805677100848,0.8975147204142035,-0.0728055890263295,0.5626425887784738,-0.0267030382340045,1.9389944684354927,-8.837057178051907,-7.955007328019811,1
1.0700250228564054,126.35693989499686,48.0127957224803,1.9711750271078377,3.972639100126937,7.965508480069045,2.447356533554995,0.0496026859481751,0.0482537889990553,1.358936305036691,1.1148644594909096,1.0649153820230963,42.40631639404791,5.0649096721883495,0
1.003485404384354,-6.4354943891426615,73.72679652624834,1.98069434227024,8.615381573633583,4.127958189408536,4.27773619099856,-0.1191703639441632,0.8774432775489562,2.25681654908728,-0.0609300765668093,2.0135282625316693,6.402101926892435,-6.84875050059938,0
1.0023551241285962,78.21459645696284,0.0454840927701525,2.0581096538881867,6.656933542178227,3.740275629348001,0.046475512272238,0.0805262749300775,-0.0098545818064297,0.5800115596261719,0.0692122598279702,1.095972566315175,2.4504816997909487,14.444382745508952,0
0.9712468514566674,163.46237536269643,-1.3294210249713814,1.0590678746450786,6.0431139414312485,4.257419743808272,-0.0675350371324015,0.0282406647158936,-0.0836317108627473,1.8034540539987916,0.093091986836805,2.042979548766915,-9.478331165575796,10.034395699074643,0
1.0470188654464656,319.6976405183873,133.6224282253295,1.9510738153053269,7.429489095256705,3.883472690275418,125.9034736774858,0.9653878070764964,1.0037086256462158,6.350107766576056,1.0185010635514185,2.001979149602447,113.26348243934794,166.40039586468825,1
-0.0422334661521643,-10.223705942238295,59.24826851252888,2.111027906656057,11.1506444542216,4.113386396766571,1.3172577244850174,-0.0129513807047643,0.0715775413732063,0.980444993528625,0.0396611805806686,1.9912210718512773,35.63315398925131,-14.33023309893428,0
1.032469029899136,268.67759133588527,216.0223081976189,1.0474176442058227,1.2066947233841931,1.1887291207972073,-6.646770084281506,1.024801297101398,-0.0224568586728457,0.7080455816994733,1.065060594736058,2.066255917774386,13.41257262638107,15.326610423939073,0
-0.0201435412069145,191.4531922705116,22.0602901288567,2.130073363353304,13.097846852322192,4.730989235350746,2.96666942144806,1.0016842080799613,-0.0949411976341834,1.671583073865717,-0.0375261030625749,1.971019080715968,149.862925115736,242.62040281292929,1
1.0179844691925888,54.11772095474822,-5.2905361236701225,2.049757071558544,7.845593436983302,3.8470827010831288,8.628325308602317,-0.0784620212259104,-0.0592295003661451,1.12783030938813,0.0291804794802084,3.022230940257451,71.30349819934588,3.1637827082437653,1
0.9170445710354034,164.787199832585,5.507055098442066,1.1140398203483577,8.295915848570447,7.727625286896639,67.03587417469234,1.1029952107560816,1.0836036927093056,2.0170229042912338,0.9669279771184373,2.0503851428023205,132.12864976172895,229.2717015231124,1
1.1124125528935411,174.62438293736983,74.9506966884788,1.0844171230733588,7.115409782807269,7.626219621403163,39.28044315521272,0.9405038640458924,1.0326246281670757,2.316988559031285,1.020647230599448,1.9367229682102969,47.01983659494277,235.59225584201928,1
0.9930725104952678,16.61891119055298,7.3576994477925695,1.9803474060157,7.709130030981765,3.926685699656228,11.255331436912469,-0.0548415228502519,-0.0046607720124307,1.11087129360557,0.1166121479158124,1.986549352996284,49.63255454017497,14.424082212619789,0
1.0015701095931582,259.52386386366,16.31598004501403,1.9816699249781256,8.221800893664486,8.246705914761144,2.9722312104962327,0.9955495889250526,1.0862229602027598,6.333135014792397,0.1348736335041772,1.9400199616411529,74.6109368810686,136.64639457293868,1
0.9150510665261636,159.58318886370574,111.28165819117748,1.968643919003129,13.000578140145496,4.036201272022852,58.70966450726649,0.982708185830872,1.0590125795609262,8.771210206350977,-0.0167952298819166,2.007274080553037,108.12866746018662,146.7711395265474,1
0.9073560587922735,331.0887485460778,201.098653023849,2.1314247790462537,1.709487540326137,5.252636911929094,131.8929689360588,0.960941883729498,0.9448692090719722,18.44832155414514,1.0429642973794224,1.936819524591265,-6.805964691574431,-26.637836170588137,1
-0.0527050606152822,261.3364669120319,65.32240616296698,2.128987407944562,8.031144218009608,4.073275334779106,45.32684734805647,0.951005538977962,1.015977214247177,8.380443579066021,1.067863681558925,1.946131860227434,127.01905941862464,201.61417457546557,1
1.03972849991149,197.32360163337043,37.21375172162129,1.057093654864282,9.720106603065451,4.237484037658085,18.08954229629972,-0.0589616386921891,-0.1900276362278453,0.7302174865790487,1.0417182223913828,2.006786364497677,105.9055845149946,17.393101397895443,0
1.0647950847826873,140.21461161328983,92.17399950727427,2.0483742998889585,5.757376932539352,3.5986704253829243,9.289028885438466,0.0409126235996349,0.0809219313191839,0.4337847856708969,0.9322582691264076,2.020598688079211,31.507701649681994,-19.54792379370928,0
1.0213519910976376,50.51333044319087,174.6133530600742,2.0606313053324183,2.9228545082394444,3.611129123613608,39.69613877556032,-0.0236926740471093,-0.0012467831587543,0.484144531202872,1.0657214250705904,2.0348368866951363,32.456768004430245,173.28281787478585,0
0.8633744541715287,27.371686898404747,1.0650801031916188,2.0108779191820503,11.209173858107745,4.072938101267673,16.5605497700065,0.0214415251203851,0.074358960891434,0.9422500978156024,0.0237353159971197,1.9916614972198623,48.526038788944135,7.6974813194171645,0
0.0230244065763889,172.17369334770424,64.75116342487672,0.9300400873441144,13.350058990384916,4.411778004866192,81.88165258938852,0.0530821270599829,-0.1025572906309169,1.1193301117522796,1.1599081842767875,1.9610953493087688,68.59061088318533,78.40226001979228,0
1.03360758834072,243.09260571726955,130.76077367548524,2.03407196451988,9.38476127942262,3.957134405052303,82.8969067080851,0.0505497053737397,-0.0419415694988841,1.328928124363631,-0.0163520027970043,2.0106616570595897,141.63895485506902,75.41868687045356,0
1.0529914636568505,145.2771648887814,29.11820655016753,2.092974806148745,8.723544225958983,3.5057375936146493,37.30934641651234,-0.0764959899931738,0.0038716865205227,0.8343962410931067,-0.0251729905633723,2.027756121107582,71.35109117760078,4.443769098256304,0
-0.016596459717189,37.45876557704196,22.608447782346644,0.9760253960788696,5.030132844718208,4.09794954576579,25.406067512776914,0.8850841753136263,0.0641030964244082,0.8013331699484803,0.9954169516935468,1.9528412362637289,50.68639611485639,15.165744551458666,0
1.0436995542545606,70.24605096292301,23.96935417456833,1.930270756793364,10.96629606530319,4.019077795824484,64.16863782807661,1.0436589561459992,1.0060502128527995,3.9804122428764552,1.0825206646931111,1.973569267019866,0.0295855087584939,110.13105923950688,1
-0.0405850770273148,56.28844675437775,54.31842227133349,2.1604639499460814,11.247016150602834,3.604615213576088,2.7896636073347736,0.0381427325326128,0.099521735818493,0.2665368726544663,0.9907080407246664,2.0087756928531464,43.98073000063531,136.25600125509197,0
0.9814717770178928,178.45647039677138,117.579165230155,2.1217944349251523,6.764676486498626,4.105858325340847,3.862263270274248,1.0632469633297772,0.0838530355366676,0.4981895577315205,0.9942126399171718,1.91839546089954,149.76906997233635,23.50123283957784,0
1.043674956811001,76.84662387446284,157.9480024756192,2.123474018964534,10.49928986904588,8.001286394574876,33.081059154097,1.030150580039143,-0.0318703792825127,1.1903343987031385,-0.0126183771504277,1.9291451889679516,32.06607803479952,-10.992148141276864,1
1.016498226709702,137.44236918708808,26.227823280760425,2.016053531359679,15.005519458444834,7.506733884117541,24.024099369471507,0.9682636890347308,-0.0386319136419667,1.4913988655093604,0.0180603340271079,1.920500394329986,4.565356567334987,209.70693253125808,1
0.9265235821915218,18.52435846276086,113.95754094898454,1.99826235502894,2.1188889864562803,4.149558214609872,11.584003097364349,0.1098062356974055,-0.0198663306676208,0.7378966390866135,0.0360509255856245,1.917743685784916,32.53147011360075,11.690115330906243,0
1.0226656900685065,45.87381232984923,159.78296643029785,1.8612527696198848,13.132734037411556,3.850620448654772,9.896974868504806,1.0813330979123674,-0.097039568003017,1.481930352630003,-0.052391980993959,2.071733529346953,37.18502327750672,-9.984045234040543,1
1.1188897809667195,47.75061148166365,159.72595320905822,1.9334114093970307,13.320960909189347,4.199206691093608,6.9292850341964325,1.0039232483429732,1.0412774885032607,5.876795057238158,0.0961658975000911,1.984364258280077,42.68289130946815,7.763506079849762,1
-0.0979364424451733,282.5930426404177,183.93581940604705,1.860873481637993,5.979483931302422,3.6953179815377752,53.55165477879267,0.9192567451123386,1.031482678070067,4.011687741831703,1.1046557375710135,2.0003016361969777,46.6829057830803,-1.6901553848830702,1
0.9335948252574704,247.7675842771319,45.007275387797456,2.002756911103853,8.137859108391977,4.1624520405611785,82.84109509324571,1.1153645974153945,0.9550159757044124,7.635700753454259,1.1327060199340595,1.961886706043604,150.66344701508203,232.23459809164908,1
0.9303709802567152,167.8469761777996,105.50628717597134,2.088382653689127,3.3316649272454963,4.732400304133608,80.863029486872,0.9736494461789584,0.9800360852781927,3.8691439359168633,0.0492433958731066,2.098586237727978,97.72053869941286,121.6738123378022,1
0.902552548270756,145.0407398415454,18.730755881687514,1.0186967760234529,14.284037946738255,4.452855683717974,5.330635613277909,0.9555563582560398,0.9758419003169618,3.3083473095633864,-0.0078638798956355,1.982297225171397,102.14924083457616,113.7555287266517,1
1.015333007478108,-10.960056159171756,23.04746776521585,1.9665538499779736,8.25641781387334,4.303714011072768,48.396728542472296,0.9368570934718978,1.074094476390861,5.973340694031531,0.9757413922005342,1.9682661477135257,111.12663859620022,148.9848663456045,1
0.0828617348621674,225.4869883531005,85.20163688277808,1.9683065703083729,7.679428621078131,4.2074500236873815,66.39350844393019,0.0488285153515786,-0.0006526378158341,1.3103438411229786,-0.0313024786577136,2.0998685020781083,138.15382581360006,14.73961792835992,0
0.090171002420389,107.397570230751,71.7244312516299,1.9334724542832349,2.965041788162913,4.890785712573426,21.618820525161272,1.0714991099744318,0.0367532991692587,1.0880660322975664,1.0293878563089305,1.9613922692208197,64.92976111161029,-11.11722651777,0
1.1211324837570698,28.253374153314283,37.838488362609,1.0501092493681827,4.240029662102236,3.887668220620541,3.271283941915101,-0.1030062332687178,-0.0176744377742588,0.8389092998632162,0.0173511156960525,1.9751271895226656,48.26187240041271,16.034908830784538,0
0.0432435163161338,341.54784059338056,116.54158670771253,1.9361977073943109,6.675826454708413,7.642873837457129,63.92852475890847,-0.0049181932710287,0.0768788833587568,1.3714621022085534,0.0341585475155956,1.9819753352310692,9.404802336917292,44.86679905515146,0
-0.0395422903063636,151.90885921840507,34.3485438920661,0.9360186931796686,14.036311832726508,4.050868399277627,31.089693169626592,0.0294538417606264,0.0342208299827558,1.1936878177837065,-0.014066728242824,1.967920927145816,99.99804215861968,10.370155026593643,0
0.9816214562258434,288.05686977811934,64.40978367979083,2.108317068904836,7.043322484103829,4.878862625948521,55.49722407531933,0.9091202215531012,1.0413012346072352,12.504120186917326,1.082069631879485,1.9420901272837416,133.88019398363076,207.53324386435116,1
0.0069868583320956,35.92405993610083,28.2592991443722,1.084106478469962,7.461250175418389,3.780820302950889,18.179139573211017,0.1521141257653446,1.0226089661021414,2.290147602883917,-0.1001598905996275,1.999947596815279,174.52272797640586,0.2458630326012709,0
0.9962732352026188,69.48183908590798,142.28367500961076,2.035851351979252,9.356820469719343,4.218419040296894,38.57636635594766,1.014522416872966,0.0074456240757553,0.6516831140147108,0.0243275061137209,2.090861967016854,46.37490409736178,192.311597990541,1
0.9992387606793364,104.96149480403648,69.62795261903163,1.0049189401504268,5.840355453383416,4.143693391403582,43.81058181513595,1.011003785342764,0.8929571741568009,4.657386863101251,0.992196886264594,2.051902073607732,118.60863849747658,118.5159199226826,1
-0.1476890139443312,102.71523179065755,190.76648695939213,2.041549951003397,5.51435890008013,4.201215742521682,41.68590588258451,1.1167854240782231,0.9349854854663374,12.86305765495154,1.05584705164261,2.002571366534866,30.27087524540164,125.51780531568848,1
0.9600183987708748,70.37922830476786,160.08149187116322,2.0536942520979826,3.467473950979821,4.220671988634669,13.927050816136948,0.0055132447779416,-0.0389130330463904,0.5071691384741639,0.0964005283710494,2.034255176152478,-3.7959388590102847,1.4340209989584949,0
-0.0500222990451948,122.65694647105256,62.36555919906898,1.0225200710758129,11.315409031255,8.125481247226396,49.11118850811082,-0.0125061238845526,0.060611442720119,1.378003534290677,0.0935471239540135,1.976650224024078,87.98806449309049,12.779522825134684,0
0.9035876337532018,270.24697719152664,112.57911825683074,2.0497350876888345,8.446707151920654,3.9564565097788056,23.865196786721285,0.0104830316872908,-0.0605965447067394,0.3064840130087645,0.9297329769927772,1.9715670563572272,-7.048341534561303,83.76585812915003,0
-0.0370705353945869,237.88964052487185,113.93562349662628,1.0383737240569375,11.367850024822776,8.151816517715979,103.26049004157102,1.006481327997255,0.933254185450352,14.798871077072585,0.1609384886740914,2.0042861450147726,-7.214726852138298,193.9649974930566,1
0.8634278911899989,37.77624490342309,142.42843447266893,2.0267949348940157,7.921758967442686,3.890773787230808,45.59900398927566,1.0213674287186034,0.9519860802758816,4.022811911465982,1.0286359702110963,2.076958931263274,16.43940176413912,40.23423999055232,1
1.0008019993949353,242.46553329554663,119.3896216938056,1.986919624398031,5.402403614959775,4.954891260601733,68.93721613851513,0.906327233469052,1.037936835518802,2.2366068241616994,-0.1335288085576435,1.9945050204033103,7.88777419963337,126.54167554653829,1
0.9834002262777146,137.1900849384293,23.0675807548082,0.9159257163898498,8.775108999830373,3.575165290553976,0.9097664221246476,0.0783528971712993,-0.0022399630221457,0.4077376079073942,-0.1007926884397661,1.9896984584603932,80.76324047966267,3.236270379443866,0
1.1423433116025046,187.54764231794505,118.05972464384784,0.9965639551765278,7.983026661686342,3.825590867120431,37.648674317934216,0.0238242399871703,-0.0581983890559693,0.9243827384747432,0.9544045266678274,2.103000729347837,17.379286510330715,17.837394673144296,0
0.8886165783894371,48.123956747277376,159.15304967969712,1.9704325701730625,8.838132086177934,8.578516844971855,56.02254726385375,0.9279208058149968,1.0258028080840094,11.753830339022617,0.9787481922761392,2.0083006371708207,104.28312233472168,88.30331987132413,1
0.9989159400233448,41.8569685657738,7.133543941734544,1.99071917459648,7.5592479762358815,4.179126735311209,0.65157419048181,0.0366287964600325,-0.033680109699952,0.2688162739368556,0.1296699977471533,3.0692719016795427,71.11359122364016,-3.225722045027368,0
0.8991828297478671,168.84347234488243,20.436522994003774,2.0177682807136987,7.7269494358443955,5.247043101006186,14.503215917478745,0.9950681531497414,-0.0418441080737551,0.590422209071781,1.0320422793692523,1.048259690283964,104.62552486745952,9.506576575247196,0
1.0151143382654375,51.41607087931396,103.7986688056765,1.0147869392728248,9.032624792023828,3.808572919698032,61.22319022560416,0.9213032718145014,1.031734101393701,1.80634298784854,1.1314989996938667,1.9595334981675487,18.913809103806848,83.43252023693952,1
-0.0723416356855598,260.17544640313923,52.88030890900646,1.952794935025196,6.50567524440606,3.9674058987126495,5.622966010430524,0.0421250906814246,-0.0958682194791303,1.2132418574325097,0.1429638453276838,2.020879849299048,-1.6024509543968648,100.47440196087604,0
1.0817582779148345,199.5920794124548,52.832752584027176,0.9926031863466356,9.10732938859128,3.658187142990192,63.038913642323976,-0.1055889697334644,0.0450660449056713,1.1003570320366514,-0.1229968888268704,1.0157419240320364,68.60909879669244,6.627032212627768,0
0.0076718063264449,110.67152750977894,29.881773343811997,1.8542876476847867,13.894683206612331,7.951383209333487,38.41349657391631,0.8908322457242561,-0.0289914700995363,2.031568722051832,1.033628935578125,2.0252304926576,53.79263897810012,223.59518119923067,1
1.029590436427985,16.883359091041683,123.86364211573516,2.1507037195529604,9.791288583022496,4.09678301589514,21.65020416563698,-0.026335987532628,0.01847293003748,1.5117797157861028,0.023847413599018,2.0563950837549467,160.3430765233201,-2.619425488109904,0
1.0767649282947058,134.6673752397352,43.46359654163197,2.039370065113155,2.8199089672532764,7.933458440784546,83.19659992040329,1.0013780817778335,0.9629747572806278,3.537808328309251,1.072847652836166,2.05867598038461,70.04827240935779,12.783041257017077,1
0.9862924445545652,98.6117997963057,163.35547577841288,1.9711805106539615,4.116233921775854,4.473629554487182,53.20877919044753,1.1036673626001523,1.0475473349809807,3.9841273746341943,0.9955875055759358,2.107056802666893,34.64226695837106,-2.3516385483690527,0
0.9611968300417536,198.4692194239172,45.38731569853497,1.0965921596525772,7.8859387757763155,5.210359003074968,-6.497755674516007,1.0425774861660186,-0.0119736889780077,0.7088620401855432,1.0135239636915074,1.9777922508567656,40.30807420416132,119.04913893032688,0
1.0277824367525152,28.90642667289657,49.57262172202265,1.030279874698823,10.037597807655178,2.442108838082328,1.6272029575893754,-0.0228009854655707,-0.0621733311404279,1.42513581778109,0.0924504340675955,1.9977342172222885,41.047519282727606,-20.465978797369765,0
0.1025795586580742,69.56719388291998,126.62403748208956,2.089456207054563,6.371549100788121,3.864759473142317,52.35178092533653,1.085913304564246,1.0047914712447954,5.50819350276009,-0.0272854384018313,2.08836495497525,22.915391234800303,160.558056865337,1
0.9642314377609064,179.64013651736525,50.22858272566298,1.088518510497363,9.145434246729424,4.024304912733632,-3.100125170056664,0.0008937522914476,0.0009687079407245,0.1732744929636567,-0.0403213507326659,0.9855203445265696,55.8602488416235,6.02703358163626,0
1.03586932824967,295.896491482839,30.09116187385675,1.902975446275978,2.703672703948514,8.125858161620398,84.61728866678344,0.8951575014066907,0.0285935917792516,0.9939425509530228,1.1430662765875772,1.988658021227521,115.07967498736164,-12.806642261384331,1
-0.0958812737489122,157.35954805283686,77.77591643049011,2.0071779450856253,12.785439810942869,8.441195216357485,19.758534609876214,0.9017206234289948,1.0498106026534468,9.531550036815467,0.9568784272065148,2.0140557868348443,60.59833235313591,10.72887196861418,1
-0.0181915516208808,59.50908832091902,158.70457425551905,1.936703477558488,7.527673069562523,8.032461808227572,35.39943592156124,0.856487196359518,1.0206545782035854,4.167874648714852,-0.0474064508363747,1.9836774451748589,12.091129369035258,168.18357112159742,1
0.0336443814802541,104.69843562504366,28.17305396315893,2.029293144634692,5.386943191703828,3.859188180934586,3.436038741951627,0.0039307758722119,-0.021681489137886,0.9374182415318062,-0.0188314197379073,2.006833193693514,102.1790602986753,123.03278412653438,0
0.0522803897765943,75.12795223654264,37.8017276413297,2.03961036331987,9.521697548659064,4.273327308384399,25.16999239885472,0.0098861488117741,0.0390978053621212,1.1836931891952664,1.040457993155404,2.0091370272548064,58.829965454006825,-16.73063032893142,0
-0.1325048239083994,12.885249614569489,-6.400702263457148,2.015530390438075,8.447073435119291,3.727749557322186,40.43673231040803,0.06919952392636,0.8701197125731124,1.2008152040222089,0.9829519111356528,1.9663033231693496,21.967172825901518,-7.770269323478473,0
1.0342918799168093,266.3892920447243,46.5525289557656,2.006931939494306,8.11875336161591,4.230704162087422,61.02297572373087,1.003312706961104,-0.0600437589539573,1.0409223809274692,0.9979061030349125,2.008652500110879,60.26366066832743,-4.707212978752452,0
1.0540238572848009,112.55667689811855,45.05520130259442,0.9933787855803926,9.017431732482054,4.141157718550469,23.803982955333893,1.0142164289718527,0.04917019644397,-0.0198516204924406,0.9637612099946956,2.0550379697564147,94.78302070474372,106.17465903108176,1
-0.0334325901934899,313.59974505189496,115.88833768680522,2.0516460905549625,3.082111222351057,5.38465616986506,65.39243469256739,0.0350333760653815,0.0375408050645927,1.908053516254583,0.8724552033811337,1.9794681374371488,26.869618563788706,17.84463342629754,0
1.0032450099509134,186.10000809255396,91.812419575117,2.0406630577243225,8.40129867096549,8.35555000441775,105.44528019757988,-0.0095337289922318,-0.0127229783076362,0.2194556008471875,0.980300704802427,2.059855724436237,2.6417886838870643,-13.667159110234032,0
1.013302616437113,50.73475509742866,57.77514338403833,1.0804461779876648,5.860587902351724,4.108538650882685,1.877074188568052,-0.0866327587209971,-0.0218007961623599,0.3516562693855785,1.0533901103322734,2.08945784826103,29.86075602368544,32.874703297225786,0
1.0930659625922172,111.43510340434544,129.98957705958566,0.9393059798566764,2.1111603225769,4.131253047153542,83.14595926041648,1.0351641726578358,0.1686745647074561,1.386984257362209,1.1101148856353764,1.0081926533795325,31.49351151859615,5.15446757648904,1
0.9590169762312236,27.351053168110937,57.45749221338151,1.9350285375306395,3.3998686570694447,4.018814446134056,26.697645536340744,0.853263697831159,0.999085807811271,2.86637593256217,-0.0077290571952334,1.9987466806697385,39.56031242403816,104.3259244737747,1
1.002107023078129,41.78743421372455,16.46131786193979,1.008975131369951,12.376454978215016,3.5334480976393143,21.460731002032155,0.051282142056672,-0.0273187386323757,1.1775825914787146,0.0140591892369087,2.02698204357234,57.183363450702245,-27.39359175564636,0
1.0886947819122903,276.8446778033641,65.7361371989318,2.1271330009023304,2.8955194913555724,5.905377562115214,18.761017294292767,1.0191189075998206,-0.0295183712133212,1.2251539107445262,0.0624493181025448,1.994897745403698,171.29047714128953,3.60585497574116,0
0.0714386868483469,47.15974861894362,136.21833810662517,1.9697112352886996,10.907924915419262,4.223903068969269,64.13184224489343,0.970508955700576,0.8798516425060753,6.068862973827834,0.0806393159667695,1.946360658124468,69.41862434981462,239.61259527601743,1
0.90109142907912,143.32433575932285,53.09821841357567,1.9729746312831624,12.48438154576041,7.847566653282484,80.51688865378986,1.0661846228076604,0.942358718045936,10.661285754949024,-0.0299408280259951,1.953268900750455,127.05105454229094,113.40615300268416,1
1.0437630619207785,118.53612747699512,51.030508365517335,2.0081404182573985,9.635247382706122,2.042794139168645,-4.660619584850778,0.0513163167796136,1.0240044199031395,2.965195359314886,-0.0291737079715362,1.9599244452685491,112.0339612771646,153.23939036253805,0
0.9835832430711494,143.56747840187018,20.26644378304637,1.041892864098521,3.37509075343248,5.314769259605017,11.639673725552882,0.9970344906522808,0.9977420557625526,12.020770034976916,0.7881839492038907,1.9571389720813968,43.03832883489569,15.17124373795736,0
1.017378685425614,218.09120360857585,54.55847373117882,1.9809096668096704,8.764663759746146,4.069263678142657,4.237044425401052,1.014860930214091,-0.0874615307024968,0.395925135518266,1.0298102582345914,2.065915463625184,132.05433546504588,214.51431574360413,1
0.8708198172633648,147.5624654987853,-8.461241326966757,1.8778403000402035,9.064583525933667,3.3302226473362304,23.800148794286294,0.9597538163111752,0.9383117990465694,2.2397174250133274,0.022837402699623,2.0400327699762486,75.20462192358855,13.430698624513331,1
-0.0039019366732325,144.0741458643436,32.0480989154111,2.0778338314012306,8.818247040673684,3.936107006660508,10.617319863752536,-0.0438419096991778,0.0436819086759609,0.9468409060936156,0.927552419028116,1.957143793045435,112.01004286327256,-0.704423621266919,0
0.8329923140220179,84.19751671964613,46.44087748538131,2.0947560667708665,1.093564697032955,1.2985334281177798,-1.9123323111780124,-0.1163127751009475,0.0193501057671515,0.9796792196609636,0.9632649102012508,2.0037919336907573,51.14376519527615,218.0932847795377,0
1.0198611742328274,81.59513912425318,48.31287259780043,1.9554995177198224,14.332300098007998,3.7972929610305752,46.50886906042556,0.9815907713321016,0.95179409723524,1.2420972088835307,1.0189231289206768,2.040096355625692,129.89070249940906,45.39509968308985,1
0.0384053423842133,75.69443682394326,141.11066844622638,1.9021221408136384,7.23584037944949,3.880856839620744,3.539369976459064,-0.129007385918622,0.0608017906082358,0.3430767366882508,0.111601242586841,2.0815451647327103,-0.7172962709962647,106.78320075680423,0
0.9238648315147856,111.19173786650632,106.7290738043354,1.9565103799922143,7.67466991217898,3.977244651813725,27.75993170990588,1.0362385704277564,0.9995720009501609,3.195784021601861,0.0543907813211479,1.9976280096494736,9.036311917199626,-6.711771427037455,1
1.0176944557273082,97.84953424575389,15.306522833063369,0.9487453956905368,13.751238226656188,7.545197642772085,10.81467129457383,0.0989312899954434,0.0638256692215633,0.5840668250944101,-0.061022553710187,1.990591713760105,77.04155020782768,-8.478957090059552,0
1.13179587503055,69.94831756086336,11.11673830160477,1.91116391912068,7.739965834048989,2.799225791247121,60.00319520658943,-0.0438887460928878,0.0562557288367976,0.6066756509440951,0.96617372045616,0.9890019388304012,9.881011381647989,-19.592501301014813,1
-0.0314315790380339,288.3008775162741,118.2017442184016,2.0410930712853745,7.702550164529701,4.342772185366646,92.96235778570664,0.9410710417339732,0.8748502840832565,6.500359858468819,1.0185092033726943,1.991972534865508,-0.752741842965932,162.26546548201378,1
1.059969300851067,222.89263787690183,89.70423598257874,2.061100924062417,8.821048972998254,4.7697956369766095,96.36668091419732,1.1634271502633906,1.007143371224391,18.10262931932433,0.0154593916136376,2.011026283780145,34.886763758649195,170.27041334946645,1
0.916960052114425,291.5305077976375,46.5665843043773,2.073881084804541,7.065378582667284,3.874539221035909,42.75588997003921,0.9025229094463249,0.9989793126544094,2.3452417933516414,0.9704466800691798,2.041443674845111,2.758366522909668,-0.1502526563032304,1
0.9357386251326184,321.43478617006394,140.6877920598635,1.9890837312201504,1.7023893584133285,0.776418460900492,125.49712871051683,1.0715200472640396,1.0600431284401235,11.903478514097111,0.9784087446825512,1.922119381170768,1.6934148008683252,97.4689544479064,1
0.0327590935233191,60.03031134057785,126.24961721687453,1.938187875075866,8.484982939975417,3.9850905864688393,3.993355338240079,-0.0510147656741998,0.0907225559638166,0.9065524343601834,-0.0320108934459768,1.9842281257478596,56.682254063720585,4.982007451695999,0
1.0905104431228785,96.7714817822974,40.36470558789169,1.000895915569581,9.006226294707998,3.970712214142064,63.46452074089064,0.8887027327391593,1.0068775721221674,6.5353574931522775,0.0064266853723376,1.9644352125123128,16.393102500231493,3.55299759366585,1
0.9041973048994107,151.94423561617336,71.74958521641231,1.9947858438810435,8.810897932463686,3.854145248231421,28.407973162620628,0.1038414719990553,0.0329776214109483,0.9349921606999048,1.0462695132636428,2.003305327524288,100.68413107829448,45.6841214023918,0
0.9473233197724044,258.5305558862491,153.89606856065868,1.9598934138771225,14.545135734461944,8.345667439791246,114.8211998818615,1.0396632825396643,1.1011775501751355,7.862637522624213,-0.0237586076069762,1.961167296158748,1.824746075310628,-5.226712296085488,1
0.9656512097729664,158.21196174836695,109.06196267109598,1.0966828277775829,6.657275853470042,3.879097439378609,111.00333855132992,0.9414072721736686,-0.0735811345414823,0.3068052277340323,-0.0327018507318414,2.011179703324309,-12.225000304587184,0.4949137033830197,0
1.045872992858378,134.38457823440285,187.61244516811803,1.94011488538618,8.520679767730847,3.5116003412939696,96.2902737493441,0.993748075469646,-0.0326506825453293,-0.7873313260138408,0.9067822715460194,2.050201856046117,145.40244306127693,118.9291341342422,1
0.9788607673338646,161.143459323262,84.33046567545487,1.0350552627755372,12.554329398639812,4.226190062406136,48.61585628866706,-0.0046362487354678,-0.0997650786276228,0.1868016299035284,1.0580362886634744,1.9973240004529431,44.06548640875188,-4.814667041672706,0
1.0774248673643692,196.8579520443813,92.0410535470395,1.0234005424114971,3.3850757767520125,5.680110821719991,115.2874924126406,0.8816020825529214,1.033145933830527,8.690279923130923,1.0898833215432788,1.9808925899312464,76.05851473865425,11.109008487238016,1
-0.0287532016650128,62.57344723399965,15.706717944769151,1.956160932037445,8.928010746592106,4.12358756589466,38.59393012194194,-0.1179124113579439,-0.0642418781094167,1.7748523327424106,0.0055884108045113,2.02020395928037,75.19161620993823,-1.1861195641749092,0
0.9201071833102468,113.40519794031668,8.946359510625797,1.003756518494066,4.302952785439677,3.943955666380821,4.514596546684366,0.011846171357,0.0577166949296121,1.4880166450393275,-0.1210604287779631,1.899346037841372,82.9295837107924,197.94187163818185,0
-0.0837606287060225,294.4562388881168,184.6084061597773,2.083193175504686,3.226899049527834,5.233696149245217,84.09427915056995,1.0392540393827532,1.0540765500446336,9.651287993911488,1.041817006170792,2.025359248270897,-2.801535700123175,-11.234080943719938,1
1.0691000776122306,232.23041089847493,215.10004504496112,2.043667095418342,9.472869732246124,9.29083475907251,134.80395483952142,1.0076362162622898,0.94342937093771,11.480418171703842,-0.0401819787755416,2.024302517136136,-5.61054656120487,162.7672878125527,1
-0.0210437389809703,117.25541054699464,183.8818718995071,0.9592237540795812,2.0336405781440776,0.9857619769505264,56.62973686222316,-0.1047665448368729,1.0384535520729377,3.2524317337037805,1.002223408959063,1.9881753793460613,60.92206454313884,13.793591765000642,0
1.0536716682273854,235.38568450754923,97.61144344380386,2.1425037955195894,12.932598801749077,7.345239036329186,98.01553803637847,1.0922912243008245,1.0410428164479142,9.15052383234205,0.0753823907626143,2.0216984116232304,115.42362604606504,11.01836474768011,1
-0.0504758869876701,132.3379472871525,13.245059433344691,2.1110749613551336,7.878278360092264,4.136050339448556,65.93819340006752,1.02249777450613,1.1071821035403822,5.24909231458633,1.1791668964484587,2.048691087018013,103.44716031397924,187.5281671673808,1
1.08614423385808,177.77274853915293,53.71825770852496,2.0607620939178357,8.271791817177617,3.8146940429072247,17.38450926271512,-0.0557866615664349,-0.0040595161705614,1.7049089770806418,-0.0774685029284348,1.996214399505084,150.67031987229927,-8.947129034223416,0
0.8976447472050388,4.594091077082425,202.66216366132835,2.98660322850776,0.5798413872103811,7.211144120269412,-7.740550200020145,-0.1183514209815498,-0.024777277814503,0.893778671066995,0.8912878230026067,2.972824042368013,140.2257754205644,235.7144868161857,1
0.9395152625089588,122.01820947942085,5.1022481086597935,2.103412878427445,7.981618333293745,3.653010626775053,32.31198893703518,0.9399432765725806,0.9054129004465552,6.05734400374892,0.9082322655218822,1.902342558327214,103.37358425211758,-18.644557152582856,1
0.0021847215090857,31.751373772513134,141.59628376539678,1.9748720991003232,9.040229768445975,4.010275137220055,34.29091963686529,1.0600699893230634,0.9275442401400584,6.868029169184393,0.9779323423325984,2.0160392701583465,-3.6589224967066514,134.7076676508935,1
1.146000910729792,199.29164848412177,58.74000691793145,1.9807611878139,9.482290898390076,3.846387607939152,2.294005221632446,0.9990443256111043,-0.0422105475390222,0.681799029466895,1.0219212077366069,1.9562457004618032,88.12484222284255,71.8615092855489,1
1.1010803075293123,67.88939871779503,50.95526880306002,2.0625391910739723,7.919327116092338,7.58884186263672,27.57167238691366,1.0644129229831898,-0.0935463757342245,1.2370675936988218,0.0085458309750318,2.01689156318875,140.2621925794391,66.8263937397573,1
0.0280127905430929,317.38694583224765,90.6674415365888,2.0837517145251065,10.80331050278478,8.220244846387931,60.91610279300295,0.984608761711946,0.9295006014790752,6.794978827404722,0.062800063078071,1.922634237862391,15.005129857303054,122.5904509946492,1
1.0826111476484834,202.4981896162519,78.25053499619335,1.9873331887568488,8.456673184164204,4.602559093535756,75.91692817614495,1.0617125962875615,-0.0447459173578208,0.7628118233665422,0.8612320824136099,0.9695888779955316,97.94765315059806,11.137725368160268,0
-0.1124687234549525,31.549925402603165,13.9958480319046,2.0069075012341164,2.293737674769406,4.157140116908447,1.453023539625896,0.0075046392859626,0.9789175326037948,8.164099935749517,1.1481433611519805,2.002083300130528,86.44256645210925,25.930833690307992,0
-0.0511848862227152,129.10068856473572,25.45548275016008,2.105022440839426,11.01041342221002,4.052788866149401,23.36862818778793,0.9988178543110168,0.9098182638592776,2.897307695497303,0.9299730827330216,1.9875752411271204,38.291751795990194,102.7088790883078,0
1.0046235507254353,55.53088136337068,1.0635126742813696,1.9183518328673828,1.9732325612994368,7.86096145880164,14.266613681190204,1.1159068632880509,-0.0061092379544401,1.7680244497336777,0.9601476301177788,2.0109633994336127,0.616244108043027,-17.497891595064594,1
1.106627874441089,259.9979228284717,110.97760076402751,1.9802017713192943,10.667939970837516,8.509693344596489,121.17731526901352,1.0603010895923597,0.0091825200729625,0.6453203682924369,1.0008208016990547,2.064317407539432,30.840878713619382,-17.64881534547171,1
0.0948653241429322,88.46130877828861,36.90751350165655,2.024957478877916,11.027010868202622,3.917784196322943,12.99923835225218,-0.0233559355044713,1.0644034975072607,1.0406328330246466,0.959525563580579,2.0915865446450987,64.66908219175478,9.399217947372584,0
0.9572138073112004,277.698287882788,127.92571321832966,1.9907449250179172,8.443480289236263,8.378046741030616,131.81017982002086,0.9770988282205652,1.0476201731803028,13.134792299094016,0.053796030994812,1.9397891996400047,-0.0076119166525288,137.36759172430806,1
0.0863844370641018,-3.3151603998319388,9.654272218400394,1.9447052177245636,5.698311919184168,4.443810320353228,4.563362929932239,-0.0418950585945311,-0.0849852723939681,-0.1318613455947495,-0.0935139137785364,2.0050145948177263,75.78077680459907,-4.105787549941404,0
0.045445998660931,142.7374698324435,159.58463027376646,1.9822821728128603,1.4304203597408476,0.9936253023120588,7.190674613467827,0.0985366092174009,0.0889882464610315,1.729018369326932,-0.0774992883220108,2.0216169870677803,60.79741184146418,197.03119147320103,0
-0.1459058236346612,97.98329180906728,72.22709989708035,2.011792074395959,15.162832559058517,8.37048030906467,28.27495011616684,0.9279218536565744,-0.038068401755333,0.9426452641083228,-0.0579497140731958,2.022415539629151,119.46892049972084,-10.858585661320667,1
-0.0115805790324833,206.1131516507912,96.4400673252372,2.0039331799970403,1.4910355797670558,0.9703723225393626,3.173266117558846,-0.040576316145767,0.0424541769336948,1.227212834592728,0.0647064570602422,2.0319555142699324,57.07258450285356,-0.0723908057826747,0
1.051132291576806,103.89219229421516,87.22144683111296,0.9858223531842812,3.1885432631673085,7.996136085643118,87.08460863845342,0.9054226758112114,1.0021834697103644,3.6221277081877874,0.8345236701040292,2.0154849094461262,30.229222005080043,-0.6674239337169183,0
1.096053808292235,61.53936774774928,-1.714560476057585,2.0036825980327064,8.11080809238677,3.691137877238545,4.80314173797764,-0.0270472488717609,-0.0996433138543538,1.4060625064063026,-0.0421297539045569,1.9817984913262876,113.8001062419327,14.462210667107314,0
0.0916708375064699,336.1261344861847,201.81170630517352,1.974413877238468,10.062799129116796,9.220042064878452,-1.5187887554551978,1.074661195614104,0.9262594986238286,15.178147131689324,0.0689530782895087,2.0295627278564683,14.257026417681857,195.6812958619569,1
-0.0122602775180932,200.56545615064516,18.37416410464374,1.8954463888795712,4.339225767007864,5.188507191635682,28.6150925654212,1.0305467245557622,0.9762132849888482,4.476209074948706,0.996595233216995,1.9781824429480308,72.84248875811201,23.01760302693542,0
0.9832096600105088,144.09113010765947,208.798436076788,2.0327895481571,5.020916953927685,4.13557706763622,92.71340386479216,0.9833981697817958,1.0738842373342703,5.58267110930883,0.8889788771947085,2.0063228851958,44.84955488589721,-1.6126295462053974,1
-0.0115574417907993,217.9476455171212,85.54377224354907,2.002399805433487,0.9509764386136652,1.0011336775669104,10.359481190751683,-0.1737836148439688,0.8514689523620325,6.671531987234962,0.0010857349362706,2.0309094097768674,4.272585378401786,72.81312097369351,0
0.9592661262643488,307.5312142334664,194.3954289748476,1.815016654481185,7.732401234175578,4.322219214702702,100.84193908073746,1.0084427459933103,1.1176393342880158,9.540039687563985,0.0001606105908088,1.9415938060908136,12.256387540588214,0.091978297014208,1
1.048184859671593,149.60717552098188,101.1383032544104,2.0358809919420486,6.976435122778319,4.123302077683143,43.04587233110809,0.0276981096206554,1.0496020534784822,1.595028091923064,1.0038736493687528,1.9720691755967104,142.35788471166958,30.742372878751667,0
1.0579076221722912,28.889751866486638,18.06241802873548,2.003605999415955,2.2739028938046,4.109398288182977,5.430177933888487,0.0303409923565902,0.1658097152651786,0.8364846910959081,1.0313485262798088,1.0563352495739122,105.8877133654253,1.1276662209492514,0
0.9872150357854558,162.70896526847216,61.77203436617566,1.1026384260101794,7.041808809992863,4.137624245766073,2.54277982329247,0.049350863629268,0.1171593206423973,0.9206083453501264,1.129269332907663,0.9726069493533984,29.285641920777365,6.329562364189307,0
1.1048064539770792,177.7182612134998,93.02447990665247,1.94125443559232,14.955903145327634,4.1601561127717535,82.89896366510708,0.9499336781493471,1.0190554546108506,2.9894717731019944,1.0522897778416769,1.95729007088642,102.5636852637578,184.31624077974612,1
0.216416765816827,95.18714825843873,70.27092216854157,1.0453826857269295,2.4429607623587586,4.867437309930138,78.2437191622403,0.0485187866596573,-0.0129251755901558,1.0835869146265518,0.0812704479412777,2.0386600620492112,67.8812933595753,103.69949705432646,0
0.8920650166809555,194.43759020223985,209.7579602700667,1.9879610734941435,12.721580361476494,7.105097359123207,94.56613487269593,0.8999287527639239,1.0695718607176534,9.797458820679488,1.064502839033521,1.9635337599670677,2.2247406151177813,64.83554837054956,1
0.9316432508128402,353.9587225292788,133.45389902851105,1.8227181075130845,1.3581708051373165,0.6905404875956167,78.54372944709607,0.1043492397308286,1.0012439112845768,2.6021627178872864,0.0114940027454205,2.0711001144676198,12.652863554736818,6.91048667518811,0
0.9180436410694084,76.86443832230691,182.22287801756835,1.9701963518679328,7.985844951220214,3.879716617811869,52.85726444931206,0.982382677864752,1.1824217603439202,18.841817606721172,-0.0637439367433743,2.0290044993107608,63.24793298363981,139.64407151571575,1
0.0283688142259616,-7.360951447924037,143.7858792440995,2.0234988635269837,6.3070031631215215,4.0529356995341965,44.58586391239348,0.1104019358367378,1.0909817332852298,9.2662253027724,0.9762763677053778,1.9926253681357304,-11.120159231812336,12.026251829694374,0
1.008053594694699,83.255488670097,29.15944233571616,1.929991321767612,8.09700232746126,8.385212706646863,-6.445607911378339,1.0134590037977638,-0.043439867614509,0.7758228234338587,-0.0676203951175691,1.992405913711772,75.73690395089436,-12.77767929852643,0
0.9510023376863695,206.6925380986469,48.64071465921869,0.9209192218029928,8.97213380862453,3.7337618672882,-1.0351231223802344,0.9414737141702932,1.03876339575091,1.8596282055122992,-0.0133454983330777,2.026736888929309,14.01743960311088,153.96804877269784,1
0.9366879615830755,36.94452584927178,7.024016023822995,1.926620429038384,3.756146722720394,3.858295834498474,4.34153795409793,-0.0236587276480646,0.0874506814915305,1.1204838694100925,0.1847295759421373,2.007636970874073,95.9934671356152,103.04503334746262,0
-0.0863244231006016,342.68762589533094,195.60967800912775,1.9299139170302508,10.840261272570729,3.860913310915006,115.22938552240988,1.0711493547398985,-0.0582762396394529,2.0492086913600955,0.9009722448060228,2.0723542618882766,-3.0317222958308747,228.9889594608189,1
1.0375791475846012,67.6282889517231,161.9163153263611,1.8989755930311396,11.21447241779439,3.474464869917177,62.09381274019007,1.0096362398364256,1.1771313258451028,7.334722487948443,0.9923275932890684,2.0805443487245263,40.2414496377275,132.413827866719,1
1.0415677878835936,201.7047500974601,51.209155988095446,2.0340760410100978,9.411653514578289,5.059896117455027,6.223173254846508,0.8917195123635627,0.0444636179170044,1.0255034150506757,0.9690885992175324,2.057230475148537,44.12294670127376,18.91399969796665,0
1.0735238354952008,131.86816388060438,45.0589185291519,2.028699596425891,8.779035780927044,8.250763229815565,20.81113493027716,1.0590997696315076,1.0144041107226411,2.2276205836600105,-0.0472615228270418,1.9717480711443405,94.46977477785993,56.92474600761184,1
1.126243848490977,35.84703400864443,157.8680967557229,2.0162114912279887,8.07576713922399,7.626341590726312,27.50952322936449,0.0165711369299694,-0.0308769155738782,1.204201133324288,0.0015924060218971,2.0346532478924315,111.58708646431576,15.821361192161008,0
1.0101720579798403,143.30932917013985,53.44476813867103,1.894883468979592,8.778866961140832,7.768754691082929,85.58734537159398,0.9534468987056196,-0.0464175557848939,1.7336037955953685,0.0742775334529017,2.0093460345218648,97.26526646767132,73.85582710670639,1
0.9296846654094312,189.19574111450643,84.33907759465004,2.026492291662828,8.094168111921466,4.210408202047772,33.156665322487456,1.0035194238026224,-0.0643847621825004,0.4077473818754962,1.076672591523398,1.9323131404396177,76.36348495656216,-0.8000683191174858,0
1.0792465383859668,156.72257747014393,196.2499571950944,1.979738261821807,8.393065534304766,4.121491317911321,103.19585442799637,0.9839414683121036,0.9722607915725264,16.891236148488417,0.0541433575861283,2.037655733908469,-5.960686578675308,221.3067534772619,1
0.0795504340720479,355.78007417949664,100.844857728392,1.9798132635053045,1.0913793020058409,1.23258252265265,5.955842790122819,0.0212700392316564,0.0434301485248559,1.038785013512774,-0.0503600127579977,0.9882981070211811,1.1313717216953876,0.6221226571744864,0
0.9219130152782572,323.2990159599557,118.03767914377102,2.0307563954686985,9.82221477874944,8.80636239228733,1.2807338658078322,-0.0859296461732643,0.0318207022509315,1.6841758432545983,-0.0059192795456386,1.990923459479444,3.583277342388577,-9.102918418938836,0
0.891441183855161,285.88422639269834,119.5379947737633,1.888698337235238,2.56071429045517,4.68730618707668,108.17893592917594,1.0450333804523153,0.9329247716707268,15.842633705165207,0.8611250430727306,1.977858776815555,3.759961250123745,221.9888142781739,1
0.9167284659869794,95.28011479844662,150.72192800302656,1.1052481614049383,3.704178195940319,4.974751258186693,11.352282809294165,-0.0072054760485045,-0.1152836944720276,1.9090207960766716,1.084362205143107,1.9985963380529048,56.52477576415602,-5.387449379944435,0
0.1570889980527455,0.7876554950879324,89.57780649699282,0.9997621955867908,7.568739652222497,8.268715686348024,69.42849201545533,0.996422257350889,-0.0200862041554671,0.9322971029500388,-0.007831184973091,1.9964897137956743,84.69951435307954,3.750776794341242,1
-0.0774980542982471,334.4160949647112,102.5944435339882,2.054543485674017,7.01556922240442,4.116033490025143,73.06065094436917,1.0589678164348069,0.9481839448989648,4.375116824364134,-0.1315260238999234,1.929898732477239,-5.201168247002592,36.166387174252414,1
0.8909799565748154,33.18983579119836,69.20406349381355,1.9582662147822996,5.848732100756237,3.558830439208766,25.749284970499524,-0.0294472514422317,1.1014723655560037,2.031234990964866,0.1068354502036095,2.011497209949209,29.90224539687924,29.83549152171697,0
-0.1049773348339452,223.6240110992732,178.71368468362977,2.0292055249011645,12.720698807595266,8.097068363235476,116.90837320697432,0.9853230410471424,0.92766318091523,8.760609190607187,-0.0300873588158567,1.9737074900531,-8.638045531606807,238.3524596251301,1
1.0408275425517317,270.1305858872386,52.37594524793924,2.028304696140125,2.962807448943714,4.131096867572071,9.508705083006369,-0.0222188886129047,0.0049382432417315,0.5782516214115865,0.0739561248349249,1.947224408043929,62.41191624304951,-1.0774011830793595,0
-0.0464364996638746,349.7860690579865,214.93481668676012,2.0062918131708787,7.480743408738454,3.841943000432124,93.39901147454717,1.0028112143479089,0.9932566345712144,7.981354862870507,-0.0160212305602385,1.9354145401333032,-2.572968175065334,209.9660663658983,1
1.053653454757196,189.77282459910688,64.14231634684656,1.0421381274650925,4.287484393804851,1.2593525631448927,-8.903815813080413,-0.112458323917022,-0.0546177996624631,0.9214947280523348,0.0290072441050446,2.0145423183891524,45.72759051595887,13.514409955304536,0
0.8780402977178596,22.24146623289525,4.926591155124385,1.9698040325987731,12.110210625022257,7.163943181595455,9.95387695713207,-0.069755375138561,-0.0741447143358382,1.0222571398462177,0.0129296133154098,1.9168567932003917,67.7527243834523,32.15333437953272,1
0.9915375614123898,94.63029022041192,80.26804753878179,1.878403763137724,8.641453890688622,4.245056204099466,37.81784515526626,-0.0039498486517085,1.075239429018563,1.1103045730591456,0.0532892995752762,1.9654600304489296,-10.423588533332849,10.750968324322614,0
1.0838627744093587,123.42515254727658,164.76255614849748,1.9966903026801843,6.155251052370979,5.290505737603734,5.162314853265563,0.062028556483762,0.0138874644405522,0.2047559452553629,0.8942381268499878,2.050278858938454,173.27323240047758,4.518532894850921,0
0.9284833864768752,8.093045458091098,52.87274461047135,1.060004309893197,8.992432554324951,4.154182344508733,51.9758636580809,-0.0669127221032656,0.0008497794034316,0.8190276852960228,0.924139341669142,2.091762674854404,48.34892010387239,19.378787246904885,0
-0.0720341813286749,86.05253665007623,182.5503802436138,1.9382839163684848,14.013292876519222,7.587417939557357,13.013190314907952,1.062701670307737,0.9677225255854206,2.849402931280682,0.915565232424155,1.9709603718366748,114.16174967743996,119.7946153475965,1
0.8508759103645752,297.8179242167878,21.68140604482596,1.0073358229078777,4.101786871205551,8.582611765808497,68.08933272520449,0.9979447122733308,0.0225916031484104,0.5547585517958638,0.0021169869702651,1.9283391211317769,72.75304022347285,87.57288736626853,1
1.0003875753300968,330.517756979426,112.31414894872756,1.8834361938095576,8.825652380354226,9.40983712417885,125.92152949963298,0.9213874142387524,0.999777401946242,2.61651959000291,1.0313287750879965,2.0066388335647867,8.575739205254308,-6.962100920593024,1
1.1001873901563552,336.71622962286955,161.19738243564882,2.030277900836019,9.537338645938403,9.348289581805286,132.96904998953087,1.0192137224034843,1.0509775748249803,9.041835230772906,1.012776273871861,1.9949369819708265,15.436582938578226,11.542770678387235,1
-0.0130601012029657,223.52327075054683,36.567938050169175,1.890634665742573,3.0818663326176337,4.633727683212634,47.373387010589056,1.0865117222654566,0.0436283151031363,1.6949498193046264,1.116565528690511,1.9653849657628613,11.369151322623033,78.03133334902611,1
1.0219489618020423,27.29268898218305,82.29643276668294,1.932706668193883,8.739491376043537,3.819194149719209,50.27437980075669,0.9540338201646348,0.0653717184537982,0.9885207812390008,-0.0031616252685335,0.9625837616149882,37.593370425433214,-7.336757319812492,1
-0.0687135976707905,41.54558477035326,21.50723540905102,2.007180177552212,10.58858451101513,4.350461833184541,15.30848988623281,-0.0317774155725206,0.0389511535890185,0.326578512327607,-0.0081820081499769,1.0487818746160236,54.46036066010375,14.592397450256676,0
1.0056115117977815,35.399240431060164,68.36584921652036,1.941720005731412,3.633771925434232,4.187114993391469,21.386142352949044,-0.0365687683873615,-0.0482060454675788,1.0760959842269378,-0.0306012299296312,1.9503178593384944,60.69949089800216,4.700321029146416,0
0.8706243461756261,254.65528155489272,16.6692453579917,0.9297068674105092,8.34851997214975,4.271274195109269,10.69083810242729,0.7704637532006705,0.9051554010119728,10.14062237731958,0.9591547358084797,1.9111312813844656,110.54483604406988,70.1455272372292,1
-0.0939208062915152,77.72387774851785,23.316424355932185,1.0140060061445246,1.8695862467138875,1.1459314605786828,71.92911732372391,-0.0419884825944014,0.0023039559438519,0.8475717631844857,-0.0587396198557936,1.9870166255112796,99.37230364364828,-7.359867848103065,0
1.0007208066929183,52.04341485236313,12.120112390363616,2.1165677731897623,10.913576739029107,3.929020350664188,46.06866617458448,0.901358144154652,0.9230663975123594,2.6790934108632274,1.084885749612725,1.998516301437332,20.64746901781173,14.364755301932329,1
-0.0893892887173919,-11.786354121866452,11.89732440537125,2.0320483049669047,8.078631713262403,8.206200176975056,34.67344965514211,1.0118776828774825,1.0464239185471509,2.8129309650886785,0.0341368986594642,1.970352689505847,29.488571420247183,-3.1595507677521866,1
1.0839821151484843,170.62653989550984,47.18800665916997,2.0397916138365293,8.306608394312903,4.0923938446269945,36.34452406276079,-0.0872681070751616,0.1490660619611083,0.41981176188458,1.055992849516034,1.924424595103112,91.5648848113056,17.522887740113447,0
0.9109216300996196,217.91821570420728,117.47740839831692,2.1188766529091505,13.21737132701207,7.884460782918363,119.17215806054024,0.9820569295690592,0.9719281461354664,14.420397525485392,1.1052598116311732,1.8862702292375852,135.51919892092627,-4.053128448561559,1
0.102534193806557,120.67391708858592,193.2462454085154,2.0494718188888053,11.770590756471174,8.217423668597112,77.77024110622963,1.1505733922203416,1.0790804480271712,2.69187888304639,-0.0769485818457721,2.02261032478753,-0.9248665716428306,216.59574579747388,1
1.071275170031848,291.3225979538646,76.08236502778544,0.9954027764749565,0.4187698218733686,0.8181030556078892,44.53025618968416,0.0151080421880331,-0.0748872004768821,1.184639104407314,-0.0109197685845258,2.1547048994386437,64.97234699670796,0.8525773842945128,0
0.9548482119036886,101.1607096841524,2.5533272981794823,2.029332040253154,4.797838459594158,7.976899064005912,71.92788378458313,-0.0835063240458646,-0.0170153883029862,0.036800329986347,0.9317764608087812,2.010157626265416,120.12428686053092,31.610152616014883,0
1.119899499278037,216.40272388202987,48.23379968899297,2.0022019119665635,1.5605016037943464,3.6759971642180895,7.198449707956453,0.0633574076975225,-0.1440613690333454,0.7695065358490694,1.0754584244059229,1.9349901783481664,79.58537452973268,1.7188814612359309,0
0.9428337809648956,66.57489803859775,182.15931211108588,1.088464840495183,8.452820889188104,4.28907423399318,22.526470431558984,1.0254582209630627,0.0341519832098468,1.601306814693514,1.0061819088298145,2.063160405006036,55.140366383850655,100.80133204114352,1
1.0450788908982136,323.5032678999721,68.95486353658205,1.98946403568818,8.186371268691857,4.420317400191497,56.49326867416328,0.0482434444466671,-0.1521395205932053,0.9705388512193118,0.9369815525957392,1.945410011913901,100.92537230345208,-2.640726886540506,0
0.1653528229361693,175.07942034322735,93.2885882757213,2.0076494082556686,11.545048619165268,7.830762049586422,36.56417828189747,1.0792038814263107,1.0280981314580782,1.7635053452928922,-0.091579123028441,2.0672395550899885,3.780342879397601,-7.305155762549106,1
1.1086031987342857,329.9304093539953,183.8895057323193,1.073087074572821,9.16318834499112,7.827735292935266,84.90831774655078,1.1365071040405856,-0.1129596231743104,1.6214021315237293,-0.0761033682943583,2.004589682766749,34.32168033640641,-9.438832381753905,0
1.0129287961137647,237.8107174365515,122.95217658494587,2.0855917752782758,6.801243267508643,7.778856321926633,76.77085285002869,0.9131608061563116,1.0358805183358109,12.766650545980545,0.9497941488209468,2.02233464468356,20.088334777072724,9.395663950544709,1
-0.0690817649814342,108.94105136257218,37.75720882351314,1.8482193997628276,0.8854811069932715,0.8373744198473676,5.2678648634719245,0.0264030136260013,0.9554234022964108,2.3567630207770045,0.0540527501214092,1.965577243245365,23.58949982986386,69.75165761913752,0
1.069718058071798,211.56206895893783,147.93301397330762,2.023100365792668,14.9832921303427,4.484853098563454,59.95876355360362,1.0346416104738236,1.0587356876122065,6.239872787123191,0.0481401457412757,1.9671212401790736,158.20307518167007,73.52143248043117,1
0.9725647244758332,126.8356301163812,75.20692978075924,1.9653081152719023,9.010393132851808,4.044184951318396,71.9614589838346,0.968285195179379,0.9739230064137768,5.516479401619412,0.942400191105614,1.975008730798859,130.7852684210834,5.587509474475546,0
0.9162056899226108,22.783381947924624,114.86339069038372,2.0008054041516083,3.2654150470124224,4.133347951523991,7.623270605852696,-0.0073784636837226,-0.0314121932641283,0.9517925469843505,-0.1261022048495133,1.9351846027959665,8.850212329868747,39.13364674399777,0
1.0893024626399948,329.2578921122174,12.389826208392163,2.0348827840848607,8.42120348508987,4.133816260695063,6.821292615320129,1.0403091642933715,0.923245891870102,4.142276927268391,0.8935978263640034,2.019990531368665,57.42034408989036,-12.976039654737724,0
1.045177516349714,326.0452401996581,170.7506191879906,2.0435846197361216,4.250815956839398,8.45089850359874,111.0991606405525,1.0793081528731128,0.035403055154922,1.59258588442058,0.9038078592623152,1.994547130582172,5.730336314652014,179.34401458473326,1
1.005161230088655,220.60572882321927,41.56262939202549,1.967067502969208,14.22632101657721,4.100526198668285,-7.434751150045237,0.9411376260259734,1.0893843016203857,6.047903178605379,0.8941004553468719,2.105515976495791,148.79979528003753,5.187838411300923,1
0.0989769477950165,126.26539251635232,71.55461648931856,1.0101356476301189,7.884595545215242,4.202628134016537,0.9809742890433312,0.0176487301063069,0.0647046540357746,0.6602625392246413,-0.046050896349468,0.9465050059928518,16.63649923480407,-18.922840359920592,0
0.972398694260616,279.39106886321986,23.3465671211022,2.047716749099173,0.6966672662573332,0.869490196075513,3.9265059626315306,-0.0534920137880623,-0.0580852514784342,1.723550409807706,0.0660793859881373,2.0269431043426245,54.40315583723456,-20.54512656319596,0
1.095851363939706,214.12968106159323,28.64547932829887,2.064171953560299,4.536155374928873,4.008368287451607,1.8171223802842464,0.9843112370004652,0.0289805610324861,1.8473298729594032,1.013550439191392,1.9591769253679296,103.70298237020384,11.037183508951642,1
