A1,A2,A3,A4,A5,A6,A7,A8,A9,A10,A11,A12,A13,A14,target
0.3252359387912824,4.862599267131031,136.4750139985606,0.6552045598315959,12.193886286836811,8.638906271345526,-4.152530832087564,0.1231156378089815,0.1342877930132002,4.99317382970357,0.8719101307187829,1.6692616232777795,87.912608188705,9.939939649350862,0
0.9869494399603784,34.75950154754456,-44.22221055956291,1.2952806495129945,6.414290869507616,4.483767307937375,34.92448768682932,0.588616906930434,0.5825335754000295,-2.0176401938269457,-0.131631870672953,2.107569586924164,185.5723784371453,215.63841546713945,0
1.1399765487585458,-1.6024780421614082,32.9412754487509,2.6838440863976705,10.7692957206786,8.227278720196846,40.690550184138566,-0.3758391891407461,1.4740158907073375,0.4506905301233517,1.1058565780814382,1.632862994688145,-17.58830657285162,140.34106617629016,0
1.1095612397929226,146.32059102121715,58.79720816210936,1.249866684936317,6.9038006777001,3.618290582760623,63.26557466071913,-0.5123558319692532,-0.2990284191624097,-0.8807119567120383,0.5800022965854127,2.098519801272567,148.3884256830762,-48.47284310708447,0
0.4959141487393358,192.2173617244122,34.18261497001891,2.0888414035684937,6.634747179221977,6.235215505030931,-19.483920412606277,0.975340765748707,-0.2092205403687757,-1.0478889546410943,1.1602113968462624,1.2412984514198202,95.1276243372976,43.53288287623597,0
-0.3056467835838443,69.61647158697474,64.64241171254199,0.939325474040049,1.8882877266227045,-4.089731659655802,66.65062498807215,0.2121747116917899,-0.2210302508058234,6.82762620125407,-0.1298255868843545,2.0296773636927403,-15.84814221714612,91.00342936596005,0
0.9157393536219636,166.07125720096877,86.9142512694753,2.011668592477208,16.07226682950602,4.120833825946045,125.0559240564931,1.4221651127540154,0.9560078556733308,2.4011844118432317,-1.0650886598647722,1.926880702147449,89.19374515104455,20.052975690202025,1
-0.0856024799281609,-4.405926530268545,-6.839560218938246,2.8492120125748843,2.5345651934212485,0.3074745718763738,13.67401957311397,-0.3786679649574732,1.558233454597083,0.0011808460152766,0.1872420090528328,2.238722852573879,66.30820107883234,64.1468917964513,0
-0.3821210495002461,-16.711901717074966,140.26794809410853,1.6952905797478204,11.582643469728897,6.170392739637312,24.65889565636921,1.1594711998129474,1.1492939816640877,8.037375317306275,-0.5758570997600645,1.861163027273104,15.912260298813358,-20.97224004826186,1
1.208724827810704,105.09196424008796,226.6572163368189,2.3249080164968854,6.360583961061957,2.5010786892066887,-30.259736644073875,1.551864692874449,-0.288734449387095,5.4756468471539606,0.1962051527100741,2.073880872139344,34.38617704128468,36.99462570676329,0
0.6484233270471556,109.97870557253216,77.69538797325016,2.13246145831414,4.470840559607328,5.052041010238858,49.78332661243729,1.0175971190131123,-0.3219238109125021,-1.96126309062252,1.3833629576169892,1.6615657021980887,105.81742478281085,-8.000341595587457,0
1.3379827913298403,-1.9599414513579347,223.7317485829924,1.915452537095733,0.5033056274980217,4.294305483617918,67.47922536710652,1.576303731700697,1.126384687636898,10.62183362202535,0.3365473395601262,2.2447456896736098,44.10298000802767,211.33487388822695,1
0.7019088490633497,-40.05207211492845,-12.203466922332936,0.607872430015836,7.9248663935956785,5.07719354918314,14.096904319826056,0.1901933041334182,0.2237401766139914,-0.1290452691353683,1.7926136469776972,1.0525002244861097,87.5812163767091,-52.61119878887754,1
1.218497771272803,35.23025481461501,-64.15322912715835,1.6513537839668195,10.831480326515951,4.095388979122419,100.84318914038306,1.218294780729996,1.0302510642639977,3.902061214382276,1.412603323465556,1.8678463350993293,-3.852072456207552,62.65529619753431,1
0.0976011986506617,84.97404992357788,39.830698270214064,2.136972164882906,3.6531072033291543,4.99529556582406,-19.737313852278973,-0.5402802172218275,0.9783270423164871,2.253926312787065,0.7408555924975886,2.186107372337704,39.57744996024678,-17.1710132692022,0
1.1878957379230066,46.14144475861551,153.58157663180552,1.494877965155697,12.07236208897195,1.372324349585886,78.46906370095033,1.0481811991821277,1.8856566292255144,4.673612439742216,0.9616379664453428,2.4027217436226325,73.20724818863748,102.06913933359505,1
1.0108321044204247,312.80857866666577,230.5002546836247,1.1385098877711908,8.092954115739733,6.331467507969113,0.2940611371170405,0.8577258076130516,0.7206463416216189,2.2958409059984377,0.8780847549720198,2.3196815293492725,132.55070263729186,-17.30256156649643,1
0.6102860207053364,98.55970391932338,93.7880501759941,1.609023059342769,6.543011305439816,4.5027556494855805,32.44853914041284,1.0128149908076176,1.2583214097584468,7.272826916124819,-0.1158741899046379,1.7661492593058878,71.63192155840653,195.641819662132,1
0.4975176232888251,34.774566372371595,50.155983082679214,2.6428308489428085,0.6792381397788336,-1.588085178432368,-9.779606452213407,0.5448573764953525,1.139537183403162,0.4636211709707689,0.743943384596707,1.8746566141848084,81.4929497034934,123.90728585871474,0
0.4521055827528625,122.2654870362483,231.56133643194784,1.973379672617664,9.118643425730658,3.2915115801907997,-19.027744873123943,0.384495473910842,1.1437767894917268,4.482686386663422,0.5612996104620637,1.7637708671945598,-18.0932358897536,225.60448743401287,0
1.1077037092044215,103.16145573896372,168.44474448110918,2.788371461538958,12.60241110190086,2.9233433062294423,16.550318817920907,0.9197447425591564,0.054124463094431,-1.1202381933046397,1.1639738098347976,2.325191271746135,46.56482272074766,-60.46342425241354,0
0.8301708766425862,164.0137244293918,94.35100715553548,2.238924979685976,11.509686069504433,2.280493648466691,82.3214666660305,-0.3194158616893107,1.0963005978086189,2.7808373259127057,1.1812771169263463,2.0754605506330224,2.8146805770343093,-69.54315774586004,0
0.2421959614809502,106.94202116197924,-20.187103563371352,1.7945312442422925,10.410064420216168,3.2017595774872065,31.562250909576072,1.6660386105194147,1.462749875517377,2.519750843036244,-0.4515013800210365,2.29949992358714,67.30333288718097,-93.06278867968749,0
1.0792017030671857,268.9311704747659,49.42746949746714,2.3801162726234413,9.54411091539985,1.809181925873899,-27.007740238710888,-0.3122621054650649,-0.3171786758367322,0.72699847100496,0.2296757776670727,2.2810893862191715,112.6590211440345,-23.28140837860726,0
0.4375118201628675,-28.677836990415614,43.82267061288188,1.7048179039949156,9.145223081123303,6.205976035791365,24.22784944329817,1.1731431835521715,0.3057016360732059,7.630933341352548,0.2251948419583214,1.9591296460487144,20.90674341928026,-75.8094493665526,1
0.997068337739616,-3.0811558889895423,49.835373255255874,1.776503654289271,15.099694026054866,3.5284109864267617,4.558383980694643,0.2842168657699548,0.0088546751689564,0.099239627897385,-0.0112189465515486,2.2001682409560237,46.07356593826349,-5.8776148343887655,0
1.1766529538775083,265.9223095354394,98.11334520335215,1.095459399033695,10.736805887705422,2.7652127428399456,39.86853854175544,0.3251746777067826,-0.7183355082693782,0.8259311401544598,-0.160414519076485,1.9700291596076585,35.64989746270677,10.49803125720215,0
0.9170011313885732,113.95042469214653,11.33790377404101,0.579628581949249,11.87554499915186,1.87582645276988,-3.451167889376769,0.3917644858564967,-0.0111998151107288,-1.9613119604630311,-0.5039634421988304,1.9484922923019676,59.816202398313344,12.181351897219288,0
0.1400639527154642,266.9347291612383,77.33720768294404,2.418758572625533,10.016552513923893,9.10122423193966,40.580513965014745,0.9230438085597308,0.6475030073953763,5.974894137023609,0.314000315390355,1.6131711893119554,27.025649286515232,132.9522549732459,1
1.0841108874642194,45.61358984992295,94.36053768913465,2.279994434339131,2.007173325246828,4.493199644466901,36.1420608278144,0.7081593341863345,0.2755367767207863,1.13345907810623,-0.0202064237793401,2.1248274752071343,48.999159831900194,21.331948906661808,0
0.3570297385978,100.75157915810584,159.1100505167584,2.310277348229471,2.7526225515143503,3.161619440520692,29.99936748600403,0.0414352892690414,0.000497137881238,5.453646119136796,-0.9158243113908155,1.6825134039343057,-17.05785716336726,14.208919140005577,0
1.0858163283713944,247.07181669769977,98.26795604394847,1.797455809050418,10.500831593152576,5.620076480423643,16.56216050968494,0.9719942049432512,-0.034877385270057,-5.69815659905166,0.9179436937339278,0.9647690901099152,130.45585990140086,78.14150730756293,0
0.8000919938543744,59.89614152383928,124.4074593558161,2.268471260489913,5.337369754899108,5.103359943173342,25.63525408068474,0.0275662238897086,-0.1945651652319521,-1.4641543076291803,0.4820026418552469,2.1712758807623893,-22.97969429505143,3.1701049947924678,0
1.367619177476004,87.3408194030219,49.29459264575954,2.143497982129454,7.89517890463522,9.253816149077831,24.0556746513858,1.2954988481575376,1.0720205536132066,3.138102918300053,-0.2363076141352089,1.8587403557217017,128.34887388929968,84.62373003805922,1
1.5434667521601737,387.4355231462499,-35.58928878560158,1.8403747781352515,19.00672064436464,8.360058666510362,-5.286646969493972,1.2690906366231367,0.373749104099059,-0.7278441166776277,0.0819987492021621,2.2075006610202945,-39.13148912555478,200.67260229757773,1
1.0037845929061056,174.06896146238657,40.58921554258902,1.8551255081266835,10.08432946237647,3.83793810588371,21.605228110389262,-0.1934032759960378,1.408282474802737,5.042775085831964,1.209379786824054,1.9423288130194585,184.83120283359835,-34.06234530905184,0
0.4572059192758049,257.4211319634917,81.6899738688165,1.4434916861761895,0.8035714522758477,3.4365309353834013,120.89467964587963,1.2251669022615763,0.6646238583536347,15.213168525826038,0.3056252153636527,1.889293884077775,14.799806250618737,257.94407139086945,1
-0.4667175124658188,34.7553786761095,-1.588167132279935,1.4044068659174884,8.00442085036745,6.252698722399279,41.63346567793917,1.0823652920032782,0.8094719134935242,0.5860611295139768,0.3498000356849834,1.513542008919123,57.8110808146691,191.02448495234324,1
-0.0228298704419351,186.332549593622,211.5370122544802,2.318227374110836,11.931631615598018,2.499221496605884,62.5658166744154,0.9408057997900072,1.207978888787094,9.086524348127584,-0.0646204047689906,2.036760364332747,32.51815568677354,175.89888439525484,0
1.007850547965791,289.61931931829986,21.57990022507012,1.908349624890629,9.109004468322428,9.233529573805717,-9.138843947518836,0.9777479446252632,1.4311148010137995,3.665675073961988,0.6743681675208862,1.7000998082057628,65.05468440534297,95.23197286469332,1
0.4007244589519744,60.14949216558561,83.55634360631049,1.5695644826912665,0.0441797333278897,4.048251971158075,51.321080792861935,0.0158758602023216,-0.124715958912514,-4.619354029658022,0.1689950755383193,2.148090800335747,7.374238944815957,62.81132908485819,0
1.668354827554086,159.06563970725838,37.831694794875546,1.972606655975206,7.334118707337516,6.279005543714323,43.91223735702649,1.0660385999494186,0.9258365077199824,1.8471349329807023,0.4874906098115993,2.0008298034475387,78.33801231624176,108.244653844343,1
1.2296086636037518,191.87915567107083,119.26142696226692,1.942563464326474,13.825067519060733,8.632058732629432,120.84065735672908,0.8598967116343614,0.0862401399330294,4.606728660669002,0.979741156415758,2.1189551026892643,34.60348143332732,133.7886480464134,1
1.3294375933829636,118.31342900354,178.3240565258726,2.2856965707451757,4.354735043153156,5.792241945605758,21.878343787671824,0.866756653689861,0.1246108260850745,-7.860992304991009,1.143073994674328,1.1829476597813118,-27.610375960310165,67.61315028497836,0
0.5852228551770169,135.93599916292507,3.5352754922103315,1.5701991017417876,9.479579242852228,6.638126434483196,51.179370873461664,1.514976053780408,1.4180184635465285,2.0851145214561697,0.8346398855921856,2.2519257140116027,104.64324880864478,246.3585076155618,1
-0.1007177060345724,265.2659613525579,38.30145064428349,2.65036681676652,13.489234261610967,7.654946176753731,6.833347107240307,1.0084210403998064,-0.4747059881709168,4.357915369328584,-0.1876305153128747,1.8550954035798413,185.31462557868,293.1020140646464,1
0.5649414693226067,196.78692630035363,96.83135557178387,2.788097989532196,7.197994383436463,6.197944260019277,77.07973973860247,0.1540235639779522,0.043911910607487,2.3446831626790323,-0.0574279470700948,2.3256306674904,128.21178169182454,97.68613671877664,0
1.2510771658083089,240.18717417631683,111.57945686992238,1.0655470930161872,5.585474035797516,3.7707257408175874,21.37629528884272,0.1176102492265359,0.0216184678828677,1.4165142802802762,0.16887107620653,1.934125345243121,70.61263019404488,94.02009423813604,0
0.6415963434019403,179.59686879907707,-38.59453736168061,1.8150114463079468,8.652865092716473,3.8131383787659887,107.21039278079203,-0.1299258766189953,-0.1455421166451658,2.022805338406105,1.1738661820711278,2.215516999785317,149.72769959725912,-8.025220883447425,0
1.0477391379644423,187.54718651701,112.16365055930991,2.244743380993284,11.816373702268844,6.144912008872682,53.55520261443418,1.6933233050804282,0.3529211352902672,3.1358223756384898,-0.0766896854189375,1.9907426259669911,101.31503457010751,57.84688363001661,1
0.2830177297263405,324.6249662827892,95.23036018566488,1.9268842807388864,3.3580917090961497,1.9291826501753,-34.351651692481234,0.5618478036784402,0.7444745394595416,2.5630452774422405,-0.7592782148419952,1.99703861538956,39.771578890237976,-14.42036488260539,0
0.9401960025768596,44.44852706288658,205.60050309246748,1.5714999856213678,10.572896519837514,9.540223725996682,-0.0744638580975376,-0.0514871633393729,1.1552618103569932,3.0425944644494853,0.2176093437997239,2.125697279772141,4.03598424611522,55.95146559416364,0
0.0827792684662476,189.4963425388498,-14.850301845102138,2.009911955697869,2.0042664833744954,3.754783379269961,22.16117262731903,0.4821694758584259,-0.1985177845332718,3.803576920221655,1.5085319404094135,1.631999215385217,118.17951025105124,54.22138388987922,0
0.1450159720036071,29.545201275126374,-8.594684063065912,1.88594878403386,1.6412619120096703,1.8227866956815808,-14.738171102099408,0.0997261999411908,0.4697167859555647,2.676266560600962,-0.9713753990603812,2.1436182597846685,27.69489746216837,25.68460168810164,0
1.289538110861456,44.44875933243321,66.31209014367742,2.018029997079775,3.369514469023001,4.546991440914884,-0.8491103305575578,0.151704961782951,0.8290485763258935,0.1824234554795381,1.1567426313990437,1.281676247869561,137.4385668271265,1.6383311047462428,0
1.2152143381971237,260.5048855377846,90.93578904087232,1.2004346299173707,5.249440099424191,6.840912305432577,-17.63608566571039,0.8698189439344284,0.5621715058815412,9.432711708556724,-0.2522717375305959,2.090464427627745,20.557890253143675,204.0408227935689,1
-0.4750197767856817,115.65732857192666,102.43835227639345,2.270814141456571,13.105882793669458,3.5943483401502325,-3.3721279671491047,0.9099330659925912,1.0378577794514845,17.23883155357052,0.4236255868693659,1.9190944500137568,50.17600972843002,130.13784899136354,1
1.2350943272323278,294.48820259193667,172.11214112664743,1.755369076526634,9.147445476283526,3.41736345137709,133.51736838742897,0.8269390353824817,1.0185431282310784,3.750538832880279,1.0925053177570925,2.0098957480122337,98.31741219673977,164.00197932344122,1
1.4757077317429508,137.9136324841874,10.470143088072362,1.2949419877632051,1.6423879693082553,3.2632995737771733,43.48667171956374,0.4133497153521934,-0.1668355843857778,1.6421148507770764,-0.4515741906336868,1.79945943384718,90.2945711158513,5.711097187943039,0
-0.3454088249071713,68.70525681286091,28.78604411756569,1.2410969988141367,0.4274055349663586,0.1868720992368375,22.33932431735962,0.1320150681300071,0.7771170114820543,3.7838151038850234,0.270263750607046,1.827886216226826,9.947499149319306,-27.24171190431236,0
0.9856647103168776,180.509184973954,119.58446387803386,1.1491881373993111,12.724719731586717,8.967355892734915,108.701236604002,1.227091717138546,-0.5121264062418373,-1.649046995350469,0.9234017815941524,1.8374446799164583,14.180272933727757,-100.99943682221004,1
0.4430828919471858,-67.38021626361311,119.76524839848555,1.8521628508653123,8.190660430889668,10.89258422485928,80.11273631926873,0.6396040290749841,1.129014040420047,10.769151695113075,0.893740961380695,2.041503185854104,121.4156116736084,73.51659935662065,1
0.7950848811561185,24.7552658405547,67.28746106690754,1.6751426876531963,4.999343285347224,4.094072230670281,-14.511772318296272,0.2663184891557946,0.9954290390563548,2.3318796628108487,-0.038645285976167,1.9937334033486915,45.80156212019081,145.62962236887347,1
0.6975763125447934,194.09104739710412,-42.48875945670103,2.517064392137225,7.908091666468722,2.265053133875263,17.559944685175907,0.6997163828629032,0.5270645022327757,6.286720018744598,0.5411613276094106,1.5117127916360698,92.86792126058796,-97.2227857629143,1
1.3485902903589904,173.8103447946893,123.66506986653806,2.115501828963337,18.9164606517135,6.42426549281727,67.79381776801807,1.1732080523691184,1.2936784380610329,3.199363935615952,0.240700728706379,1.835606200895369,167.0153759083503,63.60716240215584,1
1.452552215614392,195.85740891148689,9.823527939458444,1.0044795778479043,9.03113147353999,3.8535610707103167,49.32260370445319,0.4435136636957963,1.0343878606108374,4.67678746576139,0.0321334268616882,1.8221760625615635,-14.034487498842552,13.764987968329258,1
1.3879017091116688,103.41235344471473,40.69056363185563,1.76048240198687,2.66590758282973,8.539030198240003,22.499767403451145,-0.0351715501840201,0.4003990064164588,1.0241566029535822,1.296265422377286,1.890298901861388,14.307010100607052,20.6206710441292,0
0.5367802939613683,375.44374273038886,193.4932651192449,2.657123895231269,0.5474377016306837,6.26318455964547,155.4648446802939,0.8047094186474895,0.7243460453598612,20.241607770725704,1.214821486897112,1.6840976229563245,-38.02982345787216,-137.1891808529407,1
0.7742410595184432,97.80354842076204,-35.23336350910263,2.146660201265769,7.989192297970789,7.884495320029562,67.63941892291564,-0.4175316202293233,-0.0850769415149315,-3.8159983500682655,0.6588823040439054,2.05078813132708,156.62143430265462,154.05076308007443,0
0.2910153019130328,142.9746977712375,128.72403080397828,1.8707528531402515,7.695595984544671,10.970419941784078,0.3758250124926974,0.2414327258822663,0.8007996195656519,9.819374113056227,0.9126052088295856,2.24660913650194,22.989163375120285,-43.42811746553142,0
0.1927676454257523,155.03228314038935,25.74042533566203,1.477557999288651,-0.4714333203409202,5.407694413164938,-6.818327615173132,0.8293608607387906,0.4855732851973415,0.7367929208350024,-0.0649584244436893,1.8366131294904595,14.073090612626828,199.6550913296567,1
1.218013103568071,196.96792219731637,-35.418230758779245,2.3830209959099142,3.978912596843694,7.6492142129006835,105.46421168635658,1.0033458484619937,0.1421135256433055,-1.4698344598408433,0.7736516965654743,1.870195651173477,184.81879177203209,-9.289908068863944,1
1.443473909561452,336.2233890168205,84.68068599465899,2.6356650045116528,2.477597456777864,9.526887810576069,13.80508647146383,1.0955945379991026,-0.1475918560666065,2.1257695537226304,0.3122465905127244,1.9744887270184903,220.4523857064476,14.029274878705811,0
1.2542573329298357,101.67089991658204,70.00628402072132,1.9766605394134145,6.320634324389578,1.1660902183028528,61.247381803841165,1.0696947452195174,1.206883415736317,-2.044218630703124,0.2410252083120405,2.4601099047901487,34.7133977836216,62.64036463392899,1
1.366146385000531,135.87476512243933,103.0455518608545,1.4291171065036743,13.070650090076654,6.220337797162346,94.61792466500584,0.3826667632301082,1.2142140323578448,-0.5851457393550215,1.0566450055182508,1.8945384036676776,136.00440761766026,8.38651855815153,0
1.0884722786365408,149.24767122876946,-3.4673858346831565,0.7437269784526841,16.756191133280943,5.7259882138604254,38.07335647286916,0.4946564499772174,0.3191283461078165,-1.079665874527949,-0.305112768550935,1.9529585688005249,41.207751039138415,-50.3947854502978,0
0.4603250834047776,188.1879510111993,264.7898013503334,1.9398053674707172,15.607901807382468,7.525486795616036,104.83067436347967,0.4996437638196198,1.347859303588267,8.987294103397442,1.3225141951676045,1.817668799835337,7.123703075588907,80.17774185274781,1
1.202560989490567,58.385226317944,149.95846291866707,1.9453400550121016,5.183025823716541,3.868710847547089,55.060053733878426,1.6931770624367308,1.031909166344566,-5.057655259265823,-0.0351198021546785,2.6135046581147625,53.96548506041364,45.821339958516944,1
0.0163360703812722,306.32501519343305,40.146400124664815,1.7177732052210752,-0.7867758149658002,1.7390085972278515,-15.992862049425652,-0.7931119477099766,0.9802454887156176,6.524405182767567,0.6039605684580408,2.039591120872571,37.69221289495769,-19.062726316587465,0
-0.0335763486718549,159.0342292065326,19.535296630569317,2.197766778407204,7.31091199778331,8.744540079436282,65.4235249479343,0.7588513961466195,1.3171186301318578,-4.6587789986647,0.1295451746720806,2.3626681927526416,159.80410463862444,166.2373577418289,1
1.914819759838951,-39.00221379097471,152.8974270723981,1.0086358833282332,11.929082453188016,2.9719950435749043,60.037064544842096,0.9051557062667548,1.585874659721628,4.326364128708715,1.3497363305860812,1.5153607453547648,35.040250699717205,172.36757727824798,1
1.0575709976465406,-4.609181860135209,139.0637461332915,0.923892128615592,1.972762186252564,8.724319791465135,29.490568992886526,0.9668055256985958,-0.1597176267673282,3.4084433462308663,0.9118751519394236,1.9313159588122668,48.62097159365989,93.43303521421468,0
0.6467312829863797,-34.75981247512476,57.69343950390227,1.5394737685428324,2.833543187066689,4.177381514377483,-8.878466591263297,-0.1016566861445021,-0.0073843329279745,-0.9827164832287928,1.2582313010715898,2.3215834785097447,36.938220185921686,58.43445552544404,0
-0.0076057246715411,-28.27016712897995,144.68592923437475,2.085549702605722,4.963742155154892,5.349550832960848,69.0908703843732,1.3633202875129302,-0.1024994361935967,3.285314060432206,1.0291320556109296,1.7232579776265575,24.26806069655248,8.961509570988795,1
0.512897793290371,115.83596941459987,173.12018741044778,2.447281035272815,7.857745503940605,3.3237973657115862,29.758904626682625,1.429566522821229,1.0239573562239772,11.540967513800446,-0.1364271920091568,2.441824774876249,18.57695617400153,218.79028432668497,1
1.2409242983579647,180.03587760490936,109.69151627205204,2.1794049597102427,6.882175613891591,4.616510388415717,27.229361655540465,0.1384905481032773,1.248010267392412,-0.0248595403846807,1.0193682468437637,1.860345877983553,127.78942355834792,-18.288135606241674,0
0.1840502121231694,202.5820552165125,24.133352349126422,0.3759403992226497,1.3682796194338458,-0.4230881786501985,-14.746458738816116,1.179478258133277,0.5258885860557931,0.8849207984136283,0.2070389725334888,1.6765126967184591,115.4920590175274,-2.2637811568563606,0
-0.0045936899589582,223.94769206780344,107.94989141808588,2.319888422055211,14.38199214887086,3.003841622435514,-4.203553841618955,1.1421065259415062,1.56677679865521,7.46503473398531,0.5322168476959018,1.9408608894842736,15.812703462874524,-13.574554077683551,1
1.0297044717335415,319.95923039870195,60.81579604763999,0.8871462575567536,1.1527564506915615,5.286809453840489,122.50866430580368,0.7694213320032539,0.170024081875882,3.0764603490815143,0.8456614180685468,0.9452821874339375,103.05633624332476,110.4371727958848,0
-0.2559244311135763,113.50344282367868,-4.722586249199622,2.525112204197128,11.052067111050103,4.263944330747004,12.84314093893968,0.9940892715550836,0.5490913192963885,2.486538477486514,0.6498654136651085,1.937876205635602,-32.54124102004904,53.54439544153906,0
1.2433894279541202,123.6755632935666,86.14365252738219,1.729100445634111,7.059896631471737,6.430636467933825,87.06877625308537,0.6949707274941779,1.1953742508121188,7.689590176203664,1.1448452169906915,2.0893504271255536,44.505708846761664,246.9417970025622,1
1.3862575609349,-60.83814378369837,114.06147018362591,2.2876238157652717,3.869450216430197,5.689390687703543,14.120667046876337,0.0750945079413313,0.0449851949852119,-5.102395289235653,0.969957305043232,1.8503470627180336,3.96367179394872,81.12784571611151,0
0.9245874611896764,370.1341145173929,30.5795730725019,0.4196817539472628,14.225659394749703,5.01891702308316,5.093769082390828,-0.1391317863146521,0.4015967821160823,-0.6387497288633357,0.4290722216947495,2.121423190926993,9.462948215971323,82.92790327825871,0
0.6629357969444825,182.4905315683376,134.2211666821947,2.284731438789112,6.128403910131356,3.3831632714943924,100.42075449272608,-0.1007778794925691,0.1626879168766689,2.033142060227907,0.8570102594004608,0.702307089563246,37.05798145036717,-10.128962020743424,0
1.3899360979347717,155.9318897573844,36.57975742182827,1.9816427933229583,6.89618722148572,2.5427433078942,-10.792102850285248,0.2092304887423074,-0.0821989491136258,2.957745128172717,0.994900564760975,2.1571357061777165,48.19918446708448,0.3416069081083321,0
0.3781351521680212,385.2357034753508,134.66333365176922,2.779290904389578,3.1642956948140317,6.1772733975508975,5.909570553168368,1.3019623249419885,-0.6113926342232555,5.438915818893896,1.293899936189198,1.9912862012872137,102.31286703448968,-40.70553431060366,1
0.729793622711558,225.43378423324805,16.836741532295036,1.7798304206493558,13.24379264372297,4.315742546773357,-11.02990484277015,-0.0581123289518193,0.502045572932775,5.433234435072145,-0.3052134145405139,1.9904970611905768,35.118303742081544,-52.732100917721205,0
1.410355361980403,302.29690941877607,132.2222443329348,2.2355384092953874,-0.3395323777100678,3.900028610170234,-25.910086005173994,0.8058541817632456,0.5607274853411492,2.927657487874697,-0.2611713075559375,1.7729806942771906,54.13385226093172,-65.2803429124217,0
1.465329812961086,205.17551702172725,169.94788529792834,0.6965298992833813,2.555801612884501,4.65626523576771,43.72979630208245,1.175820863289179,0.8433728235372809,2.934921286811045,1.550574428176882,1.0409632668976625,29.46755759298074,21.772337882445164,1
0.9246208470507876,161.3485663211754,5.226724227273593,1.942995927980902,10.250648570184932,4.903046897521246,31.428330028288627,-0.1102616288710257,-0.1692525836189802,2.3233027359150187,0.2282561454039567,1.9027619688028985,65.33777352979044,59.36953734414892,0
1.0807538064255875,135.40247143814594,-10.98520107758533,1.7417969696242597,0.9330939404001644,3.845652448816484,27.41165791401764,-0.4546113607283794,0.111675606400273,1.47862946856392,0.3588959618514498,1.9701854717183904,90.36328150969364,-8.382856914315518,0
0.9576878070619494,85.15145110205965,109.34023769390896,1.392018815688621,11.207269453443107,5.225281020497329,65.08922577633129,-0.0197492432585429,1.376197145092815,-2.4484771347042718,0.2664464978763816,1.827300152244648,-56.11794266666419,-38.24515837838691,0
1.667452391640622,264.47784876220265,179.2720330293756,1.9699286034460903,3.361778063528792,5.545709626531929,138.55023189908923,0.3188886022014852,-0.2624240337318057,3.9298775507164905,0.8647930137785487,1.8903217502426124,77.42629453488422,2.6935976557791363,0
-0.0829822985859451,47.29382788520985,33.04223891173322,0.8801269803943486,1.1506642235910371,4.48974772882895,63.03033756388457,0.4254208765681313,0.3205154821220409,0.0066658497424008,0.9770847584677336,1.7642061813186427,41.43198057428194,71.82872275729332,0
0.3420322968984399,-19.855855967599155,84.62271363370567,2.0870553533123197,10.137225343248357,6.776511885134734,49.75722500217214,0.2464425502457306,1.0057973297797094,0.353537098268486,-0.2981471061065835,2.0958038646036083,64.18362397056677,-19.696383662743408,1
-0.6625241195419974,-19.57375192715256,-104.00351131728571,2.0776519521903745,10.235367175596457,2.6387477866109297,30.18366155204015,0.3459976196318004,0.3505985628655621,-1.9959239798889552,0.9147595556782636,1.8315166158467489,13.835864129507584,-62.8513466173924,0
0.812528130281255,172.92031857372632,100.8435843984765,1.7332585843704449,12.866743057797011,8.133775788133828,101.11629185329171,0.7735194706645907,-0.6835999003711822,-4.795054938813304,0.5293915618275086,1.705919585130356,157.6523927289432,-63.77228791548662,0
1.5009369507817758,319.5811481143476,149.98691217824415,2.1513895041800954,7.686693229692029,10.741447909026425,140.84524994765428,1.0960686120174228,1.2548878741249014,13.20917615386453,1.0638813693593054,1.974684909854132,57.18291469289114,53.71385339193614,1
0.0544558516930431,93.49931120289094,113.3421581744941,2.000027201016604,9.008177947291273,4.472574634524548,57.35119055399984,1.7840935356258372,1.583778943399861,9.166651844172591,-0.2851337429981621,1.750878412062193,82.19871588280182,216.31504126744957,1
1.6057667190201483,220.66769527118544,57.24534440592105,2.4353244528048705,9.033272155269506,4.302807540667093,17.228198516098686,1.14871155569723,1.0224056463270723,8.061280101245128,0.9808690306080704,1.9821447764124704,202.1732358777807,78.71831950181598,1
1.4465123131999742,294.289460561087,-10.050868958039189,2.174413920424303,10.106017425449355,4.6690813034753145,-29.89353692339936,1.2015458214668575,0.61622945935051,4.711384636341956,0.4679891318200164,2.099952656843328,35.10172044945178,-68.88019827368859,0
0.5644040761362825,227.55690408990773,138.14281786883464,1.3757313209087016,10.142925721770029,3.572625092163243,13.82896850826031,0.5829287293385175,1.2150408600489668,4.585908938683682,0.4415812307087501,2.156583246818001,84.99734347483796,10.36870224383101,1
1.3061306785471185,71.85587661112677,67.82291290872911,0.937132836915287,5.933211315373466,3.159679269370665,3.808144765708796,1.2667993589554205,-0.1526218039688132,2.5674787506197405,-0.3037014527469745,2.169987353574148,42.94247847728919,48.401021830236346,0
0.1187496992306567,335.06982113329894,77.51300639185072,1.4711707655448143,2.956360696443068,2.937159048743903,17.868820548368767,0.1488377961298437,-0.2843615087765919,-1.447670007659391,0.3692950245710755,2.2668446326130782,105.30134020733804,119.28131480469273,0
1.100686025852029,246.78104983969385,-18.978645628096917,1.707831381251051,0.8596406545893025,0.467524190450475,7.727829100076022,0.4231001283593139,0.8806970885365968,-0.1979420581036266,0.1213882368629565,1.9268535739110355,-3.397854063917123,-13.896346899194818,0
1.138912183762576,40.5321333644829,91.86310861011326,1.1513993734941166,10.187989038275886,4.210544190411641,4.136014787946863,-0.1140049273278539,-0.3108666557021395,3.125679088905449,0.4622521703379778,1.9886710861114427,77.23759641363806,-106.32989398684882,0
0.5438964589952097,29.64263698318311,7.467418128482762,2.4533709080291586,7.893608559698209,5.845214020376813,-17.573893968406246,1.021031099107546,-0.3640234149633037,-0.25058346643273,-0.0979412252938347,0.8374459836944339,26.95873467037909,-76.01091719304327,0
-0.1634125840941999,75.77352026272331,129.11060020915906,1.831619520233147,6.700322195505697,6.1039275231424215,44.36963831544437,0.6608533544027231,1.05716997155201,10.931123040084046,1.4626668573602164,1.8510611981034957,33.42157226809698,158.2785446491975,1
1.2258875817485693,362.22620099829066,133.75309593995294,2.217923098680609,5.254079784196994,10.254492517993704,123.4958032027624,1.396540764365564,0.1770152757746101,3.9629294221029,0.5190392963115754,1.97273565291086,4.651681573260085,168.7200729236662,1
0.5836423299348975,220.40057399223312,229.60964001513287,1.5262408070246918,6.520890979701595,4.873756290933463,36.76141404647082,-0.0360273802425229,-0.5764184723601388,5.545103980383357,1.421811025715535,1.9929816902645243,22.623878820780085,-30.937246899722176,0
1.6038101173943862,154.69871112308192,155.49873161066694,2.069121406846537,12.062524312487492,3.741726864723753,10.42393295268803,1.3186368788649367,1.277991559872255,6.646026471762653,0.3650718967119062,1.98011937081682,-16.137612396475006,180.80859783626283,1
0.7944854367117443,244.966523331418,92.74034674854892,1.951250870403292,9.194153663007375,4.09245083778582,8.005729931648428,-0.1529601762017981,-0.5187557992608443,-3.667329997641918,0.24409986079403,1.9380337513943628,55.38274566109596,1.463401547537508,0
-0.2143505122136961,53.359460538415206,60.72437023948183,1.3689176672189227,7.653049450721855,4.030322978772084,19.911050484768623,0.0849858399215854,0.3757952600202719,2.3023296736797247,0.0623044018233056,1.821523455029991,92.9936939438604,-169.63169910754468,0
1.2649573182842508,166.38582444390693,-14.40896724916236,2.4648740307437267,7.617721129794919,1.528687968073246,14.546732082561718,-0.382479949965869,0.0193584326026138,0.1719812054655327,-0.1258649528168616,2.138780605537909,80.7554558880039,18.218845491281517,0
-0.2757726733480113,54.94811927312503,71.36338835491951,2.1738682149287887,1.4130501367351176,5.371062458892264,27.78490981986776,1.3980213430376471,0.5834609357118127,-0.0493153717209771,0.1423450376377246,2.2621297082375,110.64391815722766,85.25370156595575,1
-0.6011290152043264,246.905218392515,30.390406283848638,2.53640452728798,3.869659317362778,5.840433486892106,26.477474920109167,0.6155147250154738,-0.1818613502934316,-2.664349727680424,0.5221808342953412,2.0899706010355894,49.1520259177419,204.40986596958413,0
-0.3003776304709744,43.82564143209211,141.08944698894092,1.921011459916537,9.135091794822833,4.106409186507776,30.46196019005015,-0.2243182568892399,0.7940086104308066,1.6414366584804194,-0.0167247142300589,1.90172085852546,49.204278414165046,-96.8714212509154,0
0.826764114680847,155.39710171613672,78.44294137860649,2.0382470412783427,13.725243095826338,7.153810247932114,22.82089140948733,1.3960194071315537,1.1404906572903912,-3.182473273535538,-0.4578956151422051,2.336197775449941,14.901714396988057,-40.52577881274552,1
0.6293649735540144,396.3381065590222,-4.2394039510813855,1.8607246283579597,2.2694009353703013,6.972849782906177,62.49166584916649,-0.2494871970509289,-0.2043755782640087,6.015868165889661,-0.0508976452614447,1.775439491444062,95.4685834985366,133.19229766136212,0
0.9752365886246206,101.28315900184312,3.2534476013524767,1.7532577910924283,15.48491096041062,5.104056899888209,-1.3467235121126464,0.7554198933009358,0.2034891629659131,1.5683599634191077,-0.5411258036338484,1.984776002634117,10.06317662777314,-48.01695900137907,1
1.1880780946636036,458.0417374273685,73.59457745659581,1.9616044161229984,9.052687036238478,6.456734855899371,99.54532153449684,-0.80748280567628,0.2090439847017565,8.776529366787326,1.2325893041875775,0.7414299750456224,140.74779609254256,-68.77410054540579,0
0.9073588850894634,136.28235198385684,111.895826150775,2.60897217462576,9.823382432493128,4.529291626704238,3.3113163513712465,1.3162348166488862,0.4192651776833382,-1.5090522113423983,0.9710631995858588,1.5919773044977,180.84534986168177,113.50616419788918,0
0.9961938033966816,32.8074740201824,124.1397630951582,1.0245947007521343,5.201777266917078,4.718466957017911,31.052909075679725,1.0550189267138204,0.4647858707840046,7.2869343155062545,0.9609844313229694,2.2595103680386583,113.04319248738288,112.579599613413,1
0.0262702422243487,201.28683850637395,36.782999635711455,1.6817098760576197,9.872694564846258,4.95606996406519,-20.94669328855403,0.3179822089373986,-0.059506283630513,-3.2631580570674146,0.1700968879524368,3.0485880228512587,57.12518872451657,-1.0405101359632525,1
1.210498563201459,308.88011835690133,164.74721990241486,1.8199350840092163,11.053032051918189,3.057671408080395,85.45317250903815,0.5156153980819066,0.6166104531275309,13.155373563488006,1.1375440001510777,1.6187541517716897,18.19995146950024,35.35606390778227,1
-0.2610622710894135,109.60315775889006,-39.1475049609718,1.0047385939634306,2.580122356985413,2.355179844950948,-16.805895245812493,0.0066494521722578,0.0683260497091137,5.67791591045029,-0.553532788198591,1.7959610103646428,134.99948536201268,31.12117823499225,0
0.6616202797390187,106.95062606799848,96.4983694494812,1.901368864444112,17.621978418542135,2.9258193960083148,116.8843685440076,0.60995541985373,1.0270034515523785,5.577256548200086,1.4227574228920128,1.90588436252656,57.19850143348798,23.946579424786723,1
0.0959427751071586,252.05219354353304,5.389094836426793,1.8950231642016109,4.096491004677363,2.7789051147645893,-14.341562543625194,0.8340491951467649,-0.0147326528289252,2.337812862212838,-0.1137560084084094,1.9082602129676896,35.19429987207503,43.34511192148401,1
0.7075035243151574,201.9854050125772,164.50580506429438,1.9616355280972917,0.5437440563578422,4.264999349943367,90.46852468204555,-0.1399170383985496,0.1800673435913115,2.580878807003642,0.3321888561836439,2.3188023543322984,107.44431295037468,78.10100781666515,0
0.9945797001167234,21.28484282886897,31.66771970867272,1.9535958729823972,5.796239881179407,4.895633676556044,-0.7421290475909572,0.1831439823001628,-0.1684005484997602,-2.655918630315723,0.6483499887357669,3.3463595083977133,95.5679561182008,-20.12861022513685,0
1.387124336821846,212.28976022190645,108.20526773519744,1.1170027120574852,4.925378883760061,8.400554108599955,136.43746206320307,0.4080104127646067,1.1657296691526355,11.451399615654612,1.4494166077163944,1.9044629496562329,108.2925736932713,51.54504243619005,1
0.9949779720753024,305.83739775442785,97.64597488440192,1.5718405448293802,16.457333925776265,3.097188790858079,-13.476898004553997,0.975350305823342,1.0249269361594966,0.8308171172417818,-0.006514573519466,1.9910953541177747,75.04657213147742,-34.44007529993561,1
-0.1671629509674502,355.9987252594748,103.44168843402612,2.258230452774813,3.410556111755288,6.923280849325299,58.962173462836965,0.1751668803269076,0.187704025322964,5.540267581272915,0.3622760169056686,1.897340687185744,50.34809281894352,85.2231671314877,0
1.3966228400165588,59.77392565917195,43.75387529069007,1.9807081309826864,4.160099252524283,10.319711111166187,55.0234779386299,1.7397873009002944,1.3328957812122335,6.290056774281842,0.3096669320369111,2.382040784244384,138.11591917907316,162.66393409305002,1
1.113328450342533,-30.630938350753866,142.9148321514892,1.3062638480994235,13.66367018705778,3.2531022432738608,-22.51512565747597,1.4066654895618376,-0.4851978400150857,3.409651763150014,-0.2619599049697952,2.3586676467347663,57.92511638753359,-53.92022617020273,1
0.3137821351802226,155.87941269010045,113.87246813271878,2.0677796820165284,2.0266217895729346,9.959055609736644,101.41878825368036,0.2753315450695339,-0.4704849639626403,-7.313964652332648,0.9125136491356444,1.9578118761732075,-13.681124996626608,59.77923315529602,1
-0.1652903355211098,186.99553644149324,205.92984052755008,2.0445570534949478,10.098306403729126,4.342247852389525,61.43200216766729,0.7360318576450596,0.9333568279959428,2.5949753717711563,0.3066091932031297,1.9118227126099423,95.02589826909296,5.516633685117348,1
1.908669344956114,148.49675040418632,67.33506277834016,2.0803109689325807,11.451946458890614,2.5013372735721857,-10.347176990433825,-0.3268575938032609,-0.017704963073431,-5.366342437491736,-0.2033982616955822,1.9445477203717891,26.548923412052915,-28.05186888906666,0
0.2541228235662086,245.07208680533745,51.60260510571475,1.887645781308858,5.773020464231292,4.823815205121666,58.61082782900268,0.7898891601823711,1.4116416963075995,9.330553625841931,-0.2180468292648447,2.366473070178923,31.042120788975726,91.49502149781404,1
1.050860289899202,132.5466458506993,51.22384069335516,1.4744173448979594,11.894334805704162,6.843773455414643,107.93672685796994,0.7672344935280987,-0.2320877789244698,4.668018977976843,0.3713876672645086,2.046730172609324,118.3263323383566,61.279135533531935,1
1.0213635972138086,301.9321676870717,15.148876225360311,1.524208578593605,11.298965512493751,2.932562791923793,-23.64754148468414,0.232830743357137,-0.0015505030678648,-0.4503711187223471,-0.1445974068105905,1.8662502149065732,169.08222532853304,-39.071648361507705,0
-0.5613691845225609,126.6301394691948,70.10293170741014,2.051873792711786,10.44882228349717,2.700437974437752,63.858476878978806,0.6143144650774895,0.7308490966657766,6.723564566526695,-0.6935444939982205,2.285441186582116,45.58931025193544,49.991695007817285,1
-0.057787208953997,289.738227585606,87.71886121774534,2.011999027167436,0.7548821930683225,1.0056683878345516,47.797405953758414,-0.8689180742198443,0.2573447618101622,5.357659936174808,0.0054286746813537,2.154547048884336,17.362926892008957,56.06560486846752,0
0.8197063675573304,19.812496657012986,-74.7920827762289,2.4148469661037897,2.228808241891051,2.8033285771621506,-28.12693410231278,-0.0765523309561778,0.6543276892789582,7.330783420033788,0.3793791829729973,1.9206223148332464,62.22409939902528,91.84638353813564,0
0.8619934713030795,204.9553443160992,36.73283560551099,2.2385837454958653,-0.5166636687133339,0.3474509803775634,15.63252981315766,-0.2674600689403118,-0.2904262573921712,4.61775204903853,0.3303969299406866,2.1347155217131224,80.01577918617281,-106.7256328159798,0
-0.6087190385270022,81.83738231689402,196.58447405484935,1.880919627305229,11.80553341297831,5.6709692217753656,-8.709207956118426,0.3250656782428317,0.7509763792841149,0.5559140217622645,0.7013096854440749,2.076734928140982,41.05131195547283,58.96920268879032,0
-0.1545629849994656,289.5698311718443,168.998487116405,2.1943343045073216,9.29090580629829,5.060342849974425,60.32397593610451,0.7855185326780953,0.803747195448377,4.7585270128723,1.3795253944322965,1.7829832775519374,-23.173803434756763,69.39682656733558,1
1.2608092836103355,87.85393635129475,67.672744145087,0.7668596119154338,8.179895694461846,6.868200513828666,16.511815292853324,1.1440059242516676,0.4191254438032807,10.596217328638687,0.8216808509692042,2.235264214400972,48.73949541978105,251.31992261324768,1
0.2459438079284036,464.5691963721695,117.26086562316756,2.0454769195983142,11.57745478045348,9.084222416852755,108.45700203934132,1.3736167804951038,1.1925964395334998,9.324228545715975,0.195179608387082,2.439974894864793,32.16610901377358,-97.38045213872404,1
1.4792568196985298,166.6484053079662,107.22739664149437,2.320859767801496,6.680776874644365,4.041841437258036,-2.914388098578776,0.921556185002326,0.1449028051624308,5.236649364797016,1.0677521959569598,1.7958846268396498,126.51491185101922,51.18591754475822,1
0.4548997828740774,125.94917895599173,66.02031746906776,1.791331073911497,5.243660503781185,1.7941521960438336,56.74642485249761,-0.1472362572111588,1.5073618277800185,2.1561749548243334,0.5341772510180475,2.057486049746048,53.5112269843962,61.17745760858488,0
0.4743266207146611,110.30654389144304,72.53756750828278,2.1247873943895783,11.135054341013108,3.5889209816147143,20.996191761260917,-0.1167796775223567,1.322017487536303,-2.7968358348767657,0.7976278179028957,2.457932723225494,47.34541095877388,-1.003910263137065,0
0.7815167371607032,259.62666306588795,62.57353231780999,2.5221702231723784,7.00396913720935,3.674448961618116,34.498496191804364,-0.8131049490329558,-0.7473143426696628,3.40631056212437,0.0225954158167146,2.056086782261303,-11.876790914951997,48.734186449331176,0
0.2272299933046551,61.68734916221749,129.9231513688323,1.911410864064302,3.152101798704236,0.9681265115602936,31.95337306733912,0.4926830460870047,0.4449412323051577,4.645091846634658,-0.3874964416100545,2.108084935338901,43.9870592073209,125.1559573660054,0
0.3629978207155268,154.8180911607446,41.17356891387036,0.5866187956507847,2.434267922059008,7.065001421296422,3.0306769233318605,-0.2809080588477192,-0.106524644298757,2.6092673132513458,0.9553491202902256,1.5824785852797894,27.193518009021847,-81.779556900415,0
0.9460332514521664,213.17597162239448,28.261875507267824,1.7907994028490577,13.431850327277292,5.56624804138129,8.28403545114941,0.212937250902566,-0.2755641949573931,-2.582031548899769,0.3863064942284504,1.6183714251089345,70.05767481452399,-12.768757383252796,0
0.4824716837921194,67.07389379276938,-40.12600666483539,1.659819644963924,10.316570099910154,3.9254835717117937,14.31174988504486,0.7195210067623948,-0.081872417398582,1.910450616637899,0.3672890753684182,0.4121053881745544,73.23141919117529,9.667843915263276,1
1.0162250497545668,134.50004046276962,135.06209787558495,2.203315288621612,10.006493354827446,9.77775002208875,91.2264009878993,-0.0476686449611586,-0.0636148915381811,-2.9027219957640646,0.9015035240121356,2.299278622181184,9.20894341943535,-72.33579555117021,0
1.947361827983236,59.458066522601015,-17.702164713395064,0.7762295490330321,5.397782915408971,5.398442166726464,-4.920852728568192,0.0477095384147939,0.9764356873315924,4.21175221358904,-0.3164052570346348,1.7591284496661146,76.75789422074735,34.74132190387424,0
0.6550194487626617,122.68852988679988,-36.40735241586256,1.35428746549067,9.044504272788732,2.875469389980095,48.75540220118396,1.415183130441284,0.7702079722579005,5.784874122978287,0.7529436976115627,1.5866203397129826,133.26497013320562,-24.654039573743724,1
0.5168045296174366,279.74603708332205,239.1007589360467,2.160487188885487,10.282273996343717,7.323252326083727,140.87939514305123,0.541229869041693,1.4300176403869838,10.639796789366384,1.1369328350749883,2.130585514760564,-16.046811666170058,-45.62361489261611,1
0.9562021317502284,173.18117773751015,-27.764365730459573,0.7349778755831011,4.558455336309363,5.260797022612163,4.311095715064084,0.4978239941897049,0.3179055692184596,3.545340698242912,0.2070582782944749,2.5212717156653164,61.90395992545712,-65.1554286225822,0
-0.0711022594825646,50.19093161487989,85.56472418094303,1.3836861354147063,8.900656323607123,7.162707744681255,4.394262209695143,-0.5854510155171797,0.0848830264294374,3.925246588324689,0.1094614092932256,1.6441706201096982,106.71773990056316,41.42704355015073,0
0.7286444863577699,20.891292247096278,-1.9213507930068232,1.8176871029622137,12.034259032141088,4.93888962495632,54.55641960331928,0.8494515963148761,0.6175618743748946,2.2129204063560364,-0.4395140948007286,1.82585722244926,114.20698997090967,33.40433766873987,0
1.2556614578840295,15.46096147107582,88.10723415556481,0.9291117659214058,3.942716315836544,7.9806804282155905,55.42304319226709,0.5271133790560569,1.0109173485518226,6.110638540938936,0.1726183505201458,2.077424547230632,63.14611002540022,-7.337119668584584,0
0.2670248061330817,289.4936362656572,86.04074372698285,1.7159651194329002,1.6002325443244647,0.9465081405486152,-1.730791427270674,-0.0428246847273597,0.0397403415805123,3.563901699495774,1.514822591179446,0.9994960637333912,47.199785025781935,-12.233501127607203,0
0.6326179109576088,-23.37820768619565,121.78770474492268,1.9913117751446996,2.5944449322814034,4.747791073049358,-2.0799845131782604,0.5490311784870278,-0.0993316533381042,-0.3105168045669333,0.1802546279281228,1.5887184289245797,10.657350568003714,54.45057665453124,0
0.6488338210666802,170.0766013785603,-28.38667474795683,1.6731228331320445,6.755144514301725,4.787251815326198,55.47866234369229,-0.0357169671839957,-0.0133495660861593,2.937817889076826,0.0013266487404611,2.045895615988613,139.3056774180749,290.962020244938,0
-0.2462155658950202,268.086068253182,72.59011681369131,1.4262607480944045,2.8272706353102963,1.0240836989866824,72.44769796897825,-0.1622874395865805,0.1216073294274392,2.766303008850248,0.6608480026960999,2.0081697681089032,-69.26874244962603,16.534540418122376,0
1.0258061504432747,179.0286441160966,3.813146960127469,1.8353375148460405,15.131605082886049,4.502630993341424,-53.1737557502262,0.7056881301298672,1.4469215081019264,6.239515893026896,0.4705022767343595,2.527579882478954,147.99897640018767,21.93919205650464,1
0.937600090532242,60.5512263329021,118.58067238040596,1.117244621303863,6.76783305289942,3.073948271782443,62.03444685911728,0.2103965509257329,1.4180757743799155,0.8459611630918138,1.2191898789442146,2.0438530067021623,-6.19795290527243,136.54478560975,0
0.4143086743108369,207.43494176550223,78.0081844138904,1.8415328515418643,6.397143105390656,5.037250118436906,71.96754221965091,0.2441425767578933,-0.0032631890791706,2.5517192056148925,-0.1565123932885682,2.499342510390541,94.76912906800028,69.6980896417996,0
1.2567801090506665,267.49367588665206,50.94399143342069,1.9235280346956212,-0.3466773147330002,3.573572914874462,65.32162871515048,0.090447135425955,0.5346003338324189,0.8736212293224308,0.3749718201893595,2.241709868145368,67.99482242224755,33.39977173042175,1
0.2827726368715829,121.13757579279836,214.533169956658,0.729055790789737,13.969233538183891,6.757018825879162,57.95660020800212,1.013000771498895,-0.1942200881648046,-0.0474902258995908,1.6395121916313613,1.7751043511215634,61.41441858962648,88.76472459483509,0
0.733036430652665,91.35165635667217,49.13611503097356,2.1345567687002287,4.354861346233284,5.276177313347554,-7.787258834459294,0.2370663637969739,-0.0039473836358032,-3.161667386830546,0.881845510547334,1.0818222374455897,119.20097045504032,-6.681269351023154,0
1.1671328991142915,51.96078112203955,74.74899651740192,1.3096574543567123,-3.390641995244602,1.0527623005575562,35.45482135948072,0.997334050933006,1.0631425979804754,7.602705140372945,1.248250914091209,2.208861986225444,69.73976156187531,-12.210394507142531,1
1.1435865291747491,172.91286416918882,10.118279234958209,0.8825367007565447,1.9816476511729064,5.053843019577525,36.87385867333192,1.3916527373613832,1.440660876854503,9.613113898331822,0.8130286628104322,2.108650539667276,28.740622573265743,7.924125892772665,1
0.8943038366693232,125.71729661630992,73.65232837727437,1.1752763138776858,10.771646993199056,5.130950312030679,95.07928144333528,-0.0231812436773392,-0.4988253931381141,-3.0659918504823587,1.2901814433173722,1.986620002264716,68.3274320437594,-28.073335208363552,0
-0.3444372666006533,101.25184977189268,182.86596423004997,1.958184294971368,11.193543594912516,4.852850772713255,83.54586319351714,1.277086229388668,1.3040097607545578,13.87236636649391,0.8594600847104963,1.8974137999192835,64.596645167051,45.62623999652516,1
1.2494465861394897,-15.28826163144106,114.04762312466246,1.7986820082914323,9.657996106963177,4.493173713519046,-2.76484845151456,0.1868185602492164,-0.7818544437298406,0.8695805843879358,0.7464167653133098,2.0296386478056263,3.3489501021288177,30.86300100426288,0
0.3921378826499858,137.8094988755674,106.01417556011442,1.965114954512723,11.802994703904922,0.8867319108176597,40.59227541300496,0.857639069641317,0.2211086902829457,25.53853158702724,1.5362228120734809,2.333709379781761,57.41542366879828,91.50932863480035,1
0.5209865244970536,251.7211780808668,66.74792608206158,1.9739292194052165,8.054489662318426,3.270726241157104,62.03986581310315,0.5192073599952767,0.1648881070547418,0.6749608034995229,1.2313475663182138,2.016526637621441,95.42065539147248,60.420607011959,0
0.6095650763912853,268.4950797997782,98.18839571885503,2.1537819773434923,9.1110738937472,8.031811961436643,2.403669329039168,-0.4296482308663221,0.1591035112546576,4.420879216272992,-0.0295963977281931,1.9546172973972185,13.916386711942865,-97.51459209469417,0
1.536670429862692,289.17162823271593,-10.308825247782565,2.2417742438961787,13.33813266587874,6.927305186538805,-32.4345915784294,-0.3470760664118701,0.5509655316739521,-2.199835611934988,-0.4941976811349871,2.89111811866716,79.53461212620425,-4.5787532007674585,1
-0.6076552943721217,70.53302341868557,194.4973659242222,2.1697617891268357,9.56564416079659,1.1143472067121274,-30.056229260735986,0.7392742353409684,-0.388557230485682,2.846948769530735,0.7433100784799764,2.017842497872034,41.09728891615772,31.59375264475077,0
1.1047036941535635,152.29620779104283,127.38342643901996,2.1518312524155108,13.761029405364429,9.022807529515168,100.646623689192,1.2510626162371647,1.2794354297153143,4.491998985217452,-0.0823554329456753,2.342728513753056,88.47055682441643,115.31945521626108,1
1.040267973473495,92.277443350485,65.79721167858077,1.6499566088380606,8.485011637306302,9.926063533234313,-44.22803955689167,1.067295018988819,-0.2171993380725453,-0.1208858828307062,-0.3381019755878455,1.962029568558858,126.68451975447182,-67.88839649263215,0
1.1451915090748612,114.08014020238902,-41.94331619221346,2.086286967454167,11.755919931704089,7.379807695758021,64.33452079057098,0.94726022582937,1.3955222129700915,5.474854575273016,0.9407224723388196,1.7680680989403164,31.076820709276056,117.50508728170972,1
-0.4910091100586823,241.62673106008071,18.091402324894844,2.0611867965521413,16.97801475849616,3.346303953361612,-9.76171588303164,-0.2051903414576196,-0.071435222374728,0.7249570805800345,-0.3104091697555836,1.5469354429880706,82.59884040138775,54.60393702055587,1
1.1124121233625006,200.6181905734545,79.52043147163593,1.6559003189578276,2.8483552633620874,6.691280199305,110.42945941620457,-0.5325876958305522,-0.1158966291764105,5.106436796195612,1.1898553544399593,1.0437286361143496,128.4708198847228,-19.910151445413483,0
0.0383590316322247,173.35763754889476,29.40886671905997,1.2714382384239336,13.473416033061657,7.75691604666744,84.06748286958153,0.4541612286212804,-0.1449573504976815,6.15784361025916,1.1681446778906253,2.126152463288,56.963194890500574,237.9759059961533,1
0.9261831447933818,-31.684996284676657,21.10923316082951,1.2210260411355656,2.0312148685807383,6.473578231949718,-0.6186512919897851,0.4225519230049449,-0.8462469131717393,-3.52526082212458,-0.3448575836733332,2.3272271175786288,54.77399126719402,91.80479678399384,0
1.3971662414839274,195.5389634947948,-67.96269643043239,1.6435948718310098,9.107142666220462,1.6852360782493534,20.10518376940837,0.1267936553386049,0.545270762924103,-0.7386388056580362,-0.2404538699497767,0.9882549102027156,19.13721972270952,-7.403639243129092,0
0.7141689048244783,12.87449019298876,226.79656055542944,1.442324202475916,6.264104445940514,5.445371169965898,20.632352157794912,1.1272911048153138,0.1707599160492339,4.006534073467569,1.0309095441490728,2.315802025030178,63.70183191925328,128.0066602057176,1
-0.3685367375000034,316.95080741479546,97.38832931142686,2.271428727329047,8.466590835661314,8.195118806246562,63.71021479844133,1.02697755705418,0.5193755033780081,20.15856648908585,0.4183269817134854,2.066493518868367,-45.58259985798958,187.47750310823525,1
1.2423998427922376,325.86776069291375,113.77217066646504,1.3592811622259409,4.818215656206568,2.7368399847574487,-39.37173353171885,0.0165533894794241,1.1459733355162092,-1.3245368384735547,0.2903917865768717,2.1346156281388806,58.040519121203936,-7.399302119806762,0
0.7080600888726677,305.3473927450476,86.70166661695882,2.2298085599212816,8.560689764762751,6.771579282911207,85.70369669697484,0.1074684106012602,-0.7100904632138944,4.139390134261786,0.7968031434430041,1.3160606820948415,107.961979116123,12.152781350604258,0
0.0152230477840645,89.12986466922356,24.73636258685677,1.9830424221607093,9.69227549211998,3.190589954893416,21.197468524726823,1.132697967970781,0.7343876442002507,3.3027937213077845,0.4411124091780035,2.026082791514616,36.72201504637303,82.89329356506863,0
0.7273783708209522,191.87846889794596,2.504122890944032,1.2500352914117865,7.323545659084454,5.905967450158984,41.989837698387205,1.011175632427373,1.2073268807619129,3.688735489026917,0.7598092478246901,2.122526583876577,139.03145357485022,6.833848971587031,1
0.5468106962760033,42.37756710626108,29.359975466862643,2.3917661604595226,12.46083236497504,5.163957378483079,15.822027843417526,1.2805030655588774,0.7526081965153808,7.536688403239251,0.692044745387704,1.720347416455136,41.53664295939814,224.10709218242025,1
1.3239754239134371,165.0730580664492,124.86999753637149,2.2418714994447924,4.786884662696762,1.9933521269146224,18.445144427192343,0.2045631179981745,0.4046096565959195,-1.831076071645514,0.6612913456320381,2.1029934403960557,29.53850824840996,-101.73961896854644,0
1.2361491752785048,169.59730006391985,75.055296759799,2.489718870349689,0.3481659166046915,6.400576763380899,15.764524994709156,-0.8802910071390695,1.1655353594964568,6.47969758132999,1.135974684610523,2.1309705925222406,54.76113207569968,-93.41179729788038,0
0.3594097704429023,218.7102470431737,28.76517955561053,1.65070944431111,3.9512632620597024,8.566323454570524,41.04999521163825,0.4120485340205839,-0.0490622333686505,-2.762000913279783,-0.1192414635037912,2.0486483478135438,85.01043574166917,54.51530960475723,0
0.5848002605721248,401.6525389881873,12.83292152188649,2.369405424022704,7.326892913336419,3.3726961051795463,41.77944985019607,0.5126145472316238,0.9948965632720468,-0.2737910332417934,0.8522334003458991,2.207218374225556,9.791832614548332,-64.75126328151615,1
1.0544680850257238,160.7561826887464,119.38801820448074,2.114018487467749,10.77770707171443,5.073988610134873,42.60700153102326,0.6391391719941864,0.597830197302879,1.9721026602751155,1.2972417384240111,2.064955945921653,34.74957401931721,-137.25576923013688,1
0.9160483000525436,164.45565053829728,263.9921803839401,2.163947740785499,1.104584769638426,4.677885338181101,119.5670193239608,0.9169908489089792,1.3694211866713522,3.913355546544152,0.4448943859735418,2.0316144259789994,-3.752225570513936,-12.063147731026994,1
1.7300045536489597,204.45824242060883,29.70003458965725,1.903805939069501,11.411454491950376,3.2319380396957595,7.470026108162237,0.995221628055522,-0.2110527376951111,-0.5910048526655243,1.109606038683034,1.7812285023090162,100.62421111421271,51.30754642774449,1
-0.0223367935203007,28.32373619502546,-9.498931583619893,1.917544798922126,13.358083083415256,4.344933443645609,32.40620202946024,-0.4215047957962827,0.6410216574585901,8.480960305187041,-0.0664486410831624,1.8264918740148504,135.49821326679128,151.3534268337653,1
-0.2279299316359558,45.04210379044413,157.6126390959007,1.716522340734702,17.29832455586382,8.444229810010416,61.14367238589517,-0.183206710867996,-0.0689975239248533,-1.157513298399932,-0.9908713439420648,1.6913984906778392,35.37513673302922,-120.57218877117802,0
1.599497496390184,230.01361941014935,21.16899844496485,2.0110095598328166,-4.197491981028266,2.3799858210904468,7.992248539782263,0.3167870384876129,-0.7203068451667275,-0.152467320754654,1.3772921220296144,1.674950891740832,85.92687264866339,4.594407306179654,0
1.3145564833968773,349.4530381161858,148.2527745283863,1.7138838752616778,12.687360648847298,3.714293984027344,149.22166078824887,0.8342276684116638,1.5398813502138775,7.397562631160628,1.0964930938447774,2.3504144357108183,7.487245694265532,-50.27399189599898,1
0.2604582629514647,235.54816412431276,-33.17852253443424,2.124354427296536,11.52761158022004,8.218143489183795,-25.57457258567289,0.9055332324622772,1.2652763587391749,13.832107278933748,0.7054120501037544,1.738370304383186,141.54522740000652,37.56605642596297,1
1.11580004044547,430.267169767833,193.38900484535395,1.1273597897789949,0.4103318377313387,3.941872713286517,123.47683876833092,0.6933936577211434,1.401262303569148,21.013564355326565,-0.0663185139331102,1.9155286597694483,-65.29796389737186,-45.67261804414678,1
0.6786931256630926,355.1739308503196,131.4389602993175,1.945418656100752,4.511946792066642,-0.1179076954975402,127.48564355258412,1.357600236320197,1.3002156422006177,11.517392570485566,0.8920437234127554,1.6105969058538403,-27.53292599565839,111.344772239532,1
0.9451207165833376,46.16095061991133,11.148408894109664,1.143775007594026,6.74404263048494,6.169981999606238,-0.7942386048824872,1.0646508310085083,1.5859073650509363,4.483753216896418,0.9556680815580276,2.0640100031016044,90.1713999226503,90.95234565818896,0
0.999327873909332,71.13601874865309,126.53857895596974,1.0456578389674829,3.903566520050014,3.5036121402788734,-14.259555205631507,0.1579361914820186,-0.0348834702867363,-1.005182822189246,-0.2474628923179907,1.7289344269656683,78.85572336838017,78.2832293152074,0
0.1648258740880225,180.53898699079423,78.51957206900173,2.025980958942234,5.841910216799495,2.714867775439182,27.941478084350564,0.1666737421356749,1.168934320471676,2.8491957274557795,1.0172649085868202,2.1559595891178702,43.34312058430347,116.6453091005506,0
1.2724414361893683,67.62048062951108,93.6894672311544,1.5574628534944264,14.906442086823889,8.266887762681751,9.220268977134744,0.9915021751185314,0.7690121713954468,1.7595866255604804,-0.1321362193746373,1.752764683900005,56.16477327627232,161.34131356365873,1
1.0595693166801023,62.54556410910436,45.37731975434579,2.3197007474330444,9.178270134310644,4.330973390443621,10.961320095461758,0.9686003762960054,-0.321911680487371,1.2131535322781215,0.7679447833735634,1.7883845829042735,-3.1275454051698546,-18.53756119296505,1
0.7648608794789836,59.73099610770527,196.9059511932421,2.1962119248884315,-0.3249811660434298,4.454466362114893,22.961248643894823,0.1550418548926264,0.5996798171745069,-5.238440449067519,-0.2208792866149494,2.132331898010995,-30.70347462154889,181.41230766601544,0
-0.0340054058223333,427.3415546945632,282.3263906082872,2.4764851450865457,5.167481033344245,3.1251060921614373,128.26389087326052,0.5349750062673186,0.448087421189312,14.723124046497912,0.1955054153728107,2.202308896436427,18.194724335646505,250.96174220435435,1
1.2078389394179685,244.52375048730076,48.04577994047723,2.170380205050488,11.058267572891442,5.299480587275135,3.115866274232559,0.4585975618178135,0.222318089585022,1.127517075253378,0.8454429960876615,2.2861523757426845,4.614733506368808,90.56999848983324,0
1.3224742471039574,219.72160473576133,168.60873215996486,2.004637989624469,3.9592807159913743,4.223900495494482,38.65843891457859,0.9612260219262632,1.6582940836847482,9.610168150209326,0.2775743904282352,1.9866374026145457,-10.335807068313729,197.4496551331996,1
0.3557292570016214,362.6866448396939,64.42075061114225,2.053081011799327,7.314241126785309,1.336624264127325,-43.10030391593812,-0.6876463160557207,0.1407503274278463,-3.1189194444799435,0.4691751410245821,3.006773637683855,56.55417284190924,-44.97471303115048,1
0.7860690365560019,248.49143941394016,119.62856609164837,1.9537246250895872,6.217401446181313,9.890233705153078,151.05089910010426,0.885494141102826,1.2381008659015134,13.67396149547008,0.2689801549740601,1.6989459982000237,-4.038059583262644,134.83795862154028,1
0.6005359165512345,51.0259897015834,24.73179755312902,1.0187825924703295,5.514763927198386,3.719778331904105,10.572982733421831,0.0592308567850001,0.2885834746480608,3.440083225196638,-0.6053021438898154,1.496730189206858,110.647918553962,249.70935819090903,0
0.7918350265281564,25.28421900464308,36.17820734530607,0.8293374525162203,2.642290137969195,8.032628615854582,108.61142363824496,-0.0896617818149316,-0.3797593816088175,1.5420606942091872,0.0822067823369958,2.304386439350099,89.88445157799674,136.4429648118766,0
0.9081072811292168,316.2843488905965,58.04891839895419,2.5415853445241785,7.216612420519144,4.394313129742609,45.48612037659666,0.5456011077655063,1.2065061730361757,10.520600934586628,1.410348159397424,1.7104506364187086,137.4009699181538,257.66621932175576,1
1.0627741992557307,373.018754052784,86.26831278791164,2.51775157892227,5.328195719976591,4.549495613532731,-21.93270344084152,0.3969800001526155,-0.5558601374475735,5.840431780336861,1.0747365484883948,1.4064894914146202,26.222728574097133,36.6282308274299,0
1.3802385884635324,373.52836791916366,191.38716155972972,1.1463191483254898,0.1479246705970993,2.3969158194518743,-47.86345308028107,-0.1257173475861929,0.2613274213002654,-1.5204899802217664,0.5096382519945231,2.200474293751429,-23.885058201893784,20.140961345684676,0
1.089913814883901,299.3689574276138,198.76311368045657,1.7044229189727125,7.179271892129632,4.627606663746758,150.48043467511596,0.6981807897234225,-0.1280672980706816,-7.175306639035232,-0.2322234489040938,0.8825586806991066,-0.2649296724361321,10.022842079339554,1
0.8209978479955262,315.3999750893609,-36.683179943110886,1.902689352639984,9.25144894268875,3.387732823217282,90.8155020275812,0.5645442657434936,0.7908883376541972,3.2640126180039526,0.7893318637255552,2.2309822098485297,69.12149788765231,0.8195823808403091,1
1.2805380579811445,263.2800828472161,-42.50296080139464,0.8995544626321689,4.940385671658454,5.298559729651555,46.07828434922177,0.3957183498341374,-0.2802172567732296,-7.2832964247436225,0.3397343562870022,2.3183695774043085,28.12157491362416,-39.90080145788179,0
1.0029016303883524,166.80689615317922,-31.821033608894155,2.162139281209959,7.335985420754985,4.9681520330543245,-20.625369741417565,1.0200251473006618,0.9557834930745523,11.536234358789052,0.9332414183370646,1.844549517011768,93.47785416296551,276.3488985672348,1
1.2358473080947785,267.7381040393608,61.76966410320529,1.860747906128875,13.712387505154036,8.168767435681271,133.67993721893143,1.2070024715387708,1.4421587846926949,16.41037084373233,-0.4902587515290651,2.281371671201153,10.476589875115778,220.6595946508358,1
1.6312192424548844,83.23517004322211,165.3404837786145,2.081057456139944,8.37883569611995,6.13170795363156,25.547616146822463,0.0828556846498476,-0.1543845778693909,2.02100566662144,0.0079620301094859,2.1732662394621576,129.9354323215789,23.106805960805037,0
1.521313920185992,287.0840920224957,50.54882284867166,2.0675951973496978,5.919983665977001,1.837663048007036,6.320809007151496,1.018654918945598,0.8916589425637971,6.556972419847394,-0.013946732479007,1.9286883764898013,25.434032131059183,191.83199451719616,1
1.6589793751527506,61.74158780431684,31.583691508023826,1.5558195956034004,6.6998291702449455,1.9961289562356053,92.0159760329471,-0.2194437304644392,0.281278644183988,-0.966621745279526,0.8308686022808005,0.9450096941520056,45.40505690823993,-101.962506505074,1
0.9653625524763392,39.09455595276492,16.788497238962876,1.9017370300784984,6.545650154908825,3.6334284982811393,36.276657184562346,-0.2742076142512597,-0.0233038600621533,1.5543564680278492,0.5830607395790626,1.9327467649814185,76.16277270087485,68.12041106309891,0
0.9996076968486628,-15.666901597383172,55.74639860243866,2.6267697503243146,12.350242999337924,10.73389649867785,-20.76487672241152,0.3416891007471899,0.7321105308885648,3.678165036656122,0.5243322701710003,1.8556758469804333,107.61028386297464,100.95487668564236,0
-0.44694644358696,-74.93177060933232,-20.513377973143747,2.1602415248345244,8.393158566312017,9.03100088487528,25.367248275710537,1.0593884143874122,1.2321195927357538,2.064654825443392,0.1706844932973215,1.8517634475292344,19.442857101235923,-19.797753838760933,1
0.2033461577662928,149.96971558102814,27.71664135372093,1.6630978934934693,6.432833629209886,7.07301813975425,84.40574429784465,1.3656002154458675,-0.0575596747879738,5.326549767290226,1.511359823962296,2.0545085394057745,88.5727776465398,87.82929877649444,0
1.1341329172300605,489.01910697054825,80.53727855596503,1.9222034122114,9.9781621382388,3.309292676794966,140.2172254765652,1.1769784993759642,1.0565096599789432,8.410646143223326,0.0062592847755277,2.7121221875483905,6.234719563498231,11.639313197246594,1
1.5240322698853963,236.59130606749895,117.12239953326238,1.7062721779615977,18.779515726638174,4.800780563858769,74.49481832553538,0.7496683907467365,1.0952772730542524,-1.0526411344900284,1.2614488892083835,1.7864503544321004,112.81842631878894,161.58120389873076,1
1.0947666202518151,72.68966117220457,56.4401207618955,1.9568012428803037,2.3209870171092,2.840604225465726,86.74375086790512,0.9013023425930804,-0.5406011117736828,-1.1111536392918842,-0.0192695002437142,1.1224246267398237,117.18905217216412,37.863154307739066,0
1.5620627644677056,149.12191468684907,78.75348344239403,1.422085615366794,3.577048914036348,6.131098107015812,4.402215776063628,0.7025193202294625,1.163123140835378,3.584942795156426,1.10323615299724,1.6836148410514846,-16.900817025286116,237.9612792100964,1
1.6056624187853492,-26.7331292334286,29.192441813044997,1.250546246840914,5.200148310511178,3.4383411031027045,0.3564197095754977,-0.5150311663435891,-0.0883721888712943,0.1945464993160817,0.0867555784802625,1.8756359476133293,61.309362002063565,60.17454415392268,0
0.387497748881195,-16.908780257292932,-12.565178989468052,2.3154135046690243,4.514054366853374,3.94362592385832,-17.054141098918613,0.2637872430541899,1.7201409225933642,5.180708640950549,1.546234624165453,1.8105176789068484,115.17387780890527,-49.385016384317375,0
-0.5248866741697263,310.1200554963658,193.56842341814888,2.146027624505823,19.60349403797633,8.485341816177378,88.54186603487156,0.9266152052357116,0.6383159045761497,7.803045953035941,-0.1504367940792834,1.8685374502655008,-47.19022765803399,307.7622981256507,1
1.533139372205444,279.9896141423583,142.88800382013756,1.9010088565964725,9.339699854187574,10.54846672298244,125.88657634506764,1.3015054479617976,0.0459126003648128,-0.7733981585378169,1.0041040084952733,2.32158703769716,46.20439356809692,-92.2440767273586,1
-0.1853526769729352,225.4482026243591,57.678117483131416,1.1918686202846869,12.839250124113883,8.75908258857989,84.30245020785502,1.0324066399862768,0.6662709272517603,13.994355385362912,0.8046924433704574,2.0214307250738623,-40.07363426069146,201.8249874652832,1
1.2983253666033585,148.50551213190374,12.109954757892211,1.2406637107358471,7.538434540574358,2.259488248624397,52.31007248599494,-0.0064758157098459,-0.0301972356054345,-0.2248825149581703,0.4409211309801004,1.8824548553156943,4.56293261629876,36.02444381369126,0
1.4130557382424174,152.4909480812595,43.252674980966745,1.936665943784244,10.28336592082102,3.0127954676787807,39.58464088072483,1.308562981437808,-0.2237295867891037,-0.1859408831672895,0.3061604120680496,0.8479443899776586,97.73826575299027,51.68862684080135,0
0.9579272175072724,138.10327160293846,218.29452123883797,2.153875781976966,12.74550791136044,3.422977011077002,91.18848506826686,0.2032243897628749,1.2136843190659747,-2.605607539591901,0.7424104123708268,2.093788658795656,57.7393524809229,107.24701184216434,0
0.6834398079153785,32.72262924635898,-8.879919880884955,1.6331021451919212,2.780733613601972,3.291479172492369,-10.292310229510328,-0.1182936382403231,0.437253407457653,1.6024193470504635,0.9236478797106864,2.038184854370365,87.967335678076,103.22516673731312,0
1.204137712758658,366.6529294361932,93.8797262396962,2.141523480700627,6.814037244718566,4.65548433786035,27.54352541503185,-0.1110944430645237,0.024691216208658,-1.108741892942068,0.369780624174625,1.7361220402196444,84.05958121524755,-9.387005915396806,0
0.5902182053470418,4.322191611534578,243.11439008784183,1.8509817593396636,7.92922475610107,3.398583089059346,32.2863222465603,0.9119133893237592,1.9121088017196013,22.209088033605884,-0.3187196837168718,2.1450224965538047,40.23966491819907,62.22035757857876,1
1.4802690414611752,55.69683873874642,-76.572802380288,2.0184129901635317,8.55404046193385,2.4556893861927254,8.0157086898882,-0.1352362443588046,-0.4982165692717692,3.030312532031513,-0.2106487695227848,1.908992456631437,101.00053120966348,68.31105333553658,0
0.642416932384376,-95.53477270954455,56.363723052356775,1.300021549465986,12.962162771624754,4.770911722543664,43.87931829040453,-0.3345636105163281,0.0042488970171581,0.0951384264801142,0.6206967083457103,2.4588133742720206,97.74460051936194,68.89393623452443,0
0.7642194656258676,156.98099942209146,-22.94892261039716,1.7558116576476228,8.284054194612963,4.943381637450239,114.22698879473616,0.8626434049637678,0.3815647165851774,4.721253465412024,0.7283678972098937,2.2909852862668414,146.24530634172487,203.57756675561183,1
0.2027385216431443,57.126485033572266,26.67546362925757,0.9166156446066288,14.080709308656306,0.6551279720309919,10.009094678913089,0.0041151349873358,0.3261278512438826,-3.527481608247731,-0.4896222877553238,1.5436561250776295,93.13084772271932,-59.92727357797467,0
1.1009797493831583,171.42251717405767,1.123878972066862,1.0253334091006434,5.128220100141029,5.794551038784302,81.34575654366631,0.3343470131645031,1.1202218830108643,-0.2985229826022686,1.215759652163836,2.010426422216888,124.3506897290018,244.04367184511477,1
0.512670969032785,135.36958544292963,218.23122704257696,2.247359094444025,14.852953782355872,9.087118342985558,48.85120553114817,1.7528669611017074,1.395402240135856,1.459394415231949,-0.3847429092288608,2.11305162393765,-8.624332858214174,230.97872898736944,1
1.0532128373260603,-23.07798632160177,187.11718064787377,1.1573548532096836,4.772006637415807,4.141120202939581,5.376548802488479,0.4550304204759373,-0.2227664079078589,3.320137632095628,0.0156398801943795,2.334032350844112,89.6487720511751,11.731779979550964,0
1.249605331608115,313.43755358446487,-60.89161975412422,1.7342350643226303,2.6950976563137665,6.096737816448181,-13.042164567092136,-0.3117174492262903,0.269809497897379,-0.4160270627641318,0.2025510924434301,0.7510790278966764,55.22611472118126,42.14839597565921,0
0.8888361732389862,129.88232479030776,95.80719689408065,2.330985389775577,1.6957903309114224,5.685757441849977,97.49974238160418,0.5533328750863736,0.7836404868006218,11.924304116181789,0.3236848176808737,2.164025258290979,26.538429138462437,189.01158945916467,1
0.7501785106246897,423.2601281824877,42.214805551086336,1.597872954870462,9.958983322524402,6.495241144844725,28.434607978629707,0.9848878829485056,-0.8145028474485899,-5.115103457686183,0.0483568272024294,1.9198128183038448,-37.248129130553295,102.57033060104864,0
-0.3601709066433743,126.26268325038114,220.751901218069,1.6914195818424234,14.06646438259611,5.937089697786786,9.065951574539753,1.313508351538684,0.8386126279271033,2.247014656403411,0.577826162120775,1.8548018591833737,162.80874838719978,122.97307673798258,1
1.1955405565088912,335.77798640760466,154.15499652136228,1.954851820940776,-1.6920872640189015,1.725904687076642,22.966088555337,1.553207353722338,0.1379409820700799,3.7955609236403713,0.8889650866774103,1.8928911081054305,17.383149982817415,-20.05572383170384,1
1.392189342602196,-0.008854925971633,120.08400508923636,1.2542755108871515,2.961683916261069,3.6439778376197127,0.8749558472931298,1.596699303430384,-0.1316071894668019,-6.3753544521338,0.1884972564257981,1.8434559167769224,39.47450266909524,100.27617495373464,0
1.3962326919298342,139.6128873507196,161.249785975472,1.8986913091090347,9.96532767152383,4.607456589556606,111.97927213998182,0.9197073415605184,0.8613039578626326,16.456180742442097,0.2707167879306417,2.188278669542348,-33.803432893376566,254.53376738630945,1
-0.0582146685865542,169.09068385770854,-1.4782806749057755,2.1333707712534125,10.358833036284809,4.113051589610764,2.163815368535083,0.1679406288043039,0.4323767007478032,5.981086995979691,1.1156966106086237,2.132027455767885,84.19441679054368,-3.787679938634227,0
0.625614111926436,138.89152824804668,26.324561729632062,1.7250048059130292,11.98824641983412,8.218432803241011,3.023684712806123,-0.0256888803203635,-0.0333974831532997,-0.1117824906982276,1.0522522012816462,1.855797126225449,168.89252986802302,11.217038767186196,0
-0.1891718137996877,163.89999793967067,132.06608487158297,2.152035402511428,2.5633962523933835,2.003630813044356,-38.77781833320813,0.1723985546966973,-0.3772593388542655,-0.7835916445505662,0.8078588923378054,1.9432827366932903,85.39919150967754,64.79473201824794,0
0.2931638643938402,258.5699351164817,59.75311993818932,1.8004442128878055,1.5052977595934962,6.652318050356695,50.66782699631229,0.8423529909915488,0.2137917684105276,-3.1005863713811648,0.7486504126228126,2.023483849264166,16.641553433376266,-4.309745072828392,1
1.6006462349881958,88.97135608772783,176.43884646519365,2.275564907643719,9.338686004741632,3.670187383314616,1.592034944398968,-0.0520358797233002,0.3147934516045703,2.6755715821663784,-0.27976223307382,2.0306134226951014,52.55072314368214,-42.29426977362511,0
0.9036018114982164,148.1204411332972,95.84930552130072,2.312089001112332,1.3545287182472814,3.499965118430402,50.43125634204353,1.2195968372429429,1.2638941160803374,17.398777464468044,-0.1303090828108106,1.896457546802245,47.67528328530765,57.57740292559064,1
0.7366165988620221,280.6527794312455,173.48034280329335,1.7994670693856112,16.725678672309723,9.728337198956236,146.10599940930757,1.198316412698322,1.505887750875678,3.313187613121063,-0.1187930380348811,1.805836480793739,5.123730376553176,-30.133561480427467,1
1.1577720966552434,97.21650590172416,48.9613403047517,1.9239890577692813,12.491592780580792,3.596616820676539,65.22807551217375,0.9631224714761464,0.9095045794978208,1.6581135388034445,-0.3341409871330278,1.9410854068881984,-22.72196340496903,298.2778669762976,1
-0.729529118173306,101.91645904533638,73.13549948540177,2.058960371979795,19.81416279529257,9.85240154532335,45.37475058083422,0.6396092682828727,-0.190342008776665,0.7132263205416134,-0.2897485703659794,2.112077698145755,129.34460249860416,-58.29292830660335,1
1.0174270219217698,-56.17747194571328,64.63398263124171,1.9034717113512,7.076907868167915,4.639790947042678,9.388680954992791,-0.5958518197208167,0.3872163877447814,3.2840827454363994,-0.3046503828340465,2.067641312658347,28.010509634462167,-62.24375250299692,0
-0.562343617274763,109.74962701301575,1.9792401595229592,2.0345375061705813,-0.5313116261529753,4.785700584542231,-12.734882301870506,0.0375231964298133,0.8945876630189741,12.820499678747588,1.7407168057599025,2.0104165006526387,88.21283226054624,9.65416845153996,0
1.0535594208495684,165.46531949995196,122.54081032310027,1.991533013180312,9.29496629279176,5.3470857771282105,-21.67308978396418,-0.2105501607064274,-0.1383042532356485,2.79036518092667,0.6460384540301288,1.9332690942495483,156.43001131224457,181.585587927806,0
1.1479521821399263,76.41679545520833,127.31821057867586,2.753518597764801,8.956442915112483,4.483915079475699,4.251020828184899,-0.13167993766314,0.0923646501873999,3.5588985789305143,0.1192370679950904,2.281975418774733,157.7153826166005,-17.097127440549535,0
1.1793466412483498,411.482457414195,82.45580936928371,1.5148772313798906,1.5183635197425671,8.629290808101992,83.08644333391716,0.4757875070334533,0.1429679588962582,0.969712754765114,1.7153313829378858,1.943290106137606,147.3983749368082,-68.03321130692166,1
1.2785105843288835,89.56208064578996,-27.907428937792417,2.395250541112258,8.359256447762851,4.738449188320912,52.50980862864976,0.4652338757723301,1.4193130131222338,13.85680015212369,0.223586031265735,1.1163766020768633,-36.95422116541313,39.1766336394912,0
-0.1675891562915625,130.72934513761655,127.6949954953468,2.203672896016036,3.4956722526690056,5.110759968392814,4.993509601818033,-0.6231028592542718,0.3743036142200885,0.7348805049308291,0.2950207028165741,2.1545788610750765,42.253569664547314,100.16033265550348,0
1.075571691327187,49.08035439656979,118.99334402838252,1.0739346963641243,9.163123960119142,3.0428645984901617,98.1159511280208,0.606516359072507,1.1586705069685048,1.0317149392427,1.657494998469333,1.7976674908377457,-1.4309544809657666,41.16260118469765,1
1.2132565308170065,117.6766754205046,84.60103464797334,1.970702964257453,4.0917752160639,6.570579252199131,54.15991535199662,-0.00306262870967,0.8317138363631345,7.424074936143806,1.2990945887898773,2.070673581807707,48.867211695157785,22.071414710784545,0
1.2188153096038916,236.68063738497565,35.152541827586674,2.040702091286993,8.176236913530612,2.213970695843225,-43.30309792425388,0.2565815838980683,1.1200220995156984,2.825976796574429,-0.1458685398576809,1.7996222263427466,132.16980638582294,102.19695181269029,0
0.887308045182308,197.8440823522367,44.95885915599659,1.226123889183889,14.5257772293757,3.640642239875437,-12.437589273337032,-0.3910471521125843,-0.2200852958094915,1.0594143438041703,-0.2938137561454431,2.021511740603532,29.60721933727701,-89.49376805095957,0
1.004009996974677,256.3276664777334,120.94810846902804,1.9345981219901551,3.0120180747988767,4.774456303008663,52.68608069257561,0.5316361673452602,1.1896841775940097,3.1830341208084985,-0.6676440427882175,1.9725251020165533,35.43887099816688,172.70837773269136,1
0.4583541875323499,308.6306724309235,225.05853152586752,1.872069386192338,10.313995645583988,10.10021032439226,-11.593943777276024,1.3733059780705197,0.6312974931191433,15.890735658446632,0.3447653914475439,2.147813639282341,67.28513208840928,162.40647930978443,1
1.3056340206395791,256.9431022098871,111.64443158197813,0.9855819799324076,10.121119534163524,9.442580280887093,104.91596802242448,1.1281133002928532,-0.2402338979320015,5.971737106137218,0.6724515460644698,1.9244335047979015,64.71638732607447,-58.50401975523831,0
0.987265858060946,371.2357192900936,9.682546537456304,0.8792995028029972,-2.8139187865664965,2.405628111072007,34.48537522457062,-0.3184818124073352,0.0342343068807933,-2.639224974411783,-0.3861891946149857,1.6730069828304206,1.1027202874108897,75.95014587744868,0
0.9878578826719708,-21.36707700240049,140.34003716320507,1.909884049966248,13.96883222564938,8.716314466473985,52.18150841743508,1.2744709592900754,1.3570023517841123,6.372463653109035,0.2128843533751544,1.991779521254808,66.90270803512274,59.45943865408567,1
0.4099416984876063,12.585087924211962,152.6357714286262,0.599539092828614,2.0533576843083514,9.869586071624044,105.49971072984928,-0.4300867210018613,-0.1700397364721247,0.7696135401606496,1.2188249143689454,1.6058951760540665,-52.44384471044363,43.67569600340632,0
0.2085983302289936,246.76412502275656,113.85524502631507,1.4548250548140826,7.968747652527125,3.286333795658143,83.69467912846315,1.0441409822051515,1.2164905107784327,10.862437080155416,0.99252017984509,2.249791457225202,-27.706724529225127,-90.25402979288631,1
0.9146780911801062,178.0848005838759,167.01685512893278,1.6162912409645886,6.445880094545484,6.4608850675887926,2.0656464092270994,0.1677124860921588,0.2025433490043209,-2.134349676079651,1.190837682008685,1.6878543280578675,-20.63880476497262,59.607284810827736,0
-0.1051476142861256,84.42180065089335,89.82776602775832,1.866081184261709,-0.6294261164632129,1.7914274891074389,22.422527351325886,0.8608650702165966,-0.0315737103212677,-1.6465736122706316,1.2431636401137058,1.9853210264510408,121.95304925129548,-8.965302498352038,0
1.1623451494956796,183.38795667942625,224.11154098809453,1.2370882210291134,2.0334736169209666,1.9436456039860364,-37.2338504214075,1.1240064855069898,-0.1122842933642286,-0.4597720915026348,1.3253029736802904,2.331279588871931,63.06286313190535,72.63305211969534,0
0.1682219074012709,7.492178125218288,60.86526981579469,2.1464657231734594,2.934715958519135,3.2959409046729315,9.180193709758132,0.0196538793610594,-0.1084074456894302,0.6870912076590319,-0.0941570986895367,2.034165968467569,142.89530149337648,11.163920632671804,0
0.3676998497661477,128.77895056939892,200.18881941279597,0.9387373700402812,8.327942181469396,3.718411883961089,79.10102163461238,-0.3632838398196509,-0.065438972520692,-1.091646124784976,0.5612675134045033,2.167838903563551,77.53519348488496,34.86593602414831,1
1.0886001257677531,221.90009209466177,73.32583024755934,1.1003853938182626,7.89032115380213,4.364485415303856,76.43849007177954,0.5731738770128052,-0.1785601165819182,5.347285487841024,0.5657624658838476,1.5259808706368476,-48.39666144797921,174.58596123853425,1
0.4319221853205091,-56.57580199915978,12.271361092001968,1.723526088622817,4.49155959592084,6.219051601766138,6.816814649661183,-0.2094752929726555,-0.4249263619698404,-4.659306727973748,-0.4675695688926819,2.025072974088631,102.90388402299536,-28.528937749707037,0
0.1649615701100897,112.98758359823066,-31.79561257309348,2.4737803338543327,1.4678234851647731,2.492667140588899,-21.56166155589008,-0.5815638755047376,0.0967505288357579,0.8983960983048171,0.8163245510062538,2.0189596684537867,127.7188259763807,254.4664238976885,0
0.99504760400908,100.57959313966498,189.49523694448408,1.992772346985384,6.711157449155609,4.970644315390433,30.555749819968582,0.3520854535978079,0.2475011482503669,-4.4020494093504325,1.4172552788442934,1.8974542241006889,86.75525278146014,-51.98530427250535,0
1.08249113354851,227.2118459354404,-16.860883596197894,2.080267656798393,19.02759729222417,5.533669420587703,-3.879503152642471,0.8413184451736535,-0.1931595682098335,3.4569943275468016,0.0903016701355402,1.6025019716499302,18.826782836674973,184.53466265629035,1
-0.1181844460983349,80.10968710587792,79.1097590709433,0.4421815069447641,8.453791673336054,3.416977239218106,55.31048909810247,-0.0652444975762699,0.6188544401503162,-2.3372881318336027,0.2194427917238908,2.0715288388401403,12.941785273827756,10.66485324663067,0
0.7963306313217451,333.6560711673318,187.9771448742378,1.0750832724059247,6.662006170877892,5.611096073513511,64.20969540368726,1.0422137299665524,1.588196671440079,7.700198437819925,0.0008030529540442,1.7079690304540676,57.281937702941065,-3.540108514928974,1
0.2162175815806693,479.7392029669028,90.70793353856266,1.6809885369715545,9.379132273542066,6.214369187285643,59.64262379454234,-0.0245909663551437,0.3843944167937841,2.8573105110427663,0.1707927375779779,1.9098766761553467,43.02401168458647,220.33399527575727,0
1.0785993914636232,65.82207701910137,113.67532437896256,1.060141776274127,12.151999453085546,7.750948702790209,-12.349546316143671,0.4913469907357904,-0.0750393350824769,1.4697663696255647,0.2143859856949561,1.834107290990011,46.69993575365271,16.951733916376547,0
1.6169455959394543,323.7050145074443,92.26956889244828,1.8284075334181893,3.4604444991170613,5.458757810936236,-11.349153064488585,0.9053866477861036,0.0381021000992591,-0.5208864902346133,1.1045612288540672,2.5743159309582078,81.79420273406708,-22.721666624183094,0
1.0766650373905404,-82.80028079585875,11.237338826079268,1.832769249889868,9.282089069366696,5.518570055363839,69.98364271236149,0.6842854673594887,1.370472381954306,5.866703470157656,0.8787069610026709,1.841330738567629,95.63319298100107,224.9243317280224,1
0.8560285071383292,275.0513649242257,120.89208598887951,2.494994596565697,14.505808785860594,6.171679315471315,66.7493090549722,1.618431835568926,1.63955039747891,6.457202818444542,0.8568133112998851,2.327286558917696,-37.289997355497576,101.25369373674724,1
0.8803480275823643,285.0666437554095,228.17578483470697,1.819407602209199,1.8113296148269635,3.95772383304108,44.090978200795966,0.7118865075424542,1.374945693395957,8.730733202253708,-0.4090582911935724,1.990338834784218,91.0816681809338,25.523594077231326,1
0.0712586230246922,209.7569631685152,104.14557123617178,2.21358606209471,15.062876469668424,4.830990068882654,131.0705340027347,1.7623313492699464,0.9676845045746943,2.071498240399525,0.7184272205152316,1.76882752278277,111.95677041233004,129.57675456445605,1
1.152192738391851,-39.677613646469126,-88.24916108246312,2.1216883759135388,9.190257774532595,8.709998153258057,36.70773131891087,0.5580447510371931,-0.1706334565339552,2.2725765753794582,1.2221993979003656,2.3849072835303886,29.03472232423172,-34.58710174326638,1
0.5165132371799825,115.69191168651858,-14.09860005764493,1.2930026232387073,11.417650000683874,6.343317121330929,63.81252340108585,0.2121719678704393,0.3610188297883168,2.315030140393952,0.8339231593462646,2.1369111950059003,84.8237972823746,10.340766284540258,0
-0.0658654619489786,280.6349676669793,29.46597012728765,2.256353635752492,10.545055373132609,4.874221038827074,35.87173093048757,-0.0748646334331886,-0.2626219221430969,2.977403293732568,1.063988042642286,1.6814061011161192,74.65287565170976,51.48362393296254,0
-0.0213778948165614,100.78721847429266,58.0361492668539,1.7132087350536016,6.945900026340882,8.944969792267397,22.67044232805532,2.1460897093016933,0.5970223326507279,15.19815811869278,0.1906249748813989,2.34248568261862,3.2339979584070164,146.17677646957372,1
0.9169568763399928,86.79909237510466,8.545799366499367,0.5790644991072247,12.802778816478336,4.047132398559734,37.514584999566,1.4597389757465855,-0.3154616687872547,1.946892568833344,1.0253985311233926,1.651377606459962,-13.62202180425001,21.64893317588639,0
-0.0196009092753635,-29.350889817617315,205.4958226212202,0.7007887769951702,11.340718188560466,7.085998837048428,1.8169840861812008,0.8939280062864912,0.1124631816130209,1.377036694953864,-0.0953479180571647,1.6559559047901509,-50.09300359677562,200.1888095999169,1
1.099305871164137,23.975695621265857,37.56436298900216,1.7774975885991122,15.661500490039993,2.9864648051528757,68.5443453021278,0.907953856660507,0.7589704861761997,-1.789513955582346,1.094615644603384,2.20048177812846,137.45351249704532,142.9754984154493,1
1.2197126365614133,71.46805813747996,106.50786977757036,1.517161842034998,8.03441286078879,2.8435084298928475,19.78902838550422,0.4875736020710174,-0.3640279451316476,-1.1867870561076312,-0.1335151911700228,1.6949723421774636,-48.18528589025955,-43.77503664009907,1
0.9107960837211484,133.01700822751894,58.59146174963438,1.7225392695268582,9.78358672748923,7.690277978382586,-5.210647352605321,-0.1361970302984297,-0.4264016301560644,-4.769453817227213,-0.0436749494134475,1.7765337046107457,155.0652280338118,-86.18203736906813,0
0.0349342916604781,23.620299680504104,53.29649572186101,1.42053239234981,5.306250877091943,2.904101514754446,-13.104302133944913,0.7605706288267231,1.1130448305107077,3.4507380144195867,-0.5007994529981377,1.9997379840763931,188.6136398820293,-10.77068483699366,0
1.7201520115313906,251.71528362625685,287.408025491958,1.532890181916904,7.757410398005164,5.710806899473366,10.859529190575511,0.5874730423837219,0.6018731087042314,15.850043930650038,0.2904764621327421,2.159330390869234,112.67381195092644,22.64149371886395,0
0.3589458382634278,168.4526862856141,42.90433438674109,1.3050850775152565,7.264579801425639,3.131590760977126,-38.22940196650445,0.1696992434034639,-0.1669573938295275,-2.25261255201303,-0.207228637348186,2.239915799706086,73.85411140333805,-6.084049192352431,0
0.9314622227728252,113.0589989815285,116.77737889206448,1.8559025532698088,4.581169608879272,6.368147772435911,58.04389595223766,1.518336813000762,1.237736674904904,7.920636873170973,0.9779375278796782,2.535284013334468,21.211334791855293,-35.75819274184526,0
1.6398263882845188,-36.96546735562359,181.53611439150157,1.7884057901845596,13.55745830520149,4.882932840067412,-13.662948692588223,-0.1956287098926851,0.2898501398965335,4.182792597037255,-0.0264244949140727,2.0100011031424865,27.2295730749566,8.180610791861632,0
1.1520586554265706,356.5412858182584,144.10135467789243,2.3618541438790683,13.739980952733468,6.341208925786341,161.3668690519131,1.2343758831979392,0.5308032620086331,15.373518628794663,1.2461746735801529,1.997716607047588,56.00177169701344,158.67882425935824,1
1.089922345962944,-41.411395226258975,-30.45268061835064,2.24878535779272,7.22796718491651,3.235413505415645,39.14162654301158,-0.3923101061295515,-0.2961475018307258,1.639151546940651,0.1459023974010423,3.111154701287255,96.51749099672938,11.818913541218803,1
0.936075178927279,197.5448263423609,32.86017183087828,1.513192130050896,7.209044049964315,4.688121228830363,-3.286100883537664,0.2467543181463402,0.5857966032119872,0.6030417267506305,1.646346664538315,0.8630347467669914,50.42820960388683,27.647811820946515,0
0.6679741262873513,222.8379213856595,89.03637693898726,2.013784555519264,4.689295541959888,4.8122602028058905,74.20547546622862,1.5768229870769723,0.7750798785220616,10.178503767271296,1.6635300996702969,1.809433530218021,145.3172350754101,249.1729904582453,1
1.2701192864240038,90.78338449059282,41.27600651297209,0.9668939279019628,9.087158662410271,4.705788592752343,79.01991477666945,1.0710821448592638,0.2458509822198502,-4.099258102462206,0.8188060499734782,2.275189848782074,105.9151035237186,-85.12670484459122,1
0.6438682134244674,34.825294490257804,111.41446224797964,1.6963225245987157,4.159940846365638,1.503491952426946,-16.53741126386975,1.174815498132895,0.5130315701758179,6.290931712349648,0.3387187665282625,0.8877306773431706,-9.513708342985211,-24.834523282158425,1
0.3168722708576437,8.858434492023747,1.3254005159580942,2.0543895959102514,12.045869290538716,4.364690506338367,10.802748850032494,0.1072076256019258,0.3717948044571704,0.7112504890780094,0.1186765799855984,1.9583074860993115,30.63019394472066,30.487406597085812,0
-0.2368478246180041,29.94083536053904,38.10045946869093,1.5050421220336831,12.075722944421988,8.153127684093038,32.98560267903382,1.5949626807798185,-0.2308643805782356,7.229550696414103,-0.0842376064222238,1.71401556653632,100.418346970513,82.36426302368696,1
1.2500923350238469,100.83018189767786,-13.053360571587788,1.4677342576943238,6.783602745641114,4.047941697937986,9.32167114467414,-0.2321246939984617,1.1748108116774152,1.3870449004289356,-0.1538180546409377,2.305160191861661,4.008678372403836,-124.4525284982458,0
0.8628236223791664,82.17815058190605,48.03464890379619,1.8265405763595115,9.05196566425904,4.22092475659198,67.80729491917305,0.8414259758968952,0.8696150320688841,11.58239700809706,0.7120009555280705,1.8750436539942956,221.92634210541712,23.93754737237772,0
0.9103672804596044,68.30742340724427,88.72952535927058,2.0111558677211776,12.219357579876537,7.841454038402533,50.07491391006355,1.2310564442407756,0.6290659229914497,9.85063887596345,1.4127886028702787,1.9076582551006969,110.99490395143349,155.17969927896067,1
-0.4239512549649854,275.35240492138007,103.10691902568814,0.8923084406078928,4.4478598204376105,2.0268302538226783,54.53149460612609,-0.579812771482694,-0.0984594406566866,-0.3984870979691863,0.2624884191316042,2.2374574549446136,53.64764573442459,81.29641273403155,0
0.94966075621327,2.117631491376983,-38.495465861605794,1.6914969042465908,10.714877898520536,9.337538144860924,47.09796625036171,1.064442262812991,1.1962566959583796,-0.0926028381154808,-0.0912220457084131,1.99549987938245,-53.79416108102068,64.7297715317533,1
1.0280575589889085,-83.00379784469919,89.8292460826018,1.708600028657059,2.1688596271711607,4.935574966957346,26.930711764745205,-0.1828438419368081,-0.2410302273378941,1.3804799211346874,-0.1530061496481559,1.7515892966924729,51.49745449001079,19.501605145732057,0
1.0898639230323992,117.31479141361338,121.50511904376044,1.7275419632343578,13.37135033279248,4.310203610709038,40.223927971835145,1.288701071183305,1.4703401259249689,0.4082276344772308,0.9966616563487978,1.6136115058753824,112.46096923170774,237.0985000800566,1
-0.4709634852984375,31.28685634868137,38.990283933538095,2.7958547467139363,6.283455270849975,3.600141493519913,10.323898224243024,0.079457051382378,0.1416227810862548,0.8386149616411855,0.4059304739651449,1.8618290825188817,72.10934372291997,48.33831295977488,0
0.0674162077966676,128.8457598768984,54.70434442474264,2.5126239439513665,14.035338850857922,9.609385987673186,-24.21339679437973,0.6887965048103617,1.0541490689884283,1.9484839636776357,1.1057750388817884,2.242874283336703,-37.05464508027552,89.05538081361115,1
1.1082613347700772,359.54925411061475,-8.104492438053043,1.0654962992421333,-0.2074112050615566,3.18323777919438,35.64981119609663,0.5047025791668759,0.668241086794272,2.3550097986262237,0.8592767860590744,2.5582422335721238,123.21193820184617,-30.11649208024777,1
-0.4736120240189277,130.49070765929446,59.12549866322898,1.8567931499625216,12.58645240072446,4.863637513022617,99.23952515831196,0.5883466970411951,-0.2008497396018203,1.8224269229820051,0.7652138962083681,1.937660576699412,16.26551563671947,186.9982491040277,1
1.2682672737859808,252.8641229955344,84.71158173423277,1.210690637325461,5.437421969024259,2.296762815724463,-48.5190790654021,-0.56229161958511,-0.2730889983123158,0.6074736402616727,0.1450362205252231,2.0727115919457626,76.63795257979439,63.57204977652268,0
-0.3435679883539532,-80.27207614823365,59.53617704525508,2.03590088776106,8.94292255507565,5.752309165922704,-3.457550568835956,-0.1588870778626036,0.1947557679450931,-2.367107438361966,-0.0409100407498851,1.243909373080119,60.30180330051877,68.96198725128336,0
1.032277278194013,59.67645792251166,-0.1907730315381712,1.5228033766057951,5.548354375686081,7.46542599342574,99.87910385094852,1.6445943669033205,0.4871541930150599,5.187759453208992,0.6111770069707866,2.106307149328976,101.46603397710837,-33.75097905291246,1
0.9085917549718776,280.49936148466173,164.44084981038287,0.9661705893668292,7.764835297386489,3.646631957952137,-44.48392273023024,-0.3008909321661808,0.2045146485932668,2.1958676973207005,-0.5855670829249031,1.8377854209610915,32.879684023991786,-18.911428164301647,0
-0.3109297270215537,-47.78108295640647,121.52833428700995,0.9409207579406752,6.2216978538006416,4.879024583494973,13.85492757993945,1.3671760760366136,1.104326730919712,2.890854807178055,0.6764217975382738,1.6310475894242882,34.055748188392045,95.6814449443784,1
-0.0078036132320113,291.11466936201293,78.59336371044414,1.4626802121685998,3.614614401595386,8.499825656229763,44.41150147365521,-0.0741825442668691,-0.8135218505670593,-3.661392045179782,1.7667839692692973,0.7553294747390373,135.35814381325326,-49.890693154365,0
0.9094954904851986,280.21902621574304,90.02069751866523,2.020779192940501,12.733972217990388,7.647217841105153,83.66092646068435,0.9379050413541464,-0.002759188394613,-4.262058237645478,1.1724701563024476,1.898999475219936,157.63340687912557,33.20163595288782,1
-0.389284085618904,161.3739198779885,33.82540369303122,2.093121687202672,6.436610124170511,4.355943844591821,-54.11345330528483,-0.6383097730960643,-0.3090906553137276,-0.6863580374981813,-0.1526037319450805,1.0086401397895446,159.21745834305267,58.16987298473068,0
1.408791389574171,209.960397062274,0.1637629201358805,0.963015931733178,9.536646942956404,2.2909357149509586,55.1945682116199,-0.5279448486673224,0.2253302245283565,1.5017851601832566,-0.6149844441343526,1.078709620160183,67.0454939834622,29.135161063138813,0
-0.2344050675923688,45.43881937631736,70.34240245984763,2.9657277392832366,3.026370525408386,4.341887347630335,18.78557538665593,0.9994111326179492,0.040881495445939,-2.159100982694961,0.0397909971348529,2.1145264438612865,43.33090143330528,32.065551061730766,1
0.6070507669751837,107.2190024622715,20.810955522577416,1.1969531577828556,2.9217315756673514,5.7848066478459,25.057279743897123,-1.0408799399333704,0.4543875201401446,-4.51301105039904,0.3151350680103514,1.801003838676814,134.2790091967621,252.78626568590448,0
0.7165258940494358,90.45743417813162,125.82061305651033,2.683330250002187,16.835806183208486,3.615784801458502,73.24083000447871,1.3325316624129893,1.4163553364520745,9.961279873432408,1.012771283578558,2.0673218857454527,20.15722465905981,-6.250239303464561,1
1.0943112964211048,-3.910459260490086,130.1532690977653,1.204800874781455,9.447660152074176,2.528263667866749,55.25872781307964,-0.1995609219010439,0.0061240946385884,5.284295932720938,1.3017360356929146,2.178233413125268,67.02038105835403,167.65141187841564,0
1.1097448090102118,-39.53655508908474,-28.51783616658525,1.6635333409694146,7.697456880217682,3.095970748596041,83.37189900378345,0.7701691008231741,0.3268585922689915,0.942603906195004,-0.0158081263426679,0.8129188080749412,35.966852127166064,-40.68378659906247,1
0.830721711107079,144.57783823236522,197.05742786512508,2.32286421399076,13.60675094500662,7.605261339234383,85.20458245245582,0.4561962238249121,1.2900575602014257,14.484760603648835,1.480542267889938,1.9527852469175688,127.09620675900467,159.26438035098917,1
0.5311509776423313,173.1394390177578,152.2153192317493,1.5497692694753364,14.269336771740155,4.5397230187095206,103.22602040383656,0.9199908844871788,1.6794872310834674,1.77831937276369,0.3430862935137774,1.977491313547593,119.54977334701886,37.36851165411897,1
-0.0142757975705694,385.45351277674416,74.88230050276191,2.7186926433772807,4.453620279143384,3.1634814595899687,175.23757226189184,0.2840026868911588,1.060505708875462,4.944216817669952,-0.2089714577739745,2.0241160645924774,-21.40331193449073,32.68290072836528,0
0.3621948771706708,97.64407453909068,63.62855562662399,2.079509262381211,4.993942264045469,4.822614876411786,-49.72617619558593,-0.2939755642023374,0.0512797489360913,0.4104556793081584,1.1784701505226671,2.1767765388672347,22.044854568092816,-10.674076844678972,0
-0.4188031435301128,368.281194440584,183.04203079888651,2.41596587752343,4.134495247639169,6.168480746226087,64.47139575284976,1.196270196913766,1.2703827502231682,8.25643996955744,1.2090850308539591,2.126796241354487,-18.007678500615867,-60.17040471859966,1
1.394833134736073,258.883460004106,41.87532050995831,1.7635585808592535,11.217865382753496,9.093943610636568,75.77354562229503,1.1336233083363567,0.2771106768776253,0.7331796367178627,1.3774333547924444,1.931850547609194,-6.396741190842448,-52.24209850391795,1
1.1290565517607165,234.96331675362973,20.842787697889776,2.262286868170454,15.949458129461185,8.347722719120643,99.38200234005802,1.1012696329370897,0.6796636374629021,3.5539299088449083,0.9430064744593712,2.085860035336617,35.58147065755292,-56.670912970798206,1
1.2998465042553362,174.4631893845093,80.52117991289369,2.3055046203120853,12.105244864991274,3.8489781848830464,85.83340457098667,1.8171357513169533,1.035716856121955,22.51314659662165,0.077296958068188,2.055131418900725,26.433818793245983,211.3520667473322,1
0.0851430581222741,71.13437448469085,52.4274448311888,1.5262453592976717,9.618043747900884,6.409115628429543,31.53158699634024,-0.5179776666898388,0.0835275021836222,0.8387113611189747,1.3228696224688057,2.135876279972069,13.7277152248872,36.70575708749536,0
0.5851315977836197,196.02498246429508,120.40887647669236,1.7445583766171406,9.073387401526269,4.851899588669865,19.831397449784717,0.5813288711962045,0.4738120558747739,-2.0275208858023435,1.6291104146407178,1.8810892252515732,136.139590149397,10.704031313549995,1
0.3367264410674699,192.04507242412888,-27.765779778102,1.871164905731401,5.813174166746049,2.147643693927584,-14.170008810653414,1.4886662733615756,0.725238379094937,5.051130401918222,-0.5077754989826424,2.2403532344423613,69.95283242299683,-6.034725295864469,1
1.078345189830638,102.94317184138755,127.87733957387152,2.0157247332910218,14.26071280373576,0.5975666752851119,42.04616875501852,0.8749279106758237,-0.3385072941639349,2.017580531161314,1.458665193330654,2.23271349488472,13.326771351875571,156.71191248542695,1
1.1984453263693378,69.91107446403117,2.4455459918595324,2.1673352199584364,4.098072986359055,4.937837749644226,33.190759702098376,1.0031343438372045,0.5197692648570249,12.37003716265361,1.3463761810931567,1.8192822405171096,47.99957833728664,224.76855530125488,1
0.9519215772491778,100.27135409822714,38.49556775453204,1.809873395737417,7.863297204588595,6.645135956974045,33.84135823474024,0.1748790321752818,0.43833259643525,1.599837492734459,-0.1765380685740996,1.703408129975118,120.26456021151222,18.02772582442563,0
0.3571934342417347,111.79874309471812,173.09169053312587,1.848556176443497,10.539624577096312,5.119515344846347,72.65921122446716,0.8525447785028797,0.3992582125303766,6.344314869139167,0.4031965798338479,1.731803290622341,87.09312174907309,254.06297638008724,1
0.7480629120618948,205.49468305333045,0.0854558677665124,1.0536486777771887,2.9858710290168515,2.276026011087587,53.651473539131416,-0.8278374736919736,0.2095424487101496,-2.665257730977329,1.0495376979739808,2.083081825413382,166.83390864747082,-64.5969653140503,0
0.9588182042107736,134.77476877182534,-21.81924779038465,1.5821297130933598,3.908507114342657,0.515552038361287,9.532983111064045,1.2807353205417118,0.8942963733086329,12.598041273992514,1.407010978771133,2.2973317750524447,15.608688258517176,259.7457469470081,1
0.7969887418367639,43.72177125021541,-55.63584482283953,2.277756232369218,10.289329933646693,2.9527852622089736,23.48047781299025,-0.0994705340776801,0.1218030505563989,-0.8975526435794201,0.6698880264629646,1.2356093701266944,104.7908729737362,111.16806257958194,0
-0.1945276488382874,162.89455791435986,86.2450026642884,1.902037808499199,7.09417940189948,3.2412971691317543,-16.810012498731233,1.1434311649274438,1.0859133313125435,4.569076645598566,0.8014089980781895,2.424466117459371,107.86586409685428,-46.677516972865966,1
1.5054015376465617,19.44699358897517,70.7763440153001,2.312695955369861,7.596635580461691,5.944209313183599,-2.1416380654316924,1.3220646149159487,-0.4677318786711222,2.185337968494108,0.0427291548751591,2.0844578159437512,153.31096289719554,26.131968698786423,1
0.2273982669200283,174.4815368319756,21.104167437534883,1.9585201340442295,3.3706431657708684,2.5518377995426973,59.02459069209887,-0.3661158735333767,0.4001438405408075,-0.319761491357863,-0.0095807208223325,2.1258235618480503,65.29732225654445,114.94042876466835,0
1.494917963626206,272.25832749294125,205.14141980834208,1.6223266875168647,7.343717785188793,3.672056893547364,9.870586829185584,-0.1791817813070889,-0.3471952434028839,-2.592656673283889,-0.6170002574029143,1.9473834153228704,56.167873735378905,150.4895958310222,0
-0.1571578951901698,313.50438758137057,63.00872109200796,2.205465356426873,6.512750822648508,5.7138609268332266,40.811788928533154,0.705355208669866,0.3742514204162826,4.5017992923440975,1.0925460168634715,1.9598626743275411,-7.76370921482966,155.3273274100689,1
-0.0042147742882446,68.06513090631202,289.92507879038897,1.7366672377822532,8.822428473570618,3.879807485107012,132.61686175745837,1.3322020444641205,0.7483044830493746,4.549890469249714,0.0962938880973123,1.8843032597985856,47.22304241240811,131.21004442992896,1
0.1555190701243467,177.18360036993437,91.28383241628718,0.9429686320246156,11.969056777482816,9.63826764270063,68.52212949501705,0.6184308073735743,0.9281340095384404,-3.2710689533631534,0.0132170373766144,1.955573339937733,0.1305959033923898,87.33181352577986,1
-0.2371887372878931,204.9686308512892,-10.069148030144504,1.984257062227831,12.28290319221848,7.585891377722207,37.73000320920114,0.0146261526407164,1.1541373566991224,2.2115279165039103,1.3168191121747437,1.846477020170407,60.96417297384322,17.209242719788328,0
1.2557010886691633,369.9882101582804,91.80357458676536,1.4758913267313356,3.0009222442242374,3.123423612854852,-11.43750538861422,1.038001853094744,-0.7450103481513247,1.8065077689968745,-0.3974233683961128,2.0447077308376143,-11.998183391730224,31.57587365450622,0
0.1663555240644227,-8.197813013407966,40.82521373904245,1.8773814577158707,10.217846443890275,8.912319946439512,-36.35250289565766,1.5982410567658951,1.0676738496136666,15.873083518705403,-0.4018551382556958,1.7932596279174886,-16.187281459141445,62.63665872406386,1
1.5004292313437086,106.58675208235982,50.88906223675228,1.7576111335259257,3.5449559713394687,-0.2943439638105456,34.65236846364633,0.1166528535845664,0.1361918532429356,5.106627438932406,0.4320933187959214,2.1713964236440937,-17.174065028478708,-36.901825587525416,0
0.1920267119210665,174.47218411971633,161.55334223113198,1.5106107040681922,4.179201897247452,3.404284198103719,-2.3031501177046607,-0.6450369295931098,0.304008953041179,-2.284616316558746,0.5580062129342055,2.4077258236635517,-7.586481354981331,125.91600378402124,0
-0.0384462083838961,176.5664352807179,76.78814248006792,2.039057265892993,9.360967491288136,9.22999018426649,0.3859191775832542,-0.273188338456695,0.8462135605509604,5.916701617062961,0.0011185115780089,2.0761891186887977,24.176398976178632,8.577975892695498,0
1.805678596722038,40.32008473940765,79.66561431063283,1.1151688057292608,3.658200749660689,-0.0819558023990456,-22.24519029627951,0.1722042446744809,1.3667936372607383,5.12172020713312,-0.4806902312698491,1.695373759844922,-36.36115099132728,-94.30317074318184,0
1.1714593995840463,251.94646022362144,48.76264477882796,2.0346596974715307,8.59376680807955,5.153520810437107,73.11487861865437,1.0165635348055195,-0.3002187947697864,1.2046119046373458,0.9895305151745616,2.043262500554395,121.31830334163712,-27.536064893762266,0
0.0734627468976851,416.56821542588455,232.51163775674672,2.1212205426531727,4.508725376566171,-2.50262281379782,-6.908402718618767,0.8854519599066378,1.427692436863838,16.751295194863108,0.4581073783285885,2.3160271321572776,-39.5174183889678,108.82458035376756,1
-0.4896822122258667,228.96521320208865,195.67909703023508,1.3043674081899652,5.897419656512106,2.476589907688876,55.75827389396334,0.5962837255616926,1.1574133903503352,4.058438709158515,1.5232786878550673,2.0015081809848887,25.414528915401483,-12.450776924415386,1
1.078468698581723,290.1392522036532,148.42368397076893,1.7748059963033769,7.753435843569493,5.613861896880103,122.6789884888677,1.1685761720271413,0.9156181073875972,5.116706142767941,0.3693874935544248,2.0816344119015078,38.888916851464046,161.71239268583085,1
0.4742290167240111,170.58170816175547,78.30268075360038,2.395936377625481,6.234685364810583,4.955937508867725,70.34333539945231,1.092880290041022,0.9475364924257446,10.639787982597309,-0.1998444634644268,1.647836484444752,-46.79823056503941,172.0223759146978,1
1.3455003880611536,201.1520544923747,243.5002252248056,2.2183354770917103,7.364348661230616,10.45417379536255,150.0197741976071,1.0381810813114494,0.7171468546885504,9.40209085851922,-0.2009098938777083,2.1215125856806787,-32.052732806024395,181.83643906276347,1
1.0868934271280704,222.45601804287924,48.79236865589411,1.9045483340483536,7.823318798730731,4.346318390713285,13.18522212700528,1.0743046510704546,-0.4373076535124842,-2.0203743224086708,1.1490512911729571,2.3295773181259207,136.27167732522932,196.5715787180208,1
0.0878488906574813,71.5168952262283,111.78853620300823,2.558135968061172,5.388442125455857,1.2597161060412263,77.59490835116759,-0.1240590185673968,0.9513554846361236,3.681668010539869,0.829458551549164,1.9397913166951375,94.53711124941184,91.0747871415031,0
0.5752553326308183,201.91594431852877,80.40829095588745,1.8432195950156447,13.002890700727487,4.181006360114257,21.54832253633244,0.9135409291543592,1.2950628978046308,7.856051031754884,-0.0839761494095831,2.036370402765184,104.64333730093313,101.85569763273682,1
1.0646439805688233,325.05358718275755,138.76088292472946,2.4279588763913766,6.006216337543217,6.894281609633166,71.85426425014339,0.5658040307815576,1.1794025916790545,11.833252729902714,0.748970744104734,2.1116732234177977,-11.558326114636388,42.97831975272357,1
1.0446241076668688,182.3909364324515,22.5890358813642,2.296465181100137,2.0531899090607864,3.297675641606061,3.7538744518674743,0.7204729528926954,0.2727777092887537,4.709098313666125,0.5443250377145266,1.824196769946131,82.63842710329453,197.07372508304272,0
0.917916215355747,125.83739200935084,-34.66778108476815,1.2094643204926043,4.875453767162402,6.573846298025085,2.1983686277644097,0.9851724532614036,0.9887102788127629,16.10385017488458,-0.0590802539805468,1.7856948604069862,43.191644174478455,-32.14378131021318,0
0.1680632399600602,96.31883251326424,106.98266220362628,1.823260934869396,11.11374712594915,7.908147624373998,72.17174903198487,0.615971455428511,1.377340030369624,9.40999917827098,0.5079008877416978,2.270587243399455,122.2718050783384,247.58168186490943,1
0.5755185759550994,229.1165104198319,17.077272118604384,1.9054322786632372,3.635341723549493,4.339189013595263,58.564277320015634,1.1582548211453412,1.2693864309434677,8.535423914103385,-0.4370761353537628,2.1690493113951588,113.81158860925648,-22.081304579104877,1
1.031703785906957,157.8957640909374,205.92623159785063,2.6049319983250947,6.644667728768039,3.5708924189193545,64.15505669482073,0.778723216321651,1.11710234940497,6.646038409026472,0.7275611828653621,1.8535056460690813,34.730534336746345,-7.862326288894025,1
0.5546081504980973,157.59107852103625,131.38704199158465,2.594383264545752,14.086856635060355,7.422303914591813,135.86079030270116,0.9102846478452954,0.8596407306773316,12.101987627426965,1.5262990581558655,1.431351146187927,157.5959946046314,-24.26564224280782,1
0.2035748609692181,210.4319851523004,117.32780757843474,2.137553303767531,7.429216589514277,4.193784978220113,-10.822362585473051,1.2923879726418683,-0.5373999260974502,4.7542344047303775,-0.1529257181038689,1.685871156724798,93.16495636853224,-2.6689465153806253,0
1.0471649473709437,15.325435021267026,178.52805531545386,2.2298317202297064,6.287985222192714,6.456622896473406,49.39371902579211,0.933593531152362,0.9901934070765872,11.242929137464705,0.2836315540623689,2.297821573892352,-42.80710074092407,212.8055655162291,1
1.263893597887566,34.31420864882719,-25.29489133957624,1.436429366967885,8.391643316572269,4.373771196251806,25.75685233922399,0.4645149541452936,0.66228867216113,-0.8409314016351717,1.0628539390838654,2.191337170407276,34.8627888149997,-28.764714750889148,0
1.9013011258995005,205.7634934280776,50.64265568918777,1.9013337563498136,1.6467681824853004,3.6710620650274137,-49.21900338790348,0.8371630958523343,0.1370469291376082,-0.4913135074892727,0.7231993538316897,2.002995477651622,45.6535313860058,91.24264522297848,0
0.6907810312598416,223.3911521146653,62.55831897226517,1.9401751252986563,16.34325031069136,6.956638690636377,116.47141143790712,0.3080042289873542,0.3914318081315184,1.4249420133900843,2.211170435064558,1.2361600141969813,175.23672092414074,-46.72190718250406,1
-0.4316221155030085,377.4381294766547,178.04839004563885,1.6495695851512535,10.201306362853636,3.30456655457503,108.14692761204928,1.355746773699492,-0.2913811981972645,6.246043456800477,0.5048612240301145,2.361771309441383,-31.158611479154416,228.9447973040946,1
0.8556003183871072,-59.903400394780334,12.440436600143483,0.4973900284457255,3.6701773938541087,3.264804839769868,-20.69739090988422,0.1131171851529047,-0.2691498883073498,-0.9002965416958864,0.2894076237530382,1.991369458848104,92.17016280852836,-25.272876082778343,0
0.6193241575739286,167.95868933253163,73.6453690216771,1.782551899961073,6.3733495608949005,3.886223259068628,34.79965854952939,1.1811928521387811,0.9978600047508046,-0.0210798919906944,0.2719539066057398,1.988140048247368,41.18155958599813,-37.55885713518729,1
1.3501251142820272,131.78469947498428,76.06397861240151,1.8558751355391896,3.8631955006346823,7.827542400345225,-15.763217332225018,0.248013429740876,0.2412689449952764,2.7946815251834543,1.574322297454548,1.324576910115482,32.03158197023953,21.32454836094176,0
0.5810284496130539,49.91690973962314,98.31695345191862,2.004027020758042,4.327075235062114,4.666739757619954,22.11635302926349,-0.0368923184186131,-0.1570609663206418,0.7589627349217509,-0.6305110242475667,1.6759230139798311,-27.74893835065626,-4.331766280011152,0
0.4555166192488921,233.5999349851632,65.98360843504423,2.0418898657523616,13.098353903308029,4.3869805011364855,41.41166847729104,-0.4418393557234774,-0.1269524940533072,3.0155988117204027,1.179708927492804,2.102882650744304,96.23948832144823,149.45918666977713,0
0.6070980706025437,238.85087132331708,48.65515309990412,2.030761272362972,1.274516325580203,2.531608616714497,26.725582060446477,0.4543419934692222,0.4115473117891076,-3.813636127381913,0.1126819022988954,2.227421929454,19.642236494286443,61.56934805914764,0
1.5621172922094728,37.91797852218288,124.66872755358008,1.732945968598396,8.7931054296188,8.926882468398313,102.91035112024792,1.440407644559682,0.3458232190930645,15.593073476459567,-0.1166215398352701,2.163816203460346,-44.77404249246757,191.270049596513,1
1.0302196900924887,186.7733583714353,130.89740637819824,2.3411856615897664,9.406507213261266,7.6917447150093725,151.90091708905865,0.8433181222734815,0.7871451091784916,5.517964663553576,0.8855806042041059,2.2473487207553005,40.83686171065811,161.32121854220364,1
1.1165052348667113,250.62275046034125,148.85168441756002,1.7602437226827046,2.560320686993424,2.590532132888648,133.4264675798715,1.237277496284781,1.224477257522821,19.77108851927837,1.05101058964121,1.617223363948555,-24.538636560108277,197.42969450055267,1
1.2870851908293872,49.95772832126824,-20.881805924664818,0.6474385076581357,10.167768002554029,6.052948782757521,50.02556089040122,0.9192507129648956,1.397619190825851,1.5259072401465117,1.734965361723978,2.547349756569119,-21.605583333559423,94.68785209596209,0
0.3977521703602399,398.900370897483,44.22428864195999,1.8990663175265228,1.4568965100292033,2.162912613263248,25.7792139506141,0.1063501961582829,0.2171507426242796,1.1939250675638706,-0.2518000637899892,0.941490535105906,1.656858608476952,-0.8893867141275535,0
0.8875422621548221,247.3612284430393,9.608974078023778,2.1166171276429298,4.25517924520281,2.696833124437529,101.83914834213724,0.6386123497534709,-0.2388850106362058,2.9191213092459614,-0.0631242350277535,2.0439820489942644,-41.34565482999042,-24.1510815375724,1
1.701944819263132,192.40427891726495,200.4776967903205,1.8584870811276943,0.9108029136689472,0.8207799124087622,11.014741924750057,0.3167150185739993,-0.5846191374679593,-0.9998707570768204,-0.4325130786834761,1.7838121696644968,2.84979841644676,-20.561906224124733,0
0.0109236075454287,30.756868862565625,131.98141882698388,1.874360495501616,9.20114884222988,4.051375686100273,11.454598184326432,1.3003499466153168,0.6377212007002919,6.3401458459219615,0.8896617116629908,2.080196350791732,-62.29461248353323,173.53833825446745,1
0.3171394559499944,12.881224517115498,148.14217236334463,2.1339746744700765,7.60879483721343,3.4538689361540422,63.99501994637828,1.1068371435930162,0.7599304013794089,4.114059557329908,1.1431798510554811,2.3847946563163687,38.19700882069561,93.1711999527616,1
0.4948847389750829,183.3269625817616,81.77308244659282,1.0506782381505948,7.42297772607621,5.013140670082688,-7.095128554783329,0.0882436505315349,0.323523270178873,-0.6986873038767936,-0.23025448174734,0.7325250299642587,-12.81750382597967,-98.614201799603,0
0.7550116884318484,197.46269049323467,11.203573296093452,0.6045961090149645,8.860669043122654,2.6688093364409973,-17.175615611901165,0.7073685708514652,1.1938169787545505,1.2981410275614969,-0.0667274916653884,2.133684444646544,10.087198015554392,141.84024386348923,1
0.3041342161505662,56.91472082699117,141.46112941799336,1.7952556170387906,6.312849001233268,7.937068321613968,-25.48426598370569,-0.6311437317784883,0.3086434506465319,-0.6532480346443581,0.1234569259212364,2.27762906176783,61.727509830712485,3.5408358887296103,0
0.2543795518228763,241.0896210839388,40.40703022412984,1.0366791145393877,4.508934356027751,10.913058829042487,40.446663626022456,0.9897235613666532,0.1129580157420522,-1.226207241020683,0.010584934851326,1.6416956056588832,111.7652011173643,57.86443683134271,1
1.356375850159241,248.6129897693232,88.41182513892721,0.9770138823747812,-1.9061508906331568,0.0905152780394464,74.65128094842082,0.075540210940166,-0.3744360023844106,1.923195522036571,-0.0545988429226292,2.773524497193217,72.86173498353978,-15.73711307852745,0
1.4199105757424226,161.13269947754915,-28.059966704150128,2.198958069182646,9.533041971564511,4.461969223134972,57.72262031380397,-0.4363405353758081,0.7453303098055416,-1.9009411905771003,1.2799642475801696,1.6221229755155586,65.82442405652797,83.61443870056723,0
0.8211571888045326,262.20068258682625,67.14291362831491,1.4425925524868146,9.727171233647114,4.121524563668159,-23.500625850283303,0.0044687614572382,0.004843539703623,-3.1336275351817164,-0.2016067536633294,0.9276017226328486,67.3012442081175,26.135167908181284,0
-0.4609527720327512,-54.62691147076191,-20.918075897212415,0.7384105014036728,6.5433115340803365,2.9038044443233337,-17.854366738243108,0.6186649806225871,1.4454050078546996,4.2202953826069445,1.0700515746114074,1.775430411693958,-29.129414597483247,46.93676756912524,1
1.0665130821855655,-30.32622451285667,104.87571692019162,1.4022308899383242,5.30293951175862,4.542693254413425,-50.614629057159725,-0.4331637936049858,-0.1090039808117997,-2.241718653072109,1.2669505516613666,2.4472892413051546,-2.696219881572788,-3.626483513871072,0
-0.3722250010125575,-3.87466947127038,100.3633108791181,1.9696179241645968,1.14788553404904,1.8094757010563092,77.97273165249335,0.5177359989214474,0.593047744587601,8.554121298227301,1.0855446552401176,1.7376307721570647,13.26317096910502,142.60854890857178,1
-0.3598980827292627,238.7150041146908,83.18607597792567,1.883125664456275,3.763688914578609,5.91865671179796,10.596450149754832,1.1269861592791628,-0.137174079460763,-0.8031989692556545,0.1829993294909671,2.2169468633600267,47.5059341509462,16.23872064651252,0
0.4412232739538718,213.01948564398856,165.14851168112006,1.5176064083537042,12.733762570121293,7.617087480375762,30.04684117122153,0.505374102352819,0.1700092572527307,3.261908951225592,-0.1182171613283145,1.8541439662364427,45.65682756078842,36.5297298936793,1
1.550251942031427,91.0271616589124,8.51260545231294,1.6520380542676396,11.734944356731386,7.131906109775354,-39.9687591544368,-0.1296711015245616,1.4692849919510933,-2.3750077584048306,0.2117543762624593,2.273545447706541,113.70574299094672,227.97930275170327,0
1.0231177536271765,29.654406816853367,-34.68243662859318,1.5917591643369138,1.8661628064971807,7.3048072940081985,-0.6669315940489824,1.5795343164402535,-0.0305461897722008,4.840122248668387,0.8007381505888946,2.054816997168064,-0.9187794597848936,-91.48945797532298,1
-0.351719873405402,275.6716407864242,109.51935334027614,1.551819335433621,12.47898177510265,1.7690603701379226,120.55271527618903,0.3799032433792954,0.1962166036684937,2.142813877095344,1.7129485030006013,2.1898789661644003,154.3724322313831,45.569901731708704,0
1.2169081702511968,-41.85579287129224,21.426307972418947,2.04748394792163,-0.2969583530246495,1.6502063035132122,-20.248759236607484,0.1909770559729498,1.2047621487330331,-4.820371549291393,0.4447848945554989,1.3174907997146512,92.692373817981,192.8627695882965,0
0.35908914073713,215.58088232636825,20.401434349923868,1.2664998678689448,2.769420325353117,0.831022150023808,-26.572210305554755,0.0474226853792519,-0.216569256843135,-0.5977577518582091,0.2265545289285855,1.7002728217261702,59.224069326672186,-75.14840764146425,0
-0.0151388927715785,207.46722276487603,146.76057572278268,2.203254757646157,7.964014038116882,2.036656677484816,43.2508491113384,0.9246350174912976,1.755857670374719,0.6723877346764904,0.9123076512892508,2.27136794211981,-19.701594684577486,79.92750472112618,1
1.1811315592818796,196.30175390070127,41.44830316657461,1.7408117644452226,1.253982432716633,2.4405254691055416,-2.827686213024016,-0.3876028681070445,-0.5801984793487739,1.6633894422247093,1.0876619933880596,2.3808880107801524,78.88381358424027,19.13208243487535,0
-0.2111673307608219,-71.11852971119154,8.241342562644363,2.555139533280284,11.753222271108005,4.566931983832856,-5.413711377574892,-0.0647569035238218,0.3578877068660314,0.9022249676431238,0.1983059029033433,1.9561053592563875,26.16576994625657,-75.65116549467146,0
0.6941285465306877,111.34528171564423,85.96419370631507,0.9974482971640056,13.023554924881571,3.856338464745814,42.07309875908288,0.6700861438646176,1.1299431435613387,8.558503696846705,0.8327949983351498,1.9045792707764064,1.873779421788804,149.56596462474656,1
0.7175130079462487,-62.73893436915219,100.2163264005177,1.1757649453833157,1.6394861675990144,2.4411480651928508,3.392360622045075,0.1468459275690795,0.1127360972562395,0.7232181245050557,0.8016463080398947,2.495853584285,47.36812310088069,-34.27819228934347,0
0.8458114549437566,300.57971317942304,-46.23309258736354,2.123404462803715,1.253888251496413,5.356174046467574,15.125348097815811,0.1421010678881685,-0.3505926486932759,-1.3148439321180074,0.3464883163376921,2.396565435959471,140.6126704160854,132.10693611022705,0
0.1314220092222157,-94.01850368615362,66.34962123573476,2.4356648968529653,8.037480150205846,6.18483797778591,-0.968300156029308,0.0159662482350264,0.660907956687357,-0.4902464803817112,-0.1781985999685296,2.346832966147158,11.03696161845692,153.34682304576918,0
0.6535063552533346,150.89984788258542,46.00022870051095,1.3958945879814697,8.655325994930763,2.932184548545811,24.195868110770768,-0.8404853022818193,-0.279373650506446,-1.4911317301018707,0.0292663141190418,0.954577217461558,126.10686154288985,-8.519028199980994,0
-0.2523794349383511,121.68973643576248,-69.77470283327655,2.555374806775668,7.391391800461323,4.680251697242776,97.69096700033762,1.1124888725306503,1.535910517701911,2.2454615729316503,1.895834482242294,2.243455435090068,109.23580156989613,249.640835836904,1
1.3601914803667905,-115.46647505250016,-12.810113815149052,0.8447240651778581,10.650224138888774,3.934978271032117,50.90203317720931,0.248062819288049,-0.1522094892446258,1.7246358907705055,-0.1323058921555834,2.1924594667733777,-1.0774543872065507,87.1235902223965,0
1.2183747840550057,96.23311937231416,149.74001237809597,2.61737009482267,8.496449345229399,8.006431972874385,33.40529577048498,1.1507529001957149,-0.1593518964125639,1.951671993515692,-0.0630918857521384,1.6457259448397568,32.33039017399757,-58.96074070638437,1
-0.0958942847378061,179.04604722778146,-21.54187807669598,1.8333594340287112,8.888249782967943,3.0830769356096392,3.197230884867153,1.2504384958529873,0.416713988475042,0.863951766245326,-0.7327147136932726,1.1581000454985255,60.58854569337851,17.823929314975608,0
1.6739574840822826,-13.560719022863085,13.853520025220746,1.6429333199918037,4.481711647008158,6.709589536526941,7.144928802784083,0.667492100800334,0.2783552645175938,1.9285777861528035,-0.0245244022913167,1.8602475807225207,20.621443988063117,49.889835205020326,0
1.0089952408703855,198.90763681934635,30.383069781766796,1.539544259808508,9.197396277564344,4.678686027647109,38.39940263345025,-0.1228268465090473,-0.0601585254721214,1.409476187849189,1.6420072788106546,1.946316737410404,85.81972278126356,7.852698561866624,1
-0.4696040314575759,120.6193887425892,-43.41787822033909,1.0700300307226236,5.3479312335694384,1.7296573028934137,75.64558661861956,-0.2099424129720075,0.0115197797192594,0.2378588159224275,-0.2936980992789682,1.9350831275563964,104.86151821824144,-40.79933924051533,0
-0.0653005060148287,129.6163537527342,50.83969025084591,1.4531733287128654,3.409331663088172,3.168638416063173,28.866935052945284,1.432558611327282,0.2181415755156815,4.474749096523132,1.5828276434525548,1.8269248288143056,52.8457566131152,14.15666674513055,1
0.9093532350841552,140.67141930116316,121.54899992184627,1.613382339858392,8.507670479882535,3.940088607446467,95.4818606183614,0.7652660070685192,0.7459914848811467,15.29908243303353,0.3760607725811452,2.512268338508778,73.85991934276464,185.18038938249117,1
0.2770634209972402,412.359553471522,175.78233497120402,1.8630897739507584,8.866993244723197,3.633040262926838,118.92143985564852,0.1564920939656743,0.6932586550985934,12.634273384383256,-0.8670539855912041,1.7841957355662248,-30.653007481069267,177.04346367947952,1
0.9202006020548524,386.783382040428,197.48647205180143,1.5446869966850365,-2.6300669531779146,-1.0622902819529625,143.38071516243627,1.77312768243117,1.5055276675704703,10.267268647466306,1.5310174599733428,2.2097043807147925,-52.44813839888346,133.48104108342238,1
0.3902014885892981,23.20733116447623,0.6329557756219231,1.8490201629938667,16.551053125111288,7.819715907977272,25.769384785660343,-0.3487768756928046,-0.3707235716791911,1.1112856992310882,0.0646480665770494,1.5842839660019563,62.7636219172615,32.76667189766358,1
-0.0386453133066388,57.14634540189077,286.6495670694091,2.1401689888418662,4.455330870664023,4.694436318899439,22.4999918010164,0.8886237070917349,0.0369102063354264,0.7396646838854961,1.2955027573273958,1.077182380978169,26.115759250990124,-36.50373620315533,1
-0.4794063687445612,146.79774026418423,48.87958215245053,2.035889725428126,11.927199054714333,10.205976081787425,30.792673049381097,0.5086031171449743,1.2490530132672342,7.657750184077341,0.7843921360325732,2.0702789341742225,46.99166176567955,49.6443598430709,1
-0.2331664072928126,76.1696912046915,174.14146994008576,1.070486245390263,7.405532163171671,3.333862560998283,19.48469047339114,1.0253148833296262,1.1072751079989074,13.90877323640498,0.4555004686828124,1.928410482053957,-15.26903747614456,-33.80719213288385,1
1.3838246414735291,165.336876198676,-2.6820172918401117,2.196850325565776,-1.900455163733616,7.667292203922731,107.98299960201638,1.006890408889168,0.814873786403139,5.689041641546254,1.3642382641808295,2.2933799019230507,94.24136204678894,59.91520628508537,1
0.1637954676165959,12.151556702889224,139.24808608437263,1.6909393753793307,10.424914699877084,3.925452932344197,-0.0332233087995987,-0.2550738283709991,0.453612779819083,0.5327621718009157,-0.1600544672298841,1.921140628739297,71.41127031860292,20.91003725847997,0
0.1311452489786744,81.44375484666446,173.4780330479544,2.179011170769874,13.128654953502505,8.172926156751963,8.782534488565851,1.4732964465004788,1.5645606995611017,16.172326545524506,-0.1524991537844213,1.7864048428079955,45.16738973490984,229.6330238325116,1
0.512762741353781,225.2036992077269,13.653779408437586,1.0934838801172635,19.42018973369128,6.264278418589872,-1.3468219336104568,0.7777817912801985,0.8792095015848096,4.5417365478169325,-0.0393193994781774,1.9114861258569853,142.74620417288077,108.77764363325856,1
1.3124831254549192,46.601666377488485,49.43248269605297,1.9933940075233292,5.077688892498099,0.8873628340688828,39.284248159056176,1.5423082256613856,1.6213764254588603,13.0745212282093,0.7331481985979984,1.9903834587799785,42.97243380599232,93.41614521517155,1
0.8282560488648314,139.05980874183484,137.30981335547992,1.4834141388879143,9.28637926735021,3.395487196893044,115.01669275664968,0.7070363608683433,-0.3679056727074111,-2.4659738613298403,-0.1635092536592072,2.0558985166215438,-65.12500152293593,-1.525431483084887,0
1.1004102375126434,206.66389216712037,35.197752280811905,1.846121624054665,18.456039320202407,4.816694721546757,76.23719436601854,0.0009820301352112,-0.0247813282918024,7.298830172470918,0.4955383955935441,1.5863492041416924,142.15936848925082,59.53910005390647,1
0.9516919223367786,28.218559694964185,154.79212530989878,1.6173099591169011,3.3480370080662816,4.281774507042675,-5.1720701983515625,1.5362263257273665,0.3371228209212821,1.877251795723795,0.6704556572512527,1.6643263921548914,23.732766869603523,20.95868427450843,1
0.7658298264869331,239.02623029281185,114.22104083647416,2.2271173749272686,-0.6527785949785478,10.102000520876503,128.47066855428528,0.224602266345771,0.0758213399515724,1.6836638170087908,0.970578574104398,2.143502125061093,102.07687826822684,-45.22913742878817,0
0.4168800297915367,354.69831045489593,-6.327144906095413,2.3160840551613,14.679007357041485,6.513281275427575,112.43013748076012,0.9597182350884434,0.2056790771681783,1.6974644847513238,1.4470395548671435,2.01688552697577,49.19364730954475,296.715512840057,1
1.5430159936714287,305.6520467699765,187.44752866159672,1.3654353728641049,13.815941724955602,7.138676464676332,84.54158873275387,1.682535520202928,-0.564798115871552,4.107010657618646,-0.3805168414717918,2.022948413833748,27.608401682032028,-51.19416190876958,0
1.040337153665077,204.7771620241761,191.01903982179908,2.395927854389801,2.0220670876147704,7.827787105109577,42.9778882024692,-0.3665205352858141,1.0442749807670957,2.134634548480695,0.1423055426581126,2.11759384557817,145.92555080805886,44.17720174626572,0
1.1067599554881884,-7.433347784045623,201.06676530037083,2.303156526662091,-1.3857274588027746,2.05564561806804,42.48069387780159,-0.1184633702355473,-0.0062339157937715,-1.5792773439856391,1.3286071253529517,2.174184433475681,34.28384002215123,222.41408937392927,0
-0.6623063504813554,126.35788791571863,65.53539902190855,2.814922943451286,4.920120381374121,7.195620241960385,12.793939217313351,1.078156529238059,0.0750683100749401,-1.4530486507607847,-0.0653665431428578,1.556883091061071,163.0411016456465,-40.987965521102815,0
1.372728507283843,179.46569924892555,40.27931501545852,2.8372648161603085,7.615799603383149,6.140009800094946,125.49180787896884,0.2175570708503134,0.9789311151773298,1.484752895914244,0.7087286109669251,2.0963648438865614,85.54741529559567,90.2622577459413,0
1.1249922902390166,68.7935730856949,205.6721943915536,0.9806314687428842,6.0347222776405305,4.980731131024797,-17.803946006879364,0.0151098765975363,-0.1158642569569408,-3.794255874121855,0.6560506974980929,2.351195659291683,51.30663669711888,40.888574571194376,0
1.711716558012523,185.7382115897252,154.29862321923918,0.9828197758826394,7.915133308431712,3.127954335602152,40.243371589671085,0.1191211999358519,-0.2909919452798467,0.6219136923737163,0.7720226333391369,2.515003646739188,14.896432551653575,85.18697336572149,0
