A1,A2,A3,A4,A5,A6,A7,A8,A9,A10,A11,A12,A13,A14,target
0.9860794026244036,35.6768016507142,-47.70369126353377,1.2482993594805274,6.4419102608081245,4.516018461799867,37.11945353261794,0.6278580340591295,0.6213691470933648,-2.218816206748743,-0.1404073287178166,2.1147408927191083,191.41053699962163,221.0143098316154,0
-0.0913093119233717,-5.16632163228644,-8.0955309002008,2.905826146746543,2.636869539649332,0.2613062100014653,14.518954211321564,-0.4039124959546381,1.5954490182368883,-0.1320737642503715,0.199724809656355,2.2546377094121377,67.19541448408782,64.49001791621473,0
0.3469183347107012,2.0534392182731267,134.90668159846464,0.6322181971537022,12.073478705959268,8.68150002276856,-4.496032887560062,0.1313233469962469,0.1432403125474136,5.259385418350476,0.863370806100035,1.6472123981629647,90.37344873461868,8.735935625974257,0
1.116865322445784,145.14196375596495,60.98368870624999,1.2665244639320712,6.96405405621344,3.5928432882779977,62.61661297143374,-0.5465128874338698,-0.3189636471065704,-1.0060927538261737,0.5520024496911068,2.105087788024071,151.14765406194795,-51.77103264755677,0
0.1041079452273725,85.03898658514974,40.81941148822834,2.1461036425417666,3.2966476835510985,5.061648603545664,-21.51980144243091,-0.5762988983699495,0.9768821784709196,2.2708547336395357,0.7235792986640945,2.1985145304935507,36.4826132909299,-18.649080820482347,0
1.360514977418496,-7.223937548115117,227.3805318218585,1.9098160395687815,0.3368593359978895,4.313925849192446,67.11117372491363,1.6147239804807436,1.1348103334793582,10.66328919682704,0.3589838288641346,2.261062068985184,45.909845341896194,216.4905321474421,1
1.413761823052447,104.7731770076957,41.46993454064601,1.744514562119328,2.643634755018378,8.574965544789336,23.79975189701456,-0.0375163201962881,0.4270922735108894,1.0257670431504875,1.3160164505357717,1.8829854953188137,10.127477440647516,21.595382447071145,0
0.2583423589130136,107.40482257277785,-23.999577134262797,1.7808333271917784,10.370735381563913,3.1485435493196867,31.533067636881142,1.7104411845540424,1.493599867218535,2.4877342325719938,-0.481601472022439,2.319466585159616,67.19022174632637,-99.33364125833336,0
0.910121977196761,168.47600768103334,85.70853468744032,2.012446498642355,16.210417951473087,4.128889414342448,127.79298566025932,1.450309453604283,0.9530750460515528,2.36126337263278,-1.1360945705224237,1.922006082290612,86.07332816111419,20.85650740288216,1
0.466679274840392,-33.72302612311,44.81084865374068,1.6851390975945768,9.021571286531524,6.353041104844123,23.243039406184717,1.18468606245565,0.2594150784780861,8.006328897442717,0.2402078314222095,1.9564049557852952,22.23385964723228,-80.93007932432278,1
0.4623084253219582,194.165185839373,35.32812263468684,2.0947641638063934,6.543730324503441,6.317563205366326,-22.3161817734467,0.9736968167986207,-0.2231685763933608,-1.1844148849505016,1.170892156636013,1.2573850148478083,94.33613262645076,46.368408401318376,0
1.2330642893576569,32.31227180225601,-71.4967777356356,1.628110702897941,10.820245681617015,4.101748244397248,103.89940174974194,1.232847766111996,1.0322678018815976,3.8955319620077606,1.440110211696593,1.859036090772618,-4.175543953288056,58.69898261070326,1
1.1493083186757822,-3.3093099116388203,30.804027145334288,2.7294336921575155,10.953915435390508,8.309097301543302,41.736586863081136,-0.4008951350834625,1.505616950087827,0.2807365654649087,1.1129136832868674,1.608387194334021,-22.294193677708407,141.4971372547095,0
1.0040368990998458,173.80689222654567,38.89516324542827,1.8454672086684625,10.356618093201568,3.8271339796092905,20.17890998441521,-0.2062968277291069,1.4355013064562527,5.178960091554096,1.2233384392789908,1.938484067220756,186.1532830225049,-36.39983499632197,0
0.682036105667573,-45.05554358925701,-13.083698050488463,0.5817305920168916,7.986524153168723,5.08233978579535,14.97003127448113,0.2028728577423127,0.2386561883882575,-0.2043149537443933,1.8454545567762104,1.0560002394518504,83.28663080182302,-56.25194537480271,1
1.0115542447151196,312.26248391111017,234.06693832919967,1.0810772136226037,8.165817723455715,6.486898675167055,-1.753001453741824,0.8482408614539216,0.7020227643963934,2.1155636330650003,0.8699570719701544,2.3409936313058908,136.78741614644463,-18.52273233759619,1
1.084481816604998,276.3265818397503,48.92263413063162,2.405457357465004,9.647051643093176,1.6631273875988262,-29.00825625462493,-0.3330795791627359,-0.3383239208925143,0.7087983690719577,0.2449874961782109,2.299828678633783,113.3696225536368,-24.90016893718107,0
0.5306854648414134,26.22620413052971,50.4330486215245,2.685686238872329,0.6578540157640891,-1.7606241903278592,-10.49824688236096,0.5811812015950427,1.148839662296706,0.2945292490354863,0.7268729435698209,1.866300388463796,82.32581301705962,128.76777158262905,0
0.41557928826972,125.14985283866486,234.86542552741105,1.9716049841255088,9.193219654112704,3.244279018870186,-20.56292786466554,0.4101285055048982,1.1533619087911753,4.581532145774317,0.598719584492868,1.7480222583408638,-19.366118282403832,226.17811992961373,0
-0.5066877619047273,111.96781714338844,106.26757576148631,2.288868417553676,13.379608313247424,3.567304896160248,-5.463603164959046,0.9039286037254306,1.0403816314149168,17.254753657141887,0.451867292660657,1.9137007466813407,50.98774371032536,126.5470389241211,1
-0.1074322197702105,271.4170254427284,39.65488068723572,2.693724604550954,13.521849879051697,7.898609255203979,7.155570247722999,1.008982443093127,-0.5063530540489779,4.58177639395049,-0.200139216333733,1.845435097151831,188.268933950592,297.3088150022895,1
1.5074215805258144,133.10787464979987,9.434819293943846,1.314604786947419,1.6185471672621388,3.2141862120289844,45.31911650086799,0.4409063630423396,-0.177957956678163,1.6849225074955485,-0.4816791366759325,1.7860900627703251,90.58087585690804,5.825170333805914,0
1.2226398163314176,108.23142852276048,231.90103075927345,2.346568550930011,6.251289558466088,2.401150601820468,-32.74371908701213,1.5886556723994123,-0.3079834126795679,5.774023303630891,0.2092854962240791,2.0788062636152995,33.678588844036994,39.39426742054751,0
0.1266663458460337,346.34114254218554,77.81387348464077,1.5025821499144687,2.820118076205937,2.9329696519934965,18.993408584926684,0.1587603158718333,-0.3033189426950313,-1.6108480081700174,0.3939146928758139,2.284634274787283,108.78809622116056,125.83340245833892,0
1.1148839564847164,103.97221945489464,167.67439411318315,2.840929558974888,12.842571842027583,2.851566193311405,16.053673405782302,0.9143943920631,0.0577327606340597,-1.261587406191616,1.1749053971571175,2.346870689862544,43.535810902130834,-64.56098586924111,0
1.089718279961834,44.25449583991781,96.58457353507696,2.29866072996174,1.940984880263283,4.526079620764694,38.28486488300203,0.7553699564654235,0.2939058951688388,1.1423563499799787,-0.0215535186979628,2.13314930688761,48.73243715402687,22.02074550043926,0
0.3366774956458893,391.7180837070408,137.50755589522052,2.831243631348883,2.908582074468299,6.322424957387624,6.036875256712925,1.3220931466047876,-0.6521521431714726,5.7348435401534905,1.313493265268478,1.990705281373028,103.80039150345564,-43.48590326464392,1
1.0509217471620718,193.1169989514773,117.9078939299306,2.2610596063928363,12.070798615753434,6.221239476130861,56.6588827887298,1.7395448587524565,0.3764492109762851,3.2782105340143897,-0.0818023311135333,1.990125467698124,100.53603687478136,60.1033425386844,1
-0.0081127729829771,-31.354844937578605,145.0649911833331,2.0912530161127703,4.894658298831885,5.439520888491571,71.43026174333141,1.3875416400137923,-0.1093327319398365,3.437668331127687,1.0310741926516582,1.704808509468328,25.81926474298931,9.492276875721394,1
0.6231800351854717,-38.0104666401331,56.67300213749576,1.508772019779021,2.755779399537801,4.189206948669315,-9.60369769734752,-0.1084337985541358,-0.0078766217898395,-1.1148975821107117,1.275446721143029,2.3430223770770606,35.86743486498314,60.19675256047364,0
1.308840651585553,45.74534328792876,70.33289615325593,2.0192319968850936,3.4608154336245347,4.583457536975876,-1.372384352594736,0.1618186259018144,0.8843184814142864,0.1279183525115077,1.16719214015898,1.3004546643941983,140.06780461560157,1.6808865117293266,0
0.9114678734811448,112.01378633828963,10.360430692310416,0.5516038207458656,12.133914665761983,1.7342148829545383,-3.814579082001892,0.4178821182469298,-0.0119464694514441,-2.1587327578272326,-0.5375610050120856,1.9450584451220987,58.07061589153424,12.926775357033904,0
0.786764793444666,59.0225509587619,121.43462331287051,2.2863693445225746,5.493194405225714,5.176917272718232,26.610937686063725,0.0294039721490226,-0.2075361762474156,-1.6284312614711265,0.5141361513122633,2.1826942728132157,-24.578340581388176,3.3147786611119656,0
1.0861373935206269,132.02930286735568,-16.3842144827577,1.7245834342658768,0.7953002030935084,3.76869594540425,29.172435108285484,-0.484918784776938,0.1191206468269578,1.510538099801515,0.3828223593082132,1.968197836499616,92.18750027700656,-9.00838070860322,0
1.4120080649972264,-65.76068670261162,116.39890152920096,2.306798736816289,3.92741356419221,5.802016733550445,14.46204485000143,0.0801008084707534,0.047984207984226,-5.509221641851362,0.9679544587127809,1.8403702002325693,1.2279165802119536,86.33636876385229,0
0.3104163220405683,142.23967762265332,126.5722995242435,1.8621363766829349,7.475302383514316,11.168447937903018,0.2008800133255448,0.2575282409410841,0.787519594203362,9.607332387259977,0.9067788894182246,2.263049745602069,21.78844093346164,-46.58999196323351,0
1.2004221204512069,44.35087440918987,152.88701507392588,1.461203162832743,12.143852894903413,1.1971459728916116,79.83366794768037,1.0513932791276028,1.9447004045072156,4.451853269058364,0.9590804975416992,2.429569859864141,75.95439806787999,99.54041528916804,1
0.1546837034705143,26.7148813601348,-10.96766300060365,1.8783453696361168,1.5506793728103148,1.6776391420603525,-15.920715842239368,0.1063746132706035,0.5010312383526024,2.788017664641026,-1.03613375899774,2.1531928104369795,26.407890626312927,27.330241800641748,0
1.7119492177499969,264.64303867968283,184.42350189800064,1.9679238436758293,3.3858966010973783,5.582090268300725,144.3202473590285,0.3401478423482508,-0.279918969313926,4.125202720764257,0.8557792146971186,1.8830098669254527,79.52138083720985,2.806504166164409,0
1.3514000996084945,122.33432427044266,178.94566029426414,2.304743008794853,4.4450507126967,5.911724741979475,22.403566706849944,0.8578737639358517,0.1329182144907461,-8.451725125323744,1.15261226098595,1.1284775037667325,-31.584401024330845,69.25402697064358,0
0.5575710455221513,133.5317324404534,3.3709605250243584,1.6082123751912405,9.57821785904238,6.547334863448742,49.85799559835911,1.549307790699102,1.4458863611162966,2.090788822886581,0.823615877964998,2.2687207616123763,102.35279872922108,247.7824081232659,1
0.6020310145453681,239.3940310292349,136.9523390600903,1.3341134089692817,10.085787436554698,3.544133431640793,13.484233075477665,0.5551239779610853,1.2293769173855644,4.691636201262593,0.4043533127560001,2.167022129939201,89.73049970649383,10.993282393419747,1
0.7591904634863396,97.52378498214615,-38.38225440970948,2.1564375480168207,8.255138451168841,7.876795008031533,67.28204685111002,-0.4453670615779449,-0.0907487376159268,-4.137064906739484,0.6361411243134989,2.0541740067488856,159.66286325616494,164.2541472854127,0
-0.0243518618047308,194.0880528998635,216.5728130714456,2.339442532384892,11.993740389971222,2.399169596379609,63.87020445270976,0.9368595197760076,1.2218441480395668,8.95895930466942,-0.06892843175359,2.039211055288264,33.08603273255844,177.6921433549385,0
1.5796978689708516,393.2645580226666,-38.09524137130836,1.8297330966776015,19.340502020655613,8.384062577611052,-5.7724234341269,1.2870300123980123,0.3986657110389963,-0.843033724456137,0.0874653324823062,2.221334038421648,-41.80692173392509,200.7174424507496,1
1.244915907844002,190.4710993824756,122.01218875975138,1.938734361948239,14.013405353664782,8.674195981471394,121.36336784717768,0.8505564924099854,0.0919894825952313,4.847177238046935,0.9783905668434753,2.1268854428685486,34.710380195549135,134.24122458284097,1
-0.3204028058357059,45.0806841942316,140.4287434548703,1.9157455572443067,9.144097914477689,4.113503132274961,30.75942420272016,-0.2392728073485225,0.7802758511261937,1.6175324357124474,-0.0178396951787295,1.8951689157604907,49.95123030844272,-103.46284933430977,0
0.6249848821836326,103.3772859440343,77.14174717146683,2.1412922222017494,4.168896596914484,5.122177077588114,51.16888171993311,1.018770260280653,-0.3433853983066689,-2.158680629997355,1.4089204881247883,1.6390034156779614,108.27191976833156,-8.600364368626622,0
0.5843050887523588,101.99701751394494,91.8405868543937,1.5829579299656202,6.445878725802469,4.536272692784619,31.94510841644036,1.0136693235281256,1.2755428370756765,7.491015377199807,-0.1235991358982804,1.7505592099262803,71.80738299563363,197.3512743062741,1
0.513489556261557,31.018812782061985,6.031912670381601,2.4835956352311026,7.95318246367809,5.968228288401933,-18.94548689963333,1.0224331723813822,-0.3882916426275239,-0.3339556975282454,-0.1044706403134236,0.8266090492740628,24.155983648404373,-81.14497833924617,0
0.7117798642256619,233.12936984879792,14.825857634448042,1.765152448692646,13.5267121533045,4.336792049891581,-12.031898498954831,-0.061986484215274,0.5355152777949599,5.728783397410289,-0.3255609755098814,1.9898635319366156,35.32619065822031,-56.31424097890261,0
1.0943704305456434,153.53084931068744,-5.031878223662048,0.7266421103495297,17.00660387549967,5.574387428117787,40.34491357106044,0.5276335466423654,0.340403569181671,-1.2183102661631455,-0.3254536197876641,1.9498224733872265,38.22160110841431,-53.88777114698431,0
0.8188489350854252,166.54797272468457,97.5744076325712,2.254853311665041,11.67699847413806,2.165859891697803,84.34289777709921,-0.3407102524685981,1.102720637662527,2.8328931476402195,1.1933622580547694,2.0804912540085576,0.8689926155032452,-74.44603492891744,0
0.4059550847436648,-77.00556401452064,116.48293162505126,1.842307040923,8.136704459615647,11.08542317318323,82.12025207388666,0.6155776310133164,1.1376149764480503,10.687095141453948,0.8866570254727413,2.044270064911045,122.84331911851562,72.28437264706201,1
1.7129118160576922,164.73668235440897,35.48714111453392,1.97078043304022,7.356393287826683,6.430939246628611,44.70638651416159,1.07044117327938,0.9208922749013144,1.836943928512749,0.5199899837990393,2.000885123677375,77.42721313732454,106.19429743396586,1
0.5058989802254594,379.1399922457482,192.85948279386128,2.7009321549133536,0.4506002150727299,6.347396863621835,157.42916765898016,0.7916900465573221,0.7059691150505186,20.391048288774083,1.2291429193569194,1.663037464486746,-40.63181168839695,-146.40179290980342,1
0.5359375672774471,195.8393880537105,97.15344594323614,2.840637855501009,6.944527342332227,6.344473877353896,77.35172238784264,0.1642918015764822,0.0468393713146528,2.4343287068576345,-0.0612564768747678,2.347339378656426,127.15923380461284,101.79854583336176,0
-0.368436079900983,65.35227393371831,28.038447058736736,1.1905034654017457,0.3892325706307833,0.1326635725192932,23.76194593851693,0.1408160726720075,0.7622581455808577,3.902736110810691,0.2882813339808491,1.816411963975281,8.810665759273924,-35.3244926979332,0
0.3808317211709867,105.53501776864624,159.65072055120896,2.330962504778103,2.8027973882819737,3.105727403222071,31.26599198507097,0.0441976418869775,0.0005302804066539,5.750555860412584,-0.9768792654835368,1.661347630863259,-19.79504764092508,12.88951374933928,0
0.996872893588924,-6.153232948255521,52.49106480560626,1.7616038979085555,15.37300696112519,3.496971718855212,4.595609579407622,0.3031646568212852,0.0094449868468868,0.0391889364238777,-0.0119668763216518,2.213512790353092,44.54513700081439,-6.336122490014681,0
0.9104515200560463,166.15269390751712,268.5916590762028,2.174877590171199,0.7782237542809884,4.723077694059841,121.80482061222486,0.9114569055029113,1.3940492657827757,3.7742459163137614,0.4078873450384446,2.0337220543776,-7.802373941881541,-12.934024246428798,1
1.0635406044587756,61.44860171637799,42.60247440463551,2.341014130595247,9.25682147659802,4.286371616473195,11.225408101825876,0.9665070680490724,-0.3433724591865291,1.2273637677633302,0.7524744355984676,1.7742768884312254,-6.869381765514518,-19.84006527249605,1
-0.3260232358227671,70.72423635943973,62.151905826711456,0.9352805056427188,1.947506908397552,-4.429047103632858,71.0273333206103,0.2263196924712426,-0.2357656008595449,7.2161346146710095,-0.1384806260099783,2.0316558546055896,-16.971351698289197,97.00365799035738,0
1.2569859182484957,182.57160277857,110.40428402352217,2.191365290357592,6.874320654817697,4.657611080976765,25.911319099243165,0.1477232513101625,1.2645442852185729,-0.1598501764103264,1.0206594633000143,1.8510356031824569,126.57538512890444,-22.37401131332445,0
1.4230643626843291,58.09218736978342,43.60413364340274,1.9794220063815324,4.304105869359235,10.474358518577269,55.69170980120523,1.7891064542936477,1.3550888332930495,6.242727225900632,0.3303113941727053,2.407510169860676,142.72364712434472,166.97486303258668,1
0.6177027662954029,180.43666005234888,-45.56750651912601,1.8026788760618095,8.829722765564238,3.800680937350388,107.42441896617817,-0.2052542683935951,-0.1552449244215102,2.090992360966512,1.1854572608758696,2.229884799771005,149.24287957040968,-8.62690227567726,0
1.0083739178301774,292.12727393951985,22.018560240074784,1.902239599883338,9.182938099543923,9.315764878726096,-10.14810021068677,0.9762644742669476,1.4598557877480527,3.443386745559454,0.7193260453556121,1.680106462086147,64.25833003236582,91.78077105567289,1
1.1199062649200004,201.7260699450181,84.15512690307834,1.6329603402216828,2.8382456142528936,6.804032212592,112.7247567106182,-0.5680935422192559,-0.1236230711215045,5.38019924927532,1.20251237806929,1.046643878521973,127.96887454370432,-21.3041615417744,0
0.7092035955423491,200.4703668244757,1.471064417006971,1.2667043108392386,6.878448703023418,6.0330319468362505,44.65582687827968,1.011920674589198,1.2211486728127072,3.8013178549620448,0.7437965310130026,2.1306950228016817,137.16688381317357,4.622772236359502,1
0.0882978863639974,194.86276537477312,-19.506988634775624,2.010572752744394,1.804550915599462,3.8051022712212914,23.571917469140296,0.514314107582321,-0.2117523035021565,3.990482048236432,1.5424340697700412,1.6074658297442317,119.59147760112133,57.70280948253783,0
0.9195955701875068,157.57180407592045,3.6418391757584914,1.9391956565129624,10.267358474863927,4.963250024022662,33.3902186968412,-0.1176124041290941,-0.180536089193579,2.4115229183093536,0.2434732217642204,1.8962794333897584,67.1602917651098,62.92750650042551,0
1.2826211395032008,168.14487940683406,-18.03623173243986,2.4958656327933086,7.52556920511458,1.3639338326114627,12.649847554732496,-0.407978613296927,0.0206489947761214,0.1167799524965684,-0.1342559496713191,2.148032645907102,81.53915294720416,19.366768524033603,0
0.0174251417400237,312.61334953966195,42.089493466309136,1.698958085569147,-0.9058942026301882,1.7882758370430416,-17.125719519387367,-0.8459860775573083,0.9789285212966586,6.226032194952071,0.6442246063552436,2.0422305289307428,35.60502708795487,-21.60024140435996,0
-0.6493003077621354,87.02654113802029,201.02343899183933,1.872980935792245,11.859235640510198,5.782367169893723,-9.55648848652632,0.3467367234590205,0.7343748045697225,0.459641623213082,0.6813969978070131,2.0818505900170474,43.72139941917102,58.300482868043005,0
1.4159318377970898,154.79401574121002,33.551741249950155,1.980418979544489,7.089266369584768,2.4455928617538136,-12.44490970697094,0.2231791879917946,-0.0876788790545342,3.088261470050898,0.9945606024117066,2.1676114199228977,45.81246343155677,0.2977140353155576,0
0.9334400965677248,53.98797475509557,121.48605053909968,1.0583942627241203,6.685688589759382,3.012211489901272,62.30340998305843,0.2244229876541151,1.4459474926719107,0.702358573964601,1.2338025375404955,2.0467765404823064,-10.144483098957268,143.44777131706667,0
1.3905561440005667,138.06641613060197,104.7152553182448,1.3910582469372528,13.4086934294151,6.101693650306501,97.39245297600624,0.4081778807787821,1.2284949678483676,-0.7574887886453565,1.0604213392194677,1.8875076305788565,136.0713681255043,7.478953128694968,0
0.196320226264714,203.62085889761332,22.54224250573485,0.334336425837493,1.392831594062768,-0.5179607238935455,-15.796222654737193,1.191443475342162,0.5609478251261795,0.8772488516412031,0.220841570702388,1.6549468764996895,116.05819628536256,-2.481366567313451,0
-0.0758424101147356,51.93699372253855,81.20237245967257,1.4092652111090205,8.760700078514263,7.106888260993339,4.353879690341486,-0.624481083218325,0.0905418948580666,4.120263027546335,0.1167588365794407,1.6204486614503446,106.43225589393404,44.12217978682744,0
1.06140906415631,-7.583127317477562,138.2679958755109,0.918818270523298,1.8376129986694012,8.772607777562811,29.923273592412293,0.9645925607451687,-0.1703654685518169,3.5690062359795918,0.9060001620687186,1.9267370227330844,48.86236969990388,99.595237561829,0
0.936209069415317,46.21176220041235,209.2405366319653,1.5429333179961258,10.67775628782668,9.642905307729794,-0.4127614486373758,-0.054919640895331,1.165612597714126,3.112100762079451,0.2321166333863722,2.1340770984236173,1.7717165291895682,59.54822996710789,0
1.178275092388578,51.958166530175504,74.86559628522872,1.33030128464716,-3.750018128260909,0.8562797872613932,35.95180945011277,0.9971563209952063,1.0673521045125072,7.509552149731141,1.2648009750306228,2.222786118640474,70.85574566600033,-13.157754140952044,1
1.4963518004918257,212.98721815650907,173.27774431779022,0.6762985592356066,2.5928550537434685,4.700016251485557,40.44511605555461,1.1875422541751242,0.8995976784397663,3.0639160392651146,1.587279390055341,1.0436941513575066,29.298728099179456,23.157160407941515,1
0.9992830655032872,72.54508666522995,128.04115088636772,1.0487016948986485,3.830470954720015,3.470519616297465,-15.74352555267361,0.1684652709141532,-0.0372090349725187,-1.138861677001862,-0.2639604184725234,1.7108633887633795,81.11277159293886,78.56877793622121,0
1.4730388368655487,341.1716149512752,86.25939839430292,2.6780426714790964,2.4427706205630546,9.82868033128114,13.392092236228084,1.101967507199043,-0.1574313131377135,2.2008208573041395,0.3330630298802394,1.97278797548639,224.5492114202108,14.897893203952869,0
0.2848264598752871,288.1932120167009,91.3767933087817,1.6970294607284269,1.640248047279429,0.9429420165851892,-1.9128441890887231,-0.0456796637091837,0.0423896976858798,3.734828479462159,1.549144097258076,0.999462467982284,49.07977069416741,-14.782401202781024,0
0.7491849381109159,61.17972918155228,200.29968127279156,2.209292719880994,-0.7466465771129904,4.48476411958922,23.09199855348781,0.1653779785521348,0.6396584716528073,-5.654336479005354,-0.2356045723892793,2.1411540245450618,-34.35037292965217,186.7731281770831,0
0.8076867920611523,16.66666310081385,-80.84488829464415,2.442503430510709,2.110728791350453,2.723550482306294,-30.268729709133645,-0.0816558196865897,0.6979495352308889,7.75283564803604,0.3380044618378636,1.915330469155463,59.8390393589603,95.43614244067804,0
-0.6481656473302632,71.16855831326461,195.93052365250367,2.181079241735291,9.670020438183029,0.9219703538262696,-32.52664454478505,0.7885591843636997,-0.4144610458513943,2.9700786874994503,0.7261974170453082,2.0190319977301696,39.63710817723489,33.63333615440082,0
2.010519283182118,61.288604290774416,-19.815642360954712,0.7613115189685675,5.224301776436237,5.491671644508228,-5.582242910472736,0.0508901743091135,0.9748647331536988,4.359202361161642,-0.3374989408369438,1.7430703463105224,77.27508716879717,36.92407669746585,0
1.4129326259433026,213.5757442367002,109.55228558421062,1.1248028928613176,5.053737476010732,8.627257715839953,138.19995953408326,0.3685444402822471,1.1767783137628114,11.68149292336492,1.4793777148974872,1.8980938129666485,110.9787452728227,54.91471193193605,1
1.9758077438282144,-41.66902804370631,157.29058887722465,1.0092116088834486,12.124354616733884,2.903461379813231,61.172868847831566,0.8988327533512053,1.6249329703697368,4.414788403955964,1.3730520859584865,1.483051461711749,34.84293407969835,173.85874909679782,1
1.2712078217918248,105.3156265776875,71.07336962210275,1.9751045753743084,6.208676612682217,0.9771628995230426,61.86387392409725,1.074341061567485,1.2206756434520716,-2.3138332060833324,0.2570935555328433,2.490783898442825,34.894290969196376,62.41638894285759,1
1.0316847698491112,325.88984575861537,60.470182450816,0.8796226747272037,1.029606880737667,5.105930084096521,123.0092419261906,0.8207160874701375,0.1813590206676075,3.2148910390202823,0.8353721792731166,0.9416343332628666,105.3267586595464,117.73298431561044,0
-0.2941575182378786,55.47799389133336,67.65428091191414,2.1854594292573744,1.2405868125174582,5.462466622818416,27.170570474525608,1.424556099240157,0.5556916647592669,-0.1859363965023761,0.151834706813573,2.27960502212,114.48684603437616,85.40394833701947,1
0.9946431702136558,310.3598909380564,96.28903987669536,1.5432965811513388,16.821156187494683,3.037001376915284,-14.508691204857598,0.9737069928782316,1.026588731903463,0.752871591724567,-0.0069488784207638,1.99050171105896,75.44967694024258,-43.002746986598005,1
1.200616634307844,472.4445199225264,73.2342159537022,1.959044710531198,9.189532838654376,6.620517179625996,101.31500963679662,-0.8613149927213652,0.2229802503485402,9.294964657906483,1.2480952578000826,0.724191973381997,141.3976491653787,-73.42570724843284,0
1.0915374169294874,252.00993781087976,96.35248644687836,1.7839528629871124,10.534220366029416,5.661414912451886,15.066304543663936,0.970127151939468,-0.0372025442880608,-6.144700372321769,0.9124732733161895,0.9624203627839094,130.08625056149427,83.28427446140047,0
0.9034618565175452,279.6336279634592,88.08874401990957,2.022164472469868,12.849570365856414,7.623699030512164,82.83832155806331,0.9337653774444228,-0.0029431342875873,-4.612862120155178,1.1839681667226107,1.8922661069012647,160.54230067106727,35.34841168308034,1
0.5059483954289717,112.12698015087258,75.50673867550164,2.13310655401555,11.144057963747317,3.5615157137223616,21.662604545344976,-0.1245649893571805,1.3434853200387238,-3.116624890535217,0.7841363390964222,2.488461571440527,45.90177168935881,-1.8708376140128775,0
1.43771238611243,305.7833700466945,137.57039395513047,2.25124096991508,-0.6288345362240726,3.89336385084825,-28.03742507218561,0.7929111272141287,0.598109317697226,3.056167987066344,-0.2785827280596666,1.75784607389567,54.2094424116605,-69.69903243991646,0
1.392127122641071,83.63020736322335,49.64756548881018,2.1530645142714184,7.8215241649442335,9.337403892349684,24.32605296147819,1.3151987713680402,1.076821923854087,3.213976446186723,-0.2520614550775561,1.8493230461031485,131.17213214858631,86.93197870726317,1
0.2056188217874692,151.76776868308198,25.38978702470616,1.442728532574561,-0.9028622083636488,5.501540707375934,-8.606216122851343,0.8179849181213765,0.4512781708771643,0.4525791155573357,-0.0692889860732685,1.8257206714564904,14.94462998680195,201.2987640849672,1
0.1023389601143025,250.65567311310195,-0.0516321744780867,1.8880247084817183,4.036257071655854,2.7641654557488957,-15.364333379866885,0.8229858081565492,-0.0157148296841869,2.4270003863603606,-0.1213397423023034,1.902144227165536,35.40725319688003,36.36811938291628,1
0.1494015495631618,262.7303777719875,76.22635486180697,2.446675810800569,9.950989348185486,9.174639180735635,38.8858815626824,0.9179133957970462,0.6240032078884014,5.906553746158517,0.334933669749712,1.5873826019327524,28.027359238949582,133.81573863812898,1
0.2423786595249655,54.93317243969864,127.45136146008778,1.9055049216685889,3.2955752519511847,0.96600161233098,34.0169312718284,0.5255285824928051,0.4746039811255015,4.888097969743637,-0.4133295377173915,2.115290597694828,42.58619648780896,119.16635452373907,0
1.2660763585487889,-20.774145740203807,112.3841313329733,1.7852608088441946,9.901862514094052,4.526051961086982,-3.149171681615534,0.1992731309324975,-0.8339780733118299,0.8608859566804652,0.7961778830008639,2.031614557659335,3.505546775604067,32.85386773788041,0
1.111683940430468,151.2492883104457,129.6089882016213,2.161953335909878,13.81176469905539,9.090994698149512,100.88973193513814,1.267800123986309,1.298064458363002,4.524798917565283,-0.0878457951420537,2.365577081336593,87.36859394604419,116.74075223067848,1
0.8723712294211885,293.0710866724368,230.12083715702076,1.8073681090231453,1.798751589148762,3.954905421910485,42.69704341418236,0.6926789413786177,1.3999420729556875,8.646115415737288,-0.4363288439398108,1.989694757103166,91.35377939299606,18.35850034904675,1
0.0162379176363355,90.2718556471718,24.652120092647223,1.9819119169714232,9.805093858261312,3.136629285219644,19.47729975970861,1.2082111658355,0.7166801538136007,3.32297996939497,0.403853236456537,2.0278216442822563,34.570149382797894,81.28617980273988,0
0.7071315167407812,184.65656700622677,135.90257779434103,2.3037135347083857,6.270297504140112,3.342040822927352,100.91547145890785,-0.1074964047920737,0.1735337780017801,2.1020181975764345,0.8474776100271582,0.6824608955341289,37.39518021372498,-10.870892822126317,0
1.2678156435288628,246.5329857880713,116.35142066125056,1.0699168992172663,5.691172304850684,3.7554407902054265,22.334714974765568,0.125450932508305,0.0230596990750589,1.444281898965628,0.180129147953632,1.9297337015926623,70.05347220698121,100.2214338540118,0
0.2981677833583359,-24.8462463654391,87.19756120928605,2.092859043533141,10.21304036613158,6.961612677477049,50.60770666898362,0.2628720535954461,1.0728504850983565,0.310439571486385,-0.3180235798470224,2.102190788910516,65.19586556860456,-21.609475906926285,1
0.5470909795097292,119.69170070890657,176.9948665711443,2.477099770957669,7.981595204203312,3.278717190092358,27.876164935128138,1.4582042910093114,1.0255545133055757,12.043698681387143,-0.1455223381431006,2.4712797598679987,18.21541991893497,223.642969948464,1
1.646151166954825,226.97887495593116,57.99503403298246,2.464346082991862,9.03549029895414,4.322994710044899,15.24341175050526,1.1586256594103783,1.0238993560822105,7.798698774661471,0.9795936326486084,1.9809544281733016,206.31811826963275,81.96620746860373,1
1.2160650554566046,57.74424140580693,149.0223604465782,1.941696058679575,4.928560878630977,3.8599582373835615,55.59739064947032,1.73938886659918,1.0340364441008705,-5.528165609883547,-0.0374611222983237,2.6544049686557467,55.963184064441215,42.8760959557514,1
0.8818817223262368,153.7569084972125,77.20580413718025,2.040796844030232,13.906925968881428,7.097397597794254,21.675617503453157,1.4224207009403242,1.1498567011097505,-3.594638158437908,-0.4884219894850186,2.358610960479937,15.828495356787258,-43.294164066928566,1
1.2295619607435986,264.0052112403036,90.19817497693046,1.147130271911862,5.066069439385803,6.963639792461416,-22.678491376757748,0.8611402068633902,0.5329829396069773,9.594892489127172,-0.2690898533659689,2.096495389469595,21.86174960335326,210.7102109798069,1
0.6951134984794434,8.399456205854705,230.51633125912477,1.4718124826409769,6.081711409003215,5.541729247963625,20.474508968314574,1.135777178469668,0.1821439104525161,4.206969678365407,1.0329701804256777,2.3368554933655235,64.41528738053682,130.2737708860988,1
1.2507672823811498,292.3874160980657,175.31961720175724,1.7390603482950762,9.290608508035762,3.3785210148022293,134.15185961325753,0.8154016377413139,1.0197793367798171,3.533908088405631,1.0986723389408983,2.0105554645463823,97.07190634318906,163.80211127833732,1
0.6880037592695012,201.6510986800824,168.20619206858066,1.959077896637111,0.3799936601150318,4.215999306606259,90.83309299418195,-0.149244840958453,0.1920718331640656,2.686270727470552,0.3543347799292202,2.3400558446211184,109.74060048039966,74.70774167110949,0
0.4210196472275252,255.0492074277244,78.53597212673759,1.4063911319212692,0.6571428824275714,3.332299664408961,121.95432495560496,1.240178029079015,0.6422654489105436,15.16071309421444,0.2593335630545629,1.8819134763496268,15.719793333993325,260.94034281692745,1
-0.3931058533333368,316.2808612424485,93.81421793218864,2.28952397581765,8.297696891372068,8.474793393329666,62.89089578500408,1.0287760608577925,0.4873338702698752,20.50247092169157,0.4462154471610511,2.070926420126258,-48.68810651518889,188.2426699821176,1
-0.4075957861335958,-20.15936183154662,140.4858113003824,1.674976618397675,11.488153034377488,6.048418922279799,24.96948870012716,1.1701026131338108,1.1592469137750263,8.039867005126693,-0.6142475730774022,1.8519072290913103,14.973077652067571,-22.437056051479324,1
-0.0620956464923245,177.83006278155577,-1.9768327198995053,2.14226215600364,10.31608857203713,4.120588362251482,2.174736393104084,0.1791366707245909,0.4612018141309901,6.313159462378337,1.1234097179825318,2.1408292861524107,81.5407112432466,-4.1068586012098365,0
-0.0885144518250082,48.11341641089052,33.91172150584876,0.8721354457539718,0.8273751718304405,4.522397577417546,66.16569340147687,0.3871156016726733,0.341883180930177,-0.0595564269414392,0.9755570756989158,1.748486593406552,40.66077927923408,76.55063760777955,0
-0.1743067563671465,70.62508828023819,129.784640223103,1.8203941549153568,6.613677008539409,6.177522691351917,42.26094753647399,0.6382435780295712,1.0609813029888109,11.126531242756316,1.4935113145175642,1.8411319446437284,35.58301041930345,155.43044762581064,1
0.9195599586023212,378.4097221518857,29.95154461066869,0.3809938708770803,14.574036687733017,5.086844824622038,4.966687021216877,-0.148407238735629,0.4283699009238211,-0.7479997107875587,0.4576770364743996,2.129518070322125,10.027144763702736,83.45643016347596,0
1.0835682024860138,107.40604996414672,126.80249554546296,2.0167730488437563,14.478093657318144,0.3707377869707864,43.115913338686426,0.8665897713875452,-0.3610744471081972,2.085419233238736,1.489242872886031,2.2482277278770337,13.01522277533394,159.8927066511221,1
1.2596153898177285,116.5872675131377,84.21989602920766,1.7110404753430517,7.06388974023652,6.592678899129414,90.74002800329106,0.6746354426604563,1.20839920086626,7.802229521283908,1.1545015647900712,2.095307122267257,45.206089436545774,253.0712501360664,1
0.9959400569564606,26.794638954861213,128.68241396816873,1.0262343474689437,5.148562418044883,4.766364754152439,29.98976968072504,1.0586868551614084,0.4291049288362714,7.506063269873339,0.9583833934111674,2.2768110592412354,112.57940531987506,112.0849062543072,1
0.7814238732331931,24.53895022992502,68.1066251380347,1.6534855334967429,5.132632837703705,4.100343712714967,-17.945890472849364,0.2174063884328476,0.9951243083267788,2.2873383069982385,-0.0412216383745781,1.993315630238604,46.32166626153687,149.07159719346504,1
0.4479697960449273,66.27882004562068,-45.00107377582442,1.6371409546281857,10.471008106570832,3.920515809825913,13.732533210714518,0.7008224072132212,-0.0873305785584875,1.971147324413759,0.3917750137263129,0.3729124140528583,71.3135138039203,10.245700176280836,1
1.423643990916189,195.57489439444777,-74.82687619246123,1.6198345299530772,9.247618843968493,1.5309184834659768,19.51219602070226,0.135246565694512,0.5816221471190433,-0.8545480593685726,-0.2564841279464285,0.98747190421623,19.946367704223483,-7.963881859337697,0
1.0173067197382046,130.2000431602876,138.6662377339573,2.2168696411963857,10.14025957848261,9.896266690228,90.04149438709258,-0.0508465546252357,-0.0678558843073932,-3.162903462148336,0.8949370922796112,2.319230530326596,9.75620631406438,-77.22484858791489,0
0.5165980760277368,38.60273824667848,30.050640497986823,2.417883904490157,12.758221189306708,5.241554537048618,16.343496366312028,1.299203269929469,0.7361154096164062,7.505800963455202,0.6715143950802176,1.7017039108854786,42.30575249002468,224.7808983279149,1
0.0409163004077063,178.5814800521544,29.36945783366397,1.2228674543188625,13.438310435265766,7.740710449778602,87.87198172755362,0.4177719771960324,-0.1546211738641937,6.501699850943104,1.1793543230833334,2.1345626275072003,57.22740788320061,239.1742997292302,1
0.3833704218057626,218.8909301793853,26.282858192651226,1.627423407265184,4.014680812863682,8.604078351541892,43.3866615590808,0.4395184362886229,-0.0523330489265606,-3.0128009741651027,-0.1271908944040441,2.051891571001113,84.54446479111377,52.41633024507437,0
0.3871976754298952,152.00596390479427,41.25180684146172,0.5590600486941701,2.3965524501962747,7.002668182716183,2.299388718220648,-0.2996352627709003,-0.1136262872520075,2.7165518008014358,0.9523723949762408,1.554643824298442,25.47308587628998,-87.29819402710936,0
-0.2784664224953743,111.37670160948277,-43.090671958369896,1.0050545002276592,2.685463847451108,2.445525167947677,-18.192954928866666,0.0070927489837416,0.0728811196897213,5.989776971146976,-0.5904349740784971,1.782358411055619,141.4661177194802,30.12925678399173,0
-0.1763096912225172,189.12857220425943,207.9918298960534,2.047527523727944,10.238193497311068,4.36506437588216,62.39413564551178,0.7184339814880636,0.928913949862339,2.6346403965559,0.3270498060833384,1.9059442267839384,96.2276248203658,4.551075930791832,1
1.6580753023354182,332.7520154746073,92.08754015194484,1.816968035646069,3.291140799058197,5.556008331665318,-13.83909660212116,0.8990790909718438,0.0406422401058764,-0.6222789229169212,1.1115319774443384,2.6126036596887543,81.51381624967155,-24.3031110657953,0
0.0580862418059126,95.132598616417,113.49830205279372,2.00002901441771,8.875389810444023,4.504079610159518,57.17460325759984,1.8363664380008933,1.6226975396265182,9.244428633784096,-0.3041426591980397,1.7342703061996725,84.94529694165527,217.2693773519462,1
1.572448458520205,293.84973678156365,-11.062746930968077,2.2578925268225905,13.694008176937324,7.122458865641393,-34.6635643503247,-0.3702144708393281,0.5876965671188823,-2.413157986063988,-0.5271441932106529,2.883859326578304,80.5035862679512,-4.950670080818625,1
0.6254227424711255,168.61504147046432,-33.079119731153966,1.651331022007514,7.00548748192184,4.773068603014611,58.91057316660512,-0.0380980983295954,-0.01423953715857,3.067005748348614,-0.0652515746768414,2.048955323721187,139.19272257927992,296.3594882612672,0
0.1956733951236304,473.9404761303141,116.01158999804538,2.048508714238202,11.682618432483713,9.156503911309608,108.95413550863074,1.398524565861444,1.2054362021690663,9.679177115430374,0.2081915822795541,2.4693065545224453,34.243849614691825,-103.93914894797234,1
1.1073984275754976,247.4997864956734,-27.04388866997006,1.6883534733344543,0.8502833648952572,0.432025803147174,8.176351040081087,0.4513068035832682,0.8727435611057034,-0.4111381953105355,0.1294807859871535,1.921977145505105,-3.757711001511602,-14.956103359141132,0
-0.7066923941781308,-22.27866872229609,-112.13707873843816,2.082828749003066,10.384391653969551,2.5479976390516588,29.329238988842828,0.3690641276072538,0.3073051337232663,-2.262318911881553,0.909076859390148,1.820284390236532,13.158255071474755,-67.44143639188525,0
0.3607727562154393,57.62612497662465,86.92676651339787,1.5408687815373507,-0.3528749511169184,4.05146876923528,53.8091528457194,0.0169342508824764,-0.1330303561733483,-4.993977631635224,0.1802614139075407,2.157963520358129,3.2658548744703566,66.93208435718208,0
0.8000300056333387,171.04833981197476,102.43315669170826,1.7154758233284744,12.79119259498348,8.142694174009417,102.9240446435112,0.7584207687088967,-0.7291732270625947,-5.181391934734191,0.4980176659493425,1.6863142241390463,157.29588557753942,-68.09044044318574,0
0.677414733381113,200.09711722357773,-46.45467675381441,2.55153535161304,7.901964444233304,2.149390009466947,16.330607664187635,0.6796974750537632,0.495535469048294,6.305834686660905,0.5105720827833713,1.4791603110784743,91.99244934462716,-103.77097148044194,1
-0.6412042828846146,241.832232952016,31.616433369438557,2.5721648291071784,3.927636605186964,5.896462386018246,26.50930658144977,0.5898823733498386,-0.1939854403129937,-2.9086397095257857,0.4903262232483639,2.095968641104629,46.562160978924695,205.5705237008897,0
0.4419292525982261,205.93060454986903,77.40873004148311,1.830968374977989,6.290285979083366,5.1064001263327,72.4320450342943,0.2604187485417529,-0.003480735017782,2.6551671526558853,-0.1669465528411394,2.532632011083244,91.15373767253362,74.27796228458624,0
0.4890522927968572,260.0359232862579,66.33112115419902,1.972191167365564,7.991455639806321,3.2221079905675776,64.84252353397669,0.5538211839949618,0.175880647525058,0.653291523732825,1.2467707374060948,2.0176284134628704,94.98203241757064,61.64864747942294,0
0.4243467556317628,187.66714774527924,269.37578810702223,1.9357923919687647,15.8484285945413,7.560519248657105,105.68605265437832,0.4662866814075944,1.3710499238274851,8.919780376957274,1.344015141512111,1.805513386491026,7.531949947294827,81.45625797626434,1
0.9011828107620944,132.76784211611397,111.42221456082667,2.649570319600811,10.078274594659336,4.564577735151187,3.2654041081293315,1.337317137758812,0.4472161895288942,-1.6763223587652265,0.9691340795582496,1.5647757914642133,183.43503985246056,121.00657514441514,0
0.9532822738669104,180.05992292001082,-29.94865677915688,0.7173097339553078,4.595685692063321,5.344850157452973,4.331835429401693,0.5310122604690186,0.3390992738330236,3.715030078125773,0.2208621635141067,2.556023163376337,61.43089058715426,-72.43245719742103,0
0.9048491559692248,126.01814210935352,55.69755919961,1.7040418874953154,10.235825842655178,7.869629843608092,-5.9580238427790135,-0.1452768323183251,-0.4548284054998022,-5.154084071709028,-0.0465866127076773,1.7616359515847957,154.86957656939927,-91.99417319367264,0
1.482722363322018,204.114569505586,7.278429802089022,1.0047782163710983,9.033206905109322,3.8437984754243377,48.1441106180834,0.4064145746088494,1.0366803846515598,4.521906630145483,0.034275655319134,1.8103211333990008,-16.570119998765392,14.615987166217876,1
0.994717444276352,99.68489934897596,189.19491940744967,1.992290503451076,6.958567945765982,4.968687269749795,32.52613314129983,0.3755578171709951,0.2640012248003914,-4.762186036640462,1.445072297433913,1.8906178390407349,88.40560296689083,-55.51765789067239,0
1.37182964304959,170.66436778100194,121.64274119097392,2.1232019508942264,19.244224695161066,6.585883192338421,68.44673895255261,1.1847552558603929,1.3132570005984348,2.945988197990349,0.256747443953471,1.8246466142883933,167.7497343022403,62.78097322896623,1
-0.004899935956222,222.477538205657,107.21321751262494,2.341214316858892,14.60745829212892,2.9374310639312147,-5.417124097726884,1.1515802943376066,1.6045619185655575,7.696037049584331,0.5010313042089619,1.9369182821165585,13.666883693732814,-14.5461910161958,1
1.1884298174693422,265.783796837802,96.45423488357564,1.1018233589692747,10.919259613552452,2.6828935923626087,39.85977444453914,0.3468529895539016,-0.7662245421540034,0.8143265494980905,-0.1711088203482506,1.968031103581502,34.493223960220554,10.99790000768229,0
-0.1648671839994299,290.7411532499673,169.59838625749865,2.20728992480781,9.176966193384844,5.131032373306054,58.678907665178144,0.7712197681899683,0.7906636751449355,4.542428813730453,1.4048270873944495,1.7685154960554,-24.785390330407225,73.95661500515794,1
1.1208836803653686,-37.00633424080411,141.5091542949218,1.2600147713060517,13.707914866194963,3.203309059492118,-25.216134034641044,1.4337765221992935,-0.5175443626827579,3.570295214026682,-0.2794238986344483,2.382578823183751,59.65345748003583,-57.58157458154958,1
-0.1783071476986135,359.53197361010643,102.40446766296118,2.275445816293134,3.4379265192056403,7.051499572613652,58.42631836035943,0.1868446723487014,0.2002176270111616,5.84295208669111,0.3197610846993798,1.8904967329981268,52.304632340206425,90.83804494025354,0
0.3016241459963551,124.54674751231828,217.9020479537685,0.7109928435090529,14.167182440729484,6.9408200809377725,57.48704022186893,1.0138674895988211,-0.2071680940424582,-0.1173229076262303,1.682146337740119,1.760111307863001,59.24204649560158,94.61570623449076,0
1.6394639961495296,231.1478607041593,18.91359834129585,2.0117435304883378,-4.6773247797634845,2.2719848758298093,8.058398442434413,0.3379061743867872,-0.7683273015111759,-0.2292984754716309,1.402444930164922,1.653280951190221,86.45533082524094,4.834034459924965,0
1.335526915623336,357.01657399059815,145.4029594969454,1.6948094669457898,12.933184692103785,3.695246916295833,151.76977150746546,0.8231761796391082,1.5758734402281362,7.4240668065713376,1.1029259667677629,2.37377539809154,6.653062073883234,-53.69225802239891,1
1.0227878370280623,308.9943121995431,11.758801307051002,1.4924891504998452,11.185563213326668,2.794733644718713,-26.157377583663084,0.2483527929142795,-0.0016538699390558,-0.5470625266371707,-0.1542372339312965,1.8573335625670115,172.88770701710192,-41.74309158560822,0
1.3260096220155515,257.80597569054623,115.02072702077668,0.984620778594568,9.862527503107758,9.5387522996129,104.24369922391944,1.1366541869790434,-0.2562494911274683,6.303186246546368,0.6506149824687677,1.9193957384510951,64.9641464811461,-62.47095440558753,0
0.9735856945329284,102.83536960196602,3.403677441442639,1.73680831049859,15.650571691104664,5.17766069321409,-1.6365050795868257,0.7391145528543315,0.2170551071636407,1.6062506276470483,-0.5772008572094385,1.9837610694763916,10.66738840295801,-51.28475626813768,1
1.251892453630405,178.50378673484784,69.1923165437856,2.522366795039668,-0.1619563556216627,6.493948547606292,15.748826661023102,-0.9389770742816744,1.176571050129554,6.711677420085323,1.145039663584558,2.1397019653570566,53.81187421407966,-100.17258378440576,0
-0.0358147719166452,151.1031778203014,19.10431640594061,2.210951230301017,7.064972797635532,8.794176084732033,65.58509327779659,0.742774822556394,1.3382598721406485,-5.1026975985756815,0.1381815196502193,2.3868460722694844,163.12437828119937,167.65318159128415,1
0.8971752655980975,155.061803875517,93.30592588938742,2.3328949345198207,1.0448306327971002,3.466629459659095,50.7266734315131,1.2342366263924722,1.28148705715236,17.558695962099247,-0.138996354998198,1.8895547165890612,49.653635504328165,56.88256312063001,1
1.0542509758924823,131.64975557407922,51.0387634062455,1.4393785012244902,12.15395712608444,6.766691685775619,109.79917531516796,0.7517167930966386,-0.2475602975194344,4.912553576508632,0.3961468450821425,2.049845517449945,120.0814211609137,60.23107790243407,1
0.2352189117080966,326.6666307016418,87.97905086470921,1.922009899454812,3.515297823035894,1.9911281601869864,-36.70842847197999,0.5326376572570029,0.7274395087568444,2.600581629271724,-0.8098967624981284,1.996841189748864,40.48968414958718,-15.44838920811241,0
-0.598793796824065,126.47214876714114,73.90979382123749,2.0553320455592385,10.412077102396982,2.613800506066936,67.04904200424406,0.5886020960826555,0.7129057031101615,6.838468870961809,-0.7397807935981018,2.304470599020924,47.02859760206448,53.25780800833844,1
1.534332747500561,318.15322465530414,149.05270632346043,2.161482137792102,7.532472778338164,10.857544436294852,141.50159994416458,1.1024731861519177,1.2718803990665617,13.556454564122166,1.0681401273165925,1.972997237177741,60.66177567241723,57.22811028473189,1
0.6320207453468392,122.20109854591986,-40.83450924358674,1.311239963190048,9.180804557641316,2.800500682645435,50.3390956812629,1.4428620058040362,0.7548885037417605,5.90386573117684,0.7364732774523336,1.559061695693848,133.54930147541933,-26.36430887865996,1
0.63906163172162,106.48066780586504,96.79826074611329,1.8947934554070525,17.930110313111612,2.854207355742202,119.4099931136081,0.5839524478439787,1.02880368165587,5.815740318080092,1.450941251084814,1.8996099866949971,58.47840152905385,25.476351386439173,1
1.2325473104726092,193.2324503438041,-38.3127794760312,2.4085557289705752,4.044173436633273,7.625828493760729,106.628492465447,1.0035689050261265,0.1515877606861926,-1.6344900904968993,0.8252284763365059,1.8615420279183756,188.40671122350085,-9.975901940121553,1
0.5835360814840377,263.9280851197634,96.53428876677872,2.164034109166392,9.051812153330347,7.967266092199086,2.4972472843084432,-0.4582914462574102,0.1697104120049681,4.648937830691191,-0.0315694909100726,1.9515917838903665,14.777479159405722,-104.88223156767378,0
0.9942183467911716,19.570499017460264,33.71223435591757,1.950502264514557,5.6493225399247,4.955342588326448,-0.8582709840970253,0.1953535811201737,-0.1796272517330776,-2.899646539003437,0.6915733213181513,3.3694501422908942,97.6058198594142,-21.53718424014597,0
0.7105541187816212,18.01737839690267,-3.8494408458739287,1.8055329098263613,12.236542967617158,5.001482266620075,57.66018091020723,0.906081702735868,0.5920659993332209,2.2271151001131058,-0.4688150344541106,1.814247703945877,112.754122635637,29.564626846655862,0
-0.0616396895509301,295.72077609131304,87.9001186322617,2.012798962311932,0.7385410059395436,1.0060462803568546,50.91723301734231,-0.9268459458345006,0.2078344125975063,5.248170598586462,0.0057905863267772,2.164850185476625,18.453788684809552,54.66997852636536,0
-0.523743050729261,245.40184646408608,18.430829146554487,2.0652659163222844,17.2432157423959,3.302724216919052,-11.079163608567091,-0.2188696975547942,-0.0761975705330432,0.7066208859520371,-0.3311031144059557,1.516731139187275,81.30542976148026,55.91086615525959,1
1.2515704619677634,266.85397764198484,65.15430837675231,1.8514644332041332,14.093213338830974,8.380018598060023,134.19193303352685,1.2208026363080222,1.471636037005541,16.171062233314487,-0.5229426682976694,2.300129782614563,11.108362533456834,219.8369009608915,1
0.2778221471482289,232.91804173260027,-36.45709070339652,2.1326447224496388,11.42945235223471,8.232686388462715,-28.01287742471775,0.8992354479597624,1.2829614493217865,13.954247764195998,0.6857728534440047,1.7209283246753984,141.5815758933403,39.60379352102717,1
-0.2526376795925378,25.936891051241645,39.50715676660365,1.472044930169262,12.147437807383454,8.163336196365908,32.71797619096941,1.6346268594984732,-0.2462553392834513,7.644854076175044,-0.089853446850372,1.6949499376387411,100.57957010188052,78.45521389193274,1
0.6885974281308456,315.3705522613842,88.08177772475608,2.2451291305827006,8.264735749080266,6.689684568438622,87.9506098101065,0.1146329713080109,-0.7574298274281542,4.348682809879239,0.7832566863392043,1.3371313942344978,107.75944439053116,12.896300107311198,0
1.6406893173207422,87.90277982690966,175.93476956287324,2.293935901486633,9.09459840505774,3.64819987553559,0.7648372740255667,-0.0555049383715202,0.3357796817115417,2.787276354310804,-0.2984130486120747,2.032654317541441,55.987438019927616,-45.31388775853346,0
1.2585598323117202,333.99227807244137,117.09031537756272,1.3165665730410034,4.539430033287006,2.652629317074612,-42.26318243383343,0.0176569487780525,1.1557048912172898,-1.612839294371792,0.3097512390153298,2.143590003348139,56.7765537292842,-8.02592226112722,0
1.0429525050383948,93.029272907184,68.85035912381947,1.6266203827605978,8.517345746460055,10.054467768783264,-47.37657552735112,1.0717813535880736,-0.2316792939440483,-0.1956116083527534,-0.3606421072937018,1.9594982064627815,130.93015440476995,-72.48095625880762,0
-0.2729860598544815,112.20367234525725,-7.237425332479603,2.5601196844769367,11.055538251786778,4.28154061946347,11.966017001535654,0.9936952229920892,0.5190307405828144,2.452307709318948,0.6265231079094491,1.933734619344642,-38.44399042138568,49.44735513764166,0
0.5558851519305572,230.8272789250487,236.1836160161418,1.5613235274930046,6.755617045015035,4.865340043662361,38.87884164956888,-0.0384292055920244,-0.6148463705174815,5.848110912408915,1.4499317607632374,1.992513802948826,19.79880407549875,-33.066396693037,0
1.0580992906941054,163.07326153466283,124.21388608477946,2.121619719965599,10.896220876495391,5.145587850810532,40.514134966424805,0.6150817834604655,0.5710188771230709,1.7035761709601225,1.3170578543189453,2.06928634231643,34.93287895393836,-146.67282051214596,1
0.0280215917059718,207.90596107346556,39.16853294475889,1.6604905344614609,9.997540869169342,5.019807961669536,-22.409806174457643,0.3391810228665585,-0.0634733692058806,-3.547368594205242,0.1814366804825993,3.051827224374676,56.60020130615101,-1.1765441450274707,1
1.702911333496267,61.05769365793796,33.289270941892084,1.526207568643627,6.613151114927942,1.9292042199846453,94.68370776847692,-0.2340733124954017,0.3000305537962539,-1.0977298616314952,0.8195931757661873,0.9413436737621392,48.36539403545592,-108.82667360541228,1
1.512286977558587,55.20996132132953,-82.81098920564052,2.0196405228411,8.59097649272944,2.35273534527224,8.283422602547411,-0.1442519939827249,-0.5314310072232207,3.1656667008336137,-0.2246920208243039,1.902925287073533,99.9338999569744,72.79845689123903,0
0.771806972326402,246.05753537486956,118.93713716442494,1.95063960009556,6.031894875926733,10.016249285496617,152.65429237344455,0.8778604171763478,1.2539742569616144,13.718892261834752,0.2869121653056642,1.6788757314133582,-4.373930222146811,134.6271558629763,1
0.9424354682156442,215.05436973055413,27.47933387441901,1.776852696372328,13.727307015762449,5.670664577473376,6.902971147892703,0.2271330676294037,-0.293935141287886,-2.820833652159754,0.4120602605103471,1.5929295201161968,72.19485313549225,-13.686674542136323,0
1.644064125220679,160.27862519795406,155.7319803847114,2.073729500636306,11.933359266653326,3.724508655705336,10.985528482867236,1.3398793374559324,1.2965243305304055,6.42242823654683,0.3894100231593666,1.9787939955379412,-18.413453222906668,185.6625043586804,1
-0.3841823004195993,129.61352880040656,223.9353612992736,1.6708475539652516,14.070895341435849,5.799562344305905,8.737015012842399,1.3344089083079296,0.8278534697889102,2.1968156334969717,0.5496812395954933,1.845121983128932,166.86266494634646,123.23794852051476,1
0.351613741493318,140.13013213393853,101.08178726412206,1.9627892848135708,11.723194350831918,0.6791807048721692,41.29842710720529,0.8481483409507382,0.1691826029684754,25.707767026162387,1.571970999545046,2.355956671767212,58.24311858005149,91.67661721045371,1
1.1531589644530662,175.7737217804681,3.926164517288768,0.8747058141403142,1.5804241612511003,5.057432554216026,36.86544925155405,1.4177629198521422,1.470038268644803,9.65398815822061,0.8005639069977943,2.115893908978428,27.523330744816786,7.919067618957513,1
1.6460399133710393,-31.31533784899051,28.47193793391466,1.2672493299636414,5.28015819787859,3.400897176642885,0.1135143568805361,-0.549366577433162,-0.0942636681293807,0.1408495992704872,0.0925392837122799,1.8673450107875516,62.39665280220114,63.85284709751753,0
1.1548709430131852,109.48548288254828,-48.20620393836104,2.092039431951111,11.606314593817697,7.338461542141889,63.2234888432757,0.9437442408846612,1.4218903605014312,5.506511546957884,0.9367706371614076,1.752605972203004,27.215275423227787,115.73875976715706,1
1.318213724376916,148.47254627403066,10.517285075085027,1.256707958118237,7.507663509945982,2.143454131866023,55.66407731839461,-0.0069075367571689,-0.0322103846457968,-0.3065413492887159,0.4703158730454405,1.8746185123367407,1.0004614573853343,33.55940673460401,0
1.1481729960134144,41.50094225544844,95.38731585078747,1.161492665060391,10.200521640827612,4.35791380310575,4.345082440476652,-0.1216052558163774,-0.3315910994156155,3.2673910281658123,0.4930689816938429,1.9879158251855389,80.25343617454726,-113.48522025263875,0
0.3127081220200963,261.0079307909138,56.06999460073527,1.7871404937469926,1.3389842768997298,6.829139253713808,52.31234879606645,0.8318431903909853,0.2280445529712294,-3.3739587961399096,0.7318937734643335,2.02504943921511,17.68432366226802,-4.663728077683622,1
1.1731681594620584,176.2804871247213,224.7856437206342,1.2528941024310545,2.1023718580490307,2.006555310918439,-39.782773782834674,1.1322735845407892,-0.1197699129218438,-0.5570902309361441,1.3469898385923098,2.3533648947967265,67.20038734069904,77.40858892767501,0
-0.0083238541141454,292.5889806528138,77.4329212911404,1.4268588929798396,3.588922028368412,8.53314736664508,45.63893490523222,-0.0791280472179936,-0.8677566406048632,-3.9721515148584334,1.817902900553917,0.7390181063883066,138.64868673413685,-53.28340603132266,0
1.2781965691843578,86.11086544138107,68.71759375475946,0.7513169193764628,8.191888740759303,7.059413881417244,15.87926964571021,1.153606319201779,0.3804004733901661,10.9026318172146,0.8097929077004844,2.250948495361037,48.455461781099785,253.5412507874641,1
1.2409467538651406,365.2412810648434,130.66996900261648,2.232451305259316,5.3376851031434605,10.404792019193284,124.52885674961324,1.4229768153232685,0.1888162941595841,4.1604580502430935,0.4869752493990138,1.970918029771584,4.561793678144092,167.83474445191064,1
0.8797952481944619,198.76702117571915,47.15611643306303,1.2411988151294815,14.62749571133408,3.616685055867133,-13.466761891559493,-0.4171169622534233,-0.2347576488634577,1.0633753000577817,-0.3134013398884727,2.022945856643767,27.381033959762146,-95.52668592102356,0
0.2306320870193806,491.2551498313629,88.55512910780016,1.6597211061029915,9.60440775844487,6.095327133104686,59.28546538084516,-0.0262303641121534,0.4100207112467031,2.981131211778951,0.1821789200831765,1.9038684545657032,45.8256124635589,234.95626162747445,0
0.5571202779435998,410.82937492073313,10.021782956678932,2.394032452290884,7.348685774225514,3.330875845524849,41.69807984020914,0.480122183713732,0.99455633415685,-0.4920437687912464,0.8423822937022923,2.2210329325072595,10.377954788851554,-70.13468083361724,1
-0.2626299369546883,264.4918061367275,71.29612460127073,1.4546781313006978,2.9490886776643164,1.025689278919128,71.61087783357678,-0.1731066022256859,0.1297144847226018,2.884056542773598,0.6382378695425064,2.0087144193161635,-73.95332527960109,17.303509779330533,0
0.4185597683990158,133.67912421972454,65.75500530033895,1.7774198121722635,5.19323787069993,1.647095675780089,59.329519842664126,-0.1570520076919028,1.5411859496320195,2.166586618479289,0.569789067752584,2.061318453062451,55.47864211668928,63.789288115823865,0
0.6138864810187726,234.9909444478207,17.14909025984467,1.8991277639074533,3.611031171786126,4.361801614501614,61.46856247468334,1.1688051425550308,1.2873455263396985,8.771118841710276,-0.4662145443773468,2.180319265488169,113.13236118320692,-31.220058217711887,1
-0.0238259130883208,27.34531860802716,-10.46552702252788,1.9120477855169344,13.515288622309605,4.3679290065553165,32.83328216475759,-0.4496051155160349,0.6170897679558294,8.913024325532843,-0.0708785504887065,1.8149246656158404,138.79809415124404,152.37698862268297,1
1.1376603218780974,238.89420453720504,19.165640211082422,2.279772659381818,16.14608867142526,8.370904233728686,99.80746916272857,1.1080209417995626,0.6583078799604288,3.5241919027679023,0.939206906089996,2.091584037692392,37.88690203472312,-60.51564050218476,1
1.2727478279137745,378.38742416883247,95.9904795592164,1.4409507485134243,3.134317060505854,3.264985187045175,-12.266672414521835,1.040535309967727,-0.7946777046947463,1.8602749535966665,-0.4239182596225204,2.0476882462267887,-15.598062284512238,33.547598564806634,0
0.1794367012280223,-0.6083433331005494,63.58962113684768,2.1562301047183565,2.7303636890870777,3.249003631651127,9.658873290408676,0.02096413798513,-0.1156346087353924,0.6662306215029674,-0.1004342386021725,2.0364436996987405,146.2883215929349,1.8415153415166048,0
0.2162544230860207,57.53491736914376,27.320494537874744,0.911056687580404,14.35275659590006,0.5654698368330573,8.943034324173954,0.0043894773198248,0.3478697079934748,-3.829313715464247,-0.5222637736056788,1.513233200082805,93.2062375709006,-63.98909181650631,0
0.8814252514549187,123.0744797763283,92.594343353686,2.3530510824272826,1.3421763529721842,5.798141271306642,97.39972520704448,0.5235550667587985,0.7692165192539966,11.71925772392724,0.3452638055262653,2.1749602755103776,22.57432441435992,187.54569542310892,1
0.5468490336349707,136.59422447245828,220.31330884541543,2.2638497007402933,15.109817367846263,9.159592899184595,46.441285899891376,1.803058091841821,1.4217623894782463,1.3566873762474123,-0.4103924365107848,2.1205883988668264,-9.265955048761796,232.1773109198608,1
0.7485007633342587,154.77973271689754,-27.612184117756968,1.739532434824131,7.96965780758716,5.006273746613588,119.3087880477186,0.853486298628019,0.3403356976908558,4.90267036310616,0.7102590903572199,2.3103843053512976,145.59499343117318,201.28273787265263,1
0.7807844658258606,251.63095822017917,93.45636986511884,1.9480009284301785,9.27376390720787,4.0986142269715415,8.206111927091658,-0.163157521281918,-0.5533395192115673,-3.978485330818046,0.2603731848469653,1.933902668153987,54.00826203850236,1.4942949840400104,0
0.9548669941994128,84.36154784219696,111.7629202068362,1.351486736734529,11.421087417005982,5.306966421863818,67.36184082808671,-0.0210658594757791,1.4012769547656694,-2.74504227701789,0.284209597734807,1.8157868290609576,-59.925805511108464,-42.32816893694605,0
0.9089899639254466,184.2237872894676,168.8846454708616,1.5907106570288945,6.475605434181849,6.624944072094712,1.736689503175569,0.1788933184983028,0.2160462389379423,-2.343306321151627,1.2035601941425973,1.6670446165950588,-22.08139174930413,63.51443713154959,0
0.9024978719700028,284.3993189169725,165.13690646440838,0.9639152953246176,8.015824317212257,3.623074088482279,-47.71618424557892,-0.3209503276439263,0.2181489584994846,2.2755922104754145,-0.62460488845323,1.826971115691831,31.538329625591235,-20.238856708588425,0
-0.4978320132968735,33.8057372545168,-5.294044941098591,1.3647006569786544,7.80471557372528,6.402878637225898,41.14236338980178,1.0878563114701634,0.7967700410597591,0.2251318714815746,0.3731200380639823,1.4811114761803978,56.53181953564703,190.82611728249947,1
-0.2431252604116862,41.91157737647372,155.52014836896075,1.6976238301170157,17.71821285958808,8.473845130677777,62.75325054495485,-0.195420491592529,-0.0735973588531768,-1.3013475182932617,-1.0569294335382025,1.6708250567230285,31.200145848564517,-128.74366802258987,0
1.081776039883243,-88.78696618224936,10.253161414484566,1.8216205332158597,9.36756167399114,5.619808059054762,71.78255222651893,0.6632378318501213,1.3951705407512598,5.857817034834834,0.8706207584028489,1.830752787805471,94.34207251306782,231.25262050989065,1
0.3347009441922374,146.60470686944046,108.93063267490004,2.072298327484297,1.8950632422111295,10.08965931705242,100.84670747059238,0.2270203147408361,-0.5018506282268164,-7.868228962488156,0.9066812257446872,1.9549993345847545,-14.659866663068383,63.69784869898242,1
1.143075111712064,500.9537141019181,76.10643045969603,1.917016973025493,9.976706280788054,3.2632455219146306,142.09837384166954,1.1887770660010284,1.060276970644206,8.571355886104882,0.0066765704272295,2.7595970000516163,6.583700867731437,12.348600743729698,1
0.0908192619970923,69.67666611700358,49.58927448660138,1.494661716584183,9.65924666442761,6.569723336991513,31.90035946276292,-0.552509511135828,0.089096002329197,0.827958785193573,1.344394263966726,2.144934698636874,6.842896239879678,38.68614089332839,0
0.1758142656938907,183.64158612351383,78.08754354026851,2.027713022871717,5.698037564586128,2.629192293801794,29.33757662330727,0.17778532494472,1.1801966085031212,2.9058087759528317,1.018415902492608,2.166356895059061,45.49932862325704,119.95499637392064,0
0.9019810998711644,318.63663881663626,57.5188462922178,2.577691034159124,7.231053248553755,4.353934005058783,44.65186173503644,0.5153078482832066,1.2202732512385874,10.35530766355907,1.437704703357252,1.6911473455132893,137.69436791269737,261.8439672765395,1
1.6733005252852098,87.18418137943694,165.9631826971888,2.086461286549274,8.404091409194614,6.00715515054033,25.38412388994396,0.0883793969598374,-0.1646768830606838,2.0890727110628697,0.0084928321167849,2.184817322092968,131.46446114301747,23.71392635819204,0
1.4211553437184778,263.4090240043797,39.80034187728886,1.747795819583204,11.099056408270396,9.166873184679003,73.95844866378135,1.1425315288921138,0.2955847220028003,0.7153916124990531,1.402595578445274,1.9273072507831404,-6.8898572702319285,-55.79157173751248,1
1.107711732675369,170.2506849856615,0.998804236871308,1.0270223030406862,5.0034347734837645,5.847521108036589,86.63547364657741,0.2899701473754699,1.1282366752115889,-0.4517578481090862,1.2301436289747585,2.011121517031347,126.10740237760191,248.31324996812245,1
0.608125771688116,-26.8700881986087,122.4402183945842,1.990732560154346,2.634074594433497,4.797643811252649,-3.21865014739015,0.5856332570528296,-0.1059537635606445,-0.397884591538062,0.1922716031233309,1.5612996575195512,8.834507272537294,58.01394843149999,0
1.5589677545444227,241.4973931386656,119.13055950214655,1.686690323159037,19.098150108414053,4.854165934782688,73.79447288057106,0.7329796167965189,1.101629091257869,-1.389483876789364,1.278878815155609,1.7722137113942409,113.67298807337488,159.6866174919795,1
1.0959080692094945,300.1935545894547,200.3473212591537,1.6847177802375597,7.191223351604941,4.669447107996541,151.9791303201237,0.6780595090383172,-0.1366051179420604,-7.720327081637582,-0.2477050121643667,0.8747292594123806,-2.615924983931883,10.62436488462886,1
0.9414620976888934,45.97168066123875,9.224969487050316,1.1533600081002946,6.660312139183936,6.047980799579986,-3.1138545118746563,1.068960886409076,1.6249678560543326,4.51600343135618,0.952712620328563,2.068277336641711,93.18282658416032,91.7491687020682,0
1.224531800748223,316.8054595806948,166.39703456257584,1.8079307562764972,11.256567522046067,2.9948495019524213,85.75005067630737,0.483323091287367,0.5910511500026996,13.165731801053871,1.146713600161149,1.5933377618898024,19.34661490080025,32.37980150163442,1
-0.1078883341937481,54.622768428683486,293.7595382073697,2.1495135880979905,4.3523529287082905,4.740732073492735,19.66665792108416,0.8811986208978504,0.0393708867577882,0.722308996144529,1.3152029411492223,1.0823278730433803,27.6568098677228,-39.00398528336569,1
1.0567603598144646,-26.1498520763752,191.45832602439876,1.167845176756996,4.62347374657686,4.150528216468887,5.60165205598771,0.4853657818409999,-0.2376175017683829,3.4748134742353365,0.0166825388740048,2.356301174233719,92.62535685458678,12.447231978187697,0
0.9268930376243468,114.26293224696374,112.89587081820213,1.8462960568211293,4.619914249471225,6.526024290598306,58.44682234905351,1.5528926005341464,1.2535857865652311,8.248679331382371,0.9764666964049902,2.570969614223432,20.09209044464564,-38.54207225796828,0
0.1504798517004993,213.66078416245372,112.01632808366372,2.1467235240187,7.391164362148562,4.206703976768121,-12.47718675783792,1.3118805041513264,-0.5732265878372801,5.004516698379069,-0.1631207659774602,1.6649292338397843,96.8426201264344,-2.9135429497393304,0
0.3794445408017295,363.7990878290068,68.64880065188507,2.0566197459192823,7.268523868570996,1.1590658817358128,-46.04032417700066,-0.7334894037927686,0.1501336825897027,-3.393514074111941,0.5004534837595543,3.007225213529445,55.99111769803652,-48.03969389989387,1
1.599533615432219,146.99670899930567,79.07038233855363,1.4502246563912469,3.282185508305437,6.006504647483533,1.4956968278012042,0.6826872749114266,1.17399801689107,3.690605648166855,1.1101185631970558,1.6625224971215835,-22.2275381603052,238.15869782410283,1
-0.1977095221044641,224.41141613264972,52.98999198200684,1.204659861636999,12.961866799054809,8.809688094485214,82.72261355504534,1.0345670826520283,0.6440223224018775,13.927312411053771,0.8583386062618212,2.0228594400787867,-42.81187654473757,202.47998662963536,1
1.0838393508945314,60.54354882037478,117.52034600422677,1.0641512280257357,12.028799416624585,7.734345282976223,-13.306182737219912,0.5241034567848432,-0.0800419574213088,1.5010841276006022,0.2286783847412865,1.8230477770560116,47.14659813722955,17.948516177468314,0
1.2906041986019927,63.86184600481181,96.26876504656472,1.5279603770607213,14.966871559278813,8.284680280193868,8.101620242277058,0.9909356534597668,0.7536129828218099,1.5435590672645123,-0.1409453006662798,1.736282329493339,56.90909149469047,157.16406780123597,1
0.6046559717909488,402.3606469962904,-7.588697547820161,1.8514396035818237,2.287360997728321,7.171039768433256,61.72444357244426,-0.2661196768543242,-0.2180006168149426,6.350259376948973,-0.1209574882788745,1.760468790873666,101.7664890651057,135.33845083878626,0
0.8872574257806115,122.76511639073058,72.76248360242599,1.1869614014695316,10.623090126078992,5.206346999499391,98.95123353955763,-0.0247266599224952,-0.5320804193473216,-3.337057973847849,1.3095268728718636,1.9857280024156967,70.3492608466767,-30.011557555587792,0
1.4055878276944345,375.23025911377454,190.5463056637117,1.1560737582138558,0.0911196486369059,2.490043540748666,-51.187683285633135,-0.134098504091939,0.2120825827202831,-1.8218559789032172,0.5436141354608246,2.2138392466681918,-25.544062082020048,14.68369210206366,0
1.208576593609484,335.0298521681116,151.0319962894531,1.951841942336828,-1.8715597482868291,1.7742983328817514,24.43049445902613,1.590087843970494,0.1471370475414186,3.981931651883063,0.8815627591225709,1.885750515312459,18.475359981671907,-21.45943875381743,1
1.7487411405473412,196.23123084508265,200.97620990967525,1.849052886536208,0.8381897745802105,0.6088319065693462,11.482391386400057,0.3378293531455992,-0.62359374663249,-1.1331954742152748,-0.4613472839290414,1.76939964764213,2.9731183108765435,-28.132699972399728,0
0.3922131730838909,132.69754727402554,204.53474070698235,0.9346531947096332,7.949804993567355,3.699639342891828,80.57442307691989,-0.3875027624742944,-0.0698015706887382,-1.2310891997706408,0.5986853476314703,2.179028163801121,79.03753971721063,37.12366509242487,1
0.6006550527215317,139.88429679791648,26.3461991782742,1.7066717929738977,12.054129514489729,8.232994990123746,2.8919303603265263,-0.027401472341721,-0.0356239820301864,-0.1859013234114424,1.0557356813670895,1.8461836013071455,175.01869852589124,6.098174684998604,0
0.7779573616300335,18.569833604952606,36.390087834993146,0.8179599493506351,2.6851094805004747,8.034803856911555,111.5188518807946,-0.0956392339359271,-0.405076673716072,1.5781980738231327,0.0876872344927955,2.3246788686401056,91.81008168319651,137.7391624660017,0
0.7152388593628426,92.0417667804503,50.21185603303847,2.14352721994691,4.111852102648834,5.361255800904058,-9.239742756756584,0.2528707880501055,-0.0042105425448568,-3.439111879285916,0.8739685445838228,1.0872770532752956,120.61436848537636,-7.193353974424703,0
-0.2286405463612758,44.783424574309535,59.90599492211396,1.393512178366851,7.763252747436645,4.032344510690223,18.10512051708653,0.0906515625830245,0.4008482773549567,2.38915165192504,0.066458028611526,1.809625018698657,94.99327354011774,-181.00714571471437,0
0.076009197893005,205.07409404641615,106.22194265191656,2.227825132901024,15.13373490097965,4.886389406808164,131.608569602917,1.8131534392212765,0.9655301382130071,2.0095981230928266,0.6996557018829136,1.7534160243016212,109.08722177315204,126.34853820208647,1
-0.0702564927455773,279.54396551144464,29.49703480244016,2.273443878135992,10.848059064674782,4.932502441415545,37.32984632585341,-0.0798556089954012,-0.28013005028597,3.109230179981406,1.068253912151772,1.6601665078571937,73.89640069515707,51.18253219516004,0
1.4762798007466391,291.3754245984928,-11.920926888575138,2.186041515119256,10.246418587145978,4.713686723707002,-32.95310605162597,1.214982209564648,0.5906447566405438,4.758810278764753,0.4325217406080175,2.10661616729955,33.2418351460819,-73.5388781586012,0
1.5112072743450984,162.69163232849726,113.77588975092732,2.3422504189882623,6.859495332953989,4.044630866408572,-3.30868063848402,0.9163265973358145,0.1545629921732595,5.519092655783484,1.0722690090207572,1.7822769352956265,128.41590597442053,54.53164538107543,1
1.087990542451744,234.69263566446972,-20.451609169277745,2.085618833918286,19.362770445039114,5.369247381960217,-6.2048033628186445,0.830739674851897,-0.2060368727571556,3.620793949383256,0.0963217814779096,1.576002103093259,20.01523502578664,182.43697350004305,1
1.2662456870486565,318.20005715676257,-68.01772773773247,1.7165174019441392,2.674770833401351,6.16985367087806,-13.97830887156494,-0.332498612508043,0.2877967977572043,-0.5104288669484074,0.2160544986063255,0.7344842964231213,52.10785570259333,44.891622374036494,0
0.6572726673739654,357.9855262403409,130.668224319272,1.9417798998408016,4.746076578204417,-0.1924348751973763,127.6513531227564,1.3814402520748774,1.3202300183473257,11.48521874185127,0.8848466383069391,1.58463669957743,-29.96845439536895,112.50109038883414,1
1.2970779566174755,90.39955268884262,-29.834590866978587,2.4216005771864086,8.649873544280375,4.787679134208973,54.27712920389307,0.4962494674904855,1.447267213997049,13.980586828931935,0.2384917666834507,1.124135042215321,-39.48450257644068,41.72174254879061,0
0.5665610428184868,178.34873495227498,150.49634051386593,1.5197538874403589,14.353959223189502,4.309037886623488,105.24108843075902,0.9146569434529908,1.7247863798223655,1.4302073309479353,0.3659587130813626,1.975990734450766,118.7864249034868,32.39307909772688,1
1.2177468936092355,374.6964580652728,97.33837465567596,2.1509583794140026,7.134973061033138,4.699183293717707,29.04642710936731,-0.1185007392688253,0.0263372972892352,-1.249324685804873,0.3944326657862668,1.7185301762342873,85.86355329626406,-10.079472976423254,0
0.2710643451372891,247.7435592590266,52.84277877942907,1.8801555000627816,5.624555161846711,4.878736218796443,59.38488301760286,0.7758817708611958,1.4390844760614394,9.152590534231395,-0.2325832845491676,2.390904608190852,33.044928841574105,90.19468959766829,1
0.7669511863047501,259.7351072702805,60.81176780566399,2.5569815713838704,7.070900413023307,3.652745559059323,36.66506260459132,-0.867311945635153,-0.7971352988476404,3.5667312662659945,0.0241017768711623,2.059825901078723,-14.93524364261546,48.649798879286585,0
0.9870484081834356,-27.991548802560544,138.6293729740854,1.9038763199639976,13.966754374026005,8.764068764238917,54.79360897859743,1.2927690232427471,1.3808025085697202,6.66396122998297,0.2270766436001647,1.9912314893384613,69.22955523746427,63.356734564358064,1
0.4845914982585991,275.12910622221017,241.0408095317832,2.1711863348111864,10.301092262766632,7.211469147822642,142.27135481925467,0.5106451936444726,1.4586854830794491,11.215783241990808,1.1460616907466543,2.1392912157446013,-17.183265777248067,-52.19852255212387,1
0.8464304076142178,280.1881225858408,122.15155838813816,2.527994236336744,14.539529371584637,6.049791269836069,64.26592965863702,1.6596606246068548,1.6821870906441707,6.421016339674178,0.8472675320532108,2.3491056628455422,-39.842663845864095,98.00393998586372,1
0.1401834765036966,-102.61973726523058,63.57292931811708,2.4647092233098293,8.37331216021957,6.0638271763049705,-1.5661868330979374,0.0170306647840281,0.7049684871331809,-0.5895962457404922,-0.1900785066330984,2.369955163890302,10.172759059687372,155.9699445821538,0
0.9551223653410904,144.5101563764677,221.84748932142716,2.1641341674420973,13.061875105451136,3.384508811815469,94.13438407281798,0.2167726824137333,1.2945966070037067,-2.845981375564693,0.7252377731955486,2.100041236048699,58.65530931298444,114.33014596497532,0
1.0669591458727794,386.28667098963626,87.15286697377242,2.5522683508504214,5.550075434641697,4.586128654434913,-23.72821700356429,0.4234453334961232,-0.5929174799440783,6.163127232359319,1.079718985054288,1.3669221241755949,25.437577145703614,39.00344621592523,0
0.8536785305377775,78.45669395403311,45.77029216404927,1.8149766147834787,9.05543004187631,4.235653073698113,67.46111458045124,0.8308543742900214,0.8609227008734763,12.0878901419702,0.6928010192299419,1.8667132309272485,229.5214315791116,25.4667171972029,0
0.9630533893080953,40.96752634961592,17.574397054893737,1.895186165417065,6.448693498569413,3.608990398166549,38.36176766353317,-0.2924881218680104,-0.0248574507329635,1.5913135658963724,0.621931455551,1.9282632159801796,78.37362421426651,72.59510513397217,0
-0.0362724328771555,433.96432500753406,287.3481499821731,2.5082508214256487,5.311979768900528,3.0001131649721997,129.1481502648112,0.5039733400184732,0.4112932492685994,14.77133231626444,0.2085391097309981,2.215796156198856,19.341039291356275,252.892525017978,1
1.7681621456334833,247.56296920134065,293.43522719142186,1.501749527378031,7.607904424538841,5.4915273594382565,11.516831136613876,0.5599712452093033,0.5753313159511801,15.57338019269337,0.3098415596082583,2.169952416927183,116.85206608098822,20.150926633454887,0
1.1623389209513078,-46.6561212229004,-95.99910515462732,2.1298009343077746,9.269608292834768,8.75733136347526,35.75491340683826,0.5952477344396726,-0.1820090203028855,2.357415013738089,1.2370126910937231,2.410567769099081,28.303703812513827,-36.95957519281749,1
0.5739049776546501,45.82772234835564,26.047250723337623,1.0200347653016848,5.615748189011612,3.7010968873643786,11.07784824898329,0.0631795805706668,0.3078223729579316,3.6027554402097475,-0.6456556201491366,1.4631788684873153,112.9577797908928,254.02331540363627,0
0.6458390680398415,220.76044947803683,92.70546873491976,2.0147035258872146,4.401915244757214,4.86641088299295,73.48584049731052,1.615277852882104,0.7600852037568657,10.390404018422712,1.7077654396483166,1.7967290988992222,144.8717174137708,250.58452315546165,1
0.9212620211129404,-37.33066270365512,16.516515371551478,1.2357611105446034,1.9666291931527875,6.371816780746366,-0.7932280447891102,0.4507220512052746,-0.9026633740498552,-3.8269448769328847,-0.3678480892515555,2.3490422587505373,55.42559068500696,94.5917832362601,0
0.2169025682840457,153.36769661976334,25.764417443969,1.6406377530597005,6.328355871157212,7.011219349071201,85.83279391770097,1.389973563142259,-0.0613969864405054,5.614986418442907,1.5454504788931158,2.058142442032826,86.67762948964246,93.55125202826076,0
0.1398882655772526,85.54000516977541,174.109901917818,2.1909452488211985,13.070565283736002,8.184454567202094,7.634703454470237,1.504849542933844,1.602198079531842,16.450481648559474,-0.1626657640367161,1.7721651656618622,48.11188238390383,231.60855875467905,1
1.033817371634088,158.9554816969999,213.3213137043741,2.6452607982134344,6.487645577352574,3.542285246847311,61.498727141142105,0.7639714307430944,1.1249091726986349,6.889107636294904,0.7093985950563862,1.84373935580702,29.77923662586276,-8.453148041486969,1
0.9318135241890976,200.4478147651849,30.450849952936835,1.547404938720956,7.222980319961936,4.733995977419054,-3.7718409424401855,0.2632046060227629,0.6248497100927863,0.5765778418673393,1.6894364421742023,0.8539037298847909,52.19009024414595,29.424332609009618,0
0.9124439630461302,124.35988480997425,-39.24563315708603,1.2234286085254449,5.000484018306563,6.678769384560091,1.4115932029487084,0.9841839501454972,0.9879576307336138,16.444106853210222,-0.1296856042459168,1.7714078511007854,43.204420452777015,-36.086700064227394,0
1.1682902364322594,97.23093962850577,46.758762991735146,1.918921661620567,12.457698965952844,3.569724608721642,68.44328054631866,0.960663969574556,0.903471551464342,1.2353211080570068,-0.3564170529418962,1.937157767347412,-24.303427631966954,303.2963914413841,1
-0.248710834445667,77.2476706183376,174.48423460275816,1.075185328416281,7.565900974049782,3.356120065064835,20.71700317161722,1.027002542218268,1.1144267818655011,14.036024785498643,0.4192004999283333,1.9236378475242208,-16.3536399745542,-36.12767160840946,1
1.2738987829873776,268.72658761242883,51.20692419564874,1.9184299036753292,-0.569789135715201,3.478477775866092,64.80973729616052,0.096476944454352,0.5702403560879135,0.8651959779439262,0.3999699415353168,2.257823859355059,67.46114391706406,35.559756512449866,1
1.2274736328714737,118.45512044853824,88.2411036245049,1.9687498285412832,4.0978935638014935,6.74195120234574,57.1039097087964,-0.0032668039569814,0.8204947587873433,7.7190132652200605,1.3190342280425358,2.0753851539282206,48.1250258081683,23.27617569150352,0
1.3265393904502598,71.57960171853523,70.94444043597773,0.9329416927096394,5.928758736398364,3.1036578873287093,3.795354416756048,1.284585982885782,-0.1627965909000673,2.67197733399439,-0.3239482162634394,2.181319843812424,41.60531037577513,51.49442328558543,0
0.8493263251385337,63.25623269324342,137.54634401803162,2.141085114375464,6.6160706870698816,5.7795952213445885,116.35948361778644,1.4466526518071965,-0.1230496815743745,-0.2166569104216789,-0.3832649129487698,1.9641838094936437,90.25232608389165,-57.75503381514775,1
1.3439725302442214,214.4363783848121,169.78264763729584,2.004947188932767,4.023232763724133,4.172160528527448,41.16900150888384,0.9586410900546808,1.7021803559303983,9.450846026889948,0.2960793497901176,1.9857465627888489,-11.091527539534653,199.74629880874625,1
1.556068181531725,290.82303149066206,50.65207770524977,2.0721015438396777,5.781315910375468,1.693507251207505,4.275529607628258,1.019898580208638,0.8844362054013836,6.2607705811705525,-0.0148765146442741,1.9239342682557885,22.7296342731298,190.48746081834256,1
-0.476742873159424,-80.19388864995446,-23.214269838019987,2.170924293156826,8.419369137399485,9.099734277200298,24.59173149409124,1.0633476420132395,1.2475942322514704,2.002298480472952,0.1820634595171429,1.84188101069785,18.60571424131832,-21.184270761345,1
1.9692473012865217,155.26320043113208,69.42406696356284,2.085665033528086,11.482076222816652,2.401426425143664,-13.503655456462743,-0.3486481000568117,-0.018885293944993,-5.790765266657853,-0.2169581458086211,1.9408509017299087,26.052184972856445,-30.455326815004437,0
1.1005987161825117,-8.837823211189459,127.56348703761633,1.218454266433552,9.610837495545786,2.430147912391199,56.475976333951614,-0.2128649833611134,0.0065323676144943,5.569915661569001,1.3218517714057756,2.1901156406669524,71.42173979557765,165.0948393369767,0
1.1170611296108923,-45.10565876169037,-37.75235857769094,1.6411022303673757,7.610620672232193,3.035702131835777,86.1300256040357,0.7548470408780524,0.3486491650869243,0.9387774999413376,-0.0168620014321791,0.8004467286132706,35.831308935643804,-43.46270570566664,1
1.0959171690271403,-49.37215490800958,-32.549525992907334,2.2653710483122347,7.176498330577611,3.184441072443355,41.68440164587902,-0.4184641132048551,-0.3158906686194407,1.681761650070028,0.1556292238944452,3.118565014706405,98.618657063178,12.54017444396672,1
1.3062242035513467,47.75491020935276,-23.340592986309133,0.6239344081686782,10.2456192027243,6.189812034941356,49.29393161642797,0.9138674271625552,1.4241271368809076,1.1609677228229462,1.7839630525055767,2.5838397403403937,-27.84595555579672,94.33370890235956,0
-0.502361050985,33.17264677192679,40.72296952910731,2.848911729828199,6.169018955573307,3.573484259754574,9.278824772525898,0.0847541881412032,0.1510642998253384,0.8278559590839314,0.4329925055628212,1.8526176880201404,74.38329997111464,50.29420049042655,0
-0.5598791191143747,317.3280591961236,194.80631831269216,2.1557627994728783,20.17706030717475,8.517697937255871,86.17799043719633,0.9217228855847592,0.614203631547893,7.72324901657167,-0.1604659136845691,1.8597732802832008,-50.402909501902926,313.54645133402744,1
1.0958548512345592,119.33577750785427,127.60546031334444,1.7093780941166483,13.529440354978648,4.330883851422973,37.37218983662415,1.307947809262192,1.501696134319967,0.2354428101090464,0.9964391001053844,1.5878522729337412,109.55836718048826,240.90506675206035,1
1.004277330106322,257.4828442429156,121.07798236696324,1.9302379967894987,2.812819279785468,4.759420056542574,51.33181940541398,0.5004119118349442,1.2023297894336102,3.261903062195732,-0.7121536456407656,1.97069344215099,37.734795731378,176.5556029148708,1
0.9995815433052404,-26.04469503720873,56.79615850926791,2.6685544003459354,12.640259199293784,10.916156265256376,-22.61586850390563,0.3644683741303359,0.7142512329478025,3.723376039099864,0.4926210881824002,1.8460542367791288,106.05096945383964,104.21853513135184,0
-0.2017832680530001,166.7599978023154,137.5371571963552,2.16217109601219,2.6676226692196083,2.07053953391398,-41.42967288875534,0.1838917916764771,-0.40240996144455,-0.9024977541872694,0.8617161518269925,1.9395015858061768,83.69247094365603,68.98104748613113,0
1.5390949734896655,15.41012649490682,72.42810028298678,2.333542352394519,7.569744619159137,5.807156600729172,-4.617747269793803,1.3435355892436784,-0.4989140039158637,2.264360499727048,0.0455777652001697,2.090088337006668,154.39836042367523,22.74076661203885,1
1.2727055550762985,8.091692235814179,88.18104976593581,0.9243858836494996,4.005564070225647,7.979392456763296,52.7845794050849,0.4955876043264607,1.011645171788611,6.318014443668199,0.1174595738881554,2.0825861837126736,65.88918402709358,-7.8929276464902145,0
1.26676515735877,101.95219402418972,-14.856917943026971,1.4989165415406118,6.702509595350522,4.051137811133852,9.809782554319082,-0.2475996735983591,1.186464865789243,1.2795145604575309,-0.1640725916170003,2.3255042046524395,1.609256930564101,-133.2160303981289,0
0.4133309321399414,-18.436032274445807,-13.802857588765916,2.3364410716469592,4.4149913246436,3.9398676521155407,-19.924417172179854,0.2813730592578025,1.7681503174329216,5.326089217013919,1.5826502657764832,1.797885524167305,115.71880299616564,-52.81068414327186,0
0.4842807863253147,119.60470579895316,-16.771840061487936,1.3125361314546211,11.378826667396131,6.299538262752991,66.73335829449158,0.2263167657284686,0.3850867517742047,2.4026988164202154,0.8228513699693489,2.1460386080062936,87.6120504345329,10.830150703509602,0
1.0503092771956732,13.880464022684832,182.49659233648407,2.245153834911686,6.107184237005562,6.353731089571633,50.28663362751159,0.9291664332291862,0.9895396342150262,11.459124413295685,0.3025403243331936,2.317676345485175,-47.26090745698568,213.7259365506444,1
-0.1260634091715572,79.45033291293646,80.91707634233953,0.4049936074077482,8.484044451558457,3.37810905516598,58.66452170464264,-0.0695941307480212,0.660111402827004,-2.5597740072891764,0.2340723111721502,2.07629742809615,10.937904292082932,11.30917679640605,0
0.4242689817175892,402.4937289573152,39.50590788475733,1.892337405361624,1.4873562773644826,2.240440120814132,27.431161547321707,0.1134402092355017,0.2316274587992316,1.206853405401462,-0.2685867347093217,0.9375899041129664,1.7006491823754146,-1.0153458284027224,0
1.1235200431418346,437.7516477523552,191.94827183504424,1.135850442430928,-0.0956460397532401,3.937997560838952,122.90862801955296,0.6729532349025529,1.4280131238070912,20.947801979015004,-0.0707397481953174,1.909897237087412,-69.71782815719665,-49.78412591375659,1
1.5337911800999562,105.95920222118384,53.0816663858691,1.7414518757609871,3.5146197027621,-0.3806335613979161,36.895859694556094,0.1244297104902041,0.145271310125798,5.3804026015279,0.4608995400489829,2.182822851887033,-20.45233603037728,-39.42861396002712,0
1.080092123875476,167.91321317201894,91.8119606330722,1.068897521331392,9.608593922721584,1.69646993412181,115.30584055818204,-0.1322041580462936,-0.0659357632001221,4.38085230284786,0.7132442489230957,2.3227670757737053,151.29158502027525,44.747225638257135,0
1.003095072414243,165.86068923005783,-36.142435849487086,2.172948566623956,6.89171778213865,5.032695501924613,-23.33372772417872,1.0213601571207058,0.9528357259461894,11.771983316041656,0.9287908462262022,1.8341861514792188,92.3097111071632,280.97215847171714,1
1.2861517587050462,258.12173119523663,86.42568718318162,1.2247366798138248,5.533250100292543,2.3832136701060938,-51.82035100309559,-0.5997777275574507,-0.2912949315331369,0.5813052162791172,0.1547053018935714,2.0775590314088137,79.213816085114,67.74351976162419,0
0.6976276203193981,81.22126312334039,127.40865392694434,2.728885600002333,17.091526595422387,3.5901704548890687,73.2568853381106,1.3547004399071885,1.4441123588822125,9.892031864994568,1.0136227024837952,2.071810011461816,21.434372969663805,-6.733588590362196,1
0.1792674559573975,97.80675468081516,109.98150635053472,1.811478330527356,11.121330267679092,7.902024132665598,73.4498656341172,0.5903695524570783,1.4024960323942657,9.503999123489043,0.475094280257811,2.288626392959419,127.42325875022762,251.22046065590337,1
1.7786715238922235,204.8887919153161,27.2800368956344,1.8973930016741345,11.572218124747067,3.1807339090088105,7.901361182039722,0.99490306992589,-0.2251229202081186,-0.6970718428432252,1.1169131079285697,1.766643735796284,101.6658251884936,49.59471618959412,1
0.0937054833679801,68.0846882413102,114.37443861654212,2.5953450325985834,5.281004933819581,1.0770305131106412,78.50123557457877,-0.1323296198052234,0.9481125169451984,3.793779211242527,0.8180891216524416,1.9357774044748135,94.30625199937263,96.41310628427,0
1.182890026222983,250.7428909051962,48.946821097416496,2.036970343969633,8.63335126195152,5.230422197799581,74.12253719323135,1.017667770459221,-0.3202333810877721,1.2182526982798354,0.9888325495195324,2.046146667258021,126.4061902310796,-29.438469220013097,0
0.5574737043025276,196.4266479619148,121.3694682418052,1.7275289350582834,9.078279894961351,4.90869289458119,20.9534906131037,0.6200841292759515,0.5053995262664255,-2.2293556115224997,1.6710511089500992,1.873161840268345,138.54889615935684,10.950966734453331,1
1.23136871493461,-47.24617906271172,21.52139517058021,2.0506495444497386,-0.3834222432262928,1.6935533904140931,-21.66534318571465,0.2037088597044798,1.218412958648569,-5.4083963192441535,0.4744372208591989,1.2719901863622949,91.2718654058464,196.58695422751623,0
0.0372632444378433,22.594986325871048,55.38292876998507,1.4485678851731305,5.1266676022314055,2.831041615738076,-15.711255609541247,0.8112753374151713,1.1205811525447549,3.547453882047559,-0.5341860831980136,1.9997205163481528,189.78788254083128,-11.688730492793248,0
1.299240595179887,264.56542170369715,-46.46982485482097,0.8928580934743136,4.803078049769018,5.385130378294992,48.21683663916989,0.4220995731564133,-0.2988984072247784,-7.835516186393199,0.2957166467061357,2.3395942158979293,27.19634657453243,-42.62752155507392,0
0.6386640841655286,55.809045271350925,-40.05709974671038,2.156449971799313,-2.793666056401971,3.388863504737742,-53.10353600971968,1.1674278978916564,-0.7134803116926797,1.10233270952671,1.653488608236774,2.399745157828441,-65.62604532138423,18.3417402475511,1
-0.3673997510406969,102.53530642335215,185.7903618453866,1.9553965813027925,11.206446501240016,4.909707490894139,81.78225407308493,1.295558644681246,1.324277078138195,14.39719079092684,0.8500907570245293,1.8905747199139025,66.3697548448544,48.60132266296017,1
0.4607169976752097,-61.01418879910372,12.48945183146877,1.7050944945310047,4.390996902315562,6.366988375217213,7.004602292971928,-0.2234403125041658,-0.4532547861011631,-5.036593843171997,-0.4987408734855273,2.0267445056945395,105.16414295786171,-30.56420026635417,0
0.6623357951097371,32.37080452944957,-10.205247872943955,1.6086422882047158,2.699449187842103,3.2442444506585275,-11.511797578144352,-0.126179880789678,0.4664036346214965,1.6425806368538278,0.9852244050247324,2.0407305113283893,87.29849138994773,103.240177853134,0
0.4372711450534467,7.890760452492771,151.54482285720127,0.5728416990171883,1.9235815299289083,9.994225143065648,108.19969144517256,-0.458759169068652,-0.1813757189035997,0.7542544428380262,1.233413241993542,1.5796215211243376,-56.140101024473225,45.45407573696674,0
1.3455737855076662,167.14459527087917,127.59466403879624,2.257996266074445,4.7060103068765455,1.859575602042264,19.208154055671837,0.2182006591980529,0.4315836337023142,-2.0198144764218826,0.6387107686741739,2.1098596697557923,29.37440879830396,-108.58892689978283,0
0.3591748704719679,182.24807725240413,-30.01683176330881,1.862575899446828,6.13405244452912,2.224153273522756,-15.181342731363642,1.521244024919014,0.7069209377012662,5.254539095379437,-0.5416271989148187,2.256376783405185,69.01635458452996,-9.77037364892211,1
1.0275265604728263,175.56388705716972,0.6673567574692925,1.8243600158357764,15.207045421745118,4.536139726230853,-56.98533946690795,0.6860673388051917,1.4767162753087222,6.255483619228688,0.4352024285166502,2.562751874644218,147.93224149353352,23.335138193604948,1
1.0129714732941548,-3.4745264091978925,-42.19516358571286,1.6709300311963635,10.695869758421908,9.42670735451832,48.171164000385815,1.0687384136671905,1.2093404756889383,-0.2321096939898459,-0.0973035154223072,1.99519987134128,-57.44710515308874,60.51175630053686,1
0.9864169152650092,375.8514339094331,6.594716306620057,0.8712528029898635,-3.068180039004263,2.499336651810141,34.31773357287532,-0.3397139332344908,0.0365165940061795,-2.881839972705901,-0.4119351409226514,1.6512074483524486,-1.3570983600950512,80.88015560261192,0
1.2343601456655071,73.2325953466453,103.6083944294084,1.484972631503998,7.903373718174708,2.8997423252190373,21.041630277871167,0.4534118422090852,-0.3882964748070907,-1.33257285984814,-0.142416203914691,1.6746371649892946,-51.46430494961021,-46.76003908277234,1
0.819436491847551,142.54969411452288,202.9279230561334,2.344388494923477,13.780534341340395,7.5789454285166755,84.6848879492862,0.419942638746573,1.3093947308815208,14.58374464389209,1.5125784190826004,1.9496375967120727,126.769287209605,159.88200570772176,1
1.3734667885674954,132.23701277331656,78.40157718656161,1.8462668112418024,3.854075200676995,7.816045227034906,-17.280765154373356,0.2645476583902678,0.2573535413282949,2.9143269601956847,1.6126104506181849,1.3462153707898477,31.16702076825549,22.67951825167121,0
1.7188879830211017,-15.064766957720591,14.710421360235472,1.6857955413245904,4.380492423475369,6.890228838962071,7.154590722969687,0.711991574187023,0.2969122821521002,1.990482971896324,-0.0261593624440711,1.8509307527706889,20.796206920600653,53.14915755202168,0
1.0344290967402805,55.78822178401244,-1.9368245669740527,1.4909902683795149,5.384911334065153,7.429787726320787,101.33771077434508,1.6875673246968754,0.4529644725493973,5.266943416756259,0.5852554741021724,2.1133942926175737,101.16376957558224,-40.40104432310664,1
0.4391776178389451,165.8204887058725,76.72285947050707,2.4223321361338463,6.116997722464622,5.019666676125573,69.36622442608248,1.0990723093770902,0.9440389252541276,10.815773848103795,-0.2131674276953887,1.6243589167410688,-49.984779269375366,170.09053430901096,1
0.8090643711952279,314.35997342865164,-43.79539193931826,1.896201976149316,9.268212205534669,3.346915011431768,94.00320216275328,0.5355138834597264,0.776947560164477,3.081613459204216,0.7752873213072589,2.246381023838432,72.52959774682913,-1.7257787937703526,1
0.0719106216497789,134.10214386869163,47.81796738639214,2.546798873548124,14.104361440915117,9.716678386851395,-26.42762324733838,0.6680496051310524,1.0577590069209906,1.9450495612561447,1.1128267081405745,2.2590659022258164,-41.1249547522939,92.59240620118524,1
1.1071042533468198,203.7081516449284,35.410935766199366,1.8358630656583093,18.753108608215904,4.871141036316541,77.45300732375313,-0.0656191678557744,-0.0264334168445893,7.718752183968979,0.5285742886331137,1.5587724844178052,141.43665972186756,55.17504005750023,1
1.1010843949352696,68.46897191701821,57.66946214602186,1.9539213257389905,2.2090528182498126,2.7633111738301075,91.5933342590988,0.8947224987659524,-0.5766411858919286,-1.251897215244676,-0.0205541335932951,1.1305862685224786,118.46832231697508,40.32069792825501,0
0.4039714922174631,208.1541180202545,162.09174579319472,1.4854468355772843,12.982680074796043,7.858226645734146,29.183297249302967,0.4723990425096734,0.1146765410695794,3.212702881307298,-0.126098305416869,1.8444202306522055,46.16728273150765,37.96504521992459,1
-0.2252451528115434,-76.19309835860429,3.990765400153976,2.592148835498969,11.80343708918187,4.604727449421713,-5.974625469413219,-0.0690740304254098,0.3817468873237669,0.8957066321526654,0.2115262964302329,1.95317904987348,25.376821276007007,-80.76124319431622,0
0.1658870081326364,180.12917372793,92.43608791070632,0.9391665408262568,11.833660562648337,9.74748548554734,69.1569381280182,0.5929928611984792,0.9233429435076695,-3.622473550254031,0.014098173201722,1.9526115626002487,-1.194031036381446,93.08726776083186,1
0.7190577054528235,282.4962980599952,175.11236565684624,1.786098207344652,16.90739058379704,9.84355967888665,148.71306603659474,1.21153750687821,1.5396136009340569,2.934066787329134,-0.1267125739038732,1.7928922461799883,5.398645734990062,-32.20913224578931,1
-0.0228030878043322,101.3730330392455,57.038559217977486,1.6940893173905085,6.675626694763607,9.007967778418555,21.248471816592332,2.2224956899218062,0.5701571548274431,14.9447019932723,0.2033333065401588,2.365318061459861,3.3829311556341466,148.25522823421198,1
0.7827526734098614,335.83314257848724,187.44228786585364,1.013422157232986,6.572806582269752,5.718502478414411,61.15700843059975,1.045027978630989,1.6274097828694174,7.546878333674586,0.0008565898176471,1.6885002991510054,61.03406688313713,-3.842782415924241,1
1.0806098040823329,48.88571135634112,120.25956696360802,1.078863676121733,9.173998890793753,2.979055571722839,101.19034786988884,0.5802841163440075,1.169248540766405,0.96716260185888,1.7013279983672884,1.7841786568935951,-3.126351446363479,37.64010793034416,1
0.8459736729462477,-68.29696042109902,11.936465706819703,0.4638826970087739,3.8481892201110495,3.4157918290878597,-22.14388363720984,0.120658330829765,-0.2870932141945065,-1.0269829778089452,0.3087014653365741,1.9907940894379776,96.18150699576358,-27.024401154963577,0
0.8355322186066737,309.75169405805127,-50.715298759854434,2.1316314269906296,1.070814134929508,5.446585649565412,15.667037971003534,0.1515744724140464,-0.3739654919394942,-1.469166860925875,0.3695875374268716,2.423003131690103,141.7201817771578,128.84739851757553,0
-0.505186158953523,124.9234215032474,56.06719857411092,1.84724602662669,12.75888256077276,4.921213347224125,100.18882683553277,0.560903143510608,-0.2142397222419415,1.877255384514139,0.749561489288926,1.93350461514604,17.283216679167438,185.73146571096288,1
-0.4522146719626513,286.1758985828054,105.51404696073402,0.8851290033150857,4.677717141800119,2.095285604077524,58.10026091320117,-0.618466956248207,-0.1050234033671325,-0.4917195711671325,0.2133209804070445,2.253287951940921,53.0241554500529,83.98284024963365,0
1.2216948687124995,248.09200051978743,47.78216526984238,2.1817388853871877,11.195485411084205,5.319445959760144,2.856924025848059,0.422504065939001,0.2371392955573568,1.1360182136036032,0.8351391958268388,2.3052292007921964,1.3223824067933876,96.5413317224888,0
0.2225048855775931,245.54840002427363,113.37892802806942,1.4184800584683548,7.766664162695601,3.238756048702019,82.47432440369403,1.0470837143521616,1.230923211496995,11.31993288549911,0.992021525168096,2.266444221040216,-29.620506164506807,-96.33763177907872,1
0.6986805418093319,-69.05486332709569,101.36408149388556,1.18748260840887,1.6821185787722817,2.5372246028723744,3.551851330181414,0.1566356560736848,0.1202518370733222,0.7047659994720594,0.7884227285758877,2.528910489904,46.32599797427274,-36.69673844196638,0
1.2334029969108178,246.5260132106407,33.82937794942579,2.04341556403946,8.054652707765987,2.2282354088994403,-46.52330445253748,0.2736870228246062,1.128023572816745,2.814375249679391,-0.1555931091815263,1.7862637080989296,133.84779347821112,97.94341526686964,0
0.904391765823578,64.86125163439388,91.44482704988864,2.011899592235923,12.167314751868304,7.830884307629368,50.47990817073445,1.2464602071901607,0.6043369845242129,9.640681467694346,1.4403078430616307,1.9015021387740767,107.7278975481957,156.79167923089136,1
0.9847090243380028,180.87646397221755,118.29009480323612,1.1591340132259318,12.973034380359165,9.03184628558391,109.94798571093546,1.2422311649477826,-0.5462681666579597,-1.8256501283738336,0.9182952337004292,1.826607658577556,11.72562446264294,-107.79939927702408,1
0.6185780612100011,-104.1704242235142,56.65463792251389,1.3200229860970516,13.292973623066406,4.822305837379908,43.2046061764315,-0.3568678512174167,0.004532156818302,0.0348143215787888,0.5954098222354244,2.489400932556822,101.86090722065272,73.02019865015939,0
1.094506800818937,219.56009823430588,71.48088559739662,1.107077753406147,7.816342564055605,4.38878444299078,76.93438940989819,0.5447188021469922,-0.1904641243540462,5.637104520363758,0.5368132969427708,1.4943795953459709,-52.68977221117784,174.69169198776987,1
-0.375167864965762,279.04975017218584,110.0206435629612,1.5219406244625289,12.44424722677616,1.6203310614804505,120.456229627935,0.3385634596045818,0.2092977105797266,2.2190014689017,1.7604784032006413,2.202537563908693,153.39726104680864,48.541228513822624,0
0.852793036056618,198.7523672705058,37.84835797921173,2.2544893285289227,-0.6177745799608889,0.303947712402735,16.608031800701504,-0.2852907402029994,-0.3097880078849826,4.858935518974432,0.3524233919367324,2.1436965564939974,82.15016446525098,-113.90734167037844,0
1.0246589372023216,27.498033937976917,-37.66126573716606,1.5645431086260415,1.8572403269303264,7.258461113608745,-1.9113937003189108,1.6181699375362704,-0.0325826024236808,5.096130398579613,0.787454027294821,2.058471463645935,-1.046698090437225,-97.65542184034447,1
1.1154787570880822,368.9858710513224,-11.111458600589913,1.0698627191916086,-0.3545719520656618,3.128786964474005,35.55979860916974,0.538349417778001,0.7127904925805568,2.445343785201305,0.8498952384630127,2.595458382476932,122.22606741530257,-32.1909248855976,1
0.5628994190368446,-1.7229956143631,248.18868276036463,1.841047209962308,7.924506406507808,3.358488628329969,30.57207706299765,0.90604094861201,1.9729160551675744,22.489693902512943,-0.3399676626313299,2.154690662990725,38.322309246079,55.76838141715067,1
-0.1121574552385339,79.18325402761957,90.34961709627554,1.8571532632124896,-0.8047211908940941,1.6441893217146015,19.584029174747613,0.8515894082310363,-0.0336786243426855,-1.8230118530886736,1.2593745494546198,1.9843424282144435,123.28325253471516,-9.629655998242178,0
0.1092923414507623,115.38675583811268,-38.315320077966376,2.5053656894446217,1.4990117175090916,2.5921782832948264,-23.199105659616087,-0.6203348005383869,0.1032005640914751,0.8916225048584714,0.8040795210733374,2.020223646350706,134.10008104147278,257.49751882420105,0
1.0430262972427486,209.1623061591212,191.4203091432524,2.422323044682454,2.023538226789089,7.816306245450215,44.90974741596714,-0.3909552376382018,1.1138933128182356,2.2102768517127416,0.1517925788353202,2.125433435283381,150.25392086192943,47.05568186268343,0
-0.3316583754896575,-53.16648848683354,120.23022323947728,0.9369821418033868,6.103144377387351,4.937626222394638,13.04525608526874,1.3916544811057214,1.1112818463143594,2.7502451276565925,0.6548499173741587,1.606450762052574,34.72613140095152,94.39354127400364,1
-0.5998331917597474,116.26626881388349,0.9778561701578354,2.0368400065819534,-0.766732401229838,4.838080623511713,-13.917207788661884,0.0400247428584676,0.8875601738869057,13.208532990664091,1.790097926143896,2.0111109340294813,88.36035441124932,8.297779681642616,0
0.6304067789368901,145.35983774142446,45.66691061387835,1.4222875605135674,8.765681061259482,2.860996851782198,25.47559265148882,-0.8965176557672738,-0.297998560540209,-1.6572071787753293,0.031217401726978,0.9515490319589952,125.78065231241582,-9.153630079979727,0
0.3780053651109725,366.27819781855567,-9.015621233168446,2.3371563255053864,14.857607847510916,6.414166693789413,113.32547997947744,0.9570327840943396,0.2193910156460569,1.7439621170680788,1.4768421918582866,2.0180112287741547,48.80655713018106,300.69654702939414,1
0.2713304222481532,7.315663458158667,1.3470938836886432,2.058015568970935,12.11559390990796,4.389003206760925,10.322932106701328,0.1143548006420542,0.396581124754315,0.6920005216832097,0.1265883519846384,1.9555279851725988,29.13887354103537,32.386567036891535,0
1.2881272388522709,88.96894345663235,40.96107361383689,0.9646868564287604,9.09296923990429,4.7528411656025,83.62124242844743,1.075820954516548,0.2622410477011736,-4.439208642626353,0.8067264533050433,2.293535838700879,106.8427770919665,-101.068485167564,1
1.0709472876646031,-37.08130614704714,108.80076471487104,1.4290462826008792,5.256468812542527,4.578872804707654,-54.98893766097037,-0.4620413798453181,-0.1162709128659197,-2.457833229943584,1.2847472551054575,2.4771085240588318,-5.409301207010969,-6.66824908146247,0
0.9148806421918428,390.36894084312326,197.78557018858825,1.514332796464039,-2.8720714167231094,-1.1997763007498268,144.27276283993206,1.8246695279265817,1.5392295120751682,9.885086557297392,1.5664186239715656,2.2236846727624453,-56.01134762547569,132.37977715565052,1
1.2116750147939603,71.37181276163327,-1.6580842753498215,2.178490901288999,3.837944518782992,5.000360266287175,32.27014368223827,1.003343300093018,0.4877538825141599,12.39470630683052,1.3694679264993672,1.807234389884917,46.59955022643908,226.4197923213385,1
-0.7781643927181933,102.24422298169216,73.21119945109521,2.0628910634451145,20.20177364831208,9.97589498167824,46.79973395288983,0.6155832195017309,-0.2030314760284427,0.6941080752443876,-0.3090651417237113,2.1195495446888057,130.16757599851113,-62.24579019371024,1
-0.1022872370536599,182.7157837096336,-26.0446699484757,1.8222500629639584,9.014133101832472,3.0219487313169484,0.2770462771916158,1.26713439557652,0.4444949210400448,0.8548818839950143,-0.7815623612728242,1.1686400485317607,56.7611154062704,18.945524602640653,0
0.4889111333678398,306.3393839263184,226.99576696092527,1.8635406786051607,10.334928688622918,10.173557679351743,-12.433540029094416,1.398193043275221,0.6067173259937528,15.950118035676407,0.3677497508773802,2.157667881901164,71.70414089430324,159.63357793043673,1
0.9114206680959924,90.1190318667783,6.048852657599326,0.5510021323810397,12.789630737576893,4.050274558463716,36.88222399953707,1.4903882407963582,-0.336492446706405,2.0100187400889,1.0270917665316188,1.6281361135572927,-16.663489924533323,21.692195387612145,0
0.3810063298578504,117.18532596769931,176.16446990200092,1.83845992153973,10.508932882236069,5.194149701169437,73.3698253060983,0.8427144304030718,0.3592087600324017,6.367269193748445,0.430076351822771,1.7139235099971637,88.56599653234463,255.2671748054264,1
1.0571300489062063,168.69634079994876,126.64353101130698,1.9909685473923329,9.714630712311209,5.370224828936758,-24.051295769561804,-0.2245868380868559,-0.1475245367846918,2.909722859655115,0.6224410176321373,1.9288203671995183,156.05867873306087,179.95796045632636,0
1.1242722505244922,246.86426715769733,150.84179671206402,1.7442599708615516,2.464342066126318,2.496567608414558,135.78823208519628,1.2530959960370998,1.2394424080243422,20.02249442056359,1.1210779622839573,1.591704921545125,-26.241212330782147,195.1916741339228,1
0.7386791343273049,196.693536526117,8.08381151583302,0.5782358496159619,8.851380312664164,2.58006329220373,-18.520656652694576,0.6878598089082295,1.2067381106715205,1.2513504293989297,-0.0711759911097476,2.142596740956314,9.759677883258014,140.82959345438852,1
0.7834546579592148,41.5698893335631,-61.07823447769549,2.2962733145271663,10.508618595889804,2.882970946356239,24.1125096671896,-0.1061019030161921,0.1299232539268255,-1.0240561531513812,0.6478805615604956,1.251316661468474,104.64359783865196,118.5126000848874,0
0.9487163490657896,103.68944437144228,33.92860560483416,1.7971982887865785,7.654183684894502,6.821478354105648,35.43078211705626,0.1198709676536339,0.4008881028642666,1.5731599922500894,-0.1883072731457062,1.683635338640126,124.74886422561303,19.162907546054008,0
0.2425581513813636,169.44697262077395,20.24444526670387,1.9557548096471784,3.1953527101555936,2.455293652845544,61.75956340490546,-0.3905235984356019,0.4268200965768614,-0.4077455907817207,-0.0102194355438213,2.1342117993045875,63.91714374031408,117.00312401564624,0
0.9560727511581586,138.62642002328036,-27.67386430974365,1.5542716939662504,3.6357409219655006,0.2832555075853715,8.301848651801645,1.299451008577826,0.8872494648625417,12.637910692258682,1.4341450440225414,2.3171538933892744,15.44926747575166,264.66213007680864,1
1.1621958991216754,357.710704872809,139.97477832308527,2.3859777534710065,13.722646349582366,6.230622854172097,163.52466032204066,1.250000942077802,0.4995234794758753,15.731753204047642,1.2625863184854962,1.9975643808507608,59.66855647681434,159.25741254331547,1
1.1578156609492547,81.37791515222223,127.60609128392092,2.803753170949121,8.886872442786647,4.516176084774078,2.8010888833972274,-0.1404586001740159,0.0985222935332267,3.729491817525882,0.1271862058614298,2.3007737800263826,157.49640812437383,-18.303602603252838,0
-0.5223276930409245,224.49622741556124,196.65770349891736,1.2579919020692962,5.890580966946247,2.375029234868134,55.94215882022756,0.5693693072658054,1.167907616373691,4.062334623102416,1.5581639337120718,2.001608726383881,23.642164176428253,-13.347495386043086,1
1.6824814808368205,-42.22983184599849,185.43852201760163,1.774299509530197,13.927955525548256,4.941795029405239,-15.5071452720941,-0.2086706238855307,0.3091734825563024,4.394978770173073,-0.0281861279083441,2.010667843351986,28.97821127995371,8.659318177985746,0
0.4192177271988182,234.7732639841741,65.84918233071384,2.044682523469186,13.10491083019523,4.412779201212251,43.83911304244377,-0.4712953127717093,-0.135415993656861,3.1499720658350965,1.191689522658991,2.1097414941272574,102.58878754287812,151.68979911442892,0
1.0689535792734115,332.3238263282747,140.07827511971144,2.456489468150802,5.939964093379431,6.820567050275376,71.44454853348627,0.5368576328336615,1.1913627644576577,11.755469578562897,0.7322354603783829,2.119118104978984,-14.195547855612148,45.776874402905136,1
-0.178761766711,136.11130148012433,126.54132852836992,2.217251089083772,3.5287170695136068,5.184810632952335,5.193076908605896,-0.6646430498712232,0.3992571885014277,0.7172058719262178,0.3146887496710124,2.1648841184800816,40.470474308850456,96.83768816587038,0
0.6867927609860986,33.480314122941664,114.6420930645116,1.6760773595719634,4.237270236123346,1.2703914159220755,-18.573238681461063,1.1864698646750882,0.480567008187539,6.376993826506292,0.3613000176301467,0.8802460558327154,-11.7479555658509,-26.55682483430231,1
-0.0152275174086072,389.4837469618605,76.20778720294602,2.7666054862690994,4.683861631086276,3.3077135568959664,180.3200770793513,0.3029361993505695,1.0645394228004927,5.1404979388479495,-0.2229028882922395,2.025723802231976,-22.896866063456784,34.12842744358963,0
-0.4916829568349347,-63.66870556881267,-24.1126142903599,0.7209712014972511,6.246198969685692,2.830724740611556,-21.511324520792652,0.5932426459974263,1.4750986750450128,4.301648408114074,1.074721679585501,1.7604591058068884,-32.67137557064882,42.79921874040024,1
-0.0104950611034352,-38.05485013593085,67.34697849186978,2.1638565117633006,11.043225317083156,2.741790732054512,10.773421958295668,-0.0278894733766019,0.4722416562692848,-2.746875205724982,0.2252612901131192,1.3784683072095811,41.57828989278418,20.21673780264265,0
0.903310117423099,135.0495139212407,124.31893324996938,1.5876078291822848,8.474848511874704,3.936094514609565,96.78065132625215,0.7496170742064205,0.7290575838732232,15.319021261902432,0.4011314907532215,2.54641956107603,70.38391396561562,186.32574867465723,1
1.1873089752147192,70.77411291600185,-97.43246415882268,2.061503124976247,5.890803847071923,4.71022895265492,0.0206996342718213,0.6561579014174221,0.123234294503315,2.411579767641772,1.4163181189185157,2.0866151862059867,82.86908424355917,-140.70125168407213,0
1.447904614125251,160.34154610938575,-34.33063115109347,2.212221940461489,9.635244769668814,4.49276717134397,59.50412833472424,-0.465429904400862,0.7950189971259112,-2.094337269948908,1.2986285307521808,1.5969311738832626,63.6793856602965,89.12206794727172,0
1.0322343360986546,181.2915822628644,130.5572334700781,2.363931372362418,9.166941027478684,7.671194362676664,153.76097822832924,0.8328726637583802,0.7729547831237243,5.752495641123815,0.8779526444843795,2.2638386354723203,41.825985824702,160.07596644501723,1
0.4809120129087413,-7.87962543599474,22.863633342026112,1.6451864228439197,2.813556203535537,4.4175238003916055,54.63370946752678,1.3813285865303024,0.1960175955693799,1.469685505587021,1.156735233647629,1.794092102511037,90.62539259525488,-63.625208094773306,0
1.0185888233832212,-60.32263674209415,63.87624813999115,1.8970364921079463,6.948701726045774,4.682443676845523,9.81459301865898,-0.635575274368871,0.3463641469277667,3.369688261798826,-0.3249604083563164,2.0721507335022364,29.81121027675965,-66.8600026698634,0
0.383028416786272,214.8196078147928,18.69486330658546,1.2175998590602075,2.8873816803766594,0.8197569600253947,-28.410357659258416,0.0505841977378687,-0.2310072072993441,-0.7042749353154223,0.2416581641904912,1.6802910098412482,61.63900728178367,-80.2249681508952,0
1.4226482047251563,138.18707984076758,158.33310504050348,1.8919373963829704,10.096349516292085,4.647953695527046,112.7112236159806,0.9143544976645528,0.8520575550534748,16.41992612527157,0.2887645737926845,2.200830580845172,-36.12366175293502,257.30268521206347,1
0.7313188459008488,-7.670357806698007,-7.664103912565181,1.27908347909746,3.668540629771313,2.549200383609572,2.99939969382838,0.2056921351093962,-0.4684895678929472,-4.309417246002942,0.7942760868300327,0.8465389388840925,63.93258321316585,-22.117435101929523,0
0.5939457680788571,172.6892686213671,70.88839362312224,1.7680553599584778,6.2649061982878935,3.878638143006536,35.386302452831345,1.1932723756147,0.9977173384008584,-0.289151884790074,0.2900841670461225,1.9873493847971924,43.86033022506468,-40.12944761086643,1
1.0564016098589752,326.0358705080837,193.73562649117872,2.0953323802992703,15.428311538590984,3.2837707966437244,-34.37435730672899,0.6324505395541189,-0.3654919725706042,-2.366918496477938,0.9844157820416456,1.9784550923884725,122.70347894467416,-16.723177513312088,0
1.5686819970191404,281.65558841851555,145.54720407481338,1.8944094470362371,9.22901317780008,10.718364504514604,126.27901476807216,1.3216058111592508,0.0489734403891337,-0.8916247024403381,1.0043776090616248,2.343026173543637,47.48468647263671,-98.4603485091825,1
0.8350742373436946,149.06379379343667,176.99734910054386,2.021181690227024,5.746429184533633,2.112708909518676,68.02987041797348,0.2949130579347193,1.217813882965114,9.63727570006511,0.1738941607180255,1.94752784352374,85.84257368953715,134.9338922549567,1
1.1059262625750796,19.174075329350217,36.668653854935634,1.7626640945057197,15.772267189375992,2.9188957921630667,70.38063498893632,0.9018174471045408,0.7429018519212796,-2.042148219287836,1.1009233542436094,2.2138472300036898,138.08374666351503,151.1071983098126,1
0.740403782966067,114.03496716335384,80.89513995340273,0.9306115169749394,13.158458586540345,3.8467610290622014,44.144638676355065,0.6480918867889255,1.138606019798761,8.729070609969817,0.8216479982241598,1.8982178888281669,1.9320313832413945,151.53702893306297,1
0.382875560814323,164.81619870465508,39.56462334585717,1.2587574160162731,7.215551788187349,3.0736968117089343,-41.044695430938056,0.1810125262970283,-0.178087886751496,-2.469453388813899,-0.2210438798380651,2.2559101863531583,75.24438549689393,-6.556319138509259,0
1.319836271205692,170.42740201014325,79.75592524041994,2.325871594999558,12.378927855990693,3.772243397208583,84.95563154238579,1.871611468071417,1.038097979863419,22.880689703063094,0.0824500886060673,2.0588068468274403,25.729406712795715,214.775537863821,1
1.3685337472652306,198.56219145853305,245.8669069064593,2.232891175564491,7.188638571979323,10.551118715053384,151.28775914411423,1.0407264867322126,0.6982899783344538,9.228896915753834,-0.2143038868028888,2.1296134247260574,-34.256248326426046,183.42553500028103,1
-0.2530013197737526,210.63320624137512,-11.473757898820791,1.98320753304302,12.63509673836638,7.55828413623702,39.97867008981456,0.0156012294834309,1.1644131804790638,2.225629777604171,1.3379403863197266,1.8362421548484344,58.6951178387661,14.889858901107536,0
1.3801342401698569,245.0538557539447,89.43928014818903,0.9754814745331,-2.0998942833420333,0.029882963242076,77.16136634498221,0.0805762250028437,-0.3993984025433713,1.9847418901723424,-0.0582387657841378,2.825092797006098,73.51918398244243,-17.11958728376262,0
1.219466886038691,204.20005837602304,2.945020306551797,2.0555796680499427,7.474454357959052,0.9719718225793512,-19.13153066757468,-0.0694301695803923,1.0364815706720378,1.5124531754717496,-0.0124974928759594,1.6551935277301713,-5.5146978480111954,11.321549719090116,0
-0.0696538730824839,121.79077733624982,52.02900293423564,1.4167182172937232,3.4366204406273826,3.046547643800718,27.324730723141634,1.4613958520824344,0.232684347216727,4.706399036291341,1.621682819682725,1.815386484068593,56.302140387322886,8.833777861472583,1
-0.511366793327532,145.91758961512986,46.47155429594724,2.038282373790001,11.855678991695289,10.353041153906585,31.712184586006504,0.4758433249546392,1.2656565474850496,7.501600196349164,0.7700182784347447,2.074964196452504,45.857772550058186,52.8873171659423,1
-0.2500320720985267,45.06807400140518,70.16522929050413,3.030109588568786,2.828128560435612,4.364679837472357,19.904613745766326,0.9993718747924792,0.0436069284756682,-2.369707714874626,0.0424437302771764,2.122161540118705,44.0862948621923,34.13658779917948,1
0.5469390214728729,205.443673939764,77.83551035294661,1.832767568016688,13.00308341410932,4.19307345078854,18.4515440387546,0.9077769910979832,1.314733757658273,7.779787767205209,-0.089574559370222,2.038795096282863,104.35289312099532,98.11274414158592,1
0.1256014752646876,98.52217423348591,95.49222160337334,1.4504348242204597,8.97159534702694,10.852359625256554,44.514885964576216,1.1282802276214374,1.2542142946620256,9.136772976374472,-0.6067706226343883,1.9448051197460063,-6.701883551137755,325.16502632724735,1
1.4405927874585784,148.32367795334343,40.33618664636453,1.9324436733698604,10.435590315542422,2.880315165524033,36.55695027277314,1.329133846866995,-0.238644892575044,-0.2650036087117757,0.2599044395392529,0.8378073493095026,97.72081680318962,55.06786863018811,0
-0.7876747410364336,149.14790288350704,237.42126378342465,2.2215997386847857,3.4099141337606915,5.073150626782303,61.99149804045069,1.622855595083858,0.6532559224871329,12.26964082640821,1.2978509420939195,2.0137139548526197,-3.221998691191281,145.09496168367198,1
1.418335298775676,-1.8094452543697344,117.4896054285188,1.2712272116129617,2.7591295106784743,3.620243026794361,0.6666195704460023,1.6364792569924098,-0.1403810020979221,-6.867044748942722,0.2010637401875181,1.8330196445620504,39.57280284703492,99.96125328398362,0
0.8800450796318102,247.38531033924195,10.182905683225355,2.124391602819125,4.0055245282163305,2.543288666066698,100.22842489827973,0.6145198397370356,-0.2548106780119529,3.04706272986236,-0.0673325173629371,2.046914185593882,-44.16869848532312,-25.82782030674389,1
0.2046715219444012,236.36226248953463,41.967498905738495,1.0391243888420134,4.542863313096269,11.107262750978656,38.14310786775728,0.9890384654577632,0.1204885501248557,-1.3746210570887296,0.0112905971747477,1.617808646036142,115.0162145251886,55.388732620098885,1
1.4472681301832466,129.60081358547507,98.73363279198658,1.9823482809609845,6.828005612645223,6.549363933886581,-2.800987449250336,0.3308189679133977,0.0740664770162786,-3.24130162530473,0.4359366765332682,2.2681539143384244,209.1239061358804,19.765508772538237,0
-0.500910966888081,124.19401465876184,-48.97907010169506,1.0746986994374652,5.637793315807402,1.7783011230863075,75.9552923931942,-0.2239385738368081,0.0122877650338767,0.1870494036505894,-0.3132779725642329,1.9307553360601564,105.3189527661242,-43.585961856549694,0
1.179240471150508,96.1605638254376,207.7241262692546,2.181717144106025,11.05206015692064,3.77138349361228,39.11683577645389,0.2695984286599455,-0.2236883706607155,2.7542833299393656,-0.0872106815840229,2.056862170984477,118.40775922703484,116.23299664241895,0
-0.4467233530987869,374.4332740699562,182.91149951881232,2.443696936024992,4.210128264148447,6.246379462641159,62.83615546970641,1.2093548767080171,1.2884082669047128,8.140202634194605,1.2230240329108897,2.135249324111453,-19.274857067323595,-64.24843169983964,1
-0.4543618312821887,106.7373473552424,-46.77323773831576,1.8346604348466768,-0.164962882335268,0.1877606409743508,98.16915790709726,0.3438766049376427,1.030813893653847,1.8047023024479976,1.409023138152934,1.9952802985436948,38.81124746993426,-94.73787238236358,0
-0.4170410109976586,249.74354503883407,53.6604239015804,1.2052253908459356,7.014622749187167,3.434968796229543,-12.226991814272388,-0.6192712719855331,-0.0635701383126323,-0.3126772180509012,0.4669513307942728,1.7141356738711435,16.707086306546657,-51.211862879688304,0
0.3495482544952513,23.28781990877465,0.2751528273300465,1.8389548405267917,16.921123333452037,7.874363635175758,27.087343771371035,-0.3720286674056583,-0.3954384764578039,1.118704745846494,0.068957937682186,1.55656956373542,62.34786337841227,32.81778335750782,1
1.4165397047130113,333.4817560627016,36.8365343124625,1.1199094535781693,13.744709326903898,11.30800163598234,116.0149664638804,1.064007292372156,0.4259510025660727,-1.7274179247643184,1.1327566367778894,1.9938219563168211,80.58113686451617,1.5697039096639358,0
-0.1122332745651757,200.6955229173048,170.3699834640379,0.7825266884244325,6.512749750101746,0.9240638770694738,98.35859659852352,-0.5587549057966557,1.2050856110556674,8.67963591308683,1.0118581811150014,1.9369353565123264,25.91767756340712,64.89915608000342,0
1.4531362478814438,-16.05505185237297,-77.52226732181423,1.9939618850896867,5.342837009141331,3.454754452763315,-0.3694714631534879,-0.6815267851566396,-0.639440263089582,2.554757375829624,-0.2083474898679918,1.3873411540669005,29.95555411900147,16.828463700361546,1
1.4360441488791158,210.82442353309227,-4.225319551855051,0.9605503271820564,9.572423405820164,2.1769980959476887,54.54087275906123,-0.5631411719118105,0.2403522394969137,1.535237504195474,-0.6559834070766428,1.0839569281708614,66.91519358235966,31.010838467348076,0
0.9484713838258972,28.566463674628466,157.84493366389202,1.5917972897246946,3.304572808604034,4.300559474178853,-6.45020821157501,1.5719747474425243,0.3595976756493676,1.9357352487720485,0.715152701068003,1.641948151631884,23.71495132757709,22.289263226142324,1
1.3333153338185806,39.77511080265438,51.59464820912317,1.9929536080248849,4.882868151997972,0.6798536896734753,39.03653136965992,1.5784621073721448,1.662801520489451,13.146155976756583,0.7820247451711984,1.989742356031977,45.17059605972516,91.77722156284965,1
1.7591643285466914,185.58742569570688,157.31853143385513,0.9816744276081486,7.909475528993826,3.069817957975629,40.45959636231582,0.1270626132649088,-0.3103914082985031,0.596707938531964,0.7568241422284125,2.5493372231884672,14.689528055097142,90.7994382567696,0
0.1747151654577022,8.161660483081846,140.33129182333082,1.6703353337379527,10.58657567986889,3.9204831278338097,-0.3687715293862368,-0.272078750262399,0.4838536318070219,0.5016129832543101,-0.1707247650452096,1.9158833373219168,72.63868833984311,22.23737307571197,0
0.2955343157303895,419.31685703629,174.43449063595097,1.853962425547476,8.92479279437141,3.608576280455294,120.64953584602507,0.1002582335633858,0.6728092321051662,12.476558276675473,-0.9248575846306176,1.7698087846039732,-32.76320797980722,176.31302792477814,1
1.4020071242212744,327.74997649737315,3.488034358398039,1.6486055221522455,-0.5845315193983458,6.558189340113214,46.27207616656489,-0.0541527968556044,0.0144694709605443,-1.6335087418574314,1.3547508929543652,0.9092501309658764,-8.59510420161584,36.37913668167697,0
-0.1676350882028479,315.60468008679527,58.40930249814182,2.219163046855332,6.413600877491742,5.828118321955442,36.46590819043536,0.6857122225811902,0.3325348484440347,4.335252578500371,1.0987157513210364,1.957186852616044,-8.347956495818309,154.74914923740684,1
1.2814865044134036,28.601822558748992,-28.381217428881317,1.3988579914324106,8.551086204343754,4.398689276001926,26.67397582850559,0.4288159510883131,0.7064412503052053,-0.9636601617441832,1.0670442016894566,2.204092981767761,32.58697473599968,-30.74902906761509,0
1.0926863222699417,222.8197525790712,48.31185989962038,1.898184889651577,7.74487338531278,4.369406283427504,13.930903602138963,1.0792582944751516,-0.4664614970799832,-2.2217326105692488,1.158988043917821,2.3515491393343155,136.6231224802446,195.07635063255557,1
1.3933060672690676,257.8779423336905,-38.58732167577495,1.543455654878194,9.570147687649303,1.857071584991357,3.449084078246728,0.1215292741667196,0.5497665651330094,-0.3034411450289243,-0.0375151830039816,2.120310550598321,119.16302191437563,150.27823141292166,0
-0.3664725209108835,-90.42354789144925,62.70525551493876,2.038294280278464,8.80578405874736,5.869129776984218,-5.021387273425027,-0.1694795497201106,0.2077394858080993,-2.591581267586098,-0.0436373767998775,1.260169997952127,60.78859018722002,73.49278640136893,0
1.6340788318225046,-13.99673876446056,141.20508378164388,1.6448608501174968,10.378458182343191,5.062435685832572,2.2895201823809685,1.0209239911625234,1.2201466053507242,1.0095736386035066,0.5128847866671529,1.916609377493744,58.64208698383014,37.07203242586541,1
1.3842042457245762,-124.03090672266686,-13.930788069492325,0.8343723361897154,10.826905748148029,3.930643489100925,54.1621687223566,0.2646003405739189,-0.1623567885276009,1.7729449501552057,-0.1411262849659557,2.205290097891603,-4.149284679686978,84.13182957055625,0
0.1514199509192364,265.9507496649462,14.997752812103386,1.5165111084683094,1.604043573390765,-1.6011105871803588,6.901342864142748,0.8167030831426882,-0.5095195563338444,1.095867696794227,-0.0902137606440667,2.0229042490575933,8.166619698972042,67.2481969874304,0
0.9623378001941768,169.0421150237052,186.7376551214983,2.217411481128174,8.830600976439063,4.393406958335098,50.63229560527574,0.2802384786510984,2.1261018200246715,1.7912144872624352,1.0282973822460693,1.89341175342638,44.99529331726097,161.7539540571589,0
0.5530970129205909,52.17803705559801,96.93808368204652,2.0042954888085784,4.415546917399588,4.711189074794618,23.324109897881048,-0.0393518063131873,-0.1675316974086845,0.7428935839165343,-0.6725450925307379,1.6543178815784867,-30.798867574033352,-7.953884032011892,0
1.342286345466417,185.4599658378107,117.43968056490768,1.833542130688152,3.035174493579497,5.597089852408471,17.627944933218288,0.5343836358207122,-0.0611497801137407,-1.2445474961362786,-0.089226620213964,2.0579269449434663,7.514389099235821,132.98199999787488,1
1.5279124945346196,276.6088826591373,205.35084779556487,1.5971484666846556,7.233298970868045,3.6501940197838554,10.32862595113129,-0.1911272333942282,-0.3703415929630762,-2.832167118169483,-0.6581336078964419,1.9438756430110615,52.7790653177375,146.8555688864237,0
1.5995917783567708,31.312510423661703,119.91330939048544,1.715142366504956,8.84597912492672,8.988674632958201,103.70437452826444,1.469768154196994,0.3022114336992688,15.832611708223542,-0.1243963091576215,2.174737283691036,-47.82564532529874,191.2880529029472,1
0.7568158382659211,240.83700941192927,57.97760751620419,2.53831945545319,-0.2310106400823981,1.2844746272874037,18.61667443696951,-0.3492073940342024,-0.0288351401755685,0.1402129640370883,-0.2047980114589461,1.894960217973333,42.02598398609769,115.21589348846948,0
1.2803415163793377,77.78058449938978,-22.639875733187797,1.4440879618069962,9.429064651907025,5.416110830040338,-6.74087375202253,-0.2773186179613441,0.2791515919706889,10.652622233797164,0.3291165320876102,2.183910565932473,88.70266639257821,42.514761421265845,0
1.1138772858540675,-12.262237636315376,203.27121632039555,2.323366961772897,-1.7447759560562943,1.926021992605909,42.712740136321685,-0.1263609282512505,-0.006649510180023,-1.7512291669180158,1.3505142670431485,2.1857967290407263,34.43609602362798,226.5083619988579,0
1.0836999451538376,290.14853568389674,149.2519295688202,1.759793062723602,7.736998233140793,5.454786023338776,122.92425438812556,1.1798145834956175,0.9099926478801036,4.79115321895247,0.3940133264580531,2.087076706028274,37.21484464156165,160.69321886488626,1
0.0116518480484574,30.673993453403316,131.18018008211615,1.8659845285350567,9.214558765045204,4.054800731840292,9.55157139661486,1.3203732763896712,0.6135692807469781,6.296155568983425,0.882305825773857,2.0855427741778474,-67.18091998243543,176.77422747143194,1
0.3863412023153821,92.15367950836338,64.60379266839892,2.0848098798732915,5.193538414981833,4.877455868172572,-54.04125460862502,-0.3135739351491599,0.054698398865164,0.3711527245953694,1.1903681605575118,2.188561641458384,23.44784487263233,-11.452348634324231,0
0.4802802574440329,231.8839458215754,13.230698035666762,1.0997161387917478,19.848202382604036,6.415230313162531,-1.9032767291844837,0.7629672440322118,0.8711568016904635,4.644518984338061,-0.0419406927767226,1.9055852009141176,146.1292844510728,108.36281987547578,1
1.047599048177993,188.8169988612816,22.094971606788462,2.316229526506813,1.723402569664838,3.250854017713132,3.8041327486586383,0.7685044830855418,0.2242962232413372,4.689704867910533,0.5806133735621618,1.8124765546092063,82.1476555768475,198.2786400885789,0
-0.0209076365603876,-39.84094913879181,206.12887746263488,0.6808413621281815,11.430099401131164,6.958398759518323,1.871449691926614,0.8868565400389238,0.119960727053889,1.4021724746174549,-0.1017044459276423,1.633019631776161,-53.49920383656067,198.06806357324476,1
0.2953334784809648,173.4702680593745,28.64166645294793,1.9032647537899277,3.273233299899701,4.777222622160202,5.664932568412581,-0.6505161871541651,-0.1377975635282252,3.464414517618628,1.6726322252724797,2.186832572947731,28.830778120471344,-12.50376222912552,0
0.670166433343831,224.95056225564304,60.39554023708285,1.936186800318567,16.49946699807078,6.887081270012136,117.90283886710093,0.328537844253178,0.417527262006953,1.4532714809494232,2.2919151307355285,1.2519040151434466,175.98583565241677,-49.90336766133766,1
1.3121927553492596,282.1206004200666,10.910639140991108,1.939417798150168,9.17870284944232,-0.557533071337506,9.778181165743042,-0.0452928123371392,-0.0200374380801967,3.278701944915627,-0.029801721733502,2.7276306236336056,59.7831766609958,4.92591140105494,0
1.4094129509050977,167.8926679452544,-6.52748511129613,2.2099736806034938,-2.29381884131586,7.645111684184246,110.04853290881746,1.0073497694817792,0.8025320388300149,5.868311084316004,1.3885208151262185,2.312938562051254,96.2574528499082,63.84288670409106,1
0.7335237446663356,428.14413672798696,37.76245925449208,1.5710644851951594,10.089582210692695,6.66159055450104,29.33024851053836,0.983880408478406,-0.868803037278496,-5.522777021531929,0.0515806156825914,1.9144670061907685,-39.79800440592352,102.80835264111856,0
0.9334946256971406,255.29656052184893,55.31122728842677,1.8292256182049504,2.414545150830789,1.9743194641413688,37.53058914634422,-0.7139216424211043,-0.1757730163065414,3.4491619574667918,1.1207903017827792,2.1410141022943763,70.60024487826145,68.97849102490613,0
1.232933102992006,97.84866066380177,149.05601320330237,2.658528101144181,8.329545968244691,8.00686077106601,33.43231548851732,1.160803093542096,-0.1699753561734016,2.015116793083405,-0.0672980114689477,1.6221076744957406,32.352416185597406,-62.95812342014332,1
1.21188533286128,155.3925420446423,133.4733425153136,1.3044994926095037,12.84056854968242,5.26658153417645,61.81089224693183,-0.3144620730250093,-1.0134807265485088,-0.4388400715784066,1.2224971860873752,2.0361939439876107,114.16311741330446,79.76320745544237,0
-0.3224411462036255,301.0684260415158,106.65889838376155,0.5164438697704177,7.00696434744609,3.144566983025429,-6.875244651231583,0.016454284535696,1.4522104305365875,3.0646240800450006,-0.4779493159911392,2.129919794435492,47.10708681853494,128.71459008842018,0
0.8881944397830119,39.237940729141386,-126.9548430824092,2.4374598375774266,10.62246629361852,7.005963152054928,6.490944730270488,0.4835024205314329,-0.166061596194715,1.0368462383518176,-0.401389672434472,1.3938068487928497,181.62284454810845,28.794747997877632,0
