A1,A2,A3,A4,A5,A6,A7,A8,A9,A10,A11,A12,A13,A14,target
0.0331678415525883,154.4516377581581,46.277065538845285,2.0428553899295205,0.9786158759852563,0.8274609881045087,0.2813595698524409,0.0363238250996901,1.009302478893544,2.830908078064718,0.982929558973114,1.9916437742789872,69.83286331356622,55.86048572391432,0
0.9991299626640252,21.91730010316964,4.51851929602914,1.953018709967533,6.027619391300508,4.032251153862491,4.194965845788616,0.0392411271286955,0.0388355716933352,0.7988239870782037,-0.0087754580448635,2.007171305794944,103.83815856247637,140.37589436447598,0
1.0295649273040968,266.9482259344547,62.57871239964393,2.042377666967444,2.965173163785191,5.301792520705071,19.587005764764257,1.00637296919994,-0.009839457071107,1.0750513035815086,0.0208164393675149,1.9982992484678996,163.09682571376317,1.868618325247056,0
0.9866727995902916,72.12640943492262,166.0271639570544,2.017898084032661,3.155824650326608,4.073557329544889,11.975683605378984,0.0018377482593139,-0.0129710110154634,0.8357230461580549,0.0321335094570164,2.011418392050826,-0.5986462863367592,1.1446736663195054,0
0.0161463974320633,100.46280141079862,33.18752642910857,1.9863020829494864,10.960670961347745,3.94678397183248,31.97081672730507,1.0444025740346277,1.0308499917011584,2.9679833895357497,-0.0301000920014024,2.019966661572476,68.8868888591454,-5.27085257864583,0
0.9695930972663472,10.376175798878876,27.564494541898853,2.030224727201944,7.059573903979881,4.123014268025121,1.6284070687729155,1.0014020732738365,-0.0242682276642202,0.916627768904485,-0.006529415019589,0.989163065579629,66.19724897802527,-4.134061146202882,0
1.019302540724097,26.29658395549553,10.020806009578491,2.0012019998053185,2.0913009646015333,4.036466096060993,6.4767259779628255,0.0101136641188633,0.0552699050883928,0.9454948970319696,1.0104495087599363,1.0187784165246374,100.62923778847512,1.0425554069830838,0
0.9784915354792691,126.97005503624383,79.87890311686044,1.0095092229866585,11.229975573383468,8.063247125774652,88.34321803226271,0.0159055245728351,1.0084298356236614,2.640469646118694,1.0020831282803508,1.9916961527590336,116.04889583279372,8.10855573943602,0
1.0232393526905994,217.8540229863126,151.97767132443585,2.007700121930889,14.327764043447566,4.161617699521151,58.65292118453453,1.0115472034912747,1.019578562537402,6.746624262374397,0.0160467152470918,1.9890404133930248,156.73435839389003,75.17381082681038,1
0.9691186862640911,323.6962495153592,202.36621767461637,2.043808259682085,1.9031625134420451,5.084212303976365,127.96432297868624,0.9869806279098328,0.9816230696906574,18.14944051804838,1.0143214324598075,1.9789398415304216,-1.6019882305248032,-8.21261205686271,1
1.0075552300228354,58.62460410994974,162.5943221434326,1.9537509232066284,13.044244679137186,3.9502068162182575,15.298991622834931,1.027111032637456,-0.0323465226676724,1.160643450876668,-0.017463993664653,2.0239111764489843,33.72834109250224,-2.66134841134685,1
0.9940530722480764,231.0011338818346,99.10609744997562,1.9815026179684567,3.4522391151659484,5.179351865225506,5.252623509826311,-0.0090798020198953,-0.0284267753437376,0.6153697455181861,-0.0029116632942298,1.9851022469740496,157.80434853558745,-4.812135824604539,0
-0.0316679851190454,167.31048857146178,48.829223485092896,2.0180542760971045,9.273725519577964,3.972956556010016,25.90852480219006,0.9939955377328394,1.0025238519634323,17.01592210357137,0.028241705791291,1.994606296667584,38.81173398189534,180.4091899327576,1
1.0033906859932802,145.10310972337996,53.81492271289034,1.9649611563265303,8.259622320380277,7.922918230360976,81.86244845719798,0.98448229956854,-0.0154725185949646,1.2445345985317895,0.0247591778176338,2.0031153448406216,93.7550888225571,75.95194236890212,1
0.0056762038748182,91.54229163231273,92.1618296554126,1.9684163572865117,9.041202916526723,4.16060770856197,26.368772466422683,-0.0345318444459892,0.0055685001455748,0.9892474240745988,1.0215246414979204,2.0090584186648046,110.11518101499249,8.980383805833029,0
-0.0245691158333335,326.33005382765305,147.42588862076178,2.018095248488603,10.831106055710755,4.279674587083104,75.18068098656275,1.001798503803612,0.9679583668918672,15.343904432605722,0.0278884654475656,2.004432901257891,-2.105506657199306,176.76516687388235,1
0.9774165052603456,105.67556532945945,6.8714312658306085,2.009778123237457,2.6378958714748766,4.899303969046109,-2.381471000607476,1.0104642436182285,-0.0445925194807925,1.0063957943454191,1.0408430380147984,2.0249840723642776,-3.164127832586516,2.0838587654719447,1
1.0251254452638296,166.73437353108582,45.21800214739987,1.9780378451345155,1.8384667800376029,4.159886833757076,17.892004760410305,-0.0033845498034753,0.000904341935034,0.8354057036339104,1.0221719308096475,0.9943281331853672,0.4003059873990082,3.2111960426048114,0
1.0067319832922106,187.82816781160383,2.8749252648044603,1.001688893940043,6.875214673342735,5.052970069252287,7.289717102911087,0.9556231342109668,1.0080147922007243,1.846765134493182,1.0143839768109224,2.0006950948144597,99.75671264860011,184.26957812300765,1
1.0052801135378124,165.3954113649844,56.49516463316448,2.0253410848415627,8.102940727693323,3.853945461724927,0.9994839840859412,-0.0208174736976709,-0.0211452450557821,0.9817998980669972,0.0153117185111381,2.0187392924146117,102.7106014096023,-0.6187605585738112,0
1.0199897669503557,230.96421262563396,91.23474532752624,2.020366974687472,8.273682990999419,4.9232652123255365,98.1222269713991,1.0544757167544636,1.0023811237414637,17.367543106441442,0.0051531305378791,2.003675427926715,36.29558791954973,163.42347111648883,1
-0.0057068319952106,6.239604897982076,10.744029318737446,2.056614134171659,1.1023043462280828,0.9538316381250916,1.8449346382075973,-0.0252445309971648,1.0372155636398055,1.866745389734352,0.0124828006035221,2.0159148568382586,53.88721340525549,59.34312611976342,0
-0.0230272549938113,115.64701712085738,39.25240294117105,1.9494064665876087,0.9618270356644238,0.9457914732824562,2.4226216211573046,0.0088010045420005,0.9851411340988036,2.118921006925668,0.018017583373803,1.988525747748455,25.863166609954614,85.91721920637917,0
0.9680657682998036,135.31474520539112,72.58319507213744,1.998261947960348,8.936965977487894,3.9513817494104737,22.802657720873544,0.0346138239996851,0.0109925404703161,0.9783307202333016,1.015423171087881,2.0011017758414296,101.56137702609816,43.228040467463934,0
0.0109883916058681,137.1025991327196,84.56797147126679,2.001732063929482,7.856127347786633,3.914324518362612,8.3960985389567,0.011111582809045,1.011262288031445,2.056613048497052,1.001150993905788,2.0103973059411917,13.156208038953563,70.30968727337005,0
0.0291674546775244,41.954810867305625,29.98817804085879,1.980321193599661,10.87634820540822,4.147065069052758,38.01518996288655,1.0115428789034782,0.9537134424048804,2.3753955560901696,0.015012989463888,1.997275309736581,2.3271162279520183,-4.12062995777017,1
0.9880665231997016,329.95999833929073,62.88778800379261,1.9935126235093323,9.016763262845917,3.9591821882144855,46.18770013517208,0.970969617716233,0.9860592225102798,5.817600841200264,0.9859554575817038,2.015398813989902,21.408099859176826,36.45463882538935,1
-0.0319604245829706,159.11984935094563,82.5919721434967,2.0023926483618752,12.928479936980956,8.147065072119162,17.919511536625407,0.9672402078096648,1.0166035342178157,9.843850012271822,0.9856261424021716,2.0046852622782816,62.86611078437864,4.242957322871398,1
0.0376269384090856,61.83712693932719,154.80952119125564,1.95838208806058,10.94286171478467,3.9715083394775497,18.65526456721735,0.9721952486225678,1.0143360573365978,3.1057272625789123,0.96277208204725,2.0104388831212,18.73315623165587,1.6245801495887378,1
-0.0067145137356381,179.15106409017054,19.353430042952237,2.0433577877844344,13.03261561744073,4.243663078450249,2.3222231404826843,1.0005614026933205,-0.0316470658780611,1.2238610246219055,-0.0125087010208583,1.9903396935719893,143.95430837191202,234.20680093764307,1
1.000722140294695,320.4539052444444,180.56668364557495,1.942567325851413,7.072863607715982,4.155431167197941,28.952937409141136,0.99051505384087,0.9813764227747744,4.819722727066562,0.9918723169981348,2.0213121019566183,73.23671350915279,-0.2201707710997595,1
0.0209188090120148,285.72529417934004,183.0581645421813,2.0045186454677686,3.868441452638195,8.130603707315776,109.42791921691202,0.9516887696713024,-0.031365664264176,0.4457356898444904,0.994167576609043,1.9971874584115472,0.0212583335582294,4.918615543686407,1
0.0178016537422054,307.69957575104377,11.336049581798846,1.9810643412955269,1.0400155029549645,0.9964338760365744,0.8179472381819508,-0.0028549789818239,0.0026493561053674,1.170926779966385,1.0343215060786295,0.9999664042488928,20.87998566838546,23.451099924826185,0
0.9864659161224508,73.84811808334769,20.557610345144028,2.018517082157948,7.219288662243112,3.930185684147265,14.63203185419935,-0.006631368938512,0.0081202033704266,0.8734964904280385,0.9779925350975308,1.0157072913417795,106.85272486491576,8.344537505305468,0
0.992502817476988,247.02408189620263,1.5739316052015937,2.0077744751761952,7.75034528301352,4.846455541629169,124.38927655614248,0.9759074899835648,-0.015925667375747,1.1279414206163976,-0.0042082823351835,2.0029321365996178,-1.8230436553326967,-0.6767387691714859,1
1.0051110024927028,1.0133146136093956,25.015822588405285,1.9888512833259917,8.085472604624446,4.101238003690923,44.79890951415743,0.9789523644906326,1.0246981587969537,5.991113564677177,0.9919137974001782,1.9894220492378416,113.70887953206672,136.3282887818682,1
0.0079166466153771,177.2713214088866,73.30086709279004,1.0314113843696542,4.863757379762872,2.995810603249593,2.124588036557917,0.0099225197419895,-0.0189574339184394,0.836821999489374,0.0246196683047383,2.017789642174205,56.486756013822536,27.552087653646183,0
0.0017513494816233,108.6191225670916,3.385533309047432,1.9787806584038408,8.124846304323084,4.0637379976043455,-0.4631128859036053,0.0211988139291599,-0.0039670855753675,0.7157894628621726,0.0113397925301624,3.0032392015234173,64.47501258163445,0.8639659909357889,1
1.003570628056638,120.2310212999968,65.10272068820669,1.999435534212021,3.4196644195194503,5.023139051808547,11.62179401440239,-0.0140366773804285,-0.0092202835490432,1.119357678728445,0.9764025636020086,1.9955512729499696,161.62866742081633,204.3723725285204,0
-0.0110193557014073,157.1330357627662,177.06198936850333,2.0029704702329965,8.139887093581942,4.022816523492635,47.96213347784449,0.982402123843004,0.9955571218663962,2.0396650247847434,0.0204406128802086,1.994121514173996,78.20172655127286,19.03444224567449,1
0.9997462535597788,116.98716493467884,60.542650873010544,1.001639646716809,5.946785151127806,4.047897797134527,45.93686060504531,1.003667928447588,0.9643190580522668,4.219128954367084,0.997398962088198,2.017300691202577,119.5362128324922,119.5053066408942,1
-0.0307301848021833,71.95820590194921,23.80546160685251,0.9825607000935782,10.702887435605357,3.9269202962882224,33.34304221745046,0.9745776653748393,1.0296936671903132,3.0813530255071298,1.0046701049740938,1.9850286941129305,20.45803902683445,104.862451171275,1
1.0310219875307391,95.81170113478184,123.32985901986189,0.9797686599522254,2.0370534408589664,4.043751015717847,89.71531975347216,1.0117213908859453,0.0562248549024854,1.1289947524540698,1.0367049618784587,1.0027308844598442,31.83117050619872,2.3848225254963467,1
0.953805367690519,195.7855068147476,87.16595908033521,1.9723642114168465,1.9936555995731464,5.005350723195989,115.08657686654183,0.9771464999819256,0.0100741028060808,1.078021133437758,0.9712602023424745,2.002365601274965,67.3575040362099,3.8224203692182286,0
1.019139012721959,80.79718188808455,13.54121293835567,0.9764959005105424,9.077851200170269,4.136863252183835,60.268370726026745,0.9946167141976596,1.0265079460550566,6.635060482676434,1.0489976907815983,2.0364899837712747,65.7596277777627,99.64585680639746,0
0.0300570008067964,125.13252341025031,79.24147708387663,1.977824151427745,2.9883472627209704,4.963595237524475,16.539606841720424,1.0238330366581438,0.0122510997230862,1.029355344099189,1.009795952102977,1.98713075640694,60.97658703720343,-3.0390755059233285,0
1.0021135857271304,143.0597176060625,102.39508210652338,2.04032879988834,8.842977848584535,3.971392827927957,101.3436704463214,0.9852482144214434,1.0078068232936648,3.2430692272684314,0.9818374121910244,1.9902337097379388,104.04870228911642,0.4091782474070697,1
1.033693435843104,75.96313290593167,47.65175626768668,2.0208463970246573,7.973109038697446,7.862947287545573,32.52389079563789,1.02147097432773,-0.0311821252447414,1.0790225312329405,0.0028486103250106,2.005630521062917,138.0873975264797,73.60879791325243,1
0.9805002349543438,206.66569366750517,112.70038700428628,1.9974423685398195,2.8362496037571896,4.950999956662892,85.36456831213638,-0.0093278025599032,0.012004489572754,1.1053919204669094,0.0221459237455762,2.02125349028882,75.29628753002498,125.60673385444434,0
1.0245816292043166,226.11737139585568,20.08829239526407,1.9714659784298871,8.098134230478081,3.86606697406196,9.59056775489042,0.00759557963542,0.971860410320813,2.793534928435692,-0.0023446989377488,2.007519409412395,82.44768886964849,117.2048894633076,0
1.001424239814254,203.06214451247143,62.60992508169069,1.9682805719062404,12.886597700832915,4.86217085279492,11.49016390102106,0.0155220495571424,-0.000103366871191,0.9033085920851768,-0.009639827120706,1.9910833476604384,115.80548168856888,-1.671443224100507,0
0.0055186178977498,114.36642283592332,50.34331321032652,2.0006607970465247,4.800284432224967,3.0503188919513304,2.41074484182127,0.032144631723895,-0.0132345189688847,1.1869051280147769,1.0339021293606276,1.9754666143590145,98.41196735007009,5.481425592658617,0
0.9842812977083912,187.79873329480608,42.336738492640194,1.983720777176508,12.685603612974198,4.062892109163349,43.081799252982414,0.9908428936642512,0.9587709811056784,2.181416897694135,0.9818911931473264,2.019399019084456,155.34968708944834,235.7051711170408,1
0.9903733545591404,57.60643997368132,19.49602910667624,0.9664926685630484,1.1780118262569408,1.1509869893179911,-0.4464927273256123,0.0075411456768602,-0.0179433258871566,0.8733135638869411,0.0192938415835358,1.9994246305898733,36.011344187235224,-0.751525072185224,0
0.9862990291141164,151.6644348887612,82.71602311656993,1.9967500580268864,8.079610244200492,4.006163389185721,5.200381995443227,-0.0101973450801198,-0.0345837199507229,0.6888446668238726,0.0162733240529353,1.995868916759624,74.6255163774064,1.0308934365025024,0
0.9822024287101776,81.69011042377815,34.0757410020649,2.008970451246682,7.756990756415552,4.085078487556504,12.547516077702712,0.0158044242531316,-0.0002631589090535,0.7225555075446302,0.992123034036489,1.005454815829706,99.41339803033604,0.4879153765984654,0
-0.0170616287409051,131.7002295215786,30.48516091672002,2.0350074802798086,11.003471140736671,4.017596288716467,25.122876062595974,0.9996059514370056,0.969939421286426,2.965769231832434,0.9766576942443406,1.99585841370904,50.09725059866339,110.9029596961026,0
0.9999551915939556,51.40906791657689,105.50257193039798,1.0030438559311654,4.926904434670001,3.966907476018592,6.516029652957901,0.0105290794321345,-0.0023255646857824,0.8663211451873836,-0.0164975261545327,1.9819289617977112,47.25704822455868,74.28554862101383,0
0.9750409407950956,124.99276854986978,26.02163744864213,1.9816669870608687,11.065883094655607,8.014562186882735,4.868245647520411,-0.0017125920213575,-0.0022264988768866,0.9258811672867852,1.003483480085443,1.9903864750816969,83.1261686578682,82.88113591781241,0
-0.0013067272850242,117.50994067882552,196.6330548414147,0.9800525851330114,10.089381212570698,8.872399922469896,1.0544656057454134,0.9929285337524328,0.007497545440868,1.0251357796635912,-0.0063565278704776,1.97706372698601,-2.4062002397850506,229.87925397332785,1
1.027357024132027,253.4864606279184,57.34814962219565,2.015702560619693,3.7106978414859952,3.993335240678016,3.8726609329884023,0.9870569454508832,0.0373818323560766,1.1285104991916466,-0.0174114205037291,1.9848653796184796,53.07559015072878,-3.4186895274947773,0
0.988678058442839,128.5342482952928,49.2234004770357,2.0159283319790653,9.167312404633629,3.885366243231113,54.0214311110687,-0.0212943907792874,1.0064200398539078,2.0520558217275138,1.012085141128423,2.005030703375535,30.054312038468957,-0.9028771830573348,0
-0.0005070483114359,14.915322191401344,139.3790619489583,2.0057033135070483,5.930916143676993,4.089970055530723,36.33939135895822,1.024221352500862,-0.0068332957462398,1.1523542706954806,1.0019421370407289,1.9815505318417703,2.551204046436837,1.530767304732592,1
0.9971791871374632,96.21009674013732,75.42268251292727,1.959467921045908,8.213817963562875,4.081685401366489,33.27261505175542,-0.0013166162172362,1.0250798096728544,1.7034348576863816,0.0177630998584253,1.9884866768163096,-2.807862844444273,18.91698944144087,0
0.9904019004758886,203.13675766161504,103.25947239925864,2.0329996397710466,14.03372058572404,7.878111954364755,101.51662060366482,1.0412287890379286,1.0426366931652606,6.963813521229636,0.9904542207533258,2.0218191039278466,-1.552666490366505,146.7502462491165,1
1.0264415226677706,83.31826171061147,45.85025835271267,1.9987138753988456,2.144006616834953,8.15464740741108,45.668231862575325,1.049319153393353,1.0221930520808156,6.95267045161879,0.020644462135794,2.0254693856162924,73.60772794527155,102.31092893953668,1
0.9957383452618186,156.90298842282405,66.59067812205855,1.0342128086700595,7.013936269997621,4.045874748588691,3.5142599410974924,0.0164502878764226,0.0390531068807991,0.9735361151167092,1.0430897776358876,0.9908689831177994,25.76188064025912,2.776520788063109,0
0.987980424503822,63.854166443800864,9.94719448158473,2.0276564644069195,3.8819205494594033,3.920221905144144,1.8582043931791503,-0.0051034887304117,0.0436218459519305,1.4220522280022525,0.9586252788648666,1.9947081543222165,95.614939959935,41.58975890254238,0
1.025860113940778,84.36082356298098,29.779370908790376,1.984032160132458,2.977727172188649,8.035935346549334,4.299984493563407,-0.0023447700122679,0.0266932670944305,1.0016104401969057,1.0197510281584858,1.9926865934574256,72.82046734004047,6.974711402941949,0
1.0093317699172364,22.29316813052256,62.8627516965834,2.0455896057598446,8.184619714711907,7.081818581346456,26.04603667894257,-0.0250559459427164,1.0316010593804892,2.8300460353415566,1.0070571052054291,1.9755241996458763,48.29411289514322,124.15607107841936,0
-0.0326454808150576,291.5310142134726,181.97860646868236,1.953624493879331,5.99316131043414,3.8984393271792586,53.18388492626423,0.9730855817041127,1.0104942260233556,4.003895913943901,1.0348852458570046,2.0001005453989924,50.22763526102676,0.1032815383723075,1
0.9857379357704,282.5660959609293,129.30857107277654,1.9969149750059725,8.81449342974542,8.126015580343537,128.6033932733403,0.9923662760735216,1.0158733910601008,13.044930766364672,0.017932010331604,1.979929733213335,0.664129361115819,137.78919724143603,1
0.962872192796479,67.37465224909246,165.71768322656573,1.9901441900576875,8.946044028725979,8.192838948323953,52.00751575461791,0.9759736019383324,1.008600936028003,11.917943446340873,0.9929160640920464,2.0027668790569404,101.42770744490724,90.76777329044135,1
1.0059942543255933,287.8245971618409,176.5842075786971,1.9802948612648477,7.011951459475309,4.041840444249784,129.49869564500773,0.9798787193148948,-0.0085378198713787,0.4549795573976509,-0.0154815632602729,0.9921705787132736,32.649004688504256,1.6015228052893065,1
1.0301701477076262,80.25716059409912,45.45490186263056,1.0002986385231938,9.002075431569333,3.990237404714021,65.82150691363022,0.9629009109130532,1.0022925240407226,6.8451191643840925,0.0021422284574458,1.9881450708374373,21.46436750007716,1.850999197888619,1
0.0112147938267513,120.89947854168122,22.72435132105298,2.009764381544897,5.795647730567943,3.953062726978196,2.4786795806505424,0.0013102586240706,-0.007227163045962,0.9791394138439355,-0.0062771399126357,2.0022777312311715,95.39302009955844,141.6775947088448,0
-0.0038809779057702,46.73937892384723,5.50144795500627,2.0088913847502274,10.95725553575232,4.007536772640718,2.010921024569001,0.0111960419202868,0.0288251133831868,1.332072466398646,1.0077131073739083,2.0088018303845256,121.34629445270292,0.6808213374243905,0
1.0077670156577807,303.2415166973561,120.990112294504,1.984016248178847,3.904021379132895,3.90603547552591,100.36176450532476,1.0158184997523187,1.0149651505015214,16.251405901285224,0.0700673726427473,1.9744815575965704,-0.7025757706738816,228.76197963337015,1
1.0347542613457328,234.7389394681664,49.10325485657811,2.00450634648998,7.861332244398467,3.855844203200469,34.95472060047677,1.00124366126304,0.9927772628375864,10.70379816132316,-0.0009297821652671,1.9952458917659868,63.29560214207061,210.6554663011464,1
1.006287419761407,65.07263604930066,166.410217939851,1.0136533916520971,7.163177343471611,3.90188424452445,38.217248520871976,-0.0133040614600696,0.0004082729759058,1.2856197288480629,1.020115735712861,2.011882227541685,5.40135873722361,203.44342745856105,0
0.0144145054387113,318.51594686446015,120.8471955692375,1.978732569131437,6.225275484902804,7.880957945819043,64.64284158630282,-0.0016393977570094,0.0256262944529189,1.1238207007361845,0.0113861825051985,1.9939917784103565,3.801600778972436,15.622266351717151,0
0.0093375968476976,325.79564861074925,92.88914717886294,2.027917238175036,10.934436834261591,8.073414948795978,64.30536759766765,0.9948695872373154,0.9765002004930252,6.931659609134908,0.0209333543593569,1.974211412620797,13.001709952434354,120.86348366488306,1
0.0174267965921981,79.70931741218088,43.267242547109895,2.0132034544399566,9.173899182886354,4.0911091027948,24.389997466284903,0.003295382937258,0.0130326017873737,1.0612310630650883,1.013485997718468,2.003045675751602,54.94332181800228,-4.910210109643806,0
0.9958400060354828,152.43674842219346,77.90537815869374,1.9411496414202576,7.917855536859961,3.9382632181188297,58.26896312394115,0.0140264367283822,1.0278717182919943,2.856397410872788,1.014612658596281,2.002923533780144,49.05346980631517,39.90298570731667,0
0.9854344491440468,258.1084442043925,87.238235487854,2.034811348211492,6.066931275813957,3.978296597441208,4.166566412786956,-0.054206996602197,-0.0498209561779775,1.1604207041416248,0.0015063610544476,2.0037391188174203,30.941547272336532,49.91561242995541,0
0.9991905255114648,71.37552819983996,164.28933581088037,1.99399226999775,13.997922148376624,8.047754297764932,15.61210056116234,1.0182980639526718,1.0238001567856077,2.291497576873936,0.0141922902250102,1.9994519680836536,34.32684720234152,4.897295910272383,1
1.014033237546764,197.92534122379345,141.64981466016098,1.9879956722672807,8.203535470127878,3.9371780938720256,81.2968781672692,0.9677076932054604,0.9744406968751688,13.010358237565868,1.0091696000100718,1.974583610118113,2.146663431300013,77.02373759385215,1
-0.0063929523158536,127.6697364818521,41.49720812822027,1.9888906289352477,7.125883318864529,3.938871795707309,44.07981539232448,1.0166958997235325,0.0277809325650028,0.9909301177496888,-0.0488476475795515,1.0105400030332352,114.17256971289191,2.121595287665045,0
0.945350092204043,172.09513588959288,67.84326385021083,1.9656521765137789,12.748224709189184,8.178272476578535,61.844680372786016,1.00801751422634,1.0158883934163765,7.133548311023405,-0.0379231639146492,1.9965503199841252,49.26863227805389,191.88531414545292,1
0.0076748021921296,178.0578977825681,62.250387808292245,0.9766800291147048,13.116686330128305,4.137259334955397,75.9605508631295,0.0176940423533276,-0.034185763543639,1.0397767039174264,1.0533027280922629,1.987031783102923,68.86353696106178,68.1340866732641,0
1.0058981519091028,89.28317808191795,18.435507611021123,0.9829151318968457,13.250412742218728,7.848399214257362,6.2715570981912805,0.0329770966651478,0.0212752230738544,0.8613556083648035,-0.020340851236729,1.9968639045867016,83.01385006927589,-1.4929856966865174,0
0.0721389219389423,90.39571608614624,67.4236407228472,1.0151275619089766,2.814320254119586,4.955812436643379,80.08123972074677,0.0161729288865524,-0.0043083918633852,1.027862304875517,0.0270901493137592,2.012886687349737,68.6270977865251,108.56649901810884,0
-0.0022670270548221,334.62277031297083,212.02175937388583,2.031765676339103,3.144498735556283,4.875007072810763,115.88425939155071,0.9689983337511544,0.9632058280792872,14.048208269766526,0.0130336943581873,2.0134872597624285,2.1463149557097623,223.9307828136236,1
0.9809445936549652,75.52496601286592,174.7197707036953,1.029488280165061,8.817606963062701,4.096358077997727,22.84215681051966,1.0084860736543542,0.0113839944032822,1.2004356048978382,1.002060636276605,2.0210534683353454,53.71345546128355,96.26711068038117,1
-0.0108941722729466,147.8515680175149,119.67404001394394,1.9887746346822095,7.913354813033713,5.073595168209494,73.89130922102962,0.9773902236268482,1.003811331436801,8.195408202672269,1.0308444571573478,1.990070746540233,3.161438151206468,198.1519029766132,1
1.022532186088656,71.7360039032428,172.64878323886614,1.9943635024730488,2.833553708499868,4.019620365574528,72.63194835780709,1.038420248780047,1.00842564584246,10.04145557480169,0.0224364893040083,2.016316379311574,18.806865333868515,139.15565825921516,1
0.9723481903451344,169.59573327752832,5.835685032814027,1.0380132734494525,8.098638616190149,7.909208428965546,69.67862472489745,1.034331736918694,1.0278678975697686,2.0056743014304117,0.9889759923728124,2.0167950476007737,136.7095499205763,226.4239005077041,1
1.0467963212842089,138.82695192781767,193.4985131193547,1.990565805408513,1.9273868609112637,3.788051994160584,4.467649461650005,0.0211143345715999,-0.0389746091645306,0.8666752828615452,-0.0288342052455651,1.985587477977633,1.123319894429784,85.42920625172502,0
1.021392896591651,277.8412478648632,116.08998003530672,1.9895963831680092,3.939698405848719,4.09981811577553,2.976746558326141,0.0333989772387945,-0.0038218612571088,0.8597157814914826,-0.0055766637633727,2.0036204340589667,1.4071493187022313,192.0613749998672,1
1.035778028657513,223.6781085488477,0.24607831681449,2.016118282926412,8.355875511058583,4.195153679102587,-1.2289727718952932,-0.0231384044274579,0.0367310354449301,0.7866776258710009,-0.0329465120756658,2.992741207911144,65.96897414174695,0.6280831199488404,1
0.0276205782873891,228.4956627843668,86.40054562759269,1.9894355234361245,7.89314287369271,4.069150007895794,65.4645028146434,0.0162761717838595,-0.0002175459386113,1.1034479470409928,-0.0104341595525712,2.0332895006927028,145.38460860453335,5.579872642786647,0
0.0237152838001081,347.11244298931297,5.228050040742815,2.0035387341199558,7.954282741785687,3.822441617608488,-1.940020261062536,-0.045843087737048,0.0093833551618564,0.7254053703680041,0.0312783427349721,3.0004515758455903,64.43694485612728,-2.064980868743362,1
0.9943826235747976,132.4047504800646,103.79428341796502,2.000777906165147,14.138151121967066,4.008055588396403,86.73706160376621,1.0281443408502675,0.997067190378222,2.960078960789549,-0.0710059106576515,1.9951253801431632,132.87958301006964,8.80353171268014,1
1.0319504546465683,222.04322702053108,15.548493109432954,2.0213906511867665,4.178718458309625,4.002789429150536,2.6057074600947487,0.9947704123334884,0.0096601870108287,1.282443290986468,1.0045168130637974,1.9863923084559767,99.90099412340128,4.3457278363172165,1
0.992487203012154,184.92293882348244,14.19725727706644,1.0150749259455925,13.10171848195838,3.976042815991696,1.970827381777532,-0.0260698101408389,-0.014672353053966,1.0039609562536116,-0.0195875837430295,2.001434116040236,60.77381462248513,-5.032917870063969,0
0.9907995647535386,291.7970229544066,21.11552237370073,2.015905583033058,0.898889088752445,0.9564967320251708,1.9755019875438435,-0.0178306712626874,-0.0193617504928114,1.241183469935902,0.0220264619960457,2.008981034780875,50.13438527907819,-6.181708854398643,0
0.0551176076453898,178.35980678107578,95.76286275857376,2.002549802751889,11.18168287305509,7.943587349862141,38.85472609396582,1.0264012938087703,1.0093660438193597,2.58783511509763,-0.0305263743428136,2.022413185029996,1.9267809597992027,-1.7683852541830305,1
-0.0405103529581414,61.63553489457904,174.4331577282815,2.011317452608456,8.10437627738644,3.8076231471141417,4.529584715950932,0.0492849490227312,-0.0259038153657121,1.1231299179687158,0.9828873385653318,2.0011894998581354,61.53981926107718,3.0395835096500505,0
0.9663942765826224,164.9478241149608,18.14550766466793,2.0059227602379,7.908983145281465,5.082347700335395,20.16773863915958,0.998356051049914,-0.013948036024585,0.8634740696905938,1.010680759789751,1.016086563427988,106.20850828915316,3.835525525082396,0
0.991017995520834,94.07093388304344,185.1154677171253,1.004969684947236,0.9449129228553668,1.0669046731181653,1.86241663523014,-0.0172797296786066,-0.0041717793507262,1.210391955338303,0.0097996164201388,1.9791436043897603,66.51174814407118,-2.939433328641087,0
0.0096677314669072,69.16968008500842,24.62702106246227,1.9923965856022572,2.909417460800645,3.854852446378772,1.81745525986004,0.0066484133294126,0.0313144523970376,1.1117511040400645,-0.0647583599373587,2.009574550652311,45.71299316414456,2.6456401125401143,0
0.9716836888420546,152.52772962123524,116.42721939705916,1.989547973001043,13.000192713381832,4.012067090674284,64.90322150242216,0.994236061943624,1.019670859853642,8.923736735450326,-0.0055984099606388,2.002424693517679,108.7095558200622,154.25704650884913,1
1.0486669702432638,198.4305494947073,63.580002305977146,1.9935870626046333,9.16076363279669,3.9487958693130505,1.4313350738774844,0.999681441870368,-0.0140701825130074,0.8939330098222986,1.0073070692455357,1.985415233487268,86.04161407428086,75.28716976184964,1
1.002014646006166,263.518223891429,135.6598270918799,2.022745710772651,12.760433814217418,7.979449647667291,125.86006113927058,0.9895545414848989,0.9858096739452328,2.2345309775702384,0.9923720402802738,2.01648991471702,26.989124114043875,178.7547479028136,1
0.008761467281481,26.398766420923096,105.22330808238232,2.0290443264568645,3.335832010013723,7.878989198519059,7.402113322931381,0.0010644165490018,0.0440605304458238,0.9006502346412195,-0.0118799066645686,2.023122197743144,23.13579744123046,116.62312153638462,0
-0.0327339406705787,188.77511540400536,13.339426821659645,2.004079119770142,13.265200983899744,3.956420263557441,8.682552274464559,-0.0136793560971746,-0.0047623481583151,0.9816638053720026,-0.0206939446503722,1.9697956961992047,100.70658936009252,36.30692913470372,1
0.9611253353194358,192.5798873636597,31.31152367292697,2.021072270344087,12.178600490469432,7.900885418361838,99.89534249871734,0.9973145490058962,0.0137119384778785,1.046497632316755,1.029802636991143,2.001125701798385,54.61290982063632,240.98103418933712,1
-0.0254747366333496,31.552539885528333,137.2178632062739,1.9796860386498547,12.905509564648591,7.878026182642488,20.310593043757947,1.0106314133208631,1.0099529321109393,8.002491687820418,-0.0383904733173376,1.9907442018182069,29.060817353254222,-0.4648160032174573,1
0.0151486662203104,156.24582327748115,164.5282100912555,1.9940940576042867,1.1434734532469495,0.9978751007706864,3.063558204489276,0.0328455364058002,0.0296627488203438,1.2430061231089775,-0.0258330961073369,2.007205662355927,63.59913728048806,209.01039715773368,0
1.0106436294853236,297.6914743610773,55.531715393424,2.029534024441217,0.9742109688399728,0.8124723195252623,2.5514900019941607,-0.0381935118025035,-0.0004874204333333,0.986716642176757,0.0157739863383637,1.9917962539538008,66.44503951484685,2.4996216619158744,0
1.027994038382828,172.2088466318366,59.72933555305666,2.013263871278843,8.102202798104301,4.030797948208998,32.78150802092026,-0.0290893690250538,0.0496886873203694,0.8066039206281932,1.0186642831720114,1.974808198367704,95.85496160376854,6.507629246704489,0
1.0114306266389366,268.79643068157475,46.18417631858853,2.002310646498102,8.03958445387197,4.076901387362474,59.00765857457696,1.0011042356537012,-0.0200145863179857,1.0136407936424896,0.9993020343449708,2.0028841667036263,50.08788688944247,-0.9024043262508172,0
1.016061619890531,144.53572517366064,99.71276775147014,2.0119603306473497,6.992145040926106,4.041100692561048,45.6819574437027,0.0092327032068851,1.0165340178261606,1.8650093639743544,1.001291216456251,1.9906897251989035,144.78596157055654,38.91412429291722,0
1.0021518185462674,114.11176386150078,24.25394846456412,1.96818689177372,7.836556958379072,7.96436173289505,79.45860692339657,1.042972957793555,0.9658102795343372,4.079183963547266,0.9740784671313858,2.007087143288598,105.69773559847388,59.34993472980584,1
0.983345234041646,354.8840085454992,104.54765370340576,1.9731915303246972,8.130598888168294,4.166349409656315,15.895640531908647,0.9989925255299004,-0.054300189829906,0.5923264361542544,0.0032237884801619,1.994654187886923,-1.5498752753702192,99.23802204006992,0
0.9738033844650122,57.54793349748476,10.720730368171829,1.013130210518857,7.661448771711156,7.852320443189727,8.203818649593138,-0.069391995995558,0.0302925013426763,0.6324659299733972,0.0210090045340233,1.986733589245121,100.41860061311748,89.65241771239363,0
0.0238128956161156,36.38658287298122,130.07277936887505,1.9899037450962327,10.969308305139757,4.07463435632309,62.71061408163115,0.990169651900192,0.959950547502025,6.022954324609279,0.0268797719889231,1.9821202193748224,66.47287478327154,237.2041984253392,1
0.9897207636629172,172.1719808786282,16.51779382750911,2.0082269641869144,3.8169258834330937,4.090411603097838,7.541689873187717,0.0094734045258779,-0.0233728432462184,0.8456770711921329,0.0230992210891795,2.026437695730632,125.10751136107235,177.74046240734847,0
0.9636599855249384,17.729945263732787,69.73468783127119,1.9860887382607664,5.949577366918746,3.852943479736256,20.583094990166508,-0.0098157504807439,1.033824121852001,2.0104116636549554,0.0356118167345364,2.003832403316403,25.96741513229308,24.61183050723899,0
-0.0200251753647315,26.25504276213948,150.3392964659294,1.9947340973277687,9.009006119654856,4.007093945767185,26.29746401267001,-0.0149545504592826,0.9862672406953872,1.976095777232028,-0.0011149809486706,1.9934480572350304,38.74695189427767,-4.591428083394362,0
0.997195147833818,48.40688477352923,168.5529680825892,2.0102583854651312,8.316367194090695,3.9615318007384666,49.94589900455112,0.0135482926508583,0.0809122879377317,0.7596261640272068,0.9828273608247218,2.0062525772530435,44.915956832061525,8.08313412281096,0
0.0063961850071438,271.6034795695689,81.55927298909512,1.9930015442801077,4.939766066978491,2.985260340984306,-0.0227708362416834,0.9889366130097844,-0.0009821768552616,1.0891875241475226,-0.0075837338938939,1.993884014197846,32.212953324805,141.0230074614323,1
0.997080142116682,76.87874518250068,2.815708951302682,0.9823318583722068,4.037230355753957,4.084053134840811,4.0207397143376085,0.0331882662793136,0.0211937046145639,1.1696893798828611,0.0138038852196316,2.034751447711021,68.52693066169714,36.72297142516119,0
0.958542343477868,294.48238023169006,94.84422224345128,2.051952726959305,6.744286379654269,4.145151559836727,4.12730470354456,1.0201308216627991,-0.040759508948217,1.2959277212595932,1.0195933290792798,1.9994190800858145,81.48752446896597,-1.7803689540402416,1
0.0394694838212118,175.2320668404789,116.85896548452412,2.00813232878596,1.9838129187734288,3.8744632139024815,30.607620483234903,0.002532273216829,0.0056758483838929,1.0946465142434914,0.0229517371716847,1.989666262542804,93.42493924036576,6.26968207855419,0
1.001541183575145,59.84362712112356,7.021170891427133,1.9727839442891275,1.9910775204331448,7.953653819600547,16.755537893730068,1.0386356210960168,-0.00203641265148,1.2560081499112257,0.9867158767059264,2.003654466477871,0.8720813693476757,-5.165963865021531,1
0.9944032200035028,140.6970433692198,199.59947869226264,2.0109298493857,5.673638984642562,4.04519235587874,88.23780128826405,0.994466056593932,1.0246280791114235,5.86089036976961,0.9629929590649028,2.0021076283986,52.9498516286324,0.1291234845982032,1
1.0136091808505772,254.0435286290796,45.45864841597975,2.009434898713375,2.320935816314572,4.043698955857357,6.502901694335456,-0.0074062962043015,0.0016460810805771,0.8594172071371955,0.0246520416116416,1.982408136014643,58.8039720810165,0.3075329389735444,0
-0.0022256068675162,277.8270763399612,130.15130004697076,2.010052302836028,10.035904933325924,5.062653135548064,99.23936740008163,1.0204470743523693,1.002339846267645,7.158173161793794,0.0216935202977325,1.9879885601861271,118.8307152152179,244.60614756459347,1
1.0349354846590264,167.9060870711666,89.00815996888416,1.98041814519744,14.318634381775878,4.053385370923918,84.29965455503569,0.9833112260497824,1.0063518182036169,3.663157257700665,1.0174299259472257,1.98576335696214,100.85456175458592,188.1054135932487,1
1.0166297724092992,61.51411589123725,137.33650820831082,1.9865788005527625,6.243866407130878,4.032878247567936,2.615676769899032,0.012454570683281,-0.0521236295819894,0.9913053722925294,0.0497611176875539,2.001975909853708,1.1565966734752493,2.99086673361753,0
1.0209704322264583,243.5635358744124,188.15018496855907,1.980925591684112,9.245824043256489,3.980952932268489,113.5481107192166,0.9889485112274444,1.0359920900142583,7.026504175410709,1.0064328729229852,2.023360962380721,19.165816379617706,-2.418266126399928,1
1.0139149885207135,61.139464282672535,153.2438144224546,2.021660534433125,7.89070559740413,3.9000719126137793,4.516017557061737,1.0367909795249632,-0.0192489632924729,1.2983764564769311,0.0130803435140049,2.004925391475956,44.29241180275231,3.399641713784227,0
0.9944637917559996,40.31993949167365,43.50305329109996,0.971937633273815,12.986851921098555,4.003142159903982,46.36763899997106,1.0306492650497725,-0.0210307779191503,1.063126171255556,1.0016932354082262,1.9767585070973308,28.958531879716663,21.04326221172576,0
1.0095724352783166,132.86085761127924,96.80788528233056,0.9921691133837696,7.598776510078194,5.003589534638501,36.99159057822213,1.026110182490759,1.0293773917903,9.040874259888788,0.9875352441873622,2.007243369311152,45.78270817155105,7.994941726184848,1
1.0125263825282005,71.20942965057436,163.30543844212036,1.9663251976770464,11.071490805931465,3.8248216233057257,59.364604246730025,1.0032120799454751,1.059043775281701,7.778240829316148,0.9974425310963562,2.026848116241509,34.7471498792425,137.47127595557302,1
0.0188515091247722,73.40917171951989,167.36887799711053,0.981937052719316,11.197948902545594,4.183801255058611,64.53044001386681,1.0008667180999264,-0.0129480058776536,0.9301673182733604,1.0426341461087576,1.9850069567414372,91.8276279059751,6.850981639655672,0
0.9849494039678962,101.72023656138414,8.851109099393156,2.009777346751051,4.265946153198053,7.992299688001971,72.64262792819437,-0.0278354413486214,-0.0056717961009954,0.6789334433287824,0.9772588202695938,2.003385875421805,114.04142895351032,11.203384205338295,0
1.0059066750511836,254.6600061396441,99.15505534983728,1.006692359587884,8.926021410253476,4.024299027686924,69.49589933811865,0.971544925134187,-0.0119040077721279,1.2898190325227348,0.9710508310589232,1.9683987247091232,11.706889236801388,173.10573074923562,1
1.020375601375972,244.86287348065915,64.37629543879854,0.9990387986621604,13.741407968944234,8.096172018725806,114.32773120149496,1.0085408866861902,-0.0160155931954668,1.3314491404091482,0.978163436404298,1.9949622336531931,61.247759155071634,-2.9669346503492235,0
0.9678625445844008,276.0823257305089,116.85970608561024,2.016578362562945,8.148902383973551,3.9854855032596017,25.288398928907093,0.0034943438957635,-0.0201988482355798,0.768828004336255,0.9765776589975924,1.990522352119076,-1.6827805115204342,82.58861937638335,0
0.9943118727453404,92.13898670559172,140.86779034192887,1.9744194160643056,6.029725339636366,4.164059004505919,6.671043093948473,0.0111808324061438,0.0135028899336213,0.7910433549280231,1.0127225121339123,1.9791902885371917,-0.4425869843315055,4.907152320721856,0
1.0474477705341685,187.84921410598167,112.01990821461597,0.9988546517255092,7.994342220562114,3.941863622373477,37.216224772644736,0.0079414133290567,-0.0193994630186564,0.9747942461582476,0.984801508889276,2.034333576449279,17.793095503443574,6.612464891048106,0
0.9861223351018772,119.28561460030954,33.21188048968707,0.9886224968344148,2.0428193425312795,8.002175241056971,67.90742824254966,-0.0059774521209954,-0.0253172921072545,1.0361373796139457,0.0054804521557997,2.020292429290006,62.92563010519979,118.29619765412512,0
1.0631574551988825,33.830537768173414,11.886522352440323,0.9850819699355357,7.826518861027265,4.093229477781764,4.338609818095456,0.0031806358943196,0.998429045822106,2.147450147572602,-0.0210936838023089,1.983941896644408,69.51719294804982,4.18275479359162,0
1.0073040826528614,162.8213727347478,28.186480544140625,1.0166577789957545,6.06025337851334,3.974552705517375,72.35103831071461,-0.0341570554646168,-0.0199352279441606,0.8746192028858641,0.9720001531056944,2.0065679867515045,109.75922837887174,-2.2981895404723005,0
0.0530828953211583,48.953514543327714,171.721646501127,2.0088178196484665,7.913504417941867,7.861224701334036,97.27246772611166,1.02791579073795,-0.0076906050983984,0.9239589430986452,-0.0239540570592981,1.9977614880933527,109.70327038024324,-2.672189613446726,1
1.017046739244611,252.39921401055204,33.186904972451025,1.965059421782089,1.1333948162816156,1.1415615741903236,0.1708329740923844,1.002533456872983,-0.0496673565434216,1.053767184599792,-0.0264948912264075,2.0029805153891744,38.400121107217984,3.971724910300416,0
0.9904156171522224,165.82079178756547,0.8901929916762015,1.0196892915483595,6.6810379804770825,4.085806581269424,1.3108216542891995,0.0094135549052979,-0.027877236954249,1.267818017999597,0.031030662278935,2.0143265162556383,-2.492777055191929,4.011465233024886,0
1.0101461825594569,58.02149242356873,20.250055927835795,2.008112558394236,8.079350518302173,8.047333210217204,50.04718208792739,0.0372029834024795,-0.0113755637689303,1.0848384383586307,1.0148132931933578,2.0256604855686926,39.26898148828211,-1.3724734495510873,1
-0.0043910307965985,295.90899784446526,29.031064675152507,2.0170902423834995,6.303003691542174,4.058281402588472,15.45811539536584,-0.0049909755622126,-0.0175081281428731,1.131826886248838,1.0042658695094857,1.978760406741075,85.24352504344732,55.69890826219751,0
-0.0234479915603601,228.3781093857616,102.50129022268509,1.970121289028908,12.96526545167351,3.851270691342528,121.90351435174594,0.9586602162252864,0.0130811069112329,1.0761875918063564,1.0475299002000402,2.012658597744293,168.02482881542556,3.9713267821139127,0
1.0374708509645136,178.8747943124566,74.3168988961596,1.0281390410244529,7.7051365942690895,7.875406540467721,45.09348105173758,0.9801679546819642,1.0108748760556918,2.105662853010428,1.006882410199816,1.9789076560700989,57.67327886498092,235.1974186140064,1
1.0026845315648996,81.751829556699,23.053147445238714,1.9766637739225372,8.032334109153753,8.128404235548954,-0.1485359704594486,1.0044863345992543,-0.014479955871503,0.9252742744779532,-0.0225401317058563,1.997468637903924,67.24563465029811,-3.5925597661754693,0
0.9469049907312812,165.22879901015335,191.68852050522895,2.0091702202511685,7.961947772634285,4.012918998548008,12.345175827635131,1.0194925315094578,-0.03582666173983,1.250282293648692,-0.0101950478735912,1.9790580771149864,41.67766375790215,0.755403565641295,0
1.0449304989388188,7.495952065142461,1.8569013350147257,1.042862221332787,5.898780776467211,4.18063930243513,7.009661920185604,0.0444994733866889,0.0185570176345062,1.0619051857435204,-0.0016349601527544,1.990683172048168,18.17476293253754,4.259322347001358,0
-0.0103041989999643,273.17132207812296,160.59989914109366,2.012955620300488,10.886060387086552,4.0706895233316285,83.35493172907363,0.985701235511873,0.9869164796965584,7.783901800858153,1.0253016929621532,1.9855322185034625,-0.6115868956504542,5.559788437822377,1
-0.0441682746361331,18.295083204856525,9.866432578847622,2.005176796812692,8.149024478373097,3.9092498524407286,42.14557743680268,0.0230665079754532,0.9567065708577042,1.7336050680074029,0.9943173037118844,1.9887677743897836,23.32239094196717,1.4099102255071756,0
1.0204087119031413,75.72372510740844,24.12152752724861,0.9958088557943524,5.995547421024898,3.943978617958044,3.987209651047252,1.0177866239303617,-0.0101747869312541,1.1044985833746497,-0.0202467635164649,2.0113324902382765,61.66283189848595,5.093401455349088,0
1.0215983615942292,136.07153720442994,86.72466650242477,2.0161247666296527,5.919125644179784,3.8662234751276414,7.763009628479487,0.0136375411998782,0.0269739771063946,0.8112615952236326,0.9774194230421358,2.006866229359737,31.835900549894,-5.8493079312364245,0
-0.0297964295724639,-1.2621180406221697,17.29910813512376,2.0106827683223014,8.026210571087468,8.068733392325019,36.22448321838071,1.0039592276258276,1.0154746395157168,2.9376436550295595,0.0113789662198214,1.990117563168616,31.1628571400824,-0.3865169225840574,1
0.0194010201275355,153.26497985141583,158.8482687202652,1.991383523542684,10.779706398969644,8.198027996118938,2.8250550008328474,0.0160955150588177,0.98671997463771,12.78795827420375,0.994173680588639,2.016440609100129,39.79927755834135,0.8381255022979062,0
1.01253853964424,256.4027824951579,78.63963849710639,1.9974402944082,7.136845802415898,4.1637823237266245,74.7696881022998,-0.0538321870450854,0.0139362656467837,1.5184352911191552,1.015505953612505,0.9827619983363748,131.64985307283618,-3.651606703027049,0
0.994972497412645,254.27560763449287,39.3719715381668,0.9613121169298176,9.348377292983312,4.067927801538877,6.872917938826053,-0.0092754524209768,0.0267731188077388,0.8907500180757775,0.0286048147796499,2.008094879395133,1.56419654773142,75.52852688521725,0
-0.049229671314777,95.57174393021918,183.588828986464,2.013849983667799,5.838119633360043,4.067071914173894,38.56196862752817,1.0389284746927412,0.9783284951554458,12.954352551650512,1.01861568388087,2.0008571221782887,35.42362508180055,122.5059351052295,1
0.9307569791128908,92.47642302679272,187.1099711379606,2.0093445992561243,5.897022058044268,4.046295754593296,62.16666612006776,0.9925749138061156,0.0024606804223617,0.9826443122590334,1.0197001838218265,1.0051454920652114,4.541050616732669,-1.5002490802103523,1
-0.0140778220507215,-0.0745686474127751,67.74942283750963,2.037009302218685,11.050214818073869,4.037795465588857,2.4390859081616725,-0.0043171269015881,0.0238591804577354,0.9934816645095416,0.0132203935268895,1.9970736906170925,37.21105132975044,-4.110077699644762,0
0.981986241514104,117.69558561554987,44.989116102153,1.9853220280432904,9.282919509581532,4.021049503118224,2.9980063438153195,-0.0038741552634546,0.0334697048621849,1.295548962338143,-0.0203475609693676,1.9993664707460383,32.207886916138776,-2.5821400611814127,0
0.986342216714994,34.65172092342307,131.99395112393364,1.9716335354538224,7.0783823694867305,4.024726037451005,2.6055297442399024,0.030875321953564,1.0300748240959936,1.9090986455943733,0.0048332698936433,1.9721692874729864,32.228492289330475,-0.8838629733903502,0
0.9640216722269852,195.47919673407995,200.5859867566889,1.995987024498048,12.240526787158831,7.035032453041069,92.85537829089864,0.9666429175879748,1.0231906202392178,9.93248627355983,1.021500946344507,1.987844586655689,1.408246871705927,62.278516123516525,1
0.0139065553485995,263.7842750015172,120.52368300175434,1.963655003654272,10.797916510168475,3.952422253043876,100.77964527523088,1.00294273214701,1.014432700718562,4.457495805343695,0.999501345323006,2.0166527638150136,-0.9137816352816728,-5.08360198619242,1
0.9996386466744482,45.28565618859128,3.0445146472448528,1.99690639153216,7.853082658745293,4.059708911770403,0.883858063493939,0.0122095988200108,-0.0112267032333173,0.7562720913122853,0.0432233325823844,3.023090633893181,67.03786374121339,-0.4085740150091155,0
1.0403844479346764,132.3111796847457,46.74968962706141,2.029021630186992,9.002218143684633,4.020187169377806,45.01521323440658,1.0099141037131487,1.0014937097551382,11.737418673416345,0.998724602040538,1.9988096517608316,144.14488239185204,33.24788796678773,1
0.0087430165985782,24.096250323110965,164.63186886986364,2.011934078051325,13.9419103302335,8.011528410450131,24.85216896590439,1.0315530964333657,1.03763737997074,12.278155103034967,-0.0101666102522948,1.9857603228538665,3.944492648993993,201.97553492216744,1
-0.0049411311736021,244.90257090903705,152.70727199996134,1.9822439063856916,11.13208285671151,8.011285310575062,40.72010406757024,0.9957577074627536,0.034167396178904,1.3379586004407955,0.0178702416326677,1.9822283829660496,9.13125936910746,146.09042686228867,1
0.0216823959194188,44.19083995114208,158.43166759990405,0.9770136373221064,13.879592419122451,8.042593751423034,0.6564979445274943,0.0082077091872654,0.0089525195342133,1.2662115886469052,0.9914606753812524,1.9779507748851848,53.46084054591367,26.795995976623388,0
1.0391832843636193,55.12618111821067,158.69760060529788,2.023553418261775,7.867064211432393,3.940798703976533,65.01859900805576,1.000006745336518,0.0064217610464162,1.421626954095906,1.008376455468948,1.964496076357669,1.7523920577534184,1.1375845945947631,1
1.0480101341020926,309.8476855750838,203.02720169946383,1.968859345461127,9.850494026533678,8.78072045996489,1.6573019460383662,0.9724982028255816,0.9734582072469486,19.723336262043336,0.0193650974755161,2.010622026057949,54.17825413006177,57.50943291459093,0
0.0633107170808847,80.40784209942514,13.300302275892946,1.9794331269497727,10.98099185990137,8.089169209657395,32.073197750024114,1.0042961508541994,1.0130837797305587,1.8604931441256345,-0.0060814697138942,1.99969999195883,-2.652944072068045,123.78198476878356,1
1.000702341026043,53.26247807124152,23.487105953979928,1.0029917104566504,12.792151659405006,3.844482699213105,19.153577000677387,0.0170940473522239,-0.0091062462107919,1.0591941971595715,0.0046863964123028,2.0089940145241134,54.394454483567415,-8.464530585215456,0
-0.0003062459972638,244.52984613785355,118.26332609453904,2.021325894803681,11.225466143258055,3.933589441495701,12.786429743892072,1.0094737683961004,1.0377851199103474,4.231002315599021,0.96881445651306,1.9960573926322849,45.854180230858304,0.0283630614877665,1
0.9738065380401696,143.79005808822114,15.377010206660271,2.0020507514908648,7.551634421705347,3.9021072411143,9.248372137363098,0.0302894662312814,0.0274364874526071,0.6790909248412063,0.0075121268199263,2.0151614619636,73.1761490996191,61.97128987060984,0
-0.0126114542533125,123.85999986264471,55.4710723247722,2.0101356935007617,1.1042264168262257,1.0669087208696242,-1.6518545555472102,0.0114932369797798,-0.0251506225902843,0.8810938903632959,0.053857259489187,1.996218849112886,109.2932794339785,6.1863154678831975,0
0.0151598844613353,244.9654357887984,33.140277829168994,1.9972346756029489,5.824709544384724,3.9034558533028463,20.73497271280659,-0.0244077249022252,0.0266762560360538,0.9120159005761428,-0.0006387147214888,2.0083882374565367,84.61982148376963,86.0626952509779,0
1.005239959430908,139.72147180127342,59.845021625264174,1.0040094517516085,13.876799963539035,7.983396580186014,1.0433635789237528,0.0327564660490526,-0.0050026223388318,1.0313177579750374,0.0142923990463303,1.9889404860660007,40.44666238357685,2.9967822610917665,0
1.024507945165067,139.28938796020145,44.35297284305064,2.009566532141964,8.926345260309015,8.083587743271856,20.270378310092383,1.0196999232105024,1.0048013702408802,2.07587352788667,-0.0157538409423472,1.9905826903814468,88.82325825928665,52.30824866920395,1
-0.0283976144551367,164.17108420970266,68.32667264135526,1.9896662771779168,0.9271898198540454,0.9492350400608972,68.01057236919357,0.0214922878086025,1.0019258683533654,2.925293893903,1.0255639461345585,1.9997050186589809,67.11320296687089,-1.2336170238977149,0
1.0010816699836378,194.700002697518,84.60413985837233,2.0135543525747743,8.133766223655163,8.11851666813925,107.8150933991933,-0.0031779096640772,-0.004240992769212,0.739818533615729,0.9934335682674758,2.0199519081454125,1.5472628946290143,-3.889053036744677,0
1.014217102054467,106.77844502803364,33.64006897653155,1.9980468642838305,4.006118347737593,4.171371950146609,12.943994356799774,-0.0002041752473113,0.9887809224242088,3.294938329076254,1.0199396392526583,2.004711572120514,59.25781411301052,5.204760980718973,0
1.0039712877786735,77.90303760727362,84.22515465028972,2.021313383162203,8.078551342287376,4.955398226029574,7.264088006364116,0.997906691753067,-0.021460778699158,1.0142102354852085,0.9845296522249044,1.9858923055269515,49.25816363965534,-0.3025040795310048,1
0.9938738187419478,283.35228992603976,65.46992789326362,2.036105689634945,7.014440828034609,4.959620875316174,57.165741358439774,0.9697067405177004,1.0137670782024115,12.834706728972442,1.0273565439598282,1.9806967090945808,133.2933979945436,199.1777479547837,1
1.026322208982405,195.52556400027373,70.92502136733056,1.9842372387239504,12.881191025516898,8.072929574042437,101.18490304148634,1.0089082205557571,0.0184740451251749,0.9822119757811908,1.0251622236528295,1.9954567031739463,0.5068839206105054,-2.549473233594526,1
0.0010148698522709,73.14199097794824,25.91575750579045,1.998869494810714,8.112818366141331,3.946039330326228,45.279831234981785,0.0755131978647187,0.98229250961335,3.0201862480871857,0.9627408272785336,2.001738852767641,66.84813433642486,105.39288623767123,0
1.0138559292945313,194.56825003248676,51.73638532936515,2.0113586803366994,9.137217838192765,5.019965372485009,6.741057751615504,0.9639065041211876,0.0148212059723347,1.0085011383502254,0.9896961997391776,2.0190768250495124,50.70764890042459,6.971333232655546,0
1.0053835870950392,182.62683142920972,64.60098659482765,1.9827864646416171,2.862206262693344,4.923043496587765,2.7607771942678454,-0.0303074240485586,0.0074450404266848,1.031908631237595,0.0239263974567632,1.998012364781226,64.82421876731291,0.3744762057122983,0
0.9785795417108728,315.8115953900213,142.22926401995448,1.9963612437400504,1.2341297861377765,0.925472820300164,125.16570957017228,1.02384001575468,1.0200143761467078,11.967826171365704,0.9928029148941836,1.9740397937235892,6.564471600289444,95.15631814930214,1
1.0175213447737086,17.048786531211874,7.960007766675773,1.9652554976129373,10.90181654074419,4.088506926877521,8.016195390498591,-0.017332413622584,0.954946974498168,5.3532888896123225,0.0205697832554755,2.0114944103707795,55.231416649536136,11.094672588829113,0
0.0354100651761555,100.20929593451716,176.28102128211663,1.9699846179650224,13.084622451449343,7.769314867913968,75.01506802692245,0.994666058965812,1.0452991487388978,6.651887958184246,0.0228724195675851,1.9984994209031728,130.23665155646793,107.02456744360794,1
-0.0010092595181052,151.03114818432508,109.65070504818551,2.0135503171764104,9.864267602541126,2.0024437784989875,51.41672327408923,0.9949756678327532,1.0503905113583143,5.644825848978432,0.9941538434192834,2.0180911961413206,27.61989368769484,112.66183364807507,1
0.9801272566042232,29.99652852567144,0.1197688718444709,0.9738581620010558,7.061657759573045,5.00514623661221,1.8731269546550704,0.0126795536088946,0.0149160117742661,0.9247303153909754,1.0528409097985132,1.0035000149657407,147.70541442511393,-1.6407465859251644,1
1.0157432783519005,44.90648667092799,157.1370197839866,2.032647924689979,7.489877727773646,5.093371784225393,15.984301666313948,-0.0586860671426046,1.011035690633097,3.2319798387553327,1.009064978974035,2.008731372834816,68.05074213837997,1.2392135134746454,0
0.9864220420881162,303.17707141115545,195.46514299161583,1.9383388848270615,7.910800411391859,4.1074064049009005,106.94731302691248,1.002814248664437,1.0392131114293386,9.846679895854662,5.353686360293208e-05,1.9805312686969376,4.752129180196064,0.6973260990047336,1
1.01766382121895,141.75905496292714,36.37273551672251,2.030991602049582,8.907848075319661,3.8352458645382166,41.10311547217078,-0.0254986633310579,0.0012905621735075,0.9447987470310352,-0.0083909968544574,2.009252040369194,69.78369705920026,2.147923032752104,0
1.0071802472802949,91.8107637159309,179.22964963207394,2.0525580974359308,9.240160740126724,3.928222887081963,23.503354587861395,0.994649649503944,0.0036082975396287,0.858650787113024,1.01093158732232,2.021679418116409,88.97098818138318,-3.097561616827562,0
0.0169415215710806,207.67147245368915,34.24017367371432,1.992509718753924,7.85153469761542,4.054921013674778,47.77405518860018,0.9859926106788248,1.02744277975384,11.82203690838946,-0.014536455284323,2.024431538011928,3.0028080525983825,109.69966809985426,1
0.997646112512136,72.44013218898158,176.67110344509365,2.013588217570511,8.051912561027441,4.024587934895944,70.66451847532974,0.0175149049156936,1.070381363751542,2.9244509054539023,1.0017685863903794,1.9933382345891488,61.87470583232881,77.60962212857243,0
0.0173638841967642,272.36987760828754,12.721431831037703,2.0082902951531025,12.901840772014667,8.014542899278918,8.561695160955143,0.9937022154974852,1.0176850905826116,12.12214048526225,0.9803608033402502,1.9825580202922124,141.03634849333378,9.037737095064202,1
-0.0282634169976656,123.82349366142536,69.40712793504588,0.9928205627071928,1.2298573213625072,1.0684553502548453,4.568766307075073,-0.0386541847655129,-0.0065639627104457,0.9067675268020544,0.9508325612754404,2.0158304969963075,62.37650971562831,43.686427515602105,0
0.967517516090252,131.68024661384845,19.576918627229176,1.0062322586744843,13.428012648912752,4.150951894572658,6.443545204425966,0.9851854527520132,0.991947300105654,3.102782436521129,-0.0026212932985452,1.9940990750571324,95.38308027819204,114.58517624221724,1
0.9670304763597066,127.77477858644096,51.03273947119189,1.990991543761054,12.828127181920138,7.949188884427494,84.83896288459663,1.0220615409358869,0.9807862393486454,10.220428584983008,-0.009980276008665,1.9844229669168183,129.01701818076364,132.46871766756138,1
0.9843240586319322,39.44873307384701,149.39373007954947,2.013080794992562,5.578334588930439,4.030297757474326,21.13074990959299,0.0103361236595084,0.0399786544783004,0.5841039700621655,-0.01472528577433,2.008822126534066,20.35310169189674,106.36082051106769,0
1.025995739862318,171.86212598382562,78.97198382812188,1.9987761862215303,4.193079148099049,3.9028495538596135,12.347193143314318,0.0139486992494871,-0.0054799299409084,1.1305163418781814,0.9996600376507316,2.010475713745181,81.6132789644723,0.9561071272072256,0
0.0239297225508953,219.36351241904092,89.66028895911607,1.953672338501017,7.95097198676171,3.942106050731808,1.1847065355663773,0.0113132828935642,-0.0111304929219684,0.7831591631991315,-0.013815242489879,2.015994386647072,54.390274093555874,0.5277300538431788,0
1.0038380665097693,37.02605454265766,150.20424974221942,0.994926141907706,3.8648508124168375,8.048287986097675,23.43270459952577,0.9977870350465732,-0.0106478417844885,1.1605628897487246,0.9941250101292952,1.9954210639208176,45.24139810624399,7.162202347614318,0
0.0023289527773652,37.97468664536696,24.08643304812407,1.0280354928233209,7.820416725139463,3.9269401009836296,23.393046524403672,0.0507047085884481,1.0075363220340472,2.096715867627972,-0.0333866301998758,1.9999825322717597,172.17424265880197,2.081954344200426,0
-0.0151953287757303,88.86947358602961,186.90750927306004,1.9811014893823136,11.419888303724257,8.02961532066736,38.60957815905968,-0.0122137807245331,-0.0045998349283236,0.8561657801066715,-0.0660580895961376,1.9794265660451893,93.82500911553528,-6.171479251411867,0
0.9709960979548404,210.0524617533569,92.32209037145226,2.052539865968813,10.746532958895765,4.146529617334618,73.27198264924016,0.0102682375985301,0.0029274607071657,1.0896455441786026,-0.003828529804673,2.021708711166027,142.9474521127883,40.11240911458511,0
1.027954258136453,122.47505084909218,174.92085204949916,1.9988967675600613,6.051750350790327,5.096835245867911,6.387438284421855,0.0206761854945873,0.0046291548135173,0.7349186484184544,0.9647460422833294,2.016759619646152,167.7577441334925,2.172844298283636,0
0.993012152486438,224.6398712955713,8.002822307349433,2.0273412398485893,7.226404143351157,4.187872697003433,6.968184045641905,0.9677189012832146,-0.0103788497621696,1.0023028898969888,-0.0250868545271544,1.024612928049553,104.16392778425676,2.7371717498673576,0
-0.0047401506321709,25.746062107658645,146.63764827872953,1.0255790756943135,10.860043754907142,7.944180516312084,4.959617480646344,-0.0390300677011452,0.0056588684286291,1.195016439221646,0.007297427286215,1.9762780413406464,110.71451599337088,3.695136236676717,0
1.0069802462769042,166.95308051940285,96.22556176260132,2.0101220834943674,13.050735293690964,8.068187168634344,97.24310824594612,1.0167375077491445,1.0186290286476876,4.03279993234783,-0.0054903621963783,2.0228485675835373,103.89803712162777,95.4212970144174,1
0.9752909982369342,312.02254043726816,42.65070640326124,1.990714975223864,2.0179600623580205,4.198189985527079,73.23277772327776,-0.0166324798033953,-0.0136250385509339,1.334391211059311,0.9299401569825704,1.985029299429604,7.297905566569106,103.14615317742414,0
0.9569399390877882,153.85415516626176,-2.153747108988924,1.9592801000134008,9.021527841977887,3.7767408824454094,28.60004959809543,0.9865846054370584,0.9794372663488564,2.0799058083377755,0.0076124675665409,2.0133442566587494,71.7348739745295,5.143566208171116,1
0.9832041941374596,165.83297887022204,1.8723637245177545,1.0035765785184791,2.06572473526779,3.885068400739173,76.37676490260876,-0.0551891649127982,0.0139694965806766,0.7556494846015114,1.0033025131982654,2.005538788360892,147.38892724316474,-3.3731310209366825,0
0.9908549081586112,134.27854337212707,79.73564326025308,1.9884360384239677,9.00346437761727,4.014728317106132,72.65381966127819,0.9894283983931264,0.9913076688045922,4.505493133873138,0.9808000637018714,1.991669576932953,115.59508947369449,2.529169824825189,0
0.9703072100332064,227.97273856806908,115.15913613277232,2.039625550969717,13.072457109004024,7.961486927639454,116.39071935351342,0.9940189765230196,0.9906427153784888,14.8067991751618,1.035086603877058,1.9620900764125284,131.8397329736421,-0.6843761495205172,1
-0.0078789630732223,89.34064580705852,53.807317271396215,0.9628121004629844,8.030252778222403,3.9611318159478737,8.354032606540166,-0.0043496331717512,0.0412569626766877,0.7775141245444264,0.0146295194482593,2.004768589256009,40.99611901825519,1.644323549775379,0
0.0031946570872528,93.91848555584914,63.91511851354458,1.0057538125218377,5.776823675493128,4.0425529984184365,11.767397325898736,1.0337179322743526,0.0177690941289365,0.982743759814602,0.9517027219574477,1.9802584987688725,122.9579107628246,-1.868486956685139,1
1.0108230099663786,282.89253044529505,214.67410273253967,1.015805881401941,1.068898241128064,1.0629097069324027,-1.5489233614271711,1.0082670990337994,-0.0074856195576152,0.9026818605664912,1.0216868649120194,2.0220853059247954,5.1375242087936925,5.775536807979691,0
0.9967794614891186,23.34790397966429,112.05280835399326,1.9744873306077932,3.956535800537752,4.018784967136178,12.721861986776563,1.0357484217151578,0.0224748547280854,1.058483453048253,0.0446970438167502,1.9776217594769927,23.982184457973567,2.330578951633896,1
1.0156729551488215,323.89921350612906,127.20747607510982,1.9836912717684425,7.143163031752235,3.96115756342514,124.6344912258286,0.988462602358832,1.0012362085487383,6.783369255525352,1.0061670211838063,2.000659716534149,115.7544941464493,166.80013195489607,1
1.0029749405111246,92.42606242883012,29.50593572542428,2.019764345406676,6.670212660604053,3.953178376107071,3.050258296791164,0.0480315301928463,0.9515185139525836,4.9806065542444085,0.036288335847635,1.9882797846630755,89.50922847355297,180.2049150055362,0
0.9945277476903832,146.52249280062338,29.42214792768213,1.0139642880328403,3.1250302511441603,5.104923086535006,13.213224575184295,0.9990114968840936,0.9992473519208508,11.340256678325638,0.9293946497346302,1.9857129906937991,43.01277627829856,23.057081245985785,0
0.9746216105049286,101.73057928883546,112.24302460144514,1.9855034599974049,7.891556637392993,3.9924148839379088,26.58664390330196,1.0120795234759188,0.9998573336500536,3.731928007200621,0.0181302604403826,1.9992093365498245,3.678770639066542,-1.570590475679147,1
1.0244097590000354,105.19165100816262,79.6697034573903,1.9619411404335785,8.338043339338444,7.881355853144156,55.7745283110004,0.0255111175486738,1.0142809354905231,1.827656950709665,1.0037763337012169,1.9929692269111785,135.06696050784402,21.09243457054344,0
-0.000520240882134,270.47431129080087,94.83955758069628,1.96417868081124,3.9743076267730255,8.033321710415319,27.22743343157701,-0.0049455029511246,-0.054234790037804,0.689240530321348,1.05111893128462,0.9836886316492692,89.29054292088355,-2.392712876957667,0
1.036231116810678,305.8290348764167,-0.5059525857067797,1.98935831854235,14.333781376290975,8.02400391110069,1.5142235353670657,1.0179393757748758,0.0249166069399372,0.8848103922214916,0.005466583280144,2.013833377401353,-1.675432608370322,200.04484015317183,1
0.0265168113573494,348.5933580598322,110.28161924279732,1.9932710878351012,1.0304597673352802,1.0775275075508834,2.651947596707608,0.0070900130772189,0.0144767161749519,1.0129283378375915,-0.0167866709193326,0.9960993690070604,1.0437905738984623,0.8740408857248312,0
-0.0043533670676552,239.1744235835156,34.18931268338972,1.9635448885808575,3.027288777539211,4.877909227737545,50.457795670196354,1.028837240755152,0.0145427717010454,1.231649939768209,1.0388551762301703,1.988461655254287,4.45638377420768,88.67711111634203,1
1.0017204100295516,227.5352429410731,47.85420979734183,1.989022500989736,14.07544033885907,4.033508732889429,0.1884162833182543,0.9803792086753244,1.029794767206795,6.015967726201794,0.9647001517822906,2.035171992165264,148.93326509334582,2.39594613710031,1
1.0019802981155694,236.93061535991347,65.654386403176,0.9924764171704502,2.876850430046104,7.819120630256032,115.5005776203869,0.0512947554668835,0.0113349387917254,1.1384306899387675,0.98971076120457,0.9963521458289292,71.27042241622165,8.295811519725653,0
0.976561555136477,202.3985803715021,85.44635919821668,2.0088307638876093,8.698056037307156,4.0701360673492575,30.38555510749582,1.0011731412675409,-0.0214615873941668,0.8025824606251653,1.0255575305077993,1.9774377134798728,71.45449498552072,0.3999772269608428,0
0.9949747231367192,214.223237754745,27.415114948484906,1.99619972853206,10.016709904678995,4.060203126501416,3.961888668552575,-0.0073507752580683,-0.0112835055745986,1.0882201823943345,0.0152170763602637,1.99351746458686,39.822518235319365,9.5579691562766,0
1.0399664997593456,214.13424129401,52.74459989633098,2.000733970655521,2.5201672012647824,3.891999054739363,7.06614990265215,0.0211191358991742,-0.0480204563444485,0.9231688452830232,1.0251528081353076,1.978330059449389,78.52845817657756,1.2396271537453103,0
0.9958434141060712,202.51853503261557,65.33195170552668,1.9893266011378092,2.9634090719269244,3.8733949665088354,26.72066182164652,-0.0446201026513191,-0.0109858135191588,1.1530726223416743,1.0075493938614235,2.0088133813933986,72.85001530489134,5.248655689056633,0
0.9740190680470224,50.43731359462156,121.0525366783996,1.9739348706228512,7.9028674203626545,4.033517043299039,39.49656927602752,1.000854332720508,1.0172214273172298,4.218188461074988,-0.0077249459936425,1.9844099506203925,69.1754614372271,171.70945464414214,1
-0.0104771930126779,284.1002925054247,127.40058140613388,2.013697690428458,7.900850054843234,4.114257395122215,101.65411926190222,0.9803570139113243,0.958283428027752,6.833453286156273,1.0061697344575649,1.9973241782885027,0.4157527190113583,163.42182182733794,1
0.9774413519826012,113.53004173786655,92.29989129663208,1.993424590962941,13.308131894569476,3.928387959733888,81.5256245696005,0.9739970279902488,1.0018002301034918,2.238483769880005,1.0281838281928009,1.9937256241684371,39.27990009556586,2.529771961652457,1
1.0317138487828634,205.19424216561248,24.96467620587149,1.0196627991842138,1.9761591979538835,3.950886638251812,17.83244478130425,0.0275566476901462,-0.0111223722923851,1.042807656718472,-0.0301049460422457,1.9866306289231448,86.28630474105675,4.114073145862875,0
1.000523369864386,254.50795462122,15.438660015004672,1.9938899749927088,8.073933631221495,8.082235304920381,4.99074373683208,0.9985165296416842,1.0287409867342534,6.777711671597466,0.0449578778347257,1.980006653880384,76.20364562702287,143.54879819097957,1
1.016225961863608,222.9117042195711,113.07624350182547,1.981940029708941,7.003993108764782,4.162042431195588,35.67125175020569,0.9796647151662784,1.0130249500541413,6.112639345080244,1.0096563477993794,2.005956695141704,34.70038058978411,161.12945313350417,1
1.0195120472093286,199.50753752625417,1.6194149463119487,1.9962136123843852,8.073668928090145,3.715154183041406,1.5486363228589397,-0.0028308007710712,-0.0012523398800123,1.142418871557227,-0.0018626076083438,2.9829769139771,64.67394854131224,1.2453694625659324,0
0.9849378845259384,164.58074473740723,70.42657458599221,0.9866853879570132,2.8311142566128025,4.881703504793288,102.93167280494222,0.0171967691589888,0.0241588500616985,1.007924507929113,0.0193514618085502,1.9737042617560536,2.9901388183919764,2.6433200515017816,0
-0.0175683535384274,269.77882230401065,70.44080205432233,2.042995802648188,8.010381406003203,4.024425111593035,51.77561578268549,0.983668512992654,1.0053257380823923,8.793481193022007,1.0226212271863084,1.9820439534091443,128.33968647287486,205.8713915251552,1
1.0420812828303256,27.94901133621481,156.62269891857432,2.0054038304093296,8.025255713074664,7.87544719690877,27.836507743121494,0.0055237123099899,-0.0102923051912927,1.0680670444414293,0.000530802007299,2.0115510826308105,108.5290288214386,14.607120397387,0
1.0258082891214564,194.28598401479377,89.34701784901317,1.0078001808038324,3.128358592250671,5.226703607239997,111.76249747088022,0.9605340275176404,1.0110486446101756,8.230093307710307,1.029961107181093,1.993630863310416,70.68617157955143,4.36966949574601,1
0.999669840267272,113.105306209311,193.6996824629656,1.9995181564656923,3.2474104966103736,4.998042954359362,2.9703833213312407,0.0234723635731871,0.0165000765500244,0.6398633727099714,1.0278170185896196,1.993163614940046,63.65035018543068,-2.532353618167022,0
0.9697873797517336,95.2251711404174,19.690665031124176,2.0261177440306346,8.29738882433167,4.077597158565538,8.521468522894502,1.018700204370592,0.9835072131010252,7.96911256021595,0.9794696496925136,1.9813564944303423,30.76910953062654,214.67380614549467,1
0.022448429404498,329.20300482827525,3.7489480147932,1.9914109937154267,1.32087827778307,1.076509579595172,-0.0113339207102285,1.0325777515574384,0.9816825586063292,2.2034086934612147,-0.0338516999321761,2.016023548962824,83.06352216153311,46.26435164694237,1
1.0298898978033266,261.3657466989044,209.6993586364132,2.0016288545307304,10.831385511557391,8.126315357351503,6.000962392727551,0.9962121644601124,1.014638823615743,1.7974283169528706,-0.032114779195531,2.006096616612917,163.46433899494545,43.004633762676455,0
1.013716680377418,162.76250364850145,34.871563769159486,2.003473729253121,1.4046533973724404,0.9982482389112096,-0.2582206667234175,-0.0043393855987745,1.0022800981670024,1.9695283234669845,-0.0007810933047475,1.978449595483136,27.7803313844993,19.457596857443136,0
1.0366834628020951,137.6684774439275,18.300840363487524,1.976802536951176,9.182329623782092,4.20879374065169,4.80208272303755,-0.0086447401016374,1.0312856661300729,1.7083328161063445,0.0141169584174972,2.0182363631804363,111.18038286606313,199.9986201834469,0
0.9593467659059532,22.080488744298435,5.642197051708124,1.9899346775329243,11.370070208340753,7.054647727198485,7.317958985710689,-0.0232517917128536,-0.0247149047786127,1.0074190466154058,0.0043098711051365,1.972285597733464,68.58424146115077,32.05111145984424,1
0.9843886550991288,180.20174868618744,66.41473605576495,2.0151411583284844,1.823148093668097,8.140133368058434,97.23137790361902,0.0149734844230513,0.0050547559967715,1.0455775878005866,0.99803857160696,2.0095668083374063,101.07179188454846,-2.081942495252548,0
0.9739710050927524,332.4330053199852,121.34589304792368,2.0102521318229,9.940738259583147,8.935454130762443,1.093577955269282,-0.0286432153910881,0.0106069007503105,1.2280586144181995,-0.0019730931818796,1.996974486493148,1.861092447462852,5.632360527020396,0
0.972320017371475,273.1768359325458,52.18886143479243,2.0246270282681804,7.021792860889095,3.958179740345303,42.91862999001307,0.9675076364821082,0.9996597708848032,2.781747264450547,0.9901488933563932,2.0138145582817035,1.5861221743032203,10.616582447898928,1
-0.0082287714561321,259.5814037504053,1.043102440923107,1.9832299498743025,7.640355946053478,4.172810178714949,57.02425851953443,0.9591035686977109,0.0222172284218481,0.8531299927194729,0.0271576947509191,1.9890505527351416,-0.247221710039831,2.252469320312251,1
1.02871474461936,185.2575828463843,61.90608590284165,2.020254031305945,8.09059727239254,3.9382313476357416,23.12816975423837,-0.0185955538554783,-0.0013531720568538,1.234969659026881,-0.0258228343094782,1.9987381331683611,147.55677329076644,8.350956988592195,0
1.033395796718785,339.5720765409565,163.06579414521627,2.010092633612006,9.845779548646137,9.116096527268429,131.6563499965103,1.006404574134495,1.01699252494166,8.347278410257635,1.004258757957287,1.9983123273236088,8.478860979526075,4.51425689279575,1
1.01170681095092,62.54838205725012,37.972970990073584,2.0038439453110155,4.118175240441994,4.044389309540932,2.8137937271419915,0.0410098688385888,0.0077021434064571,1.088223735477611,1.0260198824324072,2.0054134491378743,113.92931776522244,-7.856328230254505,0
0.9559583424050604,201.1543917537109,26.165104153309244,1.9939540471118704,3.9545770812437313,4.048576413885012,35.04155828552579,-0.0406572616971353,-0.008612347720514,1.1540259073511645,1.04203951407953,2.011677035809233,79.61442363252945,0.1560148606796545,0
-0.0174041514059608,84.77354385059269,16.056833002601877,1.0003159062642286,1.105341490465694,1.09034532299673,2.6129403169458385,0.0004432968114838,0.0045550699806075,1.311861060696686,-0.036902185879906,1.986397400690976,44.46663235746751,45.008078548999485,0
1.0439319583435167,71.31610585362112,7.705579433868252,1.9703879730402267,7.913321944682995,2.93307526374904,54.66773173552981,-0.0146295820309625,0.0187519096122658,0.8688918836480317,0.9887245734853868,0.9963339796101336,3.960337127215993,-5.864167100338264,1
1.0169504888619891,50.644726661105466,55.06708560138142,1.9984440359608944,7.888042288292638,3.8110726812201903,52.61649212025608,1.004646316347968,1.0137922277157545,1.7303854246197916,0.0160683472208026,2.0306739936526768,32.180893185574774,65.7760243089286,1
1.0112025294469067,265.69753523908986,118.9202578918284,2.0113573215066265,9.12825375980754,3.9857114683507673,89.63230223602835,0.0168499017912465,-0.0139805231662947,1.1096427081212106,-0.0054506675990014,2.00355388568653,145.2129849516897,69.13956229015119,0
1.0059948230641962,70.03924031824941,-1.0968453745567075,2.0165856905195145,7.948531145661101,3.9490275670277097,3.542775102867438,-0.0261540070753034,-0.019743166788715,1.0426101031293769,0.0097268264934028,3.0074103134191503,67.10116606644863,1.7212609027479289,1
0.9755078607305072,25.508119487586967,112.65251364966151,1.9994207850096464,2.0396296621520937,4.04985273820329,13.861334365788114,0.0366020785658018,-0.0066221102225402,0.9126322130288712,0.0120169751952081,1.972581228594972,36.17715670453358,4.563371776968751,0
0.9920232018388242,173.0044429170273,200.94505232231376,1.9879605068139463,1.9874219743217976,3.997181588869405,63.6060652133864,0.9807924338361635,1.0249963795597306,9.915382213483582,-0.0272705527462381,1.999355922318948,87.27211121206226,125.83490627181544,1
0.996341381105556,48.81073004132743,38.076560592940645,1.0095850005062683,7.916269508698996,7.877998799973749,31.680384093007834,1.0043100554005673,1.0390604910033958,4.032250214459761,0.9970445387705352,2.004267333540107,48.011426661510015,79.79682304387927,0
1.0035251006161858,285.6897419067552,97.42097665569868,2.0059582737687043,14.089269471161936,4.892735674790233,0.6641026683294342,0.0395281587221324,-0.0228432482856627,0.7895675939701285,0.999025986377603,1.9986534432742795,153.91896743404214,-0.1076985945820041,0
1.003547522488404,19.928134245226573,126.3411453765249,1.0104903235473124,6.851467109161054,4.009408013529305,2.2251032534992348,0.0303353613650624,-0.0148510938605239,1.1546758421397088,0.0010426586796252,2.022268823389608,47.97658480341167,1.7154519986367305,0
1.0208322083636612,142.1734444251659,19.162165513070207,1.9995596005015552,7.805179259499873,3.792490855604592,42.75228321060374,1.0361538817107592,1.0414250950305906,12.071634748547286,0.0488765465731999,1.9993588972519984,12.198162253732818,116.36107634767812,1
-0.0400752676802883,317.927014559501,13.22602708558992,2.0357603018191988,3.057977287824185,5.05602889912614,26.03183166134061,0.974367648334365,-0.0121240900195621,0.7557100181546383,0.9681453889530228,2.005998040069039,85.4101350611828,188.1606577313056,0
0.9811675338630832,25.68407104205653,84.14775509336785,1.0117176630255544,1.0426324111732672,1.0960765376795236,1.1594907081363388,0.0097897285046052,0.0075157398170826,0.9815478749670036,0.986776420535993,2.033056905619,61.95787487339204,-0.4185461526229019,0
0.9769004236835556,228.45998985883904,50.6666819133674,1.026392972532098,7.110355066328718,3.9288123032363873,6.27972454071805,-0.0560323534854545,-0.018624910033763,0.8339245513265419,0.0019510876079361,0.9969718144974372,130.673790769526,0.3653981200012737,0
-0.0111441967311632,306.53324835063165,117.96277922893506,2.017215363518321,3.027370407450353,5.128218723288353,66.46414489752246,0.0116777920217938,0.0125136016881975,1.3026845054181946,0.9574850677937112,1.993156045812383,22.956539521262904,6.614877808765847,0
0.9770012965841774,129.51256865912,25.572843172275824,1.956952497699378,7.136300284852582,3.92503129266534,26.583693480078928,1.0276788753627524,0.98468053148386,4.118991608198552,0.9835295798407708,1.9724413559808656,129.2843313422137,-0.7102693049162454,1
-0.00148911956802,42.02158241300168,4.033404561091999,1.9945029865948083,11.157205538894347,4.022995562909707,26.42708013529735,-0.0281003197197521,0.9760681104972392,2.432064020345803,-0.0044299094055441,1.98843279160099,89.29988088445275,137.0235617889177,1
1.029767487546665,335.0859640374058,16.12994206946405,2.0116275946949536,8.140401161696623,4.044605420231688,12.940430871773376,1.0134363880977904,0.974415297290034,4.047425642422797,0.9645326087880012,2.006663510456222,61.14011469663012,-3.6586798849125657,0
1.0105181397770162,97.01443372678162,79.79742268698345,1.9949326038512851,12.966106185372052,3.973107788045103,20.215205034144915,0.99754149809841,0.9939669719665212,7.577207569253563,-0.0222760658088685,1.9960723604592128,-0.5814642269979302,228.0185244650865,1
0.0135564105177529,102.3979810387352,55.047776090248064,1.9775398595662312,7.895522241947326,7.93820120931695,64.4270496198563,1.0243733476963912,-0.0038373116525316,1.288436651152682,1.0340906549308198,2.0036339026270515,115.10485184310264,7.721953251766301,0
-0.0070098409524083,157.76145337672622,82.52185106851722,1.9910720789507803,1.82470492556912,3.8527618326071615,62.16150182342172,0.9907243380144398,-0.0021049140214178,0.823561759181958,1.0162109093409135,1.9990214017634027,103.33020328341968,0.3356465001098669,0
0.0238019825731867,33.7834386105404,151.54067003445056,2.0206851565486312,2.050174836767624,3.9441079627013793,12.266624499066936,0.0027623526179361,3.314252541586349e-05,1.2969097412757868,-0.061054954092721,1.9788342269289536,21.262809522442183,32.6805946093337,0
-0.0260650631873535,99.98397156492712,63.35377649384877,1.012826586927871,7.938413921824198,3.9646855497643454,0.1733130116079735,-0.0387044544990958,-0.0039731336445395,0.9179576738718188,0.029184458174642,1.9821334796169463,36.66919289415917,-2.2632414299805177,0
0.0109196978411064,68.01010378019261,124.08320573895816,1.979395958358622,8.161660979991806,3.995030195489613,4.664451779413362,-0.0170049218914,0.0302408519879388,0.9688508114533944,-0.0106702978153256,1.99474270858262,54.2274180212402,2.3273358172319973,0
1.0248485671522565,253.6977132832617,40.01862100103057,2.055817654410687,7.04105330689221,4.14266732000633,123.1661205252646,0.0145038047233542,0.9985954076784884,1.9656501930609491,0.980581907397795,2.0064243229257706,113.0364943530397,56.41748384972942,0
1.0145583189370004,73.6155412914876,159.3160008252064,2.041158006321512,10.833096623015294,8.000428798191626,33.027019718032335,1.010050193346381,-0.0106234597608376,1.063444799567713,-0.0042061257168092,1.976381729655984,32.022026011599834,-2.9973827137589595,1
1.005721088558093,177.93812111318,125.0845304029299,1.9864970539366944,10.03338877287684,5.041338432028243,37.504144033979,0.9981329469962168,-0.0023251590180038,0.5534562267298897,0.994529579582262,0.9976512726739944,135.63039066009338,6.142767153837532,0
0.0441957197962988,152.16603543788918,110.68141111214632,2.018982095919274,4.1418935940087565,3.95887755143296,93.49471696618174,-0.0067185252995046,0.0108458611251112,1.0688761373485272,0.9904673506266974,0.9801538059708832,32.33719876335782,0.2580691986171075,0
1.017118673936711,250.2329117257768,47.26293276222805,1.994901868979708,2.7768881790178,4.904904860991631,72.48810858101004,0.006029809028397,0.0356400222554946,0.9915747486214954,0.0249981213459572,2.016113991209691,75.4663214948165,3.1599847820281184,1
0.9820119830742268,258.55978164704686,93.37364851289608,2.033453856753591,11.21253324272553,3.99685594061284,79.90507589429723,1.0383563609766473,-0.0090517079834093,0.7772189907818481,-0.043897041018437,0.9903558552170804,-2.354157873718137,-1.262158520685496,1
1.0066940158341762,248.044259477808,32.21318348538746,1.9897414416036443,14.297069288013493,4.054446314769784,59.21581295773457,0.933398802009014,-0.0016520885527868,1.4199220114980613,0.0330358930395695,1.9724232802761128,152.27729123261673,120.63594000359376,1
-0.0013006455577441,144.02471528811452,25.349366305137032,2.025944610467077,8.939415680224561,3.9787023355535034,8.20577328791751,-0.0146139698997259,0.0145606362253203,0.9822803020312056,0.9758508063427054,1.985714597681812,105.3366809544242,0.4318587929110293,0
0.9497295871952268,333.3712797581446,134.75072437487785,2.003031794639888,10.105163652030232,8.07228149445685,101.49713346928942,1.0249077853663402,1.0128397626355667,4.354948569714399,0.0130119738924721,2.029331659657653,3.077740600918233,-5.558696809248275,1
0.0241463251447113,174.50960496927271,49.97523704177493,2.0053006174920807,2.1995961509363644,4.054840991760786,10.684921586960936,-0.0195983709468224,0.0034186499290727,0.960697045287211,1.0118980100348445,2.011785102591149,2.4029903045395216,0.2217282103547404,0
0.9938239256726308,185.48549013225715,118.52638841005168,2.0405981449750508,6.254892162166208,4.035286108446949,3.954087756758085,1.0210823211099258,0.0279510118455558,0.8327298525771734,0.9980708799723904,1.9727984869665132,144.58968999077877,8.500410946525953,0
-0.0248150000675038,30.54168870191529,136.42422072527455,1.99797452827764,5.676525702269936,3.853965046737087,23.86484877683289,0.9678490665947632,0.9728698496391734,3.3702747532151536,0.0723696436826745,1.9825087181438044,25.150878064607,125.24056992723813,1
1.0135040659660377,67.35901508786294,163.06389752791114,1.9963560036674732,8.745535054914436,3.991247389836472,47.53733691559189,1.0462118041624486,1.0021272777563044,1.5294896493822785,-0.0023413201436452,2.040900310540984,25.997699004027574,87.05475599723447,1
1.016672822334923,85.12201212651186,12.196442628560815,1.031182283846288,7.918906849709407,4.003196113195866,2.4881114096449366,-0.0154749795998975,1.0116540541118275,2.8924696600285955,-0.0102545369760625,2.020344012790777,37.60057855816025,-1.7635018998830532,0
0.964948601114934,237.23878054411705,100.42017871690668,2.0263957585083654,7.882312357654039,4.063729167257849,84.02288902663015,1.0061920193360685,0.9965024328283828,8.175985865506487,-0.0133229642309617,1.9765224322963169,-2.186548704335962,199.0681583943132,1
0.9840647117940888,53.25860511155355,29.42576207959992,1.0394602535347366,8.04274027992662,7.839377474201755,7.759051269668429,0.0136269149436808,-0.0030951740133351,0.7554102861991852,0.0437958176050556,1.9840268230372675,99.5236327609986,78.72660704708623,0
1.0150591721165712,320.01508006655274,176.9168730626635,2.014528206578708,4.083605318946466,8.15029950119958,109.03305354685082,1.0264360509577042,0.0118010183849739,1.1975286281401931,0.9679359530874384,1.998182376860724,5.910112104884,181.1146715282444,1
-0.0183848448898673,47.529874618208325,123.29089255699463,2.011591214328586,3.827536675782341,4.091404163926151,36.38566065465785,1.0265347562025098,0.972230729047454,1.8633789752186012,0.0094896691758482,2.0174753138825,56.84292787714851,83.15024677106372,1
0.996794771816612,52.41809027321514,102.43303785030211,1.9873248930491607,10.790886480305906,4.176342397131603,11.589423882316016,0.944991935478352,0.9625555064290168,1.9733224995156304,-0.0117692045716066,1.980227208665008,57.484304014100815,2.1351817216283777,0
0.0122700141415447,188.03880368110083,46.40889015660842,0.9583960266148434,1.0245519746289231,0.905127454756654,-0.0497639159210763,1.011965217208885,0.0350592390703862,0.9923280532275752,0.0138025981688992,1.9784341797812304,107.56613726783516,0.7824145895429098,0
0.9998066052964096,197.17576228110693,67.83656057289164,1.99400022542738,3.822408959778079,3.972317296091127,81.40996374126448,1.0081133787081562,1.0464636928919284,7.865164997168145,-0.0018304652690586,2.0063619549038934,48.945990482572704,163.1816960221168,1
1.0609879839892633,-1.6668142527316263,91.39316180482656,1.0005757255552157,9.195272163545868,3.931466336238327,44.13580430298947,0.9936770470844504,1.0390583106481084,3.0884242752472475,1.0233157553724057,1.9676907163569843,37.80268337998115,151.49117181854987,1
0.9788959871943586,37.6481752830906,9.674672007940998,1.9755401430127948,3.918715574240132,3.952765278166158,6.780512651365978,-0.0078862425493548,0.0291502271638435,1.0401612898033643,0.0615765253140457,2.0025456569580244,97.33115571187172,103.01501111582088,0
1.033361948756247,115.372450138824,20.192604149116814,1.9838407422350617,3.969663731422631,0.9137104024126304,3.243491230909754,0.0077768569056377,0.0090794568828623,1.273775162595494,0.0288062212530614,2.0114264282429395,28.721728998101423,-1.5267883725016915,0
0.9733690611034156,123.80173264677222,6.315453170208599,1.0012521728313553,4.100984261813226,3.9813185554602737,3.5048655155614554,0.0039487237856666,0.0192388983098706,1.1626722150131092,-0.040353476259321,1.9664486792804567,78.3098612369308,189.31395721272727,0
1.0002523061937405,177.7379307641591,64.30594770283926,1.990341700541779,6.2722886308250985,3.989195873725581,41.57368187402595,-0.0128935517330692,1.0272188316535158,3.136185005722131,1.0139586524549369,1.9961552542012968,166.32208018890657,-1.3374896872701214,0
1.0086037701173811,179.93088778357532,44.32285251319265,2.017485791211364,13.19663054196408,8.023181514608043,93.42546682267051,1.0067513088624729,0.9786442424975268,3.970261993922994,0.9962004316306248,2.0057240023557745,3.3054313771702013,-2.844727531386546,1
-0.0349924449446483,209.2080036997577,176.23789489454325,2.009735174967055,11.57356626919842,8.032356121078493,121.63612440232478,0.9951076803490476,0.9758877269717432,8.920203063535729,-0.0100291196052856,1.9912358300177,-2.2126818438689355,226.7841532083767,1
-0.0025630805589264,153.63776235204787,45.25254283200453,2.0026038177262,9.02406449941921,8.081999345617767,1.8923946118388808,-0.018212555897113,0.9897475707033974,4.127780107804197,7.456743853390124e-05,2.0050792745792534,2.5450932650785703,27.6385317261797,0
0.034193186219358,61.855731294306665,118.87467916069652,2.0298187356848545,6.123849700262707,3.954919824380773,56.11726030844551,1.0286377681880818,1.0015971570815985,4.502731167586696,-0.0090951461339437,2.02945498499175,23.638463744933432,150.85268562177902,1
1.01195644274989,276.632163827613,21.363720624618917,1.967658482091993,2.9012242346495043,8.041952720540133,84.87242955559448,0.965052500468897,0.0095311972597505,0.997980850317674,1.0476887588625257,1.9962193404091737,109.69322499578722,-3.602214087128111,1
-0.0014251929877707,92.58581456495284,72.0024099511236,1.980880582336907,10.729726668422725,8.06299798615116,42.57802948853702,1.076405980620113,0.9731348221767152,18.74654387457952,0.0127083316587598,2.022832378841241,1.1489331972271302,117.07845176463825,1
1.0074941415575,185.10787937156363,14.634695431442395,1.9770600212638552,2.989890350890806,5.112752013287,78.29529729441364,-0.0355058463887035,-0.007726441945094,1.2737624530797076,1.0126570236293306,1.002915242407623,135.49805465898152,-0.3940100963608941,0
1.0180079524282668,116.18555896603952,45.685067100864806,0.9977929285267976,9.005810577494017,4.0470525728501565,14.601327651777964,1.0047388096572842,0.0163900654813233,0.6600494598358528,0.9879204033315652,2.0183459899188048,92.92767356824793,138.05821967702727,1
-0.0405812692351333,9.189158821126256,134.43896493698995,1.9920613084870156,11.053702227531886,4.111397948118357,3.152719469592107,0.0216710452161886,0.9833984252856076,1.903727601450817,0.9800873123629384,2.005115661876065,3.670087463698188,68.33128017925269,0
0.9544581513905096,30.45722896613493,1.021693367730549,2.003625973060684,11.069724619369248,4.024312700422557,17.520183256668833,0.0071471750401284,0.0247863202971446,0.9807500326052008,0.0079117719990398,1.9972204990732876,51.50867959631471,3.899160439805719,0
0.0128511763617168,200.73548554269263,30.64936168904414,1.9651705332859104,5.568571111977272,4.093846294210996,18.21211149232179,0.988624057382586,0.9657048856798228,4.715786194722334,-0.0043305616295793,1.989107541966031,1.8715393741751212,176.64367275531046,1
0.0025572687754816,100.22384250325965,29.960591114603996,1.951429215894929,13.96489440220411,7.983794403111163,30.8044988579721,0.963610748574752,-0.0096638233665121,1.343856240683944,1.0112096451927084,2.0084101642192,53.26421299270004,221.1983937330769,1
-0.0095844005550042,46.85781574466655,19.902239314923044,1.985386977345815,8.976003582197368,4.04119585529822,40.19797670731398,-0.0393041371193146,-0.0214139593698055,1.2582841109141372,0.0018628036015037,2.006734653093457,76.39720540331274,3.6046268119416993,0
0.0202756144100377,62.59431472179942,169.96407529453288,1.9863503744692528,4.154189933415551,7.995804554774265,1.101048934419616,-0.0420762487852326,0.0205762300431021,0.8897834643570426,0.0082304617280823,2.0185086041178555,103.98183398871416,5.836055725915308,0
1.0077200026963646,325.4844779845222,213.5592669896903,1.008490652651933,7.494022122515423,3.9961248475524345,131.43178925122206,0.9795595771814096,1.0267508202379432,21.93423762368844,-0.0044212342622073,1.9943685773179631,-3.4198642598247986,11.888492130390212,1
0.0241998547143684,194.18787274404963,40.07823792759136,0.9724412530433856,2.962284528137268,7.937666761419761,13.268711794888793,-0.0187272039231813,-0.0071016429532504,1.10728448755009,0.997023274686015,1.9721652390186528,51.27956786726813,-4.51863712669433,0
0.983207427868803,10.770602637081396,10.770993505464672,1.0174427174435912,3.979283789360707,3.9093250239755983,7.687462480864273,0.0128557584443372,-0.0292805979933092,0.6681614221248164,0.049642255426877,0.9904086836802558,68.68328645082286,-0.4448396938705912,0
-0.0374895744849842,18.51664180086772,15.998616010634862,2.002302500411372,2.7645792249231347,4.052380038969482,3.8176745132086296,0.0025015464286541,0.9929725108679316,7.388033311916506,1.0493811203839936,2.0006944333768426,86.14752215070308,28.643611230102664,0
0.9793854020839894,201.5594101409777,92.83722126481769,1.9960116750199104,14.156216687379423,7.930442579375758,96.4314274291938,0.0205336152658236,0.0260954538754346,1.0283294675593386,1.0807446956709703,1.015744000946465,164.74911472827606,-2.1814604788336,1
0.0089237858882984,259.70953989175604,49.24003365411558,0.976462668978666,8.297044964554328,4.010044101240675,-0.1312386118649513,-0.0155181470878378,-0.0160567464039311,0.8570920065043546,0.968034835734654,1.977598989667076,48.55035176200285,-0.1535764878524617,0
0.97786494175249,251.9225280923773,37.66909179593249,2.000918970367951,8.712619702797326,4.05415068018706,84.28036503108191,1.0384548658051316,0.985005325234804,7.21190025115142,1.04423533997802,1.9872955686812013,151.55448233836069,229.4115326972164,1
-0.0203764522389229,54.107764772464975,99.50949411416948,0.99595503160267,1.0592191817748473,0.6606845560229466,5.376708332538144,0.0141449807794525,-0.0147353500537215,1.388508413416938,-0.0086550391256236,2.0019784909128493,-0.1232094811430783,7.000228624397337,0
0.976448752199092,10.749345834991686,71.97956263359349,1.969298251236189,3.922236212471113,4.011825434291833,1.2747688939157769,-0.0067771124096334,-0.0004922888618649,0.8678189011180804,1.0172154200714394,2.0214388985673164,51.929214679061445,33.762297035029604,0
-0.0229624844400434,83.28345665145952,141.92439761533666,1.9972122863314248,11.0129029063275,4.0568567181808834,108.2363908795678,1.018472415292578,1.0202673173836372,6.524824424432927,0.990630672314033,1.993160919994619,39.77310967780341,3.9750826664350143,1
0.9798384208363196,110.0060698264736,13.034082702886607,2.034470959475815,7.993872777764581,3.884336875591684,34.770662979011725,0.9799810921908604,0.9684709668155184,6.019114667916306,0.9694107551739608,1.9674475194424048,105.1245280840392,-5.548185717527623,1
1.0066203914109424,91.1983797080844,50.10429086593348,1.9851665059066077,14.110766699336,3.932430987010192,42.83628968680852,0.9938635904440338,0.98393136574508,1.74736573629451,1.0063077096402255,2.0133654518752304,128.63023416646968,29.131699894363283,1
-0.048635274544887,97.32776393635577,72.07569996569345,2.00393069146532,14.387610853019506,8.12349343635489,25.42498337205561,0.9759739512188582,-0.0126894672517776,0.9808817547027746,-0.019316571357732,2.0074718465430506,117.82297349990694,-2.9528618871068844,1
0.9875018753520836,199.12802123824844,78.58957229323177,1.9822172389580297,13.924449537186469,8.008918385875589,75.80775279021944,0.984901298044306,-0.0455733266914121,0.6136630040791133,0.968626104121834,1.9803946390086904,162.64349284859622,-3.3181525276991053,0
-0.0207286484681035,27.614594469572907,139.70188895246733,0.9960613838627116,7.881446523586709,4.058601638899665,25.190328505329298,1.0244784050691076,1.0069551153946474,4.859390320478537,0.9784281198358848,1.975403172628286,24.670383212559464,113.71209632962524,1
1.04037749458569,37.4177913844381,39.27949612086967,1.0167030831227275,4.080009887367412,3.962556073540181,3.7570946473050313,-0.0343354110895726,-0.0058914792580863,0.9463030999544056,0.0057837052320174,1.991709063174222,46.087290800137566,8.67830294359485,0
0.0341786227097904,309.4802946359208,123.12072933348182,1.9800901494467489,3.928263403524599,7.862959715899898,101.15287809763026,0.994450410269731,0.9636180519644229,3.795285250031205,1.0078101069984855,2.012513080920464,36.6041352404652,46.58349114070236,0
-0.0142900341475796,173.42396403589436,72.18162468263212,1.0245945111479282,6.11020329671479,4.002021531918139,45.19407003231791,0.005665722661439,0.0250530173346847,1.086821978245315,0.0041536267882203,1.988101563668666,64.99957959625736,-10.375446607169645,0
0.9722428219956598,74.42670493281554,137.57397600100887,1.0350827204683126,3.2347260653134398,4.991583752728897,7.117427603098054,-0.0024018253495015,-0.0384278981573426,1.3030069320255573,1.0281207350477024,1.9995321126843013,62.17492525471867,-1.1291497933148094,0
0.9935734540998812,50.9413627422198,131.4566203680867,2.020805933407489,5.690301914549819,3.9666643412286935,46.29541708946957,1.0146397891495296,1.0175929410720226,15.159918497631203,-0.0086872721873874,1.9930971697868165,19.978352219020508,67.30516019503938,1
0.9880771459203022,165.88004550578842,47.409527575221,1.0295061701657875,9.04847808224314,4.0081016375778775,0.2999582766477786,0.0002979174304825,0.0003229026469081,0.724424830987886,-0.013440450244222,0.9951734481755232,53.95341628054117,2.67567786054542,0
1.0272527593049448,197.86402647081823,61.610917528009054,0.9975343954488785,9.03577646286376,3.8860623809967305,64.34630454744132,-0.0351963232444881,0.015022014968557,1.033452344012217,-0.0409989629422902,1.005247308010679,68.86969959889748,2.875677404209256,0
0.98480098989162,208.1773130882456,66.43610046976276,2.0336449659658244,0.9230618349948508,1.0177796642054626,2.101042152310597,-0.0218254621271376,-0.001802196260973,0.946263310252318,-0.0127998757161841,1.9934350136233328,3.5641239991311053,147.82599334302935,0
1.028711284556867,32.49052467743684,86.29018929597747,1.0227513330124425,2.983063045173141,3.889621946016319,30.63153228175912,-0.0269358053911813,-0.001600424891864,1.0698834590936426,1.00666675937028,1.9971671601720664,116.57397276892888,149.14669983414345,0
0.952201181981756,296.04166441885263,196.74869067904436,1.9951256187159256,1.1572061139397434,1.0619455100116868,-1.3567767794987518,0.9707898535785626,0.9829649692973028,2.0375363518294822,-0.0506185476561331,1.999802574359304,29.7181052593492,-0.028024325507026,0
1.0057005575758446,268.3370204382627,164.75361061786862,0.983080605598518,2.0454284642384346,3.953203138359145,34.93397900489022,1.018528290389554,0.0202347809761732,1.1912730428885547,-0.0151548893207568,1.017607670032879,-0.1381200375390889,3.3735936502236896,0
-0.0157898549745335,85.9960556907026,18.40669729791273,1.9670028081355788,11.071714862961466,8.01020851227287,36.73237351193559,1.039664178718655,-0.0153909587052157,1.4153033797609404,-0.0056158404281482,1.9809343711024208,98.16122313136754,137.0909508682458,1
0.9658815824016797,12.864697025694142,206.88738788710944,2.995534409502586,0.859947129070127,7.070381373423137,-1.913516733340046,-0.0394504736605166,-0.0082590926048343,0.9645928903556652,0.9637626076675354,2.9909413474560047,142.07525847352144,238.57149560539528,1
1.0005996827246924,212.9938424546231,6.6922046521177805,1.0359696173205672,8.07982641850429,4.045245735176474,37.093293508896686,-0.0081884564339365,-0.0040105683648081,1.0272984125232791,1.0428004852540438,1.99642111582736,84.12131485208424,51.85684657079111,1
0.9818252247213968,71.59189792652973,16.96694152606294,1.0166690194274524,13.554903043938964,4.127064496677265,4.6659891798924775,1.000745042161825,1.013821792050794,2.112582365935128,0.9839872831883127,2.008168438925105,165.13543023832335,37.788923264772464,1
0.0112042159973374,75.48792216755093,64.99884414690843,1.98821739565796,11.007583141729944,7.9938765082916,54.27811660213233,0.9743980970285674,1.0251560020246415,8.093999945218066,0.9671933925161132,2.018039149559964,50.15145367188923,196.638778790994,1
1.0355426248136963,256.6659742761572,105.65920025467584,1.993400590439765,10.889313323612503,8.169897781532162,120.3924384230045,1.0201003631974532,0.0030608400243208,0.8817734560974788,1.0002736005663515,2.021439135846477,28.280292904539795,-5.216271781823899,1
1.0320179360974118,62.51312258258311,10.761813174647456,2.001227532677569,8.03693603079559,3.897045959079515,4.267713912659211,-0.0090157496239202,-0.0332144379514513,1.1353541688021012,-0.014043251301519,1.993932830442096,115.93336874731092,5.487403555702436,0
0.9939663660323466,288.41460174771623,117.06804650124434,2.0013852795293667,11.115598147866026,7.976481189407011,95.17739509737896,0.9958603360902764,-0.0001839458929742,0.6491961174903014,1.0114980104201632,1.993266631681329,116.90889379194172,3.1467757301925303,1
-0.0006559413189647,7.934071866504325,41.70918615574186,2.010241031985206,11.002701582317698,3.921361920753407,7.235838872393476,-0.0017430920860376,0.9670151035168302,1.7033202996421886,0.0140788306320698,1.9611542692005988,34.47364311829901,46.26354611266517,0
1.0153072442402502,211.59194371140472,80.75076179748446,1.996170897621765,11.188337834604049,8.042137248841962,113.5227104904486,0.990659780775624,0.0057493426622019,1.2404485773779337,0.9986494104277172,2.0079303401792843,33.10689876222182,127.45257653642756,1
1.021498283140264,293.7147736490508,152.17391547733098,2.000309199308298,3.063952047732758,4.948260033032965,3.5105625943052416,0.9974150681284176,1.04388627224565,11.840677876680624,0.0185049593618823,1.999109160174303,0.2442795287790815,165.29664367554665,1
0.9940244853639736,116.5538282271496,50.71530169061804,2.000743724514745,12.947957171991767,7.989430269226835,44.4049942606709,1.015403762949385,0.9752710615327632,12.790042591730897,1.027519240191352,1.99384388367338,156.73299359676224,132.61197995193072,1
1.0181627624126246,120.24136537530072,57.57929781541029,1.9704975235662952,14.060429472454926,8.017792517512117,24.881351265142317,0.9994334783412356,0.984600811426363,4.783972441704032,-0.0088090812916424,1.9835176455933337,45.74431821841816,219.82275423757724,1
0.9939061169981253,225.8999574323108,154.69605665402554,0.9977447059577884,4.250989019825766,3.9764421305301423,0.7677384846513249,-0.0200593954777453,0.0136343099062177,1.0797245131547135,-0.0390378055283268,1.9891856947307396,51.65864560159945,-0.327428544286775,0
-0.0131807634354544,144.636286406135,35.449514630688704,0.9786728977265562,14.012103944242169,4.016956133092543,27.69656438987553,0.0098179472535421,0.0114069433275852,1.0645626059279023,-0.0046889094142746,1.989306975715272,98.66601405287322,12.790051675531217,0
1.0145665180848535,76.082016987641,38.65645139152278,1.9767569189311212,10.988765355101064,4.006359265274828,58.05621260935887,1.0145529853819997,1.0020167376175997,3.993470747625485,1.0275068882310372,1.9911897556732887,0.6765285029194956,118.04368641316896,1
0.0245133233177432,73.9185967046266,139.34592129418638,0.995915824669352,13.62186281209796,3.9812274589307393,58.47340144230749,-0.0242189226546434,-0.0043625981680461,0.8605569250143352,0.0374178342269668,2.01118926023757,56.502346232325664,3.2577290682765607,1
0.9811017262699624,219.7638289452088,103.588040870434,2.045555350000146,13.2557204122139,3.974385653430567,73.01605533363191,1.0221687774941994,1.0277570224301382,10.93075199156216,1.000851418905237,2.004488125716364,2.277148310603984,0.516650713102365,1
1.000129191776699,338.17258565980865,110.10471631624252,1.9611453979365192,9.608550793451409,9.136612374726283,122.640509833211,0.9737958047462508,0.9999258006487474,2.20550653000097,1.010442925029332,2.002212944521596,3.525246401751432,-1.6540336401976743,1
1.0041849466170487,187.26791693685223,73.88455418586078,2.034516771928151,2.221879714665106,4.036633040902182,3.2044864372772324,0.0264653333435077,-0.0370573424965048,1.3226954520224576,1.004982436565893,1.960432632760975,37.21484857160648,3.3752153884953278,0
1.018702537198743,245.28533885648108,13.03313594657368,0.9933036308421446,6.862692378110563,4.086570648643437,16.138552289948123,0.0263812233222758,-0.0186811504515486,0.447780238350425,0.9559822904191336,2.0212246384936208,41.07477166090828,-1.7267200971921213,0
1.027537049216161,210.832729872084,84.08351166539778,1.9957777295856165,8.1522243947214,4.867519697845252,81.97230939204832,1.0205708654291872,-0.0149153057859402,0.9209372744555142,0.9537440274712032,0.989862959331844,97.98255105019936,4.379241789386761,0
1.0362010662447618,333.97680311799843,183.29650191077312,1.0243623581909405,8.387729448330374,7.942578430978422,84.96943924885025,1.0455023680135285,-0.0376532077247701,1.2071340438412437,-0.0253677894314527,2.001529894255583,35.44056011213547,-2.4796107939179706,0
-0.0015219913627956,77.75550330624147,141.03580081696535,2.021215158274056,11.0621087743732,3.8999480997737255,44.30438777829436,0.9960537199860005,1.0138652592524728,10.87243495654184,-0.0043080269845993,2.0024506909555164,24.567877045784904,150.79325895968367,0
0.0333303339071539,49.396399325548586,68.11932789825514,1.9603743622684124,11.04694268204884,3.941072303126928,3.339930113960932,0.9984330207602232,1.0152271526428356,3.7071612605518833,-0.0111822245560375,2.0225421013496634,29.52056065960632,10.159074913889206,1
0.955869008602238,178.89494087825614,72.98545026383495,2.047955625262801,7.13367856099727,3.9908377550945,77.21593991829008,0.97611333399617,1.0509504862709145,6.961953092551733,0.052703558316035,2.0208049989774257,66.98600781437972,-1.4188174160139797,1
0.956135486459896,50.00960960216004,48.57484757558039,2.005803690220821,9.075815022883225,4.185100792342316,37.85048166681148,0.0164295033497153,0.0670531553186472,0.956902473217899,-0.0198764737404389,2.006386924306907,50.01224159803778,7.0869077558171085,1
0.9574631826268076,52.38823181181003,146.2902785588604,1.0061632938040854,7.844735333106883,3.857980814453336,58.43264418935013,0.9916639944304412,0.0207334933169323,0.7444832210029602,-0.018865860186958,0.9643529255503488,5.963253396165904,7.531246296728248,1
0.9805373392581778,165.0231595163365,67.38011110779726,2.0153205706614186,12.704045984317515,7.918105285527414,54.24691311313165,0.0071645607067506,-0.0473393642142596,1.209292675617453,0.9864535428962004,1.021070712139656,110.7974652744082,1.7435187567069548,0
1.053711906448136,34.42133898262716,6.244374287375521,1.0076779203819508,1.177213383310713,0.9278696131733972,-0.5496793530853026,0.0114802829782987,1.0244529091507155,5.008114680475542,-0.0320460154179899,1.9796915839896612,9.70925660057818,-4.42021138287879,0
-0.0313975656865623,4.885790423245425,14.732685595569208,2.0530569831142627,7.885563684723332,3.9733427662346608,24.95492654828287,0.0052971367588251,0.0094415187390836,0.989240997442746,0.0270620315976762,1.9907886055012587,40.273956248194665,20.95588753065166,0
0.9634737055168574,81.88436580241655,185.3040890954632,1.9982253115078443,8.074576228382044,3.9527674386793863,2.464817008458404,0.0256330315940561,1.0095851192994485,3.098845759110895,0.0374199740308042,1.984251391146304,-0.2728823926502386,217.5736324956009,0
0.0258331832587463,4.472747982847153,4.76232140070212,2.021027566977935,5.900936957790225,3.996241728257221,23.12972392673876,0.0175858162036126,1.0480093948395577,3.1453805760633697,1.0364156416110302,1.9873678452604568,107.54492518726036,-1.4256677589544893,0
-0.0158125824858594,125.66457539008594,9.595390131323695,1.9989504708151888,7.352193546147898,7.972392758514814,6.24866688061341,0.0009750768427143,1.0102758237799414,2.014101861100261,1.0211212741449829,1.9897651346780272,92.73094486492288,49.68061618131922,0
1.0072174223180053,227.4366169407077,33.99303383746313,1.0043664199494755,1.8528392529958968,3.945549185279625,36.90998741307311,0.033646838611125,0.0445494057862848,1.0903339865750818,0.9906184524039384,2.0372161489048084,137.0141292134564,-1.0744328053498506,1
1.014534206904538,249.26452814648772,5.105451282748049,2.025534733060661,3.0652608397895795,7.976614280860046,89.16428077909043,1.000223056564133,0.009474235042887,0.835344369343944,0.0515767797710315,1.9913463767448984,134.5879194514688,0.3140061287424132,1
0.9720685633075368,18.261127315974875,117.6211302301279,2.0002684680505363,3.088471682337474,4.044449317174664,5.207756868617569,-0.0024594878945741,-0.0104707310880428,0.9839308489947838,-0.0420340682831711,1.9783948675986556,14.950070776622916,46.37788224799925,0
0.9523838162458064,58.20870662409315,152.76174765929397,0.9895828252484038,9.89688312538506,8.035682353796398,29.377720898936165,-0.0563187256866856,0.0100707859351846,1.104637878429347,-0.0049731325225846,1.98286201378609,92.20507082834344,-4.319353787674515,0
1.0255883094315683,129.5557917465784,51.154532180544,2.0131233550377186,3.606636322417759,7.977819480261515,79.06553330680109,1.000459360592611,0.987658252426876,3.1792694427697503,1.0242825509453886,2.019558660128203,66.01609080311927,4.927680419005696,1
1.0161599895194824,212.1245173795276,67.31814471109767,1.9572854108150628,8.721214377080438,3.9157893323171633,1.1085510978854105,0.0011035592986282,1.0097315557010806,2.711697544101763,0.0193594524384581,2.0089743752092586,75.73603460808026,1.3733798586795487,0
1.0002402688976395,44.014471617454376,12.70670413012121,2.038855924396588,10.971192246343035,3.976340116888063,46.68955539152816,0.967119381384884,0.974355465837453,2.8930311369544093,1.0282952498709086,1.999505433812444,22.88248967260391,5.454918433977447,1
0.0341780646021857,118.22463902952865,189.08208180283845,2.0164906062962684,11.256863585490391,8.072474556199037,82.5900803687432,1.0501911307401135,1.0263601493423904,2.8972929610154634,-0.0256495272819241,2.007536774929177,0.3583778094523921,214.1985819324913,1
0.9786385770989268,214.3962880689234,89.74941299207242,1.0148383876495204,4.194673056666533,4.027109044953216,3.6369411381043832,0.9758561683104364,1.0139686987123069,11.004273103972515,0.9328882954628636,2.018555237072158,107.31510757854257,-1.974975501124568,1
0.9765889214044452,190.538440091904,37.30755501680288,1.9782081888754697,3.2503429676201145,4.985816787688413,7.431910822912819,-0.0023811311455996,-0.0008899710724106,1.1291878592717883,0.9334217765826976,2.0030597077325742,140.88704516120498,215.3974680163292,0
1.0600867417266333,254.5175662285385,71.50951037927919,1.993422250423321,2.9097845454990194,4.911404137668495,20.98539977413977,0.9891442063901555,0.0091364619425072,0.9005790995007152,0.0482132902554459,2.0001996985101083,3.976902092400387,77.9495096815319,0
-0.037424612301504,128.84200929794633,16.806862113827336,2.0034582528474525,10.963254818899811,3.913362531629184,19.190565125265252,0.974287631005166,0.9820566064443852,5.114904304435113,-0.0462362995998813,2.019029412438808,25.439287350129028,4.266113000521159,1
1.0426550925523013,36.7356355096251,126.9024076261001,1.9858937193456372,8.370497220346767,4.058862189337828,12.15580342049412,-0.0130419139928456,0.0193233426597689,1.2121861731358172,-0.0017616329942715,2.0006667402094997,2.748638204997107,1.478707386124114,0
1.0157231538729852,280.11587360262405,14.384644273547025,1.9907165270752585,8.380825833676935,5.211251162378751,126.51199581459544,1.0138001647692514,1.029477252312846,19.76069138958216,-0.0326839167686043,2.01875811141341,1.631772658341056,232.1773063100557,1
0.9987577450675396,46.49394636196932,143.42789166987023,2.0119504506597505,9.118940156573114,4.072806346765631,37.52545545198255,1.004840805624322,0.0024818746919184,0.8838943713382368,0.0081091687045736,2.0302873223389515,40.79163469912059,190.103865996847,1
-0.0272960103430401,21.65989350131302,17.242486756382533,2.959881443587713,13.10314089824892,1.0529747264951674,118.5743901900625,-0.0395313046572356,0.0398159252460762,0.8872250173148477,0.9888643141614296,0.9817556913657978,99.4915909184589,2.46564061934118,1
0.972342106518908,190.4016654976197,106.96059176511282,1.9829705584411428,9.004892493435085,4.056793305911325,4.122093163318979,0.0387552580797469,0.0315874703916515,0.7981652742798442,1.0419406943093812,1.992072615016772,102.4093060099598,7.246935420903334,1
0.0273294465658404,78.3056725282808,167.90905142857508,0.9733026061885742,3.870223845620557,8.124639071441603,67.69998071532328,-0.0286724480667907,-0.0113359824314749,0.984640902677377,1.0145883276245964,1.9737263450702711,-0.6962563140295757,18.77837973356042,0
0.963701107949926,217.1733289990109,67.86557389566961,2.002792657716824,13.006556926887203,4.025798700075766,7.427444565152733,-0.0294559570482318,-0.0084634996035538,1.1343732541146938,1.011980595166187,2.006858843382953,7.349299221429874,118.2306124446518,0
0.0429245475616312,53.655019632683846,66.22763081653198,1.979754834973248,3.0773293897577085,4.76689946349513,11.964172582408684,1.011654366542193,0.9675354380117211,5.086062114156643,0.0225812511018841,0.9925153784895446,21.76575277713432,-0.7223015521438896,1
-0.0135283590091048,68.76281558479258,44.77280742377783,2.0534879833153603,11.08233871686761,3.868205071192029,5.596554535778257,0.0127142441775376,0.0331739119394976,0.755512290884822,0.9969026802415556,2.002925230951049,39.99357666687844,138.752000418364,0
1.0132296884246226,49.46073829760208,59.89636973279063,2.011155681330562,7.739871532423937,4.062522516642948,46.079383980139895,1.0002089562558136,0.967984617657135,12.024669144176908,1.0230917454062105,1.9879521493678076,67.59997188915244,201.65123702008364,1
1.0071173303658791,60.17111014773029,170.20445102002472,2.020210435110806,3.6409515027464816,3.870376374537869,39.23204625852011,-0.0078975580157032,-0.0004155943862514,0.828048177067624,1.0219071416901968,2.0116122955650453,32.15225600147675,165.09427262492864,0
1.0050381127551458,51.80535695977132,101.2662229352255,1.0049289797576084,9.01087493067461,3.936190973232677,55.07439674186806,0.9737677572715004,1.0105780337979002,1.93544766261618,1.0438329998979556,1.9865111660558497,22.30460303460228,90.47750674564652,1
1.0044342054790376,64.24491836580955,49.92504779467944,1.026815392662555,5.953529300783908,4.036179550294229,10.625691396189351,-0.0288775862403324,-0.0072669320541199,0.7838854231285262,1.0177967034440911,2.029819282753677,35.28691867456182,38.9582344324086,0
-0.0166740996817315,134.8856488236842,57.45518639968967,1.0075066903586043,10.438469677085,8.041827082408798,47.70372950270361,-0.0041687079615175,0.0202038142400396,1.1260011780968924,0.0311823746513378,1.9922167413413596,89.99602149769683,16.25984094171156,0
0.0383140387559026,73.61506650703524,54.85541552369834,2.05141277023152,4.805409392975074,2.8110847278464965,3.3353213758519544,-0.0206479868172189,0.9994878062014456,1.8818938848049709,0.0066803429236252,1.9858086631137015,68.5850875532386,38.6337821633999,0
1.0096794339383242,178.4053426801593,45.73711225385243,2.0057524644969447,13.850394662113606,7.958653846383868,79.88896805270474,0.9964840150552914,1.026368147531339,5.031656971684868,0.996048164822588,1.984537873262688,85.13845471395173,142.23367248544733,1
0.0094562714086537,7.546349517358664,143.92862641469983,2.0078329545089946,6.102334387707174,4.017645233178065,43.52862130413116,0.0368006452789125,1.03032724442841,10.422075100924133,0.9920921225684594,1.9975417893785767,-3.040053077270777,11.342083943231458,0
1.0056073924976143,64.64090598999486,63.22403584594231,2.0186662956226087,2.9338115550164545,4.032879976297793,6.142804055187629,0.0472106222790889,0.0183691184480523,1.008897271873749,-0.0013470949186227,2.008321831680476,52.73327732212668,11.688796593777454,0
0.9954308148515216,96.20393326543524,171.1184919261376,1.9903935035513205,4.038744640591951,4.157876518162394,52.40292639681584,1.0345557875333842,1.015849111660327,3.328042458211398,0.998529168525312,2.0356856008889643,36.88075565279036,3.216120483876985,0
-0.0129685099225523,137.792970527624,85.08300017761923,1.99346918723328,7.939611960126632,3.94941981127545,25.01266583341792,1.0095620776618297,1.0057275554208365,2.1712717763732376,0.9867605998718794,2.028297741163958,120.12439093979027,-2.178501131524392,1
0.965498112252808,78.20492625285128,28.12493288901097,1.9773213096642617,8.154438006660676,3.99503223811412,22.420783325669657,0.9813014004508264,-0.0054581611599054,1.0606967077758598,0.0244859383578945,0.9608070258783036,100.082094612745,1.5778562610175513,1
0.0010890713587514,218.28833434622885,12.943093341644314,1.981184880348072,0.8808816123356138,1.0492672398151903,-0.1328574699617064,-0.0528741298473317,0.9986830325810412,10.701627012184504,0.0402640378972027,2.0026394080581715,66.91281419299717,16.462484912227502,0
0.0316217747143107,84.82043625942954,30.969171167218853,2.008319159625972,11.009003622734207,3.972594732107648,11.666412784084065,-0.0077853118348238,1.0214678325024202,1.680210944341549,0.9865085211935264,2.0305288482150328,67.55636073058493,11.133072649124202,0
0.9946800401369902,336.58555880269523,193.2990981367868,1.9696457997790024,0.7579955364548061,0.8625139812031359,130.89204767749575,1.0515418454954113,1.033701844504698,15.617817909831086,1.035401163998223,2.013980292047653,-2.563209226592228,148.8987360722282,1
-0.0229045325569302,61.84852825678442,15.169078469683685,2.002393392517404,10.86286150367171,4.116820611061514,18.43616329541094,-0.010592471857507,0.0129837178630062,0.7755261707758692,-0.0027273360499923,1.016260624872008,53.48678688670125,5.5307991500855564,0
-0.0155444271528542,61.07797941364609,169.34276466267238,1.0046990830260176,5.160368810878111,3.022257504066552,2.2323126982260746,1.001687658888642,1.0071516738665938,12.127251549093664,0.9637000312455208,1.995227365470264,-0.0846024984096374,-1.3204794755255875,1
1.0396299269889064,57.25020382722121,162.57531773635276,1.9778038031323435,13.77365363639645,4.066402230364536,7.64309501139881,1.0013077494476577,1.0137591628344202,6.62559835241272,0.032055299166697,1.994788086093359,40.227630436489385,3.254502026616592,1
0.0094637469324523,301.6219218540591,1.8748595507564687,1.0322819442792692,1.037752723336923,0.8374305883012276,1.3688339290089218,0.051043942696418,-0.0318449722708653,1.0059917310496391,-0.0056383600402541,2.0014315155661,1.44791373118575,5.140512311714403,0
1.0052230126553758,40.462878122759165,142.92515597159144,2.001048315552735,11.217380853582384,3.773171111685674,27.0697445836679,0.9916618607117216,-0.0225671529442623,1.0678387020774212,1.030577679555377,2.015514232992315,17.688451423458368,112.18079416569512,1
1.0031826091976297,109.56981243446734,31.74424337062066,2.016316225399552,8.25442491348459,5.076327467258179,10.103680174295608,1.0462215536720283,0.0235280756860178,1.1423881583758997,-0.0051126456945959,1.9993828417311328,112.22100230467385,26.25645890866777,1
1.01324283330383,203.77453387779013,22.404583907207105,1.0190312182880938,9.240035534355153,4.079161345886028,11.363180765433238,-0.019653879564063,-0.0633425454092818,0.9100724955263496,1.013906074130461,2.0022621214992258,104.63519483833151,7.79770046596515,0
1.0083328193492678,88.58623820571299,187.3114796261036,0.998708764582859,6.002314818509369,4.065382075401653,0.6797369328747109,0.0010073251065024,-0.0077242837971294,0.6803829417252101,0.977070046499873,2.023413043952779,38.88710911314126,108.19257163807964,0
1.0092608122508384,26.968808890965533,42.524207240674215,1.0100932915662746,10.012532602551726,2.147369612694109,1.2090676525297894,-0.0076003284885235,-0.0207244437134759,1.1417119392603636,0.0308168113558651,1.999244739074096,35.0158397609092,-6.155326265789917,0
0.9960130668384573,19.763235137525754,154.64003353949784,1.971433332374758,9.104859767989169,8.102681581733112,4.661702409460162,-0.0034324775559582,1.010350787357133,2.0695062976299656,0.0145072895866482,2.008379818651476,35.73573228307436,5.596764372944243,0
1.023033359204077,237.4101369661583,210.3666816816537,2.0145556984727806,9.824289910748709,9.096944919690836,132.26798494650714,1.0025454054207632,0.9811431236459034,11.826806057234611,-0.0133939929251805,2.0081008390453787,-1.2035155204016237,159.58909593751758,1
0.9502919701215252,307.2726414055959,18.56046868160865,1.0024452743026258,4.033928957068516,8.194203921936165,72.69644424173484,0.9993149040911102,0.0075305343828034,0.8515861839319547,0.0007056623234216,1.9761130403772589,66.25101340782429,92.52429578875618,1
-0.0164143710596679,318.4057378835455,90.70600778757942,1.0284173832062935,1.12181804235402,1.0016055799324457,84.16317986459856,-0.0108191626391053,0.0081071552951626,1.11775353392335,0.9773898668464068,2.00054465120726,-3.684582829975071,5.768969361208164,0
0.988714780740472,172.97185588215768,114.87049519100832,2.0215242809327174,11.173783396333777,7.973684089282292,92.48030549683038,0.9637464149216608,1.019337170680095,13.098984040243256,1.0320361511926626,1.9968523497945043,131.6730804506003,150.61762535673262,1
1.0185673722885922,77.83747204305267,-0.9271619291861696,2.0263500360741507,4.290617096517524,4.049229945888061,27.76732057524332,0.0310155917181553,1.0279542008748157,12.123786676808248,0.0149057354177156,1.0077584401384576,-1.530281411027545,3.5451089092994152,0
0.9836674458954564,208.2308460328823,54.88023821973957,0.9736397406009976,8.99071126954151,3.911253955762733,1.6549589592065883,0.9804912380567644,1.01292113191697,1.953209401837433,-0.0044484994443592,2.0089122963097696,14.672479867703627,155.98934959089928,1
1.008942194482004,321.9346071313699,142.56915190373098,1.9948135608140931,9.998544142549251,3.9539528451196646,113.88114836510434,1.0117985666250644,1.0037673106652627,6.160709742881555,0.0004172856517018,2.047474812503226,1.348981304233213,1.709287546483111,1
0.0044944138531112,55.25638399179323,151.11362296164953,2.034174929596758,13.069022590057196,8.107292399178212,6.785773547041355,0.9792531003206908,1.0036099379325618,1.9965655975785088,1.007051669258786,2.0161916188891134,19.929690327981632,39.53702538757408,1
1.0007850413761987,76.07153215232096,4.681828030923384,2.019369884629396,6.885644514059409,3.913425209782667,2.01549183742408,0.0268420916433592,-0.0032848606021432,0.8600038532087244,0.02307075327599,1.0319908554383916,1.4834938999303162,5.481460915169656,0
1.0411297063959637,197.04700096716292,94.81797125949656,1.9885605022278796,5.830696299941137,4.097250520729083,23.510056462367427,0.9936924431857402,0.0025401400066172,0.8986075673176925,1.0069707485902712,2.038287728730547,85.71961351560446,-0.5814444416122058,0
0.9824411065908014,254.8435186287497,150.63202285355288,1.986631137959041,14.181711911487316,8.115222479930416,109.60706662728715,1.013221094179888,1.0337258500583784,8.62087917420807,-0.007919535868992,1.9870557653862493,1.274915358436871,-1.0755707653618316,1
1.0198883577735574,148.96703414212692,34.407330317192816,1.01604424738239,7.969228969371624,3.8839658832416255,5.35400483239966,-0.000431721047323,-0.0020131490403622,0.9183411656694552,0.0293947420653399,1.9921636570210464,54.43752884108658,70.53496292091275,0
0.9627482182635914,281.1346323762659,207.94323411207463,1.9678404272235803,9.248917504674752,4.241139165358384,42.13645607808144,0.9670249401568548,0.9446672838168488,3.950793930081706,-0.0078811440885543,1.9902762644157628,38.510455170719226,16.435315326245288,1
1.014347622546475,211.50032570251895,101.26238593605817,1.9466956419944916,7.8166293399616125,5.122727487028839,52.95759428895264,0.9913212629289618,0.970811433725436,7.1621807805704485,-0.0168181158353731,2.0060309618418497,2.303859350209585,110.66938818623794,1
0.9729955051115452,173.27994796807488,93.42345706529578,2.0231478522270705,6.994195926150762,3.8871107341266886,55.52768745938174,0.9897222781937712,-0.0169936891724487,0.8549577592883866,0.9918710352891802,1.998473469048505,118.11881948466058,-3.4958214313477214,1
1.0138065787057822,184.5546578296752,100.0231892705893,0.9925143945041348,3.016843586757834,4.813638916619848,25.914132721686,0.000258111057251,-0.010096594863546,1.0795838474355277,0.9697407636660824,2.0106615915356465,146.27044490688564,6.966604166773685,0
1.0011618014614512,1.8548352036191036,75.24226550874945,1.9935647807567467,8.871793857877861,4.042652729802845,3.425912063666182,-0.0397234546480543,0.9591477591829852,2.0856055163624267,-0.0203100255222697,2.0045094208438896,2.8007006422974783,2.3837498331335425,0
1.0257505040623265,8.077457081086777,81.33743134557506,2.019174921051018,3.057963347762013,4.112626045846903,9.341377803125091,0.005006300529422,0.0029990129990141,0.5931736473842899,0.9979971536695488,1.990023137514536,42.26424478626325,8.20852304774077,0
1.005792895141871,217.36373453619197,55.51949124372628,1.993636555603224,8.92155458658205,4.023087892714219,2.7456814751336864,1.004953643404697,-0.0291538435674989,0.798641711839422,1.0099367527448635,2.021971821208395,131.3514451550153,217.5047719145347,1
1.0002673331316452,240.15517776518223,119.1298738979352,1.995639874799344,5.800801204986592,4.984963753533911,71.64573871283838,0.968775744489684,1.0126456118396006,2.078868941387233,-0.0445096028525479,1.9981683401344368,3.2959247332111232,118.8472251821794,1
0.9819096324238512,61.126086149806426,25.07190994713288,1.987845806864148,9.202283935476071,4.0625926416637546,11.103761306887954,0.0566301064209917,0.9745041249583264,2.0141946937570694,-0.0293009396533819,1.9883904814966171,134.54713266472731,87.16028917791598,0
0.9544759637299997,41.9254149678077,141.47614482422298,2.008931644964672,7.973919655814228,3.9635912624102696,42.53300132975855,1.0071224762395343,0.9839953600919604,4.007603970488661,1.0095453234036988,2.025652977087758,12.813133921379707,31.41141333018411,1
-0.0287748077002004,336.8958752984436,198.53655933637592,1.9766379723434169,10.946753757523576,3.953637770305002,116.40979517413663,1.0237164515799662,-0.019425413213151,1.349736230453365,0.9669907482686744,2.024118087296092,1.6560925680563727,228.99631982027296,1
-0.0240113937762249,79.35084555002541,176.1834600812046,1.9794279721228285,14.00443095883974,7.862472646519119,13.671063438302651,1.0209005567692455,0.9892408418618068,2.9498009770935605,0.9718550774747184,1.990320123945558,106.05391655914664,119.26487178253215,1
1.0111537366250234,154.60257084053367,68.90819965195104,2.029449573468334,0.9109240610434588,1.2232683443290204,0.996515227303405,0.0101899284202819,1.0399950969519904,6.026411713107339,-0.0249699137762222,1.9983617886189955,60.91788745989061,59.04309782842495,0
-0.0060638505402935,50.503029440306335,153.56819141850636,1.9789011591861627,7.842557689854174,8.010820602742523,29.13314530718708,0.952162398786506,1.006884859401195,4.722624882904951,-0.0158021502787916,1.99455914839162,14.03037645634508,172.0611903738658,1
0.023939276049142,226.23872548842456,44.29342895666159,1.951099991191263,1.1179613550235403,0.9887348100015872,-0.8381473537036541,0.0031615123586168,-0.014437950456209,0.8934828165427864,0.0151036352619057,1.980018188115078,25.41493795511148,-4.076560509430948,0
1.005231246572115,290.00928348024354,136.82824559805127,1.9849870664202247,7.9835623895713,7.840924126458674,119.24526589925784,1.011238411468476,0.9943745404925064,9.67444707618453,0.0246258329036282,2.0054422941267678,62.3259277900976,175.98082617905538,1
0.9761611288256252,25.36434848603037,52.29091487015711,1.0200014366310657,8.330810851441651,4.051394114836244,53.32528788602697,-0.0223042407010884,0.0002832598011438,0.9396758950986746,0.974713113889714,2.030587558284801,40.1163067012908,11.126262415634962,0
1.014647509104094,46.764537209165326,147.10052465183804,1.967810789469,9.86896085738592,2.05623389532619,2.252601892366947,0.9658382401380678,-0.0242685296754431,0.8542141962594916,-0.0089010127446682,1.979664822811831,-2.279019059350638,-1.9850024426732704,1
1.0152909976194593,127.46152607813428,189.20414838937268,1.9800382951287268,8.840226589243615,3.837200113764657,95.43009124978136,0.9979160251565486,-0.0108835608484431,0.4042228913287196,0.9689274238486733,2.016733952015372,148.46748102042565,116.30971137808072,1
-0.0040867591726977,190.85515205021505,23.458054701547915,1.9651487962931904,4.113075255669288,5.062835730545228,26.871697521807064,1.0101822415185873,0.9920710949962828,4.158736358316236,0.9988650777389984,1.992727480982677,74.28082958603733,8.339201008978478,0
0.9909262785346948,259.55348210579285,73.50674001123872,2.000287973151831,10.956921937101807,8.102291429225819,94.00079598895714,0.973999969045302,0.9746647055230244,11.92736718062461,-0.0306060517632742,1.99927483629197,23.618406646473105,-1.8567153865857264,1
0.9950788763195588,47.354333581021535,85.40728221072197,1.0147350694090376,2.935414324572049,7.898238548796648,1.825423247200682,0.0281701282003296,-0.0564164608781159,0.6983159451916947,-0.0229905055782222,2.0218151411719085,45.65159941781293,52.786986452266255,0
0.9443307713406726,79.39917223988205,59.4802924951271,2.031585355590289,1.0311882323443182,1.0995111427059268,1.362555896273996,-0.0387709250336492,0.0064500352557171,0.9932264065536548,0.9877549700670836,2.0012639778969192,38.38125506509205,212.03109492651257,0
0.0383679050636733,146.8744340279888,16.071818141240286,1.993695485244216,3.9756894482366327,4.022612600906351,17.904285154667708,1.0105503214096894,1.0179590953962312,5.235694927606892,-0.0291384090235842,2.0112699540930103,123.32077257395044,105.861246361393,1
1.0145876873069262,98.84537582566504,53.67683612183912,2.0027134727524665,9.878415794235377,2.014264713056215,1.7797934717164097,0.0171054389265379,1.0080014733010465,2.9883984531049617,-0.0097245693238454,1.986641481756183,108.6779870923882,161.74646345417935,0
0.0001683365753794,58.51468300470779,47.70403019969885,1.0167574903928518,5.138550868693105,3.08393259945015,-1.7966250604130636,0.0074649130418692,0.0167210513696043,0.7921360556610626,0.0002285195706944,1.9982641596187856,57.247698475869285,7.989995923159718,0
-0.0168252956625567,134.1126490957175,27.081686477781567,2.037024987118378,7.959426120030755,4.045350113149518,60.646064466689175,1.00749925816871,1.035727367846794,5.749697438195444,1.059722298816153,2.016230362339338,102.48238677132642,177.17605572246026,1
0.0065067465767107,84.06493666157185,25.98871321801427,2.0091314776588605,8.643540480221944,4.066353037721604,5.217512409848069,-0.0360186811481219,0.9985551361544324,2.0169284208524707,0.982723706166506,2.012407158155847,82.90516333068311,3.521932448719859,0
1.0120754372854586,225.88678359338007,51.29655354443831,1.982720784296348,3.816932162181109,3.896035031273703,12.87815425246507,-0.0258401912071363,-0.0386798986232516,1.0442259628149806,1.0058441328925374,2.0253925340520103,100.45892090561604,4.075472162325028,0
1.001870503932594,55.13308014368671,64.78861640550679,1.980573335243804,3.877923975144744,4.062371664463823,20.46204745098301,-0.0121895894624539,-0.0160686818225263,1.025365328075646,-0.0102004099765437,1.9834392864461647,62.23316363266738,2.2334403430488123,0
-0.0022384232447902,270.06894861376884,25.56901977537128,2.013184451893814,10.75406079985222,8.049636005295753,63.16156832986229,0.9839234264097748,1.0211412420087904,1.5560814000890195,0.0086363449781387,2.024177879516843,113.32027364257496,146.41582384945525,1
1.005499408903234,122.48078972902935,33.40927442692014,2.005351177119893,14.335173152814944,7.835577961372513,28.674699789823837,0.9894212296782436,-0.0128773045473222,1.1637996218364537,0.0060201113423692,1.9735001314433287,2.1884521891116577,213.9023108437527,1
1.0444968261093748,262.1651899174802,107.15146886862505,1.9979952402297396,3.0241185375685857,5.036380641768796,57.77001545993929,0.0212592401467657,-0.0174949355821203,1.195325170047766,0.99098620091857,1.9926881166828407,48.09508630232561,1.1129065103852795,0
1.0036312056683816,128.31707884591643,51.82586788029872,2.00760123249785,9.118513804780962,4.071599240675658,71.90713343540155,0.975942611466279,0.973188679820192,5.731473510685008,1.019816115894934,2.004330396394777,32.18330493462115,-5.417051282009126,1
1.0331416378591165,173.8224645189678,189.92164972181692,0.9975406417880311,1.093790897118356,0.975042538860642,0.0298692355105032,-0.0163392424623035,1.008384580791042,2.927825421377606,-0.0113037956336217,1.9800528351013305,53.17902648572532,1.3417751588084244,0
0.0462752364353792,73.6896854477096,156.93094624708766,1.9331632198109336,11.134903661658772,3.990422564316388,13.071539917272194,0.978005742924308,1.0086628762374223,6.170566913123114,0.98885299988901,1.9936386180517605,1.0582519614525907,121.97106430831644,1
0.9944667420925716,141.0633616461431,25.0225269182694,0.9719752387966166,8.258369666610124,3.8583884301846583,1.6365888073748778,0.026117632390433,-0.0007466543407152,0.8025792026357981,-0.0335975628132553,1.9965661528201315,84.25441349322088,1.7454234598146172,0
