A1,A2,A3,A4,A5,A6,A7,A8,A9,A10,A11,A12,A13,A14,A15
0.4535009220404299,127.95135889592868,84.43263850210833,1.6565217651377873,10.482247091891836,9.782724765785346,51.446803727860136,1.0801751422633985,1.158883934163766,8.335483110234044,-0.3792316391464926,1.9655031998412544,15.686322780538902,271.8531414545296,1
1.0662039141094248,47.9837970808439,42.04290865933477,1.8516650590660748,15.107666993359995,3.3243098701019167,59.3628968680852,0.938635904440338,0.8393136574507998,-0.5263426370548969,1.0630770964022558,2.133654518752306,134.30234166469688,102.31699894363284,1
1.010816699836378,156.00002697517976,117.04139858372328,2.135543525747741,9.33766223655163,9.1851666813925,97.15093399193287,-0.0317790966407723,-0.0424099276921208,-1.6018146638427089,0.9343356826747572,2.1995190814541226,6.472628946290236,-47.89053036744679,0
1.2641551279532226,146.74192490047977,175.8331906503147,1.9324608727393564,9.310218447682551,4.404971059704404,108.31951475998788,0.9464715610403456,0.9075359719084216,16.63745382829473,0.1804778586204278,2.1255191130282323,-22.202288595584378,240.68917825753965,1
0.9390611699812518,260.9995743231078,160.96056654025523,0.977447059577886,6.50989019825766,3.764421305301424,-28.32261515348683,-0.2005939547774539,0.1363430990621779,1.7972451315471338,-0.3903780552832687,1.8918569473073945,39.58645601599452,-12.274285442867756,0
0.2651681135734933,380.933580598322,67.81619242797333,1.9327108783510152,1.3045976733528013,1.7752750755088322,17.519475967076065,0.0709001307721886,0.1447671617495197,1.1292833783759135,-0.1678667091933262,0.960993690070604,1.4379057389846397,-0.2595911427517094,0
1.3102198753073906,166.11701134781816,153.29859019861888,0.7976865995222541,2.370534408589668,4.4375101571784725,60.15319753472163,1.1172139088594526,0.562248549024854,2.289947524540697,1.3670496187845882,1.0273088445984415,30.31170506198716,14.848225254963443,1
-0.1089417227294665,101.51568017514889,125.74040013943936,1.887746346822098,7.133548130337131,5.735951682094948,54.91309221029625,0.773902236268482,1.0381133143680068,9.954082026722697,1.3084445715734776,1.9007074654023304,22.614381512064654,172.51902976613167,1
0.6549811225280796,71.04926252851293,-15.750671109890265,1.773213096642616,9.54438006660677,3.950322381141196,17.207833256696574,0.8130140045082632,-0.0545816115990547,1.6069670777585996,0.2448593835789455,0.6080702587830364,82.8209461274502,6.77856261017552,1
-0.0386019301082777,187.71050550263743,92.80022441745734,2.013110599990135,2.6367852658901887,0.9012410751312072,8.244220391862811,-0.135254387152557,0.1415139231123161,1.7573761153090923,0.2156881902008073,2.1065183808997747,66.57528167617853,-2.5746360192755944,0
1.2149828314026383,246.14773649050755,162.7391547733099,2.00309199308298,3.6395204773275824,4.482600330329655,26.105625943052395,0.9741506812841754,1.438862722456499,10.406778766806216,0.1850495936188234,1.9910916017430305,-6.557204712209156,185.9664367554664,1
0.6274821826359145,237.34632376265904,180.4323411207467,1.6784042722358028,11.489175046747528,6.411391653583841,34.36456078081435,0.670249401568546,0.4466728381684871,3.5079393008170614,-0.0788114408855431,1.9027626441576289,43.10455170719228,29.35315326245287,1
1.0599482306419628,-1.6075968175059645,-19.96845374556709,2.1658569051951466,7.485311456611007,3.4902756702770965,26.427751028674383,-0.2615400707530344,-0.1974316678871505,1.4261010312937674,0.0972682649340282,3.0741031341915037,86.01166066448624,8.212609027479203,1
0.9301215248643824,113.39871295571336,-72.97177692650574,2.273412398485892,9.264041433511574,5.8787269700343305,6.681840456419053,0.6771890128321456,-0.1037884976216968,1.023028898969886,-0.2508685452715449,1.246129280495531,150.63927784256776,18.37171749867352,0
1.2458162920431672,245.17371395855656,-15.117076047359332,1.7146597842988711,8.981342304780815,2.660669740619598,5.905677548904208,0.0759557963541997,0.7186041032081308,0.9353492843569224,-0.0234469893774885,2.0751940941239506,104.47688869648478,137.04889463307603,0
-0.2481500006750382,8.41688701915308,113.2422072527454,1.9797452827763984,2.7652570226993607,2.5396504673708726,58.64848776832889,0.6784906659476315,0.728698496391734,6.702747532151534,0.723696436826745,1.8250871814380432,17.508780646070015,136.40569927238118,1
0.7213892193894232,111.95716086146244,80.23640722847192,1.1512756190897655,1.1432025411958628,4.558124366433793,71.81239720746763,0.1617292888655245,-0.0430839186338526,1.2786230487551733,0.2709014931375925,2.1288668734973704,65.27097786525097,86.66499018108823,0
0.1120421599733735,88.87922167550947,91.9884414690842,1.8821739565795967,11.075831417299431,7.938765082915999,65.78116602132326,0.743980970285674,1.251560020246416,8.939999452180652,0.6719339251611319,2.180391495599637,96.51453671889226,229.3877879099396,1
1.1456651808485354,49.82016987640999,-27.43548608477224,1.7675691893112129,10.887653551010636,4.06359265274828,85.56212609358872,1.1455298538199976,1.0201673761759986,3.93470747625485,1.2750688823103706,1.9118975567328864,-2.2347149708050367,82.43686413168955,1
0.8629902911411629,211.64434888761195,89.16023116569927,1.9675005802688612,8.79610244200492,4.0616338918572135,7.003819954432284,-0.1019734508011988,-0.3458371995072296,-2.111553331761278,0.1627332405293534,1.958689167596242,62.25516377406397,1.30893436502501,0
0.9468004013699016,368.855588026952,195.9909813678676,1.6964579977900245,-1.4200446354519425,-0.3748601879686415,138.92047677495754,1.5154184549541134,1.3370184450469802,12.17817909831087,1.3540116399822286,2.1398029204765283,-34.63209226592231,138.98736072228158,1
0.2381289561611564,84.86582872981208,157.72779368875058,1.8990374509623316,10.693083051397542,4.746343563230898,69.10614081631144,0.90169651900192,0.5995054750202511,6.229543246092778,0.2687977198892319,1.8212021937482277,79.72874783271538,248.0419842533915,1
1.1421710205446711,113.78445028033642,66.40068976531556,1.980468642838302,4.061183477375934,5.713719501466088,39.439943567997744,-0.0020417524731134,0.8878092242420896,5.949383290762537,1.199396392526585,2.047115721205138,52.57814113010519,16.047609807189694,0
1.1120252944690674,163.9753523908985,172.20257891828413,2.1135732150662654,10.2825375980754,3.8571146835076746,59.32302236028368,0.1684990179124659,-0.1398052316629473,2.0964270812121035,-0.0545066759900144,2.035538856865298,129.12984951689677,97.39562290151184,0
0.8406471179408888,46.58605111553554,24.257620795999166,1.3946025353473652,8.4274027992662,6.393774742017553,14.59051269668431,0.1362691494368085,-0.0309517401333509,-1.445897138008147,0.4379581760505565,1.840268230372672,113.23632760998596,85.26607047086227,0
0.2168239591941882,18.908399511420697,144.3166759990404,0.770136373221064,12.79592419122454,8.42593751423035,-2.4350205547250354,0.0820770918726543,0.0895251953421334,3.662115886469047,0.914606753812522,1.779507748851853,75.60840545913666,15.959959766233917,0
0.0101486985227097,83.41990977948238,25.15757505790452,1.9886949481071396,9.12818366141332,3.4603933032622773,29.798312349817884,0.7551319786471873,0.8229250961335005,3.2018624808718563,0.6274082727853356,2.01738852767641,47.48134336424869,90.92886237671244,0
0.0475057486831281,233.17130877901013,93.76371415744784,2.14239070806314,14.70858431311228,4.553993379255103,128.38035600182312,1.5082208995132975,0.9784563363831296,2.3809988269330167,0.812284813676821,1.8458850151885131,126.30451360822002,145.71783637630404,1
-0.1047719301267798,303.00292505424704,86.00581406133864,2.136976904284582,7.008500548432339,5.142573951222151,62.541192619022105,0.8035701391132439,0.5828342802775217,5.334532861562732,1.061697344575648,1.9732417828850275,-4.842472809886438,158.21821827337928,1
1.031299660923576,287.38109801844905,165.21771575299877,1.783931483949596,5.316846397721799,2.0542847572649987,89.95699824669455,1.2927129384155114,0.5104109832468031,0.8443722628829842,-0.099469479296319,1.794182819830179,-4.4557368633602366,233.4696910343374,1
0.8190963242385132,35.26086149806417,7.719099471328789,1.878458068641476,11.022839354760723,4.625926416637547,39.03761306887952,0.5663010642099173,0.745041249583263,2.141946937570691,-0.293009396533819,1.8839048149661728,121.47132664727312,52.60289177915992,0
0.7030721003320648,182.72738568069084,125.59136132772308,2.396255509697168,13.724571090040236,7.6148692763945425,128.90719353513413,0.9401897652301968,0.9064271537848876,13.067991751617978,1.350866038770577,1.6209007641252846,148.39732973642097,-15.843761495205207,1
1.2253218608865604,24.36003903242805,205.4878323886616,1.9436350247304883,1.3355370849986803,4.196203655745279,69.31948357807102,1.3842024878004646,1.0842564584245986,10.4145557480169,0.2243648930400841,2.16316379311574,35.06865333868512,185.5565825921513,1
0.4972958719522691,417.7127975814464,123.50724374877836,2.0303179463988763,11.05163652030232,8.722814944568505,105.9713346928942,1.2490778536634024,1.1283976263556663,7.549485697143982,0.1301197389247213,2.2933165965765285,21.777406009182386,-64.58696809248269,1
0.1514866622031034,95.45823277481163,142.28210091255485,1.940940576042868,2.434734532469492,0.9787510077068622,21.63558204489275,0.3284553640580031,0.2966274882034384,3.4300612310897725,-0.2583309610733696,2.0720566235592672,50.9913728048806,155.10397157733692,0
1.2159836159422914,154.71537204429947,111.24666502424763,2.1612476662965285,5.191256441797841,2.662234751276415,14.630096284794895,0.136375411998783,0.2697397710639463,-0.8873840477636765,0.7741942304213587,2.06866229359737,30.35900549893998,-67.49307931236427,0
1.044342054790377,3.449183658095535,85.2504779467944,1.2681539266255497,5.53529300783908,4.361795502942283,-28.74308603810649,-0.2887758624033238,-0.0726693205411999,-1.1611457687147402,1.177967034440911,2.2981928275367696,10.869186745618151,11.582344324085966,0
-0.0030624599726387,231.2984613785356,111.6332609453906,2.2132589480368074,13.254661432580574,3.3358944149570093,1.864297438920694,1.094737683961004,1.3778511991034734,6.310023155990207,0.6881445651306013,1.960573926322849,26.541802308583016,-8.716369385122377,1
0.2762057828738913,214.95662784366817,81.00545627592695,1.894355234361243,6.931428736927104,4.6915000789579375,69.64502814643394,0.1627617178385956,-0.0021754593861137,2.0344794704099285,-0.1043415955257121,2.332895006927028,112.84608604533352,46.7987264278664,0
0.0363039011286954,85.33287413526064,112.56143878299608,2.000018134011069,9.672118631527514,4.3150497563497,58.2341270359999,1.5227290237505584,1.389185962266574,8.77776789611506,-0.1900891619987747,1.8339189413747956,68.46581058853455,211.5433608449664,1
0.6776754914533217,96.12794112434572,-0.732400038429958,1.1953350821591382,11.61176666712258,6.562211414220619,49.208348934057234,0.1414479785802928,0.2406792198588779,1.8766867602626345,0.8892821062308431,2.0912741300039333,70.88253152158306,7.893844189693503,0
1.031826091976295,159.69812434467332,83.44243370620661,2.163162253995522,10.544249134845897,5.763274672581788,38.03680174295612,1.4622155367202851,0.2352807568601781,2.4238815837589933,-0.0511264569459583,1.9938284173113276,105.21002304673834,46.56458908667774,1
0.538053676905191,184.8550681474757,88.65959080335219,1.7236421141684617,1.9365559957314595,5.053507231959896,79.86576866541844,0.7714649998192558,0.1007410280608091,1.7802113343775792,0.7126020234247441,2.023656012749649,88.57504036209909,29.224203692182257,0
0.6331071708088467,30.07842099425133,-19.99697724107054,1.7943312694977271,10.809918599013692,8.891692096573951,41.731977500241136,1.042961508541994,1.1308377973055863,0.6049314412563462,-0.0608146971389421,1.9969999195883,-35.52944072068047,85.81984768783555,1
-0.1667409968173162,79.85648823684188,79.55186399689661,1.0750669035860425,14.384696770849995,8.418270824087985,54.03729502703608,-0.0416870796151753,0.2020381424003967,2.260011780968923,0.3118237465133784,1.922167413413593,80.96021497696829,0.5984094171155974,0
0.7857954171087284,341.11595390021307,135.29264019954502,1.963612437400501,3.341297861377761,0.2547282030016395,126.65709570172277,1.2384001575467982,1.2001437614670785,11.678261713657044,0.928029148941837,1.7403979372358938,-15.355283997105587,105.56318149302136,1
1.2799403838282817,165.0884663183661,3.293355530566572,2.1326387127884305,9.022027981043008,4.307979482089981,48.81508020920265,-0.2908936902505387,0.4968868732036944,-0.9339607937180664,1.1866428317201132,1.748081983677039,76.54961603768533,56.07629246704482,0
1.015411835751451,40.43627121123557,-19.788291085728787,1.727839442891276,1.910775204331454,7.536538196005466,5.555378937300681,1.386356210960169,-0.0203641265148005,3.560081499112258,0.8671587670592631,2.036544664778709,-0.2791863065232647,-60.65963865021531,1
1.3747448614729818,70.94531901478858,148.44581836905343,1.8219639790655973,8.5287369530792,8.617921645598877,98.94023408016528,1.2936050963731212,0.5638821460620431,14.395382317639717,-0.0777476932235135,2.1092108023068974,-29.51602832831172,191.180033064342,1
1.106436294853236,348.9147436107728,-2.6828460657600037,2.295340244412176,0.7421096883997222,-0.8752768047473785,-46.48509998005837,-0.3819351180250345,-0.0048742043333338,0.8671664217675712,0.1577398633836379,1.9179625395380129,43.45039514846848,-11.003783380841291,0
0.8182522472139682,148.9189792652973,7.669415260629364,1.166690194274524,9.549030439389636,5.2706449667726565,28.659891798924804,1.0074504216182487,1.138217920507942,3.1258236593512776,0.8398728318831267,2.081684389251051,148.35430238323346,17.88923264772469,1
0.8320742786880305,-0.2939736291862687,-0.2900649453532367,1.1744271744359125,3.792837893607071,3.0932502397559825,4.874624808642736,0.1285575844433726,-0.292805979933092,-2.3183857787518383,0.4964225542687704,0.904086836802558,65.83286450822865,-13.448396938705947,0
0.3075697911289074,69.76423026792718,251.09971137960605,2.0934459925612443,4.970220580442682,4.462957545932959,36.6666612006776,0.9257491380611566,0.0246068042236176,0.8264431225903306,1.197001838218264,1.0514549206521129,18.410506167326744,-24.002490802103544,1
1.166728223349231,95.22012126511856,-4.035573714391859,1.3118228384628825,7.189068497094076,4.031961131958658,6.881114096449423,-0.1547497959989744,1.1165405411182767,1.924696600285957,-0.1025453697606251,2.2034401279077747,16.00578558160256,-80.63501899883056,0
0.2451332331774318,109.18596704626594,178.45921294186397,0.9591582466935208,10.218628120979597,3.8122745893073926,71.73401442307492,-0.242189226546434,-0.0436259816804613,-0.3944307498566504,0.3741783422696689,2.1118926023757005,70.02346232325664,23.577290682765543,1
1.4866697024326396,202.3054949470726,41.8000230597715,1.935870626046334,10.60763632796692,3.487958693130506,5.3133507387748224,0.9968144187036811,-0.1407018251300741,-0.060669901777016,1.073070692455356,1.8541523348726772,95.4161407428085,59.87169761849633,1
0.9834910590830804,93.52210600122876,2.502298400901651,1.835505194061619,14.656607306940414,4.736037933258806,0.1021843252582357,0.8369465955339572,0.1356594419772754,1.3789066422794052,-0.3607505357558989,1.9898506684227448,7.042117751848757,-31.67797266758604,1
0.2380198257318667,76.8343861054039,156.4067003445056,2.206851565486314,2.501748367676233,3.441079627013795,23.666244990669355,0.0276235261793609,0.0003314252541587,3.969097412757864,-0.6105495409272104,1.788342269289537,-3.371904775578173,20.80594609333705,0
0.5029197012152509,264.7264140559592,32.60468681608656,1.0244527430262584,4.339289570685168,9.942039219361655,51.9644424173483,0.993149040911102,0.0753053438280348,-0.4841381606804558,0.0070566232342173,1.7611304037725888,95.51013407824286,70.2429578875618,1
0.8432405863193224,52.48733073847018,179.9373007954947,2.130807949925621,1.783345889304381,4.302977574743262,22.307499095929884,0.1033612365950843,0.3997865447830045,-3.1589602993783457,-0.1472528577432996,2.0882212653406635,-12.468983081032604,154.60820511067695,0
0.1441450543871129,422.1594686446018,101.4719556923751,1.7873256913143696,8.252754849028044,6.809579458190428,61.42841586302823,-0.0163939775700958,0.2562629445291894,2.2382070073618445,0.1138618250519853,1.9399177841035649,29.01600778972431,147.22266351717153,0
-0.1838484488986741,52.29874618208335,89.90892556994635,2.115912143285859,2.275366757823412,4.91404163926151,30.856606546578504,1.265347562025098,0.7223072904745418,0.6337897521860154,0.094896691758483,2.174753138825,91.42927877148507,84.50246771063718,1
1.2586011394077792,96.6082356298098,36.79370908790375,1.84032160132458,2.7772717218864864,8.359353465493335,15.9998449356341,-0.02344770012268,0.2669326709443058,1.0161044019690553,1.1975102815848573,1.9268659345742585,35.2046734004047,15.747114029419464,0
0.9764611251213606,130.40132188981576,182.71103445093644,2.1358821757051087,8.519125610274415,4.245879348959436,58.64518475329734,0.1751490491569365,1.7038136375154198,2.244509054539022,1.0176858639037931,1.9333823458914876,51.74705832328811,128.0962212857243,0
1.0669401583417624,221.4425947780802,34.1318348538746,1.8974144160364437,16.970692880134937,4.544463147697837,70.1581295773457,0.3339880200901409,-0.0165208855278683,5.199220114980612,0.3303589303956961,1.7242328027611282,145.77291232616722,81.35940003593765,1
1.0833281934926775,75.86238205712993,199.1147962610357,0.9870876458285894,6.023148185093687,4.653820754016532,-11.202630671252912,0.0100732510650242,-0.0772428379712938,-2.1961705827479028,0.7707004649987286,2.234130439527789,46.87109113141258,64.92571638079625,0
-0.0408675917269774,234.55152050215045,0.5805470154791408,1.6514879629319037,5.13075255669288,5.628357305452273,34.71697521807066,1.1018224151858738,0.9207109499628274,5.587363583162352,0.9886507773899826,1.927274809826769,67.80829586037336,74.39201008978472,0
1.031443298247296,22.550290014178017,158.68537021030255,2.153221146819804,7.191990148128476,6.971081930982271,44.92914601719474,0.9557290207682414,0.9934622713843916,10.161952758309802,0.1890877027082459,2.1985477159282345,-20.53806716061604,208.20371034415277,1
0.0966773146690713,43.69680085008424,3.2702106246227203,1.9239658560225728,2.0941746080064467,2.54852446378772,-8.8254474013996,0.0664841332941272,0.3131445239703765,2.1175110404006414,-0.6475835993735877,2.0957455065231123,34.12993164144558,17.456401125401094,0
-0.1429003414757973,96.23964035894346,64.81624682632122,1.245945111479282,7.102032967147903,4.020215319181389,28.940700323179083,0.0566572266143903,0.2505301733468479,1.8682197824531497,0.0415362678822037,1.8810156366866608,82.9957959625736,-112.75446607169648,0
1.2832101549259023,-7.034407407733113,-47.70141707613389,1.9962261781810544,6.339273130713332,3.659221532977072,0.5190803355290754,-0.4259542407228996,-0.3996501644309888,1.971723359893515,-0.1302171811674948,1.6170882212918127,19.09722132437592,10.892789812725963,1
1.0198029811556943,290.30615359913463,62.54386403176,0.9247641717045024,1.768504300461041,6.191206302560325,120.00577620386912,0.5129475546688359,0.1133493879172546,2.3843068993876764,0.8971076120456979,0.9635214582892916,91.70422416221648,73.95811519725655,0
0.3299231593167219,159.55130838784106,77.51538829772855,1.0337854921003966,7.615318484050807,4.675427113388459,-3.730085703188884,0.0588291003543566,0.2156821801192487,-0.1324582025845289,-0.15350298783156,0.8216833533095058,-0.5450025506531162,-65.409467866402,0
-0.1547883322129156,412.2868968599549,238.1160556225338,2.020972710569596,6.269144695794847,3.473143334773746,94.33003824849058,1.0093707144930284,0.977522115237382,7.937849542901689,-0.0534041018674618,1.7847151337776772,-10.909893916884428,233.22022121966103,1
1.1816276241262456,86.4136537530074,80.79297815410294,1.7049752356629508,14.604294724549256,8.177925175121167,14.813512651423164,0.9943347834123544,0.8460081142636312,2.8397244170403204,-0.0880908129164249,1.8351764559333368,52.443182184181545,182.2275423757725,1
0.7656155513647704,142.98580371502143,80.46359198216678,2.0883076388760933,5.980560373071553,4.701360673492571,42.85555107495819,1.0117314126754082,-0.214615873941668,-0.9741753937483476,1.2555753050779928,1.7743771347987258,93.54494985520722,-5.000227730391643,0
1.2575050406232666,-36.225429189132285,102.3743134557506,2.191749210510181,3.579633477620131,5.126260458469028,12.413778031250892,0.0500630052942208,0.0299901299901413,-3.0682635261571027,0.979971536695488,1.900231375145356,17.64244786263248,55.08523047740768,0
1.2303335920407692,214.10136966158316,231.66681681653705,2.145556984727807,8.242899107487077,9.969449196908364,143.6798494650714,1.025454054207633,0.8114312364590337,10.268060572346148,-0.1339399292518056,2.081008390453786,-21.03515520401628,173.89095937517567,1
1.1014618255945674,-4.785075764312722,-49.49944072164208,2.0811255839423595,8.793505183021729,8.473332102172037,41.47182087927391,0.3720298340247954,-0.1137556376893034,1.8483843835863052,1.148132931933577,2.2566048556869256,32.689814882821146,-22.724734495510923,1
-0.0570683199521073,-0.6039510201790392,-0.5597068126254925,2.5661413417165897,2.0230434622808326,0.5383163812509162,9.44934638207598,-0.2524453099716488,1.3721556363980552,0.6674538973435178,0.1248280060352218,2.159148568382586,61.87213405255489,62.4312611976342,0
0.8110172626996238,136.63828945208775,117.8804087043402,2.455553500001458,15.557204122138993,3.743856534305668,73.16055333631914,1.2216877749419928,1.277570224301383,10.307519915621604,1.008514189052372,2.044881257163635,13.771483106039874,-3.833492868976371,1
-0.1641437105966801,286.0573788354547,79.0600778757942,1.284173832062936,2.218180423540198,1.0160557993244552,76.6317986459855,-0.1081916263910537,0.0810715529516261,2.177535339233499,0.7738986684640665,2.005446512072602,-45.84582829975068,12.689693612081577,0
0.9258907821593242,163.92154986020518,111.87146459605376,2.2206569265170515,3.4638602206076152,5.123838294566651,97.9998282544028,0.702221916724249,0.8557603245337477,12.94953607745452,0.2157898784539157,2.109350172193986,46.35895275897495,196.3410596394431,1
0.9601971169763428,185.61460972899727,80.61217365764729,1.7081424199017177,6.45240349194009,4.2717099627946,35.1878779868537,0.1428109679413225,-0.3041316481122387,1.7198800075976526,0.2719300896744754,3.072681145156459,41.20768945912434,-2.482605202317828,0
1.0894219448200402,429.3460713136988,102.69151903731002,1.948135608140933,9.985441425492535,3.5395284511966443,130.81148365104346,1.1179856662506429,1.0376731066526288,7.607097428815551,0.0041728565170184,2.47474812503226,4.489813042332152,8.09287546483106,1
0.112147938267514,47.99478541681218,47.2435132105298,2.097643815448973,3.956477305679424,3.530627269781954,6.78679580650542,0.0131025862407063,-0.0722716304596202,0.7913941384393546,-0.0627713991263578,2.022777312311713,125.93020099558431,57.77594708844788,0
1.4455698850360574,130.7104264715056,49.5544631965837,1.9817377706501371,7.222745804891677,5.519337029142882,39.941491571350994,1.0440257332996126,0.9505576718133216,1.898089955320468,0.3249937398743995,2.000553202298359,82.89200821082784,118.49643589622866,1
-0.0701457966032347,162.18470182331546,176.60623966502368,0.8640791802652703,4.445468593813591,0.9525399231684216,79.09912287407721,-0.3492218161229098,1.128178506909792,6.1747724456792685,1.007411363196876,1.960584597820204,42.07354847712945,41.31197255000213,0
0.0016833657537937,36.146830047077984,9.040301996988532,1.1675749039285166,6.385508686931051,3.839325994501501,-26.96625060413061,0.0746491304186922,0.1672105136960444,-1.0786394433893758,0.0022851957069447,1.9826415961878587,95.47698475869284,70.8999592315972,0
0.6287219279647905,-19.253477509075424,136.17683226565703,1.901441900576875,8.460440287259779,9.92838948323952,70.07515754617916,0.7597360193833228,1.0860093602800314,11.179434463408718,0.9291606409204634,2.027668790569402,114.27707444907227,79.67773290441376,1
0.7863857709892674,226.96288068923397,60.49412992072418,1.148383876495204,5.9467305666653285,4.271090449532156,-26.63058861895612,0.7585616831043648,1.1396869871230673,11.042731039725156,0.3288829546286349,2.185552370721581,110.1510757854256,-28.749755011245703,1
0.0489751645984567,391.0454769505897,219.00775850449784,2.080813695102115,3.3391502510441144,-1.335081875865214,-4.272268479079173,0.9236346399377586,1.2851282912425586,15.167530129908736,0.638738252219059,2.2106847547715183,-26.01161225931186,129.54972023584506,1
1.467963212842088,173.26951927817663,197.98513119354703,1.9056580540851296,1.2738686091126317,1.8805199416058411,8.676494616500033,0.2111433457159995,-0.3897460916453064,-0.333247171384547,-0.2883420524556507,1.8558747797763315,2.23319894429784,17.292062517250173,0
0.9912996266402524,30.173001031696387,-26.81480703970861,1.5301870996753295,6.276193913005078,4.322511538624917,23.94965845788621,0.3924112712869559,0.388355716933353,-1.011760129217964,-0.0877545804486354,2.071713057949443,156.38158562476352,188.75894364475965,0
-0.0028098495254964,75.37675393754135,254.28338586025933,1.8244448251881689,8.548285649047079,4.253204990071342,116.41124117163888,1.2214680296427467,0.832202988699583,4.033260312833143,0.0641959253982082,1.922868839865724,38.48202827493874,124.14002961995266,1
0.99669840267272,105.05306209311,190.99682462965603,1.9951815646569224,5.47410496610374,4.980429543593622,20.703833213312397,0.234723635731872,0.1650007655002446,-2.6013662729002887,1.2781701858961956,1.9316361494004592,78.50350185430676,-34.32353618167024,0
0.6978737975173355,61.25171140417406,25.90665031124176,2.2611774403063483,10.973888243316692,4.775971585655386,13.21468522894502,1.187002043705918,0.8350721310102539,7.691125602159501,0.794696496925136,1.813564944303424,37.691095306265424,220.73806145494683,1
1.086037701173811,215.30887783575315,29.22852513192652,2.174857912113636,14.96630541964079,8.231815146080429,97.25466822670536,1.0675130886247266,0.786442424975268,3.702619939229939,0.9620043163062476,2.057240023557745,24.05431377170195,-37.447275313865454,1
1.1567295514882183,304.9921350612911,156.07476075109827,1.8369127176844224,8.431630317522352,3.611575634251393,130.34491225828594,0.8846260235883212,1.0123620854873856,4.83369255525352,1.0616702118380614,2.006597165341489,104.54494146449316,165.00131954896082,1
0.86342216714994,13.517209234230704,185.9395112393363,1.7163353545382245,7.783823694867305,4.2472603745100495,8.055297442399088,0.3087532195356409,1.3007482409599374,1.0909864559437366,0.0483326989364336,1.721692874729866,34.284922893304724,-26.838629733903552,0
1.2097043222645851,311.63535874412383,162.50184968559086,1.8092559168411184,11.458240432564864,3.809529322684896,136.48110719216592,0.8894851122744427,1.3599209001425852,7.265041754107086,1.0643287292298516,2.2336096238072125,11.65816379617702,-33.182661263999314,1
1.0721742231800513,312.3661694070765,6.9303383746313045,1.0436641994947555,0.5283925299589614,3.455491852796253,36.09987413073109,0.3364683861112506,0.4454940578628479,1.903339865750816,0.9061845240393828,2.372161489048082,128.1412921345641,-19.7443280534985,1
1.093317699172364,6.931681305225709,43.627516965833934,2.455896057598447,9.846197147119067,7.818185813464564,35.46036678942571,-0.250559459427164,1.3160105938048918,1.300460353415568,1.070571052054292,1.755241996458763,5.941128951432248,134.56071078419342,0
0.291674546775245,-3.451891326943752,38.88178040858792,1.8032119359966103,9.763482054082203,5.4706506905275765,29.151899628865447,1.1154287890347812,0.5371344240488038,5.753955560901698,0.150129894638881,1.9727530973658092,14.271162279520176,-50.20629957770172,1
-0.2547473663334973,0.5253988552833562,139.178632062739,1.7968603864985468,12.05509564648593,6.780261826424875,23.105930437579477,1.1063141332086317,1.0995293211093915,8.024916878204184,-0.3839047331733763,1.907442018182069,20.60817353254223,-13.64816003217458,1
1.3098970743649905,258.6378457718306,115.50891305431026,2.2950789397798514,12.37643613427718,7.7346273717114045,114.98852943404437,1.082240847899868,0.7942239716591777,8.009081059037207,1.0768553736203104,1.7481389343517466,97.6345826445718,-5.007357040250724,0
0.6588158240167963,-24.353029743058528,187.8738788710945,2.955344095025867,-0.4005287092987304,7.703813734231375,-28.13516733340051,-0.394504736605166,-0.0825909260483434,0.64592890355665,0.6376260766753552,2.9094134745600435,133.7525847352146,225.7149560539525,1
1.2735702413202683,284.86460627918404,105.48149622195652,2.157025606196925,1.106978414859955,3.933352406780157,-15.273390670116,0.8705694545088305,0.3738183235607662,2.285104991916465,-0.1741142050372916,1.8486537961847935,53.75590150728781,-43.186895274947794,0
0.23939276049142,219.3872548842455,28.93428956661591,1.5109999119126298,2.179613550235412,0.8873481000158718,-17.381473537036513,0.0316151235861679,-0.14437950456209,-0.0651718345721392,0.151036352619057,1.80018188115078,47.14937955111479,-49.765605094309485,0
0.8320419413745965,191.3297887022203,0.7236372451776845,1.0357657851847926,2.657247352677901,2.850684007391725,61.76764902608761,-0.5518916491279822,0.1396949658067663,-1.443505153984885,1.0330251319826538,2.055387883608921,159.8892724316472,-42.73131020936686,0
0.9980660529640972,171.75762281106935,84.36560572891646,1.940002254273802,2.224089597780792,3.7231729609112714,85.09963741264477,1.0811337870815627,1.464636928919285,6.651649971681449,-0.0183046526905865,2.063619549038933,48.459904825727016,146.81696022116776,1
-0.0095171983803795,365.30234185116274,68.25486700184126,2.4791284289181874,3.3024135194289226,2.4423209730599797,149.82504817459457,0.1893351245941059,1.0403371392503078,3.962811211779968,-0.1393143051826497,2.0160773763949846,-13.935541289660492,25.45526715224352,0
0.9295358911128822,140.47819774420662,78.10155225151624,1.1168508759184572,11.514431328799372,4.753966874687119,75.71952096222353,-0.0154541624515595,-0.332550262092076,-1.7106612336549052,1.1934542955449148,1.991080001509811,58.21828802917294,-18.38222347224235,0
1.171186739367111,261.329117257768,49.629327622280464,1.949018689797081,0.768881790177999,4.049048609916308,67.88108581010033,0.0602980902839699,0.3564002225549459,0.9157474862149536,0.249981213459573,2.161139912096912,70.66321494816503,22.59984782028117,1
-0.0142519298777076,97.85814564952844,63.02409951123593,1.808805823369068,8.297266684227255,8.629979861511599,29.78029488537021,1.7640598062011288,0.7313482217671519,16.46543874579519,0.1270833165875993,2.228323788412413,2.4893319722713443,135.78451764638248,1
1.1195644274988998,363.32163827613,60.63720624618915,1.676584820919927,2.0122423464950447,8.419527205401327,83.72429555594476,0.6505250046889689,0.0953119725975054,0.9798085031767428,1.4768875886252573,1.9621934040917373,133.93224995787216,-45.02214087128112,1
1.157432783519003,125.0648667092799,104.370197839866,2.326479246899793,2.8987772777364613,5.933717842253932,15.843016663139435,-0.5868606714260463,1.1103569063309713,5.319798387553327,1.0906497897403489,2.0873137283481604,59.50742138379979,-59.60786486525358,0
1.1930254072409707,37.96583955495548,46.20806009578495,2.012019998053184,2.9130096460153343,4.364660960609923,1.76725977962829,0.101136641188634,0.5526990508839289,0.4549489703196925,1.1044950875993624,1.187784165246374,124.292377884751,1.4255540698308238,0
-0.0388097790577027,125.39378923847237,1.0144795500628163,2.0889138475022757,10.572555357523209,4.075367726407176,2.1092102456900577,0.1119604192028693,0.2882511338318687,4.320724663986461,1.0771310737390825,2.0880183038452564,97.46294452702912,-2.191786625756152,0
1.16061619890531,167.35725173660626,106.12767751470136,2.119603306473495,6.921450409261061,4.411006925610479,33.81957443702698,0.0923270320688515,1.1653401782616082,0.6500936397435462,1.012912164562509,1.9068972519890357,133.85961570556526,2.141242929172215,0
-0.3196042458297075,151.19849350945617,60.91972143496702,2.0239264836187507,12.284799369809557,9.470650721191616,26.195115366254065,0.6724020780966495,1.166035342178156,8.438500122718228,0.8562614240217155,2.046852622782815,52.66110784378637,33.429573228713934,1
1.4025400782629245,126.79914074872129,154.3324877404446,2.0460809378976914,12.708349541658327,3.827817909815835,7.615955301792017,1.2124245859099578,1.1853277065815035,7.7640176478417695,0.2433812644746041,1.9867462472112132,-4.758408264316664,156.53906522417523,1
0.3333033390715391,52.96399325548588,24.19327898255132,1.6037436226841244,11.469426820488396,3.410723031269276,-11.600698860390722,0.9843302076022316,1.1522715264283554,1.0716126055188342,-0.1118222455603746,2.225421013496633,7.20560659606317,38.59074913889201,1
0.8053733925817785,255.2315951633651,79.80111107797255,2.153205706614188,10.040459843175167,7.181052855274139,74.46913113131657,0.0716456070675068,-0.4733936421425964,3.092926756174524,0.8645354289620027,1.210707121396561,108.974652744082,8.435187567069505,0
1.0590667505118354,233.6000613964412,82.55055349837289,1.066923595878842,8.260214102534754,4.242990276869238,73.95899338118636,0.7154492513418702,-0.1190400777212788,3.898190325227349,0.7105083105892318,1.6839872470912318,-26.93110763198615,174.05730749235616,1
1.1913901272195917,60.97181888084549,-8.587870616443212,0.764959005105424,9.778512001702689,5.368632521838348,53.68370726026748,0.9461671419765972,1.2650794605505675,3.350604826764341,1.4899769078159857,2.364899837712746,9.596277777627058,96.45856806397472,0
0.9387381874194778,304.5228992603977,60.699278932636126,2.361056896349452,7.144408280346097,4.596208753161739,49.65741358439777,0.6970674051770042,1.1376707820241172,11.347067289724418,1.2735654395982825,1.8069670909458055,135.93397994543585,236.7774795478372,1
1.1115373662502328,106.02570840533684,50.08199651951029,2.294495734683341,0.1092406104345924,3.232683443290201,0.9651522730340504,0.1018992842028199,1.3999509695199048,6.264117131073386,-0.2496991377622219,1.9836178861899536,60.17887459890606,14.430978284249498,0
0.9725454694738492,115.5165125145502,7.453834806410228,1.7214198087289063,5.272338076228438,1.677034692240858,15.688655407376029,1.1871568803611412,0.9295309155390884,12.398694182661677,1.2713406525140885,2.1982211833682963,16.405792172344782,235.1638312980054,1
1.3017014770762612,154.57160594099128,22.54901862630564,1.0029863852319365,9.020754315693326,3.9023740471402113,55.21506913630213,0.629009109130531,1.0229252404072249,5.451191643840927,0.0214222845744588,1.8814507083743757,-1.35632499922837,9.509991978886177,1
0.8428129770839117,167.98733294806095,0.3673849264019111,1.8372077717650817,9.856036129741977,4.628921091633492,88.81799252982412,0.908428936642512,0.5877098110567849,3.8141689769413496,0.8189119314732625,2.193990190844561,149.4968708944833,215.0517111704079,1
1.3668346280209511,107.68477443927496,12.008403634875291,1.7680253695117596,10.823296237820925,6.087937406516903,-23.979172769624533,-0.0864474010163744,1.3128566613007289,-0.916671838936554,0.1411695841749728,2.182363631804361,112.80382866063115,217.98620183446883,0
0.1780165374220544,295.9957575104381,59.36049581798856,1.8106434129552669,1.4001550295496434,0.9643387603657434,-0.8205276181804493,-0.0285497898182398,0.0264935610536748,2.709267799663849,1.3432150607862974,0.9996640424889276,37.79985668385463,0.5109992482618608,0
0.7099609795484044,201.52461753356909,95.2209037145226,2.5253986596881304,8.465329588957642,5.465296173346185,75.71982649240164,0.1026823759853014,0.029274607071658,1.8964554417860215,-0.0382852980467298,2.217087111660266,133.474521127883,77.12409114585111,0
-0.2015257163772658,278.5427662759474,116.53681148985098,0.6977774186065111,5.879352717153806,3.465354364390893,-2.4220279070197392,0.0102839278348101,1.2826315190853674,3.040390050028125,-0.298718322494462,2.0811998715221827,53.816929261584335,87.57161880526262,0
-0.171235736612642,116.64792471476775,139.4336387419733,1.163205223582193,4.111703968048533,4.039048888337198,81.95931711799503,1.5813251642498274,0.1559423572861707,-0.1951427446161409,0.1706561208962891,2.3192256539303857,0.4232540070760606,-29.59993852745044,0
0.9250281747698814,247.24081896202625,6.739316052015852,2.077744751761953,5.503452830135207,3.4645554162916863,109.89276556142482,0.7590748998356474,-0.1592566737574705,2.2794142061639744,-0.0420828233518356,2.0293213659961764,-27.23043655332694,-15.767387691714935,1
1.1350406596603777,61.59015087862933,154.63897527911138,1.9635600366747343,6.45535054914436,3.912473898364726,52.37336915591895,1.4621180416244872,1.021272777563044,-2.705103506177215,-0.0234132014364523,2.409003105409841,43.97699004027576,60.54755997234462,1
-0.3157413493459519,158.32713843952965,74.41699910881933,1.9045287666416808,11.724301600482974,4.575758342015078,94.49301677220797,0.72556446469413,-0.1338998264012134,1.548284615321337,0.8434759308055788,1.9584403844662748,11.177010424479649,193.3321660693518,1
0.8198624151410387,186.95585615549868,26.891161021530024,1.853220280432904,11.829195095815312,4.210495031182238,-6.0199365618467695,-0.0387415526345462,0.3346970486218499,3.95548962338143,-0.2034756096936759,1.9936647074603848,34.0788691613877,-34.821400611814134,0
0.7224282199565983,168.26704932815542,196.73976001008865,1.3508272046831278,5.347260653134397,4.915837527288976,26.17427603098055,-0.0240182534950152,-0.3842789815734257,4.030069320255572,1.2812073504770234,1.995321126843016,36.74925254718673,-20.29149793314813,0
1.018705039325939,-33.669198563132795,80.88616405506787,1.8057333524380397,2.7792397514474407,4.623716644638231,24.62047450983014,-0.1218958946245387,-0.1606868182252627,1.2536532807564584,-0.1020040997654372,1.8343928644616485,55.33163632667386,13.334403430488038,0
0.7397100509275235,291.33005319985216,106.4589304792367,2.102521318228995,9.407382595831468,8.354541307624428,1.9357795526927788,-0.2864321539108814,0.106069007503105,3.2805861441819943,-0.0197309318187954,1.969744864931479,9.610924474628575,-60.676394729796094,0
0.3419318621935807,96.5573129430666,153.7467916069652,2.298187356848543,7.238497002627071,3.549198243807724,39.17260308445508,1.2863776818808197,1.0159715708159849,9.027311675866963,-0.0909514613394379,2.294549849917499,20.38463744933436,194.52685621779,1
1.2375839001061606,266.40865984621547,83.27455009261814,0.9846759215831876,-0.9374339270887706,0.3936768520262976,62.10085396561388,0.0503601406267773,-0.2496240015896071,1.615463681357714,-0.0363992286150861,2.515682998128811,69.57448998902652,-8.824742052351631,0
-0.082287714561322,192.81403750405283,1.431024409231071,1.8322994987430228,4.40355946053478,5.728101787149482,48.24258519534435,0.5910356869771076,0.2221722842184817,-0.4687000728052708,0.2715769475091914,1.8905055273514173,-11.472217100398254,13.524693203122482,1
0.8612233510187709,58.85614600309539,35.118804896870714,0.8862249683441469,2.428193425312797,8.021752410569722,94.07428242549663,-0.0597745212099544,-0.2531729210725449,1.361373796139458,0.0548045215579972,2.202924292900066,80.25630105199782,129.96197654125106,0
1.0500575774221723,172.07075823251185,82.13247539567013,1.04306095083212,9.380371201700992,2.560293708826132,109.94115034886376,-0.0826275987789335,-0.0412098520000763,3.113032689279912,0.8207776555769348,2.201729422358566,131.30724063767204,28.34201602391071,0
1.1324283330383,174.74533877790145,89.04583907207099,1.1903121828809398,11.400355343551512,4.791613458860281,41.63180765433239,-0.1965387956406308,-0.633425454092818,0.1007249552634959,1.1390607413046094,2.0226212149922564,110.35194838331527,50.97700465965147,0
-0.1407782205072145,-45.745686474127695,29.49422837509624,2.370093022186856,11.502148180738669,4.37795465588857,-2.609140918383261,-0.0431712690158812,0.2385918045773543,0.9348166450954158,0.1322039352688955,1.970736906170925,30.11051329750438,-50.10077699644763,0
0.9382392567263088,153.85490132257124,114.26388410051668,2.4059814497505068,8.548921621662085,4.352861084469492,3.5408775675808286,1.2108232110992576,0.2795101184555588,-0.6727014742282655,0.980708799723906,1.7279848696651332,167.89689990778783,76.00410946525946,0
0.0108907135875148,274.88334346228874,30.430933416443203,1.811848803480717,-0.1911838766438665,1.4926723981519014,-10.3285746996171,-0.5287412984733177,0.9868303258104116,8.016270121845045,0.4026403789720272,2.026394080581714,48.1281419299718,-6.37515087772497,0
1.0116180146145133,-35.45164796380885,68.42265508749446,1.9356478075674663,7.717938578778609,4.426527298028452,7.259120636661859,-0.3972345464805443,0.5914775918298543,2.856055163624266,-0.2031002552226977,2.045094208438898,19.007006422974776,-39.16250166866461,0
0.7644875219909197,-18.506541650083165,62.79562633593484,1.6929825123618882,3.2223621247111263,4.118254342918322,-5.252311060842196,-0.0677711240963347,-0.0049228886186497,-0.3218109888191951,1.172154200714393,2.214388985673163,42.29214679061446,49.62297035029603,0
-0.1682529566255673,126.12649095717498,-35.18313522218436,2.3702498711837787,7.594261200307549,4.453501131495184,84.46064466689175,1.0749925816871002,1.357273678467941,3.4969743819544337,1.5972229881615292,2.1623036233933783,106.82386771326406,223.76055722460265,1
1.4493049893881884,-6.0404793485753885,9.569013350147172,1.428622213327869,4.987807764672105,5.806393024351294,7.096619201856054,0.4449947338668893,0.1855701763450626,1.6190518574352024,-0.0163496015275445,1.9068317204816805,19.747629325375406,33.593223470013555,0
0.7744135198260125,109.30041737866566,94.9989129663208,1.934245909629408,16.081318945694754,3.283879597338876,104.25624569600508,0.7399702799024868,1.0180023010349188,4.384837698800057,1.2818382819280083,1.9372562416843733,50.799000955658656,16.29771961652449,1
1.0268914357767178,182.8514413494508,189.01269321453276,2.263951902926534,2.0147113917431803,7.885191403406385,33.31859213497946,-0.244347023523876,0.6961833205113971,1.7564230323204633,0.094870361772075,2.078395897052113,124.2837005387059,29.784801164177143,0
1.0354752248840404,-7.7186575477344945,165.41145376524918,1.1049032354731223,5.514671091610538,4.094080135293054,4.251032534992319,0.3033536136506249,-0.1485109386052393,2.5467584213970853,0.010426586796253,2.2226882338960743,74.76584803411673,8.154519986367305,0
0.9357345409988108,113.41362742219812,108.56620368086716,2.208059334074888,2.903019145498188,3.6666434122869354,48.954170894695686,1.1463978914952953,1.175929410720225,16.599184976312028,-0.0868727218738737,1.9309716978681637,37.78352219020511,61.05160195039376,1
0.7462161050492857,144.30579288835443,87.4302460144514,1.8550345999740487,6.915566373929933,3.9241488393790855,31.866439033019592,1.1207952347591876,0.9985733365005364,1.3192800720062037,0.1813026044038265,1.9920933654982451,27.78770639066542,-24.705904756791504,1
0.2091880901201483,202.2529417934003,138.58164542181254,2.045186454677686,2.684414526381956,9.30603707315776,104.27919216912024,0.5168876967130227,-0.3136566426417601,-4.5426431015550985,0.9416757660904296,1.971874584115472,-8.787416664417734,40.18615543686401,1
-0.1740415140596088,100.73543850592672,-19.431669973981187,1.003159062642287,2.0534149046569423,1.903453229967298,-9.870596830541665,0.0044329681148386,0.0455506998060757,4.11861060696686,-0.3690218587990605,1.863974006909762,102.66632357467512,36.08078548999483,0
0.0945627140865386,-59.53650482641345,143.28626414699832,2.078329545089944,7.02334387707174,4.176452331780654,48.2862130413116,0.3680064527891259,1.3032724442840995,5.220751009241339,0.9209212256845926,1.9754178937857676,-39.40053077270777,14.420839432314594,0
0.7741650526034554,75.75565329459432,-21.28568734169397,2.0977812323745706,-0.6210412852512306,3.9930396904610888,-32.8147100060748,1.104642436182285,-0.4459251948079248,1.0639579434541937,1.4084303801479838,2.249840723642776,-40.64127832586513,11.83858765471944,1
0.9452774769038312,133.2249280062339,-11.778520723178758,1.1396428803284029,4.2503025114416015,6.049230865350057,6.1322457518429445,0.990114968840936,0.9924735192085086,14.40256678325639,0.293946497346302,1.8571299069379907,43.127762782985634,-12.42918754014213,0
0.1109036827096151,7.868124657728032,30.216809159361624,1.9182543051439136,10.478564295926851,8.60821329762634,-21.56833526377178,1.3988273711772634,1.0451158997424443,14.582055679136936,-0.2679034255037971,1.8621730852783256,-2.791520972760964,58.09110581604258,1
0.559583424050603,184.54391753710905,27.65104153309246,1.9395404711187048,3.545770812437313,4.485764138850126,17.415582855257863,-0.4065726169713533,-0.0861234772051409,2.540259073511642,1.4203951407953,2.116770358092332,49.144236325294585,-7.439851393203455,0
1.073040826528615,152.21372734747808,47.86480544140624,1.1665777899575445,6.6025337851334,3.745527055173748,66.51038310714608,-0.3415705546461688,-0.1993522794416066,-0.2538079711413581,0.7200015310569419,2.0656798675150445,134.59228378871748,-31.98189540472297,0
0.8807714592030217,227.80045505788416,60.09527575220994,1.2950617016578765,9.48478082243141,4.0810163757787725,-15.0004172335222,0.0029791743048255,0.003229026469082,-1.7557516901211443,-0.1344045024422196,0.9517344817552325,62.53416280541167,17.756778605454194,0
0.9634138110555583,47.10730041327423,20.765605929406448,1.095850005062684,7.16269508698996,6.779987999737491,10.80384093007834,1.0431005540056724,1.3906049100339577,4.322502144597612,0.9704453877053518,2.0426733354010693,75.11426661510019,86.96823043879263,0
0.0964026811975262,162.00402849510797,114.91091632146563,0.912671353990255,3.0573210407902653,3.189941396083941,42.18079392686054,0.2819393843760841,-0.0281861078422133,-0.6935404273150794,0.7946091834488129,2.09713234864721,115.13822697139273,20.728001762963927,0
1.0201464600616592,214.18223891429025,132.59827091879882,2.227457107726511,10.604338142174177,7.794496476672915,142.6006113927058,0.8955454148489876,0.8580967394523277,4.345309775702384,0.9237204028027372,2.1648991471702,35.89124114043875,167.54747902813577,1
1.0024026889763953,80.14471617454373,10.06704130121203,2.3885592439658745,10.71192246343036,3.763401168880628,43.89555391528158,0.6711938138488401,0.743554658374531,1.930311369544091,1.2829524987090843,1.99505433812444,12.824896726039109,45.54918433977441,1
0.287948123547006,-34.383867999439815,11.180907394667983,1.815684059081878,4.994373063947227,5.479367734510758,5.877876433107453,-0.1396501953151036,-0.283284241313227,-2.772871151982498,-0.3117130459284546,2.016715316059087,91.60258934866356,-18.35262516647135,0
0.9402448536397362,85.53828227149619,75.15301690618038,2.007437245147452,12.47957171991769,7.894302692268355,48.04994260670904,1.1540376294938506,0.7527106153276331,10.900425917308969,1.2751924019135192,1.938438836733798,127.32993596762232,147.11979951930712,1
1.2725275930494475,205.64026470818263,22.109175280090582,0.9753439544887852,9.357764628637604,2.8606238099673056,58.46304547441326,-0.3519632324448815,0.150220149685571,1.3345234401221713,-0.4099896294229017,1.0524730801067883,67.69699598897479,19.756774042092545,0
1.2647774943226184,195.35930899652988,-33.641797620288244,1.7623965812206732,8.404761777480308,2.456824052166236,23.070122512938912,0.08452910355907,0.3635138419494019,-0.1590925371053577,-0.1603025799665178,0.9921699401351436,15.091479815139678,-4.602426162086054,0
1.1738728557402238,96.56929090086317,62.44849609672467,0.8445730746102893,8.119930462974564,5.912133675885777,19.674543528568883,1.0960039495011118,0.6127502958688538,9.064144885759127,0.8811205673128027,2.156842809600648,50.15966361318736,240.2132817421651,1
0.5238381624580654,105.08706624093152,150.61747659293948,0.8958282524840377,8.968831253850617,8.356823537963978,14.777208989361654,-0.5631872568668554,0.1007078593518458,2.04637878429347,-0.0497313252258466,1.8286201378608988,94.05070828343452,-52.19353787674519,0
0.6639427658262239,182.47824114960807,28.455076646679277,2.059227602378996,7.089831452814651,5.823477003353954,-5.32261360840419,0.983560510499138,-0.1394803602458504,-0.3652593030940632,1.1068075978975085,1.1608656342798804,99.08508289153173,29.35525525082398,0
0.9497249741264508,328.7560763449286,33.71971538166793,0.6131211692981751,12.483772929833137,4.679278015388774,5.729179388260551,-0.0927545242097681,0.2677311880773881,-0.0924998192422239,0.2860481477964997,2.0809487939513285,6.6419654773142085,80.28526885217248,0
1.329945309084137,250.50555166196085,204.09427987222804,1.7482177916779098,7.895811856792529,3.781371262364909,7.580391219457056,-0.1194545208713926,-0.2314634956019226,-1.3951044488559263,-0.411333504935276,1.9649222768819137,73.11191582358595,168.65973055401483,0
-0.4415375669875704,114.57192527714577,51.35693268127237,2.543281962300857,5.280080254249414,7.463746827973591,22.862626144875563,1.0521043528253728,0.0500455400499601,-0.6353657671738557,-0.0435776954285719,1.7045887273740472,152.36073443043102,-26.991977014068546,0
0.3836790506367329,199.74434027988795,16.718181412402913,1.9369548524421585,3.7568944823663286,4.226126009063509,44.042851546677085,1.105503214096894,1.1795909539623115,7.3569492760689235,-0.2913840902358418,2.1126995409301057,117.20772573950433,23.61246361393008,1
1.0072214029469495,315.5390524444439,212.66683645574977,1.4256732585141272,7.728636077159821,5.554311671979409,10.52937409141136,0.9051505384087012,0.8137642277477459,3.197227270665625,0.9187231699813464,2.2131210195661817,111.3671350915279,-11.201707710997615,1
1.480101341020927,272.4768557508379,257.27201699463865,1.6885934546112695,8.504940265336776,6.807204599648911,7.573019460383673,0.7249820282558146,0.7345820724694876,17.233362620433358,0.1936509747551614,2.106220260579489,91.78254130061764,35.0943291459093,0
0.870656100139179,152.897398079724,29.957718995116583,1.32197386550859,7.619795919254386,5.70119667691656,-37.99251891505336,1.1419249538867282,-0.0399122965933591,0.0295401339518108,1.0450798789716915,1.9259741695225523,6.026914013871036,142.4971297677563,0
0.5687478205854204,239.85093851630904,25.23081785997236,0.7656895580350305,9.161733240499164,4.904247317030899,12.30279367475764,0.2348791773355682,0.6838513367065759,12.802074591065264,0.8638491193615984,1.7037709379482189,130.4827868135663,70.48509079076399,1
1.255883094315686,152.55791746578402,16.545321805439926,2.131233550377184,0.0663632241775884,7.778194802615154,97.65533306801092,1.004593605926112,0.8765825242687593,4.792694427697502,1.2428255094538865,2.195586601282033,84.16090803119262,40.276804190056914,1
1.374708509645137,159.74794312456606,77.16898896159601,1.2813904102445297,5.051365942690898,6.754065404677208,18.93481051737575,0.8016795468196416,1.1087487605569186,3.056628530104284,1.06882410199816,1.7890765607009895,9.732788649809253,236.97418614006423,1
0.634737055168575,107.84365802416552,215.0408909546319,1.9822531150784428,8.74576228382044,3.5276743867938665,-11.351829915415962,0.2563303159405613,1.0958511929944843,3.988457591108949,0.3741997403080424,1.84251391146304,-11.7288239265024,222.73632495600856,0
0.910179955208339,121.70933883043432,168.15467717125313,1.0496968494723604,0.4491292285536667,1.6690467311816528,9.624166352301348,-0.1727972967860667,-0.0417177935072617,3.1039195533830264,0.0979961642013887,1.7914360438976031,80.11748144071171,-38.394333286410905,0
-0.1554442715285418,70.779794136461,172.42764662672386,1.0469908302601754,6.603688108781114,3.222575040665522,13.323126982260757,1.0168765888864175,1.071516738665938,13.272515490936652,0.6370003124552084,1.9522736547026376,-9.846024984096374,-22.20479475525591,1
1.0957243527831664,158.60857611279255,41.07885282330548,0.9216911338376964,3.9877651007819375,5.035895346385017,36.91590578222128,1.261101824907589,1.293773917903002,9.408742598887882,0.8753524418736215,2.0724336931115173,34.8270817155105,7.949417261848445,1
1.0579289514187136,220.63734536191947,51.19491243726274,1.936365556032236,8.215545865820488,4.23087892714219,9.456814751336854,1.0495364340469695,-0.2915384356749896,-1.0135828816057808,1.099367527448638,2.219718212083947,134.5144515501529,204.0477191453472,1
0.9446379175599952,70.19939491673644,21.03053291099959,0.7193763327381497,12.868519210985555,4.031421599039822,40.676389999710665,1.306492650497724,-0.2103077791915031,1.6312617125555626,1.0169323540822617,1.767585070973308,1.5853187971666642,21.432622117257598,0
1.2037560137597196,252.6287348065914,94.76295438798542,0.990387986621605,11.41407968944235,8.961720187258063,108.27731201494964,1.085408866861902,-0.1601559319546677,4.314491404091479,0.7816343640429799,1.9496223365319345,63.47759155071631,-38.6693465034922,0
1.0025230619374037,175.37930764159103,49.05947702839268,1.9034170054177888,8.72288630825098,3.8919587372558064,28.73681874025951,-0.1289355173306917,1.272188316535158,4.36185005722131,1.1395865245493693,1.961552542012972,178.22080188906557,-22.374896872701235,0
0.8969213983398091,128.0398711208979,136.8733431878399,2.0132385563918898,6.591518240333521,2.820443068449172,62.01866901123343,0.5593206612091997,1.1361336768531962,8.648297312540695,0.1086838504487659,1.9672049022023372,78.02660855596072,131.20868265934794,1
-0.1261145425331251,149.59999862644713,104.710723247722,2.101356935007619,2.042264168262255,1.6690872086962374,-25.51854555547208,0.1149323697977982,-0.2515062259028436,-0.1890610963670438,0.5385725948918703,1.9621884911288603,93.93279433978503,43.86315467883196,0
-0.0226702705482222,394.2277031297088,257.21759373885817,2.3176567633910303,4.44498735556283,3.750070728107625,123.842593915507,0.6899833375115458,0.6320582807928746,14.482082697665271,0.1303369435818738,2.134872597624285,12.463149557097672,241.30782813623625,1
-0.2037645223892294,64.07764772464984,77.09494114169466,0.9595503160266994,1.5921918177484695,-2.3931544397705355,44.76708332538144,0.1414498077945266,-0.1473535005372155,4.8850841341693805,-0.0865503912562364,2.019784909128494,-10.232094811430755,61.00228624397336,0
0.6751751609025206,191.80246613848465,15.76918627229172,1.0623225867448425,17.280126489127518,5.509518945726581,1.435452044259698,0.8518545275201324,0.9194730010565396,4.027824365211288,-0.0262129329854516,1.940990750571324,125.8308027819205,110.85176242217236,1
0.8477324490082633,300.1043004185102,59.1457814689722,1.970409179831985,7.45278787779832,2.551086357812578,-16.82431612177887,0.7794945392050499,0.1025119901524564,1.4413246803334547,1.2653773013191028,2.112391976204841,116.7163310561992,23.097665135058868,1
-0.0130672728502423,23.099406788255124,202.3305484141468,0.8005258513301134,10.893812125706976,7.723999224698952,1.5446560574541337,0.9292853375243274,0.0749754544086806,1.2513577966359093,-0.0635652787047765,1.7706372698601005,-33.062002397850435,210.792539733278,1
1.1170681095091994,67.48382057250116,-43.27029009926416,2.0384394531101546,5.181752404419951,4.443893095409325,1.1379372714198863,0.4100986883858888,0.0770214340645719,1.8822373547761075,1.2601988243240725,2.0541344913787416,95.29317765222449,-87.56328230254508,0
0.997462535597788,62.87164934678826,101.42650873010544,1.0163964671680896,5.467851511278052,4.478977971345275,36.36860605045315,1.0366792844758803,0.6431905805226696,6.191289543670837,0.9739896208819796,2.173006912025772,115.36212832492193,115.05306640894202,1
0.0874301659857829,60.96250323110964,170.3186886986363,2.1193407805132494,13.419103302335,8.11528410450131,14.521689659043895,1.3155309643336526,1.3763737997074013,14.781551030349672,-0.1016661025229475,1.857603228538664,30.44492648993989,219.7553492216744,1
0.9915105720406308,348.1571461933957,25.12169769163753,0.9195330018686648,-1.542612524377665,1.9370854073813384,35.323583483047074,-0.2123212082715567,0.0228228712538622,-1.4261499829411886,-0.2574594630766572,1.7820046552202804,13.401813524940591,51.30009725163245,0
0.0876146728148103,-51.0123357907691,80.23308082382317,2.2904432645686432,6.35832010013723,6.789891985190606,2.02113322931379,0.0106441654900175,0.4406053044582381,0.0065023464121924,-0.1187990666456865,2.2312219774314386,15.357974412304609,140.23121536384613,0
1.1662977240929933,12.141158912372616,122.36508208310832,1.8657880055276217,8.438664071308782,4.328782475679364,-0.8432323010097065,0.1245457068328109,-0.5212362958198937,0.9130537229252904,0.4976111768755398,2.0197590985370844,2.565966734752536,20.908667336175256,0
1.444968261093748,263.65189917480177,153.5146886862504,1.9799524022973936,3.241185375685861,5.363806417687953,109.70015459939282,0.2125924014676567,-0.1749493558212037,2.9532517004776606,0.909862009185699,1.9268811668284085,66.95086302325615,2.12906510385276,0
0.0567620387481827,78.42291632312724,66.61829655412586,1.6841635728651143,9.412029165267256,5.606077085619695,29.687724664226824,-0.3453184444598925,0.0556850014557481,0.8924742407459836,1.2152464149792035,2.090584186648046,48.1518101499248,26.80383805833024,0
0.2583318325874634,-9.27252017152864,-6.376785992978711,2.210275669779349,5.00936957790225,3.962417282572213,-2.7027607326124112,0.1758581620361266,1.480093948395576,4.453805760633699,1.364156416110302,1.8736784526045656,112.44925187260353,-32.25667758954493,0
-0.3273394067057881,222.7511540400538,16.394268216596558,2.040791197701428,15.652009838997438,3.564202635574408,-3.1744772553544323,-0.1367935609717463,-0.0476234815831519,0.8166380537200228,-0.2069394465037222,1.697956961992047,89.06589360092516,48.06929134703724,1
-0.0050704831143606,-12.846778085986642,142.79061948958318,2.0570331350704816,5.309161436769928,4.899700555307232,57.39391358958214,1.24221352500862,-0.0683329574623977,2.523542706954804,1.0194213704072863,1.815505318417705,16.51204046436832,6.307673047325871,1
0.8311258580342593,47.27180593014198,51.37214423599279,2.24087642700267,6.804961969709772,2.610272712967839,-16.717553445575867,1.0426114639907775,1.1358845395045774,-0.1648191163637373,-0.0800431879288306,2.2416087044008064,86.98459302884014,288.10540724091845,1
-0.0553215323906302,43.19588525680656,28.69482594115548,0.9200846535962324,2.7671094823940257,4.326498485885966,47.35355837592305,0.6169472510454208,0.2136769880813606,0.3377772331616007,0.9847231723118224,1.842804120879095,45.2879870495213,48.21914850486221,0
1.24012765357786,-72.64431670166675,-7.206742543432696,0.896482710118572,9.766816092592515,3.956652180688078,34.60135545147287,0.1653752128586993,-0.1014729928297505,1.4830905938470038,-0.0882039281037223,2.128306311182252,14.281697075195638,102.08239348159768,0
-0.0065594131896469,-19.659281334956773,57.09186155741861,2.102410319852063,11.027015823176972,3.213619207534069,9.358388723934793,-0.0174309208603762,0.670151035168303,-0.9667970035781136,0.1407883063206995,1.6115426920059883,38.73643118299012,30.635461126651656,0
0.1940102012753551,146.6497985141583,139.4826872026522,1.9138352354268344,8.797063989696447,9.980279961189384,1.2505500083284673,0.1609551505881775,0.8671997463771013,10.879582742037485,0.9417368058863904,2.164406091001293,28.99277558341352,-27.618744977020945,0
1.0731632060068077,-11.691036726056495,17.65477588894315,1.7756888939796098,8.13163792014512,3.3973138323973613,69.58126600252231,0.8467794005487828,0.2179057281793276,0.961735937463336,-0.0105387508951119,0.8752792053832943,36.644568084777376,-26.78919106604165,1
-0.0223842324479033,198.6894861376884,21.69019775371288,2.131844518938136,8.540607998522207,8.496360052957522,64.61568329862287,0.8392342640977464,1.211412420087905,-2.4391859991098004,0.0863634497813871,2.241778795168428,143.2027364257496,159.1582384945526,1
0.7504094079509573,133.9276854986978,26.216374486421373,1.816669870608686,11.65883094655608,8.145621868827341,3.682456475204077,-0.0171259202135756,-0.0222649887688665,0.2588116728678487,1.0348348008544308,1.903864750816966,138.26168657868203,36.811359178124135,0
0.3005700080679633,45.32523410250329,45.41477083876632,1.77824151427745,2.88347262720971,4.635952375244753,39.39606841720423,1.238330366581439,0.1225109972308624,1.293553440991888,1.0979595210297683,1.871307564069398,78.7658703720343,-39.39075505923332,0
0.897207636629171,254.71980878628204,-23.82206172490902,2.0822696418691438,2.1692588343309422,4.904116030978383,12.416898731877213,0.094734045258779,-0.2337284324621839,-0.5432292880786718,0.2309922108917947,2.264376957306314,135.0751136107236,148.4046240734847,0
0.9405307224807656,168.01133881834596,73.06097449975626,1.815026179684572,7.522391151659486,6.793518652255057,-1.473764901736878,-0.0907980201989531,-0.2842677534373764,-2.846302544818143,-0.0291166329422983,1.851022469740497,156.0434853558745,-57.1213582460454,0
0.3946948382121182,231.3206684047889,133.58965484524128,2.081323287859597,1.8381291877342931,2.7446321390248243,27.076204832349013,0.0253227321682908,0.0567584838389294,1.946465142434911,0.2295173717168475,1.8966626254280388,79.24939240365782,53.696820785541945,0
-0.0256308055892641,168.3776235204786,65.52542832004528,2.026038177261996,9.24064499419209,8.81999345617766,0.9239461183888338,-0.1821255589711299,0.8974757070339735,5.277801078041974,0.0007456743853392,2.050792745792532,16.450932650785752,15.385317261797,0
0.9966519813835348,283.22493183628524,104.4306499229346,1.7145603632195867,14.638222617184176,3.398125860572053,-8.317932003035999,0.9835668705488948,1.0166179574396643,1.2205447448278548,-0.0043430490129773,1.9940635694118496,73.03104808765161,8.373283133376255,1
1.1013724369510471,350.69419054550565,164.7342364519283,2.241236095919379,13.826653968488978,6.894139283857561,150.5779127012754,1.156250588798626,0.6872021746724221,13.582345752529775,1.1641164490534353,1.9984777380317251,37.66784779800896,155.78588283957217,1
-0.0100925951810523,187.3114818432507,133.50705048185512,2.1355031717641046,8.642676025411255,2.0244377849898774,46.16723274089227,0.9497566783275316,1.503905113583146,2.448258489784327,0.941538434192834,2.180911961413207,-2.8010631230516623,91.6183364807508,1
-0.400752676802884,272.27014559501,24.26027085589909,2.3576030181919867,3.5797728782418523,5.560288991261404,26.31831661340611,0.7436764833436491,-0.121240900195621,-1.4428998184536157,0.6814538895302276,2.059980400690393,62.10135061182793,198.6065773130561,0
1.1622596186360803,159.11704219571106,95.7624350182548,1.8194002970894076,7.039931087647825,5.620424311955883,68.71251750205691,0.7966471516627852,1.1302495005414124,7.126393450802443,1.0965634779937945,2.059566951417036,41.003805897841104,216.29453133504143,1
0.971791871374633,89.10096740137311,97.22682512927264,1.5946792104590806,10.138179635628738,4.816854013664886,53.7261505175542,-0.0131661621723619,1.2507980967285437,-0.9656514231361816,0.1776309985842544,1.8848667681630984,-37.07862844444277,-17.83010558559129,0
0.7983842083631956,164.0606982647361,-22.659172971134023,2.34470959475815,7.9387277776458145,2.843368755916842,23.706629790117272,0.799810921908602,0.6847096681551837,6.191146679163065,0.694107551739607,1.6744751944240466,97.24528084039196,-64.48185717527619,1
1.1988835777355724,148.67034142126917,20.07330317192814,1.160442473823898,7.692289693716239,2.839658832416265,35.54004832399663,-0.0043172104732306,-0.020131490403623,0.1834116566945529,0.2939474206534003,1.921636570210463,22.375288410865835,48.34962920912751,0
1.0142423981425392,266.62144512471446,32.099250816906874,1.6828057190624033,11.865977008329168,3.621708527949196,-11.09836098978942,0.1552204955714247,-0.0010336687119098,0.0330859208517684,-0.0963982712070604,1.9108334766043824,150.0548168856887,-25.71443224100513,0
1.0352510061618594,309.89741906755233,155.2097665569867,2.059582737687044,14.892694711619365,3.927356747902328,-20.358973316705622,0.3952815872213242,-0.2284324828566276,-1.104324060298712,0.9902598637760284,1.9865344327427956,135.1896743404214,-10.076985945820049,0
-0.0787896307322232,83.40645807058527,70.07317271396221,0.6281210046298424,8.302527782224036,3.611318159478737,38.54032606540164,-0.0434963317175132,0.4125696267668775,-1.2248587545557357,0.1462951944825938,2.047685892560094,22.96119018255183,7.443235497753783,0
1.1403323754676395,269.25341223793424,156.4981466016099,1.8799567226728109,10.035354701278791,3.3717809387202635,83.9687816726921,0.6770769320546044,0.7444069687516872,13.103582375658672,1.0916960001007183,1.7458361011811263,12.466634313000156,50.23737593852152,1
0.9693382237969796,100.74476522158832,36.128124098682896,2.352810632774822,13.127543011429395,4.12667124177286,46.731176331478665,0.4836254758408936,0.8708504546030433,9.734770274699097,0.2783145317041908,1.85416422547789,128.38398645045987,239.430026927858,1
0.904156171522225,155.20791787565477,-9.098070083237914,1.1968929154835952,3.810379804770828,4.8580658126942415,-4.891783457107984,0.0941355490529787,-0.2787723695424912,3.6781801799959695,0.3103066227893504,2.143265162556382,-33.92777055191932,31.114652330248813,0
0.9875774506753968,149.93946361969327,138.27891669870246,2.119504506597506,10.189401565731144,4.7280634676563125,42.25455451982554,1.04840805624322,0.0248187469191846,-0.1610562866176312,0.0810916870457363,2.302873223389513,65.91634699120594,200.03865996846997,1
0.6370110794992614,227.7332899901088,66.65573895669615,2.027926577168241,13.065569268872018,4.257987000757657,29.274445651527355,-0.2945595704823183,-0.0846349960355381,2.3437325411469354,1.1198059516618692,2.068588433829536,64.49299221429882,138.30612444651808,0
0.3417862270979049,259.80294635920814,106.20729333481827,1.8009014944674857,3.282634035245989,6.6295971589989815,111.52878097630256,0.94450410269731,0.6361805196442267,1.9528525003120507,1.0781010699848552,2.125130809204639,78.041352404652,141.83491140702355,0
1.1673847772055392,208.4581161175445,87.71963791328159,1.0436980620107914,5.056982690531678,3.847150493878392,16.58419685922848,0.0784068328176906,0.0144123119219118,1.2776761868535176,0.1125807174710199,1.956083563495414,73.40842012936325,63.01339615875737,0
1.5371190644813586,38.21338982627178,53.44374287375523,1.0767792038195072,2.7721338331071257,0.2786961317339704,-14.496793530853004,0.1148028297829872,1.2445290915071587,5.081146804755413,-0.3204601541798994,1.7969158398966147,-19.907433994218195,-62.20211382878788,0
-0.3264548081505779,251.31014213472577,190.78606468682335,1.53624493879331,5.931613104341404,2.984393271792584,54.83884926264223,0.7308558170411283,1.1049422602335568,4.03895913943901,1.348852458570045,2.001005453989926,34.27635261026766,-7.967184616276924,1
0.7658892140444534,177.3844009190402,-4.924449831971231,1.7820818887546963,5.50342967620115,4.858167876884132,38.3191082291282,-0.0238113114559971,-0.0088997107241062,2.291878592717884,0.3342177658269741,2.030597077325742,139.87045161204992,263.974680163292,0
0.8573793577040013,260.66095960929346,123.0857107277656,1.9691497500597248,7.144934297454209,9.260155803435383,143.03393273340285,0.9236627607352174,1.158733910601009,13.44930766364672,0.1793201033160401,1.799297332133349,-2.3587063888417603,135.8919724143602,1
1.0560739249761462,52.409059899948645,83.2403584594231,2.1866629562260878,2.3381155501645514,4.328799762977934,25.428040551876265,0.4721062227908896,0.1836911844805242,1.088972718737487,-0.0134709491862267,2.083218316804756,50.33277322126679,17.88796593777454,0
1.1856737228859222,85.37472043052664,-18.27161929186161,2.2635003607415056,6.906170965175233,4.492299458880608,43.67320575243317,0.3101559171815534,1.2795420087481555,13.237866768082462,0.1490573541771567,1.0775844013845757,-24.30281411027542,26.45108909299413,0
-0.2839761445513677,129.7108420970265,-0.7332735864473676,1.8966627717791729,0.271898198540458,0.4923504006089692,86.10572369193578,0.2149228780860267,1.019258683533654,2.252938939029999,1.255639461345584,1.9970501865898092,50.13202966870892,-57.3361702389772,0
0.9507887631955878,-3.456664189784448,44.07282210721968,1.147350694090377,2.3541432457204925,6.982385487966479,0.2542324720068052,0.2817012820032966,-0.5641646087811595,-2.016840548083053,-0.2299050557822222,2.218151411719086,51.51599417812935,77.86986452266257,0
0.8494940396789622,99.20236561384137,-19.488909006068425,2.097773467510513,6.659461531980526,7.922996880019708,69.42627928194376,-0.2783544134862155,-0.0567179610099543,-2.2106655667121764,0.7725882026959369,2.0338587542180537,141.41428953510308,103.03384205338294,0
0.0585659271049876,88.67793015081888,98.8590241353388,2.372090645374114,5.925628083637238,2.173144070694151,73.06327223411174,-0.0827060123782645,0.967570323090749,3.1211120070265794,0.8863057010327761,1.9598608777967583,95.69140749960788,64.38319142766875,0
0.5447596372999963,23.254149678077,145.76144824222976,2.089316449646718,7.739196558142286,3.635912624102695,56.33001329758552,1.071224762395344,0.8399536009196059,4.076039704886605,1.0954532340369874,2.256529770877579,29.131339213797077,71.11413330184106,1
0.0319465708725279,75.18485555849131,36.15118513544588,1.0575381252183778,3.768236754931287,4.425529984184367,54.67397325898732,1.3371793227435274,0.1776909412893662,0.8274375981460191,0.5170272195744771,1.8025849876887257,149.57910762824605,-27.68486956685141,1
1.3962992698890653,14.50203827221216,149.7531773635274,1.7780380313234356,11.736536363964497,4.664022303645358,4.430950113988104,1.013077494476577,1.1375916283442025,3.2559835241271915,0.3205529916669705,1.94788086093359,51.27630436489384,23.54502026616588,1
1.511037952506464,32.62827891450874,112.2877868067995,1.9203351643923217,6.175937598189726,3.673057255850858,32.587938941418244,0.1186468543958727,1.0141390894974638,2.035893591477812,0.2587232908226735,2.1954404764520428,19.67175875342353,256.6464001148165,1
0.7616112882562507,-52.35651513969637,54.90914870157118,1.2000143663106573,11.308108514416505,4.513941148362442,47.25287886026968,-0.2230424070108855,0.0028325980114387,0.3967589509867433,0.7471311388971402,2.3058755828480137,77.16306701290796,48.26262415634962,0
1.105181397770162,97.1443372678161,59.97422686983447,1.9493260385128544,12.661061853720527,3.731077880451026,49.15205034144916,0.9754149809840976,0.9396697196652136,3.77207569253563,-0.2227606580886851,1.9607236045921324,-14.814642269979345,273.18524465086506,1
0.7610642289346268,175.39791253271804,-3.729691574453753,1.8766742975386312,7.768576728477648,3.8754255858439928,106.14026185386136,0.2467160822540031,-0.0970280777634438,1.68187022560407,1.1159107880474186,2.143677999856878,152.15179973150606,-5.016813922298283,0
-0.1581258248585954,176.64575390085943,-3.0460986867630027,1.9895047081518875,10.521935461478986,7.723927585148138,26.48666880613409,0.0097507684271442,1.102758237799415,2.1410186110026066,1.211212741449829,1.8976513467802716,72.30944864922881,28.80616181319221,0
0.1355641051775286,132.97981038735207,37.47776090248063,1.7753985956623128,6.955222419473258,7.3820120931695,77.2704961985631,1.243733476963912,-0.0383731165253158,3.884366511526817,1.3409065493081975,2.0363390262705163,98.04851843102654,59.21953251766296,0
1.138559292945312,226.6825003248672,49.36385329365149,2.113586803366992,10.372178381927627,5.19965372485009,4.410577516155037,0.6390650412118757,0.148212059723348,1.085011383502252,0.8969619973917743,2.1907682504951227,21.07648900424587,60.71333232655549,0
-0.2290453255693022,-29.514717432155777,43.69078469683672,2.02393392517404,9.6286150367171,5.168206110615136,4.361632954109361,-0.1059247185750691,0.1298371786300621,-1.244738292241312,-0.0272733604999234,1.1626062487200794,57.86786886701251,46.30799150085558,0
1.139149885207136,89.39464282672529,200.4381442245459,2.2166053443312568,6.907055974041305,3.000719126137793,-17.839824429382574,1.3679097952496326,-0.1924896329247299,3.9837645647693063,0.1308034351400494,2.049253914759562,37.92411802752312,24.996417137842197,0
1.0026733313164513,250.55177765182225,120.298738979352,1.9563987479934368,4.0080120498659175,4.849637535339109,59.45738712838374,0.6877574448968401,1.1264561183960065,2.788689413872332,-0.4450960285254785,1.9816834013443687,23.959247332111254,153.47225182179426,1
-0.0385248059693312,259.82548505707064,86.81257414516355,2.007999351444957,0.836588128712215,1.0037789252230342,32.19827063583894,-0.5792787161465629,0.5048965078734414,5.905106624116539,0.0036191164542357,2.1030313659228907,11.908617928005974,63.043736578978354,0
0.8871478074047193,154.7185588215768,167.70495191008337,2.2152428093271728,12.737833963337746,7.736840892822922,87.80305496830388,0.6374641492166081,1.1933717068009506,13.989840402432556,1.3203615119266252,1.9685234979450457,128.73080450600312,156.1762535673261,1
1.349354846590264,212.060870711666,107.0815996888416,1.8041814519743984,17.186343817758782,4.53385370923918,77.99654555035691,0.8331122604978243,1.063518182036168,0.631572577006648,1.1742992594722557,1.8576335696214004,108.5456175458593,171.05413593248718,1
0.8480098989162007,227.7731308824558,61.36100469762762,2.336449659658244,0.230618349948501,1.1777966420546275,12.010421523105943,-0.2182546212713765,-0.0180219626097303,0.46263310252318,-0.1279987571618413,1.934350136233333,26.641239991311053,128.25993343029344,0
-0.0439103079659857,286.08997844465284,29.310646751525105,2.1709024238349945,9.03003691542174,4.582814025884716,28.58115395365838,-0.0499097556221257,-0.1750812814287312,2.3182688624883787,1.0426586950948575,1.787604067410746,78.43525043447318,52.98908262197502,0
-0.0494113117360218,262.0257090903703,168.0727199996136,1.8224390638569143,12.320828567115091,8.112853105750617,20.201040675702423,0.9575770746275368,0.3416739617890412,4.379586004407957,0.1787024163266772,1.8222838296604975,19.312593691074603,173.90426862288672,1
0.8334523404164598,398.8400854549918,64.47653703405756,1.7319153032469747,9.305988881682934,5.66349409656315,23.95640531908647,0.9899252552990035,-0.5430018982990599,-3.076735638457455,0.0322378848016196,1.94654187886923,-24.49875275370221,101.3802204006991,0
-0.272960103430402,9.598935013130188,55.424867563825366,2.598814435877132,14.031408982489207,1.5297472649516737,150.74390190062513,-0.3953130465723559,0.3981592524607628,-0.1277498268515242,0.8886431416142977,0.8175569136579779,76.91590918458898,15.65640619341182,1
0.6402167222698517,190.79196734079952,241.8598675668889,1.959870244980478,14.405267871588311,7.35032453041069,100.55378290898643,0.6664291758797465,1.231906202392178,9.324862735598296,1.2150094634450697,1.8784458665568915,5.082468717059271,73.78516123516522,1
1.3554262481369628,271.6597427615722,129.59200254675835,1.9340059043976483,9.893133236125047,9.698977815321626,123.92438423004508,1.201003631974532,0.0306084002432086,-0.1822654390252114,1.0027360056635155,2.214391358464773,39.802929045397946,-61.16271781823904,1
0.8806652319970174,320.5999833929073,-1.12211996207391,1.9351262350933225,9.167632628459168,3.5918218821448544,74.87700135172079,0.709696177162329,0.8605922251027981,4.176008412002635,0.8595545758170369,2.15398813989902,52.08099859176821,13.546388253893523,1
-0.0052024088213409,283.74311290800864,84.39557580696275,1.6417868081124,3.743076267730258,8.333217104153174,38.27433431577014,-0.049455029511246,-0.5423479003780395,-2.1075946967865216,1.5111893128461982,0.8368863164926914,118.90542920883551,-32.92712876957668,0
1.2988989780332676,246.6574669890432,179.99358636413217,2.0162885453073023,9.31385511557393,9.263153573515032,6.009623927275477,0.9621216446011248,1.1463882361574345,-0.0257168304712913,-0.32114779195531,2.0609661661291754,140.64338994945444,7.046337626764547,0
0.8867805844283907,151.34248295292787,78.23400477035699,2.1592833197906507,10.673124046336287,2.8536624323111277,72.21431111068699,-0.2129439077928737,1.064200398539079,2.5205582172751373,1.120851411284231,2.0503070337553484,12.543120384689535,-45.02877183057338,0
0.7299550511154513,202.79947968074876,151.23457065295776,2.231478522270704,6.941959261507617,2.871107341266888,33.2768745938174,0.8972227819377108,-0.1699368917244875,-0.4504224071161329,0.9187103528918028,1.984734690485053,128.18819484660577,-43.95821431347725,1
1.0357062805663788,149.31021299996797,102.02720688206686,1.994355342120208,7.196644195194505,5.231390518085473,-9.78205985597613,-0.140366773804285,-0.0922028354904322,2.1935767872844467,0.7640256360200859,1.955512729499699,158.28667420816305,189.72372528520395,0
0.6786254458440063,249.8232573050887,97.59706085610247,2.1657836256294485,9.489023839735513,3.8548550325960185,18.883989289070943,0.0349434389576359,-0.2019884823557982,-1.311719956637452,0.7657765899759246,1.905223521190757,-25.82780511520437,87.88619376383343,0
0.2396065136286016,217.80683136211584,41.176786370407015,1.76713962954074,3.6341755080398017,8.377548969713683,29.3666634744255,0.2746990226803893,-0.0327081555791003,-1.5080006088531892,-0.0794943090025275,2.0324322318756955,87.34029049444611,65.01020640317148,0
0.7786494175249009,233.22528092377303,70.69091795932485,2.009189703679509,6.126197027973259,4.541506801870594,77.80365031081908,1.384548658051315,0.8500532523480411,9.119002511514196,1.442353399780198,1.8729556868120136,147.54482338360674,242.11532697216356,1
0.7700129658417745,125.12568659119992,-14.271568277241713,1.56952497699378,8.363002848525822,3.2503129266533968,40.83693480078931,1.2767887536275224,0.8468053148386003,5.189916081985524,0.8352957984077085,1.724413559808655,131.8433134221371,-16.102693049162475,1
0.7234210651890798,194.01665497619672,115.60591765112824,1.8297055844114272,9.048924934350843,4.567933059113244,14.220931633189814,0.3875525807974697,0.3158747039165159,-1.0183472572015615,1.419406943093812,1.9207261501677155,124.09306009959802,9.469354209033328,1
0.6959309726634731,22.76175798878873,14.6449454189885,2.302247272019439,7.595739039798806,5.230142680251209,-10.71592931227083,1.014020732738364,-0.2426822766422025,0.1662776890448469,-0.0652941501958898,0.8916306557962892,40.97248978025273,-50.34061146202884,0
1.0019344202589016,171.53793076878614,-10.21402240592944,2.1080928541399726,9.557323613836656,4.645434688702883,-7.083579827611708,1.0133500982004413,0.9705223287163682,10.357489572526037,0.9554942788913764,1.896366344674512,99.31856944197702,253.2325990448232,1
0.8012725660422331,-15.034714743285662,-7.802311281555291,0.7385816200105573,7.616577595730452,5.051462366122093,9.731269546550704,0.1267955360889454,0.1491601177426609,0.2473031539097543,1.5284090979851317,1.0350001496574064,109.0541442511394,-34.407465859251694,1
1.0215181854626754,79.11763861500776,8.539484645641224,1.6818689177371968,6.365569583790721,7.6436173289504925,92.58606923396567,1.429729577935547,0.6581027953433733,4.791839635472662,0.7407846713138577,2.0708714328859834,102.97735598473888,-0.5006527019416467,1
0.1285117636171683,171.35485542692624,27.493616890441352,1.6517053328591005,1.6857111197727193,4.938462942109958,2.1211149232179096,0.8862405738258603,0.6570488567982278,2.157861947223335,-0.0433056162957929,1.8910754196603063,9.715393741751214,191.43672755310448,1
-0.022256068675163,258.2707633996121,113.51300046970766,2.100523028360277,10.359049333259224,5.626531355480642,101.39367400081647,1.2044707435236923,1.023398462676449,8.581731617937937,0.2169352029773252,1.8798856018612715,81.307152152179,295.061475645935,1
1.4112970639596365,278.47000967162955,93.17971259496552,1.885605022278793,4.306962999411374,4.972505207290824,1.1005646236742803,0.9369244318574024,0.0254014000661727,-0.0139243268230755,1.0697074859027116,2.3828772873054715,83.19613515604472,-14.814444416122065,0
-0.2399320551528417,256.1433360764605,70.79071731861711,1.9220837763041836,4.175792609719073,4.94577114119864,7.39763343316989,1.0846574395194415,-0.0914493863071752,-0.2021326461704364,0.4553328863273114,2.1446312422400178,42.33728943396415,19.492480431008342,0
1.6008674172663333,223.17566228538504,58.095103792791846,1.934222504233209,2.0978454549902006,4.114041376684942,-24.146002258602323,0.8914420639015561,0.0913646194250721,0.0057909950071515,0.4821329025544597,2.0019969851010813,30.769020924003865,86.49509681531899,0
0.7168368884205455,184.2772962123525,93.27219397059164,1.89547973001043,13.001927133818324,4.120670906742838,37.03221502422163,0.9423606194362396,1.1967085985364203,8.237367354503256,-0.0559840996063887,2.0242469351767896,106.09555820062208,120.5704650884912,1
1.0572108855809297,222.38121113179983,107.845304029299,1.8649705393669451,10.333887728768383,5.413384320282429,24.04144033978996,0.9813294699621674,-0.023251590180038,-3.4654377327011057,0.9452957958226184,0.9765127267399434,132.3039066009339,52.42767153837529,0
0.1614639743206335,104.62801410798616,-1.124735708914244,1.8630208294948616,10.606709613477443,3.4678397183248046,31.70816727305072,1.4440257403462766,1.3084999170115847,2.679833895357496,-0.3010009200140244,2.19966661572476,67.86888859145398,-61.70852578645832,0
-0.0130064555774419,144.2471528811453,55.49366305137034,2.259446104670769,8.394156802245616,3.787023355535025,19.05773287917512,-0.1461396989972596,0.1456063622532031,0.8228030203120515,0.7585080634270533,1.857145976818116,135.3668095442419,-4.681412070889735,0
1.2040871190314124,73.23725107408451,52.21527527248608,0.9580885579435248,5.955474210248978,3.439786179580444,3.872096510472531,1.1778662393036137,-0.1017478693125421,2.0449858337464937,-0.2024676351646496,2.113324902382765,49.628318984859455,32.9340145534909,0
-0.311145008310546,39.503585784073,16.941221911813386,1.602937910611659,9.0029472335783,5.501799148266186,44.08897711862611,1.0549101946688522,0.8729812756623494,2.3907074196759845,0.2332000237899889,1.6756946726127486,64.2073872097794,192.01632330156212,1
1.403774945856899,-3.822086155619047,32.79496120869666,1.167030831227276,4.800098873674118,3.6255607354018022,1.5709464730503342,-0.3433541108957262,-0.0589147925808629,0.4630309995440544,0.0578370523201749,1.91709063174222,55.87290800137571,41.78302943594846,0
0.7679032675223841,111.48992059266536,137.02095725323778,2.294608845630423,4.105549757484987,4.1080010137786935,103.87676495623997,0.9121648205965284,0.9334536175939762,5.8971464530562105,0.1641446529103553,2.328620792426593,101.73512899804288,111.5793744593406,1
0.2392972255089519,186.63512419040944,59.60288959116073,1.536723385010171,7.509719867617093,3.421060507318084,-24.152934644336284,0.1131328289356426,-0.1113049292196849,-1.168408368008687,-0.1381524248987907,2.159943866470724,66.9027409355587,-3.72269946156829,0
-0.1101935570140733,176.33035762766215,195.61989368503336,2.029704702329965,9.398870935819415,4.22816523492635,56.62133477844486,0.8240212384300398,0.955571218663962,2.3966502478474374,0.2044061288020865,1.9412151417399612,89.01726551272863,10.3444224567449,1
0.5854234347786809,352.8238023169005,120.4422224345128,2.519527269593052,4.442863796542687,5.451515598367265,5.273047035445579,1.2013082166279925,-0.4075950894821704,3.959277212595932,1.1959332907927986,1.9941908008581424,94.87524468965978,-26.80368954040245,1
0.8244110659080148,271.435186287497,165.32022853552888,1.8663113795904076,15.817119114873147,9.152224799304156,133.07066627287173,1.1322109417988813,1.3372585005837854,5.208791742080709,-0.0791953586899208,1.8705576538624928,3.7491535843687913,-19.755707653618323,1
0.4690499073128121,194.2879901015336,143.88520505228985,2.091702202511688,7.6194777263428515,4.129189985480076,-2.548241723648701,1.1949253150945789,-0.3582666173983001,3.502822936486918,-0.1019504787359126,1.7905807711498654,74.77663757902151,-1.445964343587086,0
1.096794339383241,137.05342680159268,-10.62887746147564,2.0575246449694444,12.50394662113606,7.58653846383868,69.88968052704732,0.9648401505529134,1.2636814753133945,5.316569716848678,0.9604816482258798,1.8453787326268776,50.384547139517366,126.33672485447318,1
1.1446054468341311,-14.903861914194806,20.95087198161263,2.031655965281087,0.1353610979835666,1.4334708690088085,-13.165839491071653,0.1273180373152999,1.1365080991553556,-1.880247699527596,0.2965232630369993,1.544993866476434,99.794915878654,174.24184639219766,0
0.7268121368980278,34.548127741023066,217.7429267252279,1.9006545062264424,7.95281650406738,3.5990553927062305,40.85754816437353,0.9412755928825064,1.6080725344797342,20.80605868907059,-0.2124797891445811,2.0966816643692034,49.826443278799374,94.48023838571918,1
1.3623111681067823,358.2903487641666,-23.05952585706771,1.893583185423501,17.33781376290976,8.240039111006908,-2.857764646329322,1.179393757748758,0.2491660693993727,-0.1518960777850857,0.0546658328014414,2.138333774013529,-25.75432608370319,200.44840153171847,1
1.1695048886198904,83.44726661105469,64.67085601381422,1.9844403596089428,6.880422882926386,2.110726812201902,58.16492120256078,1.0464631634796784,1.1379222771575446,-0.696145753802083,0.1606834722080271,2.306739936526766,33.80893185574773,63.76024308928599,1
0.9719514783381816,106.06884773529232,200.52968082589197,2.1025838546513107,11.163671940906958,3.615318007384668,76.45899004551123,0.1354829265085832,0.8091228793773165,-1.4037383597279334,0.828273608247218,2.062525772530437,53.15956832061527,71.83134122810958,0
0.9092627853469488,228.53482105792835,78.06740011238718,2.0028797315183064,10.569219371018086,9.022914292258182,76.00795988957134,0.7399996904530189,0.7466470552302444,11.27367180624612,-0.3060605176327423,1.992748362919701,20.184066464731032,-27.567153865857257,1
-0.2401139377622495,109.50845550025409,204.834600812046,1.7942797212282822,14.044309588397404,6.624726465191191,10.710634383026502,1.209005567692456,0.8924084186180689,2.498009770935607,0.7185507747471833,1.9032012394555824,142.53916559146654,121.64871782532173,1
1.336934358431041,39.63132905931676,62.51756267686673,2.2084639702465743,7.7310903869744605,6.629472875455733,10.238907956378874,1.2147097432772993,-0.3118212524474149,1.7902253123294052,0.028486103250106,2.0563052106291675,147.87397526479702,43.08797913252428,1
1.1252638252820044,55.09429650574367,157.05438442120368,1.6632519767704643,11.714908059314633,2.2482162330572577,71.64604246730022,1.0321207994547517,1.5904377528170095,5.7824082931614775,0.974425310963562,2.2684811624150885,59.471498792425,114.71275955573005,1
-0.2296248444004355,94.83456651459512,168.24397615336662,1.9721228633142451,11.12902906327501,4.568567181808836,92.36390879567809,1.1847241529257788,1.2026731738363718,11.248244244329276,0.9063067231403308,1.9316091999461888,55.731096778034,30.750826664350107,1
0.3055694583548999,320.087114953949,215.37235435057835,1.9147129241282252,10.209330430389324,9.73347354959484,-7.395962518184014,1.2488706520470132,0.7541983287460955,15.593823772297757,0.2298435942983626,2.0985424261882275,45.19008805893952,176.27098620652296,1
0.5586900860223786,132.94940878256136,99.85450263834942,2.479556252628012,8.336785609972697,3.9083775509449983,70.15939918290071,0.7611333399617001,1.5095048627091474,6.6195309255173225,0.5270355831603505,2.208049989774256,30.86007814379724,-23.1881741601398,1
-0.0749655562418558,95.36809293866948,83.22094389857749,1.5911129997466105,5.345539293146846,4.003270787863992,8.74482824583631,0.100945051831187,-0.1333207931190789,-0.8502994569999425,0.9981774400197192,1.93407316803954,98.76517268485006,24.223684998216644,0
0.7336906110341563,77.01732646772227,18.154531702086015,1.012521728313553,5.009842618132257,3.813185554602736,8.048655155614554,0.0394872378566668,0.1923889830987072,2.626722150131092,-0.4035347625932102,1.664486792804572,99.098612369308,228.1395721272727,0
0.1036793800828977,162.45573357995625,85.52255494419146,0.9619790880164104,12.646037851655208,9.092178428467086,65.34808633001137,0.7456205382490495,0.9520893396922936,-1.5140459689087686,0.0088113582510762,1.9703822266251556,6.753730602261591,58.55454235051991,1
1.1572315387298522,272.15873602624055,44.84644273547019,1.9071652707525837,11.80825833676936,7.112511623787514,131.11995814595429,1.138001647692514,1.2947725231284632,17.606913895821553,-0.3268391676860433,2.187581114134102,7.317726583410526,224.7730631005572,1
1.0749414155750003,195.07879371563635,56.346954314423954,1.7706002126385518,2.8989035089080586,6.12752013287,98.95297294413638,-0.3550584638870349,-0.0772644194509404,3.737624530797075,1.1265702362933063,1.029152424076233,130.98054658981522,-12.940100963608993,0
0.7690042368355563,178.5998985883903,47.66681913367397,1.2639297253209798,8.103550663287177,3.288123032363874,17.797245407180515,-0.5603235348545461,-0.1862491003376307,-0.6607544867345805,0.0195108760793612,0.969718144974372,127.73790769525988,-5.346018799987327,0
0.9396636603234658,283.146017477162,99.68046501244348,2.013852795293668,12.15598147866026,7.764811894070102,87.77395097378957,0.9586033609027642,-0.001839458929742,-2.5080388250969863,1.1149801042016316,1.9326663168132907,143.08893791941705,22.467757301925214,1
1.399664997593456,224.3424129400996,32.44599896330991,2.007339706555211,-1.7983279873521756,2.919990547393631,7.661499026521508,0.211191358991742,-0.480204563444485,0.2316884528302303,1.2515280813530762,1.783300594493888,83.28458176577558,3.39627153745311,0
1.136091808505772,326.43528629079543,76.58648415979748,2.094348987133752,5.209358163145711,4.436989558573567,20.02901694335457,-0.0740629620430158,0.016460810805772,-0.4058279286280459,0.2465204161164167,1.8240813601464296,75.03972081016504,-5.924670610264535,0
0.1847089473314934,377.5730356476813,182.52155664746937,1.908726515967172,8.577995496482131,3.7553601752845593,110.28095990376568,0.4376613959771162,0.7955057700657289,13.42284892292217,-0.5780359903941361,1.8561304903774836,-20.10200498737952,180.69564245298636,1
1.3620106624476191,315.76803117998435,185.9650191077312,1.2436235819094033,11.877294483303736,7.425784309784221,84.69439248850257,1.4550236801352854,-0.3765320772477013,3.0713404384124305,-0.2536778943145278,2.015298942555832,30.405601121354685,-33.7961079391797,0
0.8642204208811634,322.7707141115545,190.6514299161585,1.3833888482706165,7.108004113918595,5.074064049009007,79.47313026912485,1.028142486644368,1.392131114293386,8.466798958546615,0.0005353686360294,1.8053126869693783,38.5212918019607,-2.026739009952649,1
1.1143062663893644,257.96430681574765,47.84176318588531,2.0231064649810206,8.3958445387197,4.769013873624738,68.07658574576959,1.011042356537013,-0.2001458631798576,1.1364079364248971,0.9930203434497076,2.0288416670362635,95.87886889442476,-18.024043262508165,0
0.0255726877548164,147.2384250325965,29.60591114603998,1.514292158949289,13.648944022041103,7.837944031111626,65.04498857972101,0.6361074857475203,-0.096638233665121,4.43856240683944,1.1120964519270835,2.084101642192,55.64212992700038,231.98393733076887,1
1.059942543255934,295.2459716184092,190.8420757869711,1.8029486126484748,7.119514594753088,4.418404442497838,142.98695645007732,0.7987871931489483,-0.0853781987137877,-4.450204426023488,-0.1548156326027291,0.921705787132738,11.490046885042574,7.015228052893036,1
0.949747231367192,180.23237754745028,13.151149484849055,1.9619972853206011,10.167099046789955,4.602031265014164,21.61888668552575,-0.0735077525806837,-0.1128350557459868,1.882201823943346,0.1521707636026377,1.935174645868599,56.22518235319363,41.57969156276594,0
0.9980455584930774,12.279229407340324,36.55691550350392,1.8510024361928472,13.733129350703244,3.685607324284508,4.372255987129762,0.1894779105133032,0.0059031167793042,0.3994930852649232,-0.0074792977010324,2.133445493970682,53.715710625509,-3.5850765562591747,0
0.4459221229313511,47.12550338699221,-0.467882201633941,2.3385745730958374,-0.1336190413744473,2.5652276415065427,59.14733185850008,0.3388258257761433,0.8157205971621642,0.7258767577086114,1.153513614230392,1.6525681301056043,88.08391417281668,-0.196567255536614,0
0.4419571979629882,171.6603543788917,125.81411112146311,2.189820959192741,5.41893594008757,3.588775514329595,97.94716966181738,-0.0671852529950461,0.1084586112511125,1.6887613734852711,0.904673506266974,0.8015380597088304,35.371987633578115,-6.419308013828946,0
-0.4058126923513349,55.89158821126267,174.3896493698996,1.920613084870153,11.537022275318874,5.113979481183577,-4.472805304078946,0.2167104521618877,0.8339842528560766,1.0372760145081767,0.8008731236293833,2.0511566187606545,27.70087463698189,62.31280179252688,0
0.3417806460218567,129.24639029528643,207.82081802838465,2.1649060629626837,13.568635854903915,8.724745561990371,60.90080368743211,1.501911307401138,1.263601493423904,1.9729296101546328,-0.2564952728192406,2.075367749291767,-5.416221905476121,224.98581932491297,1
1.0589815190910272,127.83178081917964,4.355076110211229,0.8291513189684562,15.504127422187294,6.483992142573618,26.715570981912773,0.3297709666514783,0.2127522307385443,-0.3864439163519662,-0.20340851236729,1.9686390458670164,56.13850069275895,-32.929856966865195,0
1.3918328436361938,47.26181118210661,146.9760060529788,2.2355341826177493,6.670642114323934,3.40798703976533,65.18599008055752,1.00006745336518,0.064217610464162,5.216269540959058,1.0837645546894803,1.6449607635766963,8.523920577534227,2.375845945947667,1
0.5308289532115835,57.53514543327714,151.21646501126975,2.088178196484665,7.135044179418676,6.612247013340368,108.72467726111654,1.279157907379498,-0.0769060509839841,0.239589430986451,-0.2395405705929811,1.977614880933527,98.03270380243228,-35.721896134467336,1
-0.1296850992255249,153.9297052762399,85.83000177619228,1.9346918723327995,7.39611960126632,3.4941981127545025,-1.873341665820817,1.0956207766182957,1.0572755542083625,3.712717763732377,0.867605998718793,2.2829774116395805,112.24390939790284,-30.785011315243985,1
-0.1352835900910494,12.628155847925823,87.7280742377783,2.534879833153605,11.82338716867611,2.6820507119202928,-7.034454642217405,0.1271424417753759,0.3317391193949766,-1.4448770911517794,0.9690268024155548,2.0292523095104875,57.93576666878437,127.52000418363984,0
-0.0245214622936765,325.9408970079948,233.36111088840067,2.1257321567532683,4.899983397385627,2.105323058448448,47.07663313874222,1.0792672301225106,1.0288818416503007,16.343940530159923,0.3264479288141165,1.9105408415263303,-5.417548253700943,31.158264086798603,1
0.9248720301215386,193.22938823482448,33.9725727706644,1.150749259455926,14.0171848195838,3.760428159916958,-7.291726182224679,-0.2606981014083894,-0.146723530539661,1.0396095625361137,-0.1958758374302954,2.0143411604023544,40.73814622485134,-59.329178700639694,0
1.2614595617347977,8.994096716018902,133.05600339282424,1.169517007258101,3.974455944174047,3.7626518917464753,1.9166372315287528,1.3977995356202562,-0.0877381263112012,-3.9169029680892,0.1256648376171987,1.8956372778512816,38.98300177939682,101.85078330248976,0
1.053835870950392,152.2683142920973,16.009865948276442,1.827864646416173,1.6220626269334426,4.230434965877656,18.607771942678426,-0.3030742404855863,0.0744504042668487,1.3190863123759469,0.2392639745676332,1.98012364781226,81.2421876731291,-5.2552379428770095,0
0.957383452618186,183.02988422824055,44.90678122058552,1.3421280867005976,7.1393626999762105,4.458747485886909,-0.8574005890251115,0.1645028787642268,0.3905310688079914,0.735361151167087,1.4308977763588766,0.9086898311779944,41.61880640259122,18.76520788063101,0
1.050381127551458,50.05356959771321,112.662229352255,1.049289797576083,9.108749306746097,3.361909732326774,82.74396741868054,0.7376775727150047,1.1057803379790032,1.3544766261618,1.4383299989795553,1.865111660558497,7.046030346022825,58.775067456465095,1
0.7206856330753693,38.61127315974875,105.21130230127908,2.0026846805053613,3.8847168233747422,4.444493171746636,16.077568686175656,-0.024594878945742,-0.1047073108804279,0.8393084899478342,-0.4203406828317113,1.7839486759865542,-12.499292233770843,13.77882247999257,0
0.9601306683845732,35.63235137525771,187.4003353949783,1.7143333237475786,10.048597679891676,9.02681581733112,1.6170240946016392,-0.0343247755595819,1.1035078735713286,2.6950629762996567,0.1450728958664826,2.083798186514761,15.357322830743476,37.96764372944243,0
1.1704673924461089,327.9921401055203,70.86904972451025,1.6505942178208903,2.3339481628161582,2.4156157419032347,-7.291670259076149,1.0253345687298294,-0.4966735654342166,1.5376718459979164,-0.2649489122640753,2.029805153891743,6.001211072179856,21.71724910300415,0
0.849378845259385,178.80744737407218,47.26574585992208,0.8668538795701315,1.3111425661280185,3.8170350479328814,120.31672804942224,0.1719676915898886,0.2415885006169859,1.0792450792911312,0.1935146180855027,1.7370426175605365,20.901388183919835,8.433200515017823,0
-0.2826341699766569,221.23493661425331,91.07127935045877,0.9282056270719286,3.2985732136250743,1.6845535025484524,36.68766307075072,-0.3865418476551294,-0.0656396271044578,0.0676752680205421,0.5083256127544029,2.1583049699630754,56.76509715628306,67.86427515602104,0
1.1380657870578206,153.54657829675168,64.23189270589302,0.9251439450413472,3.168435867578343,3.136389166198481,7.141327216860059,0.0025811105725103,-0.1009659486354601,1.795838474355274,0.6974076366608228,2.1066159153564654,121.70444906885632,60.66604166773684,0
0.9963864667444824,29.85656188591267,21.445146472448485,1.9690639153215983,6.530826587452938,4.59708911770403,-0.1614193650606381,0.1220959882001085,-0.1122670323331734,-1.4372790868771474,0.4322333258238445,3.230906338931809,85.37863741213387,-13.085740150091231,0
1.0078504137619877,85.7153215232095,-16.181719690766172,2.193698846293956,5.856445140594092,3.1342520978266686,-6.845081625759207,0.2684209164335919,-0.0328486060214323,-0.3999614679127603,0.2307075327599007,1.319908554383916,5.834938999303176,45.81460915169652,0
1.2512544526382965,263.3437353108582,20.180021473998764,1.7803784513451535,0.3846678003760342,5.598868337570758,34.920047604103054,-0.0338454980347529,0.0090434193503402,-0.6459429636608949,1.2217193080964783,0.9432813318536728,-4.996940126009903,23.111960426048107,0
1.0339068599328014,137.03109723379953,52.14922712890343,1.6496115632653063,10.596223203802774,7.229182303609762,98.62448457197996,0.8448229956853992,-0.1547251859496464,3.445345985317896,0.247591778176339,2.031153448406216,109.55088822557109,66.5194236890213,1
-0.2583268476608242,333.0536498823707,103.98147844662736,2.1818116189133905,9.385230741348064,4.386778300083811,66.20216981456394,1.1965593881160226,0.8272798163298829,2.9170560812137776,-0.4384200796664114,1.766329108257463,-19.670560823341944,6.2212905808413765,1
1.067124017234686,243.18736655979583,21.347569581268715,1.805220920834034,0.906427103059536,0.6450161269669836,5.485219400050681,0.2820667522395426,0.9204647256910644,0.8680386279309156,0.0809254912419709,1.9512357159406903,-1.5985693759447486,-8.597564599463212,0
1.1998976695035577,194.64212625633957,84.34745327526247,2.2036697468747235,10.736829909994182,4.232652123255365,90.22226971399112,1.544757167544636,1.0238112374146366,20.67543106441444,0.051531305378792,2.03675427926715,29.95587919549732,194.23471116488813,1
0.9446674209257154,123.63361646143102,16.225269182694007,0.719752387966166,10.58369666610124,2.5838843018465867,-1.6341119262511796,0.2611763239043311,-0.0074665434071526,-0.9742079736420202,-0.3359756281325535,1.965661528201312,68.54413493220889,8.454234598146193,0
0.1390655534859957,252.84275001517105,116.23683001754338,1.636550036542722,8.97916510168475,3.524222530438762,89.79645275230877,1.029427321470101,1.144327007185622,8.574958053436944,0.99501345323006,2.1665276381501344,-18.137816352816746,-59.83601986192421,1
-0.12356845131529,230.63213508290607,81.11874498875427,1.1279124135231244,12.226166749409256,8.50605505905326,92.20163347190336,1.0216044266575175,0.7775139515011735,14.32957025690861,0.5364616289136382,2.014287150049242,-26.38242284046099,198.5499916435221,1
1.2599573986231811,161.62125983825626,51.71983828121884,1.9877618622153057,5.9307914809904805,3.0284955385961334,-2.528068566856831,0.1394869924948716,-0.0547992994090838,2.3051634187818117,0.9966003765073166,2.104757137451811,60.13278964472298,0.5610712720722191,0
0.9904431402112516,178.67278998263598,126.05630925202256,1.0994587582662074,11.483146487724476,8.644903928489944,102.46749106933468,1.1513944780923642,-0.3414176041612248,-0.7660313302336457,0.9489345210627684,1.8916297866109724,26.45351528915184,-66.99962454814005,1
1.609879839892634,-25.668142527316437,130.93161804826542,1.0057572555521554,10.952721635458676,3.314663362383269,54.35804302989473,0.9367704708445032,1.3905831064810852,3.8842427524724767,1.2331575537240542,1.6769071635698432,36.02683379981147,164.91171818549864,1
1.2323935269059936,189.5402298631262,133.7767132443587,2.077001219308891,17.277640434475668,5.616176995211513,64.52921184534539,1.1154720349127456,1.1957856253740218,4.466242623743968,0.1604671524709193,1.890404133930246,163.3435839389002,67.73810826810389,1
1.1505917211657128,347.1508006655272,149.1687306266353,2.1452820657870726,4.836053189464662,9.502995011995802,118.33053546850827,1.2643605095770427,0.11801018384974,2.9752862814019334,0.6793595308743836,1.98182376860724,5.1011210488400565,173.14671528244415,1
1.117768635918339,266.6148730236263,106.40889680223478,1.0636395993557966,9.824537258470285,3.1768084952266307,39.91235902783696,0.2167831184711884,-0.4788903388462522,0.8839540934363064,-0.1069430127176566,1.980019439738439,41.433264975137845,7.998687504801431,0
0.56135486459896,5.096096021600545,71.74847575580378,2.058036902208213,9.758150228832235,5.851007923423156,45.50481666811476,0.1642950334971538,0.6705315531864728,0.5690247321789905,-0.1987647374043888,2.0638692430690724,59.12241598037785,-10.130922441828936,1
-0.349924449446484,274.0800369975772,187.37894894543257,2.097351749670549,16.73566269198422,8.32356121078492,100.3612440232477,0.9510768034904744,0.7588772697174331,8.202030635357294,-0.1002911960528556,1.9123583001770008,-31.126818438689327,278.8415320837672,1
0.593467659059532,22.804887442984167,2.4219705170812773,1.8993467753292448,14.700702083407524,7.546477271984848,19.179589857106897,-0.2325179171285364,-0.2471490477861274,1.074190466154059,0.0430987110513663,1.7228559773346377,64.84241461150766,32.51111459844239,1
0.8366744589545656,201.30846032882312,26.80238219739564,0.7363974060099763,8.907112695415103,3.112539557627332,-10.450410407934108,0.8049123805676435,1.1292113191697002,1.5320940183743312,-0.0444849944435922,2.089122963097696,11.724798677036262,146.89349590899283,1
1.1800795242826692,99.8555896603952,42.85067100864806,0.9779292852679752,9.05810577494018,4.4705257285015625,56.01327651777965,1.0473880965728424,0.1639006548132334,-2.39950540164147,0.8792040333156521,2.1834598991880494,101.27673568247906,-5.417803229727461,1
1.2632220898240485,236.25564000273727,52.25021367330554,1.8423723872395024,11.811910255168998,8.729295740424378,84.84903041486336,1.089082205557571,0.1847404512517502,0.8221197578119086,1.2516222365282963,1.9545670317394628,-3.9311607938949606,-34.494732335945294,1
0.1954425762625601,246.3799567443211,78.16874662545955,1.8669628085918704,2.33686517306233,5.76821203357113,42.44521799754153,0.8949019939943659,0.1425278456070183,-1.7337242475874426,0.8324336084152084,2.015655899509444,11.427702288917516,-2.539830048552261,1
0.0650674657671077,84.64936661571859,34.887132180142714,2.091314776588604,5.435404802219436,4.66353037721604,-10.82487590151932,-0.3601868114812183,0.9855513615443248,2.1692842085247097,0.8272370616650591,2.124071581558469,55.05163330683119,-9.78067551280146,0
1.1529099761945931,158.61526078134287,182.0414838937268,1.8003829512872664,7.402265892436159,2.372001137646566,99.30091249781368,0.9791602515654868,-0.1088356084844311,-4.957771086712804,0.6892742384867312,2.167339520153723,134.67481020425646,128.09711378080732,1
0.0175134948162324,168.19122567091597,24.855333090474296,1.787806584038413,9.24846304323084,4.63737997604346,-13.631128859036023,0.2119881392915991,-0.0396708557536754,-1.842105371378277,0.1133979253016245,3.032392015234173,59.75012581634438,-0.3603400906421683,1
1.0059968272469235,203.9384245462309,21.92204652117785,1.359696173205672,8.798264185042894,4.45245735176474,37.93293508896684,-0.0818845643393648,-0.0401056836480809,1.2729841252327927,1.4280048525404363,1.9642111582736024,85.21314852084238,23.568465707911084,1
0.9584341410607128,234.1853503261556,59.31951705526673,1.893266011378094,2.634090719269243,2.7339496650883555,33.20661821646514,-0.4462010265131901,-0.1098581351915882,2.5307262234167447,1.075493938614237,2.088133813933985,71.5001530489134,43.48655689056633,0
1.143476225464749,243.00325702518973,94.62385936058152,1.466956419944914,6.166293399616127,6.227274870288385,7.575942889526406,0.913212629289619,0.7081143372543608,8.621807805704483,-0.1681811583537305,2.0603096184184966,14.038593502095786,170.6938818623793,1
1.0528011353781237,231.95411364984392,51.95164633164476,2.253410848415627,9.029407276933236,2.5394546172492665,-17.00516015914058,-0.2081747369767099,-0.2114524505578213,0.8179989806699735,0.1531171851113817,2.1873929241461143,109.106014096023,-15.187605585738162,0
-0.2456911583333356,320.30053827653035,115.2588862076179,2.1809524848860318,9.311060557107542,6.796745870831041,67.80680986562754,1.0179850380361202,0.6795836689186721,18.439044326057235,0.2788846544756569,2.044329012578911,-30.055066571993063,183.6516687388235,1
0.7380338446501225,89.47933497484766,17.207303681718287,1.1313021051885703,4.614487717111567,6.523204431897266,19.038186495931413,-0.6939199599555803,0.3029250134267631,-2.675340700266026,0.2100900453402343,1.8673358924512091,122.18600613117476,194.5241771239363,0
0.9997384645657752,36.22206560174455,50.497599068292445,2.4178465002162097,10.900161999558616,9.822597665785237,-11.509917814941012,0.2277927338314599,0.8214070205923765,3.4521100244374145,0.6828881801140001,1.9037838979869557,115.40685590864976,84.6365844570949,0
1.1615998951948252,285.24517379527583,97.18144711097668,1.572854108150627,6.212143770804379,3.157893323171632,-24.914489021145883,0.0110355929862828,1.097315557010806,0.11697544101763,0.1935945243845811,2.0897437520925872,64.36034608080263,-4.266201413204513,0
0.6806576829980358,210.1474520539112,68.8319507213744,1.9826194796034775,8.36965977487895,3.513817494104736,48.02657720873543,0.3461382399968511,0.1099254047031612,0.7833072023330154,1.1542317108788092,2.011017758414294,97.61377026098164,54.280404674639335,0
0.135159014428763,55.08432335571485,23.450309086171718,0.9444104297377526,12.720472872437536,1.1034186480206611,15.33939645260872,0.0027434233248906,0.2174185674959217,-2.018321072165154,-0.3264148585035492,1.6957707500517532,92.75389848181288,-39.61818238531642,0
1.4265509255230124,-10.643644903749047,162.02407626100103,1.8589371934563728,11.70497220346766,4.588621893378274,-4.441965795058813,-0.1304191399284567,0.193233426597689,3.1218617313581705,-0.0176163299427151,2.006667402094991,18.48638204997107,5.78707386124109,0
0.0946374693245227,280.2192185405913,9.748595507564616,1.3228194427926934,1.3775272333692286,-0.6256941169877237,4.688339290089218,0.5104394269641801,-0.3184497227086525,1.0599173104963917,-0.0563836004025417,2.014315155660996,5.479137311857535,42.405123117144,0
-0.111726104194375,103.8195634250777,133.4633303302312,2.1357819306773576,3.3304481684460034,4.740506645595209,3.995673067878684,-0.4154019061695145,0.2495357428133923,0.8232536699538864,0.1966804685443827,2.103052574050051,51.16904644303154,116.773555103669,0
1.043095987045882,288.70239145517166,132.17392194981966,2.2853059175942514,6.337477558362145,7.262854406422111,73.90284283342892,0.7105360205210385,1.1196017277860362,12.22216848660181,0.8326471627364893,2.074448815611865,1.627782590242397,28.985546501815712,1
1.05499408903234,189.8078972902936,1.092744269201404,2.053511771198929,17.351731528149443,6.355779613725136,7.746997898238348,0.8942122967824356,-0.1287730454732223,2.6379962183645347,0.0602011134236935,1.735001314433287,12.884521891116648,195.0231084375269,1
1.0511100249270269,-52.866853863905845,16.158225884052854,1.888512833259912,8.854726046244462,5.012380036909226,60.989095141574325,0.7895236449063259,1.2469815879695374,5.911135646771771,0.9191379740017808,1.8942204923784196,102.0887953206674,193.2828878186816,1
0.1098839160586816,165.02599132719615,80.67971471266782,2.017320639294823,6.56127347786633,3.1432451836261217,20.960985389567043,0.1111158280904499,1.112622880314451,2.5661304849705195,1.01150993905788,2.103973059411913,32.56208038953565,100.0968727337004,0
1.260337315445632,322.8010975391885,39.147833945289065,1.0749434084863558,11.590443329314937,10.067501022488964,115.25935403992524,1.0400045577325976,0.2662193766037954,-0.7046362029776994,1.082972897986181,1.9961387226980132,76.23821054032261,19.731064943539963,0
-0.0152199136279567,147.55503306241468,186.3580081696535,2.2121515827405576,11.621087743732012,2.999480997737256,56.0438777829436,0.9605371998600049,1.1386525925247293,9.724349565418388,-0.0430802698459937,2.0245069095551647,29.678770457849023,166.93258959683658,0
1.0070234102604303,1.624780712415145,-8.128940460200695,1.0299171045665036,10.921516594050058,2.4448269921310466,29.535770006773856,0.1709404735222403,-0.0910624621079191,1.5919419715957148,0.0468639641230291,2.0899401452411333,66.94454483567415,-93.64530585215456,0
1.1788448491906538,226.57608199702287,76.14105448948851,1.1404604248836403,4.958281312682839,1.8645085438163085,-32.01271937693473,-0.3748610797234066,-0.1820593322082105,0.7383157601744483,0.096690813683482,2.0484743946305084,63.75863505319626,42.71469985101512,0
1.0754631241636257,175.32158157861616,37.63984947379858,2.1430712462772465,3.0230290388477954,5.884302989478757,72.34085552462989,-0.3550580692377639,-0.3547700198062976,-0.5229767153563767,0.7368682141269813,2.112757749845056,92.10062721152138,116.92365527179074,0
1.4744777053416822,186.4921410598168,139.19908214615947,0.9885465172550928,7.943422205621141,3.4186362237347683,39.16224772644739,0.0794141332905679,-0.1939946301865645,0.7479424615824777,0.8480150888927579,2.343335764492792,15.930955034435712,57.12464891048099,0
1.0698024627690423,157.53080519402857,116.2556176260133,2.101220834943674,13.50735293690962,8.681871686343445,99.43108245946134,1.167375077491443,1.186290286476876,4.327999323478301,-0.0549036219637835,2.228485675835371,93.9803712162776,108.21297014417404,1
-0.1578985497453361,49.96055690702602,31.06697297912728,1.6700280813557888,11.71714862961466,8.102085122728692,34.32373511935588,1.3966417871865455,-0.153909587052157,5.153033797609402,-0.0561584042814825,1.8093437110242128,99.61223131367532,101.90950868245798,1
1.2534923923090218,365.0189119461091,195.59144103981984,1.0975460988836598,0.4319497803980665,1.9312772129679163,-31.24230205352071,-0.0838115650574619,0.5075516142001769,-0.0136599868145106,0.3397588346630154,2.13364952916762,-15.590038801262535,47.42730756378979,0
1.0711733036587925,16.71110147730289,190.0445102002472,2.20210435110806,0.409515027464816,2.7037637453786934,41.32046258520106,-0.0789755801570315,-0.0041559438625143,-0.7195182293237599,1.219071416901968,2.1161229556504537,33.52256001476749,201.94272624928615,0
-0.1756835353842742,231.78822304010623,47.40802054322329,2.4299580264818745,8.103814060032025,4.244251115930354,22.75615782685489,0.8366851299265401,1.0532573808239238,6.934811930220073,1.2262122718630832,1.8204395340914463,122.39686472874874,186.71391525155187,1
1.244097590000354,124.91651008162624,94.697034573903,1.619411404335783,11.380433393384436,6.813558531441563,80.7452831100039,0.2551111754867388,1.1428093549052298,0.2765695070966525,1.0377633370121673,1.9296922691117853,135.6696050784402,12.924345705434355,0
0.9995519159395544,64.09067916576872,119.02571930397984,1.0304385593116552,4.269044346700009,3.669074760185916,-6.839703470421,0.1052907943213457,-0.0232556468578242,-0.3367885481261634,-0.1649752615453272,1.819289617977112,67.57048224558679,76.85548621013827,0
0.0449441385311117,102.56383991793228,89.13622961649509,2.3417492959675776,13.69022590057195,9.072923991782122,-13.142264529586484,0.7925310032069077,1.036099379325619,1.9656559757850904,1.070516692587859,2.161916188891136,-16.70309672018368,71.37025387574077,1
1.2450794516506694,105.8938796020146,47.52972843050636,2.095665321419637,8.263452603090146,8.835877432718554,22.703783100923868,1.196999232105025,1.0480137024088043,2.758735278866702,-0.1575384094234727,1.905826903814468,114.23258259286644,73.08248669203948,1
1.0418494661704871,306.67916936852265,81.84554185860776,2.345167719281513,4.218797146651061,4.3663304090218205,-12.955135627227683,0.2646533334350769,-0.3705734249650489,4.226954520224574,1.04982436565893,1.6043263276097468,30.14848571606476,24.75215388495327,0
1.2083220836366126,80.734444251659,38.62165513070198,1.995596005015553,6.051792594998733,1.924908556045922,40.52283210603745,1.3615388171075904,1.4142509503059069,12.716347485472866,0.4887654657319988,1.9935889725199856,31.98162253732822,101.61076347678102,1
-0.0639295231585374,160.69736481852098,0.97208128220268,1.8889062893524744,8.258833188645296,3.3887179570730925,17.798153923244765,1.166958997235325,0.277809325650028,0.9093011774968844,-0.488476475795515,1.1054000303323503,79.725697128919,12.215952876650412,0
0.4627523643537918,97.89685447709616,111.30946247087672,1.331632198109337,12.349036616587716,3.904225643163876,31.71539917272192,0.7800574292430784,1.0866287623742257,7.705669131231136,0.8885299988900999,1.936386180517604,1.5825196145258715,139.71064308316437,1
0.2419985471436845,168.87872744049642,40.78237927591357,0.7244125304338564,2.6228452813726726,7.376667614197615,6.687117948887906,-0.1872720392318128,-0.0710164295325047,2.072844875500897,0.9702327468601504,1.7216523901865262,35.795678672681234,-54.18637126694335,0
0.1736388419676431,248.6987760828752,-16.78568168962282,2.082902951531024,12.018407720146694,8.145428992789197,-13.3830483904486,0.9370221549748514,1.1768509058261163,13.2214048526225,0.803608033402503,1.825580202922124,141.3634849333377,27.377370950641986,1
0.7529099823693429,366.2254043726815,12.507064032612403,1.90714975223864,2.179600623580201,5.981899855270785,66.32777723277766,-0.1663247980339526,-0.1362503855093392,4.343912110593108,0.2994015698257034,1.850292994296041,63.97905566569106,122.46153177424142,0
0.943118727453404,147.38986705591728,157.6779034192885,1.744194160643059,6.297253396363656,5.640590045059195,3.7104309394847306,0.1118083240614392,0.1350288993362139,-1.0895664507197678,1.1272251213391231,1.7919028853719117,-13.425869843315084,40.07152320721849,0
1.1253853964424023,386.027824951579,75.39638497106388,1.9744029440819988,8.368458024158985,5.637823237266248,90.69688102299789,-0.5383218704508532,0.1393626564678376,6.184352911191551,1.1550595361250515,0.8276199833637483,137.4985307283617,-45.51606703027053,0
0.3831403875590261,52.15066507035232,62.55415523698338,2.5141277023152,3.054093929750745,1.1108472784649677,24.35321375851957,-0.2064798681721893,0.994878062014458,0.8189388480497062,0.0668034292362528,1.8580866311370183,64.85087553238588,53.33782163399898,0
0.9679477181661184,83.18090273215142,61.33037850302136,1.8732489304916116,8.908864803059064,5.76342397131603,25.89423882316016,0.4499193547835212,0.6255550642901666,1.733224995156306,-0.1176920457160664,1.8022720866500788,97.84304014100816,12.351817216283749,0
1.2334167428546847,129.52313298332285,64.375985741601,1.9039167570261264,3.908797000423122,7.885028266896816,-8.175478221483345,0.1653422864939174,0.1608459633301843,2.196454350122303,1.3828815316363654,1.216384606743655,36.354387980159686,14.549698907294513,0
1.2976748754666496,308.859640374058,-0.7005793053594687,2.116275946949535,9.404011616966237,4.446054202316876,-14.595691282266236,1.1343638809779049,0.74415297290034,4.4742564242279705,0.645326087880011,2.0666351045622187,44.40114696630119,-45.586798849125735,0
-0.2002517536473161,37.550427621394746,144.39296465929394,1.947340973277692,9.090061196548556,4.070939457671851,28.9746401267001,-0.1495455045928265,0.862672406953871,1.7609577723202796,-0.011149809486706,1.934480572350307,45.4695189427767,-63.9142808339436,0
0.7550786073050725,-5.918805124130415,118.52513649661512,1.9942078500964664,2.396296621520936,4.498527382032905,3.6133436578811526,0.3660207856580185,-0.0662211022254028,0.1263221302887109,0.1201697519520818,1.7258122859497196,19.771567045335807,36.63371776968749,0
1.0052336986438608,277.07954621219994,19.386600150046743,1.938899749927086,8.739336312214952,8.822353049203809,-4.092562631679229,0.985165296416842,1.2874098673425332,4.777116715974659,0.4495787783472574,1.800066538803842,69.03645627022864,112.48798190979556,1
1.1453420690453806,215.6452814648776,-20.94548717251949,2.2553473306066096,3.6526083978957953,7.766142808600456,99.6428077909044,1.002230565641329,0.0947423504288703,-0.6465563065605617,0.5157677977103161,1.9134637674489847,166.87919451468804,-5.859938712575968,1
1.0570055757584464,289.370204382627,171.5361061786861,0.8308060559851814,2.454284642384353,3.532031383591448,16.339790048902206,1.1852829038955408,0.2023478097617329,2.9127304288855496,-0.1515488932075683,1.1760767003287933,-10.38120037539086,24.73593650223688,0
-0.2572953553336338,78.6295026974692,23.183518576640974,1.7454374920904447,7.658461639216217,5.394080578053456,4.285475994225024,0.3737194878943386,-0.1852069493338312,3.112199639017874,-0.1624629888721576,2.033641170773629,5.9963520451632775,25.02615767664276,0
1.320179360974117,58.13122582583095,-45.381868253525326,2.012275326775688,8.369360307955901,2.9704595907951505,6.677139126592131,-0.0901574962392031,-0.3321443795145128,2.3535416880210085,-0.1404325130151898,1.9393283044209584,106.33368747310898,45.87403555702439,0
-0.2411387856185328,335.2514880104641,59.6010296966882,1.8426497834173197,7.6855841480202,3.8913529957088335,2.4098867014350844,0.1404169689380823,-0.3195607315971014,1.7108061914416988,0.4765461510922796,2.069599497663493,-7.674836514656221,87.58133986958674,0
1.219625062255309,98.20895266902669,175.2160376839151,2.1904643804967834,3.903156695435437,5.194827963737172,19.25222919178121,0.9111711024599074,0.0830738840567162,-4.90732820332734,1.095382663116219,1.4552984398542077,-7.740250640206767,59.40876685665224,0
-0.3145111939542898,259.0889173856946,30.960599889696603,1.8295921418000531,11.145245863191628,3.5681464108010594,23.79526928273254,-0.0403629643546465,0.1722448023061488,1.4096269341124277,0.6507227695033976,1.986464895249045,64.5085268457628,-2.927075991894874,0
-0.1318076343545459,177.3628640613502,30.49514630688698,0.7867289772655618,14.121039442421694,4.169561330925425,42.9656438987553,0.0981794725354213,0.1140694332758529,1.6456260592790202,-0.0468890941427467,1.8930697571527209,104.66014052873224,1.9005167553121325,0
0.1515988446133522,199.6543578879837,25.40277829168992,1.9723467560294865,4.247095443847246,3.034558533028465,45.34972712806592,-0.2440772490222511,0.2667625603605383,0.1201590057614248,-0.0063871472148883,2.083882374565367,72.1982148376963,104.62695250977892,0
1.195120472093287,249.07537526254163,7.1941494631194445,1.962136123843855,8.73668928090145,1.1515418304140588,6.486363228589401,-0.0283080077107119,-0.0125233988001229,2.424188715572267,-0.0186260760834388,2.8297691397710034,61.73948541312237,3.4536946256593453,0
-0.2877480770020056,362.9587529844365,185.3655933637592,1.7663797234341692,10.467537575235758,3.53637770305002,111.0979517413662,1.2371645157996614,-0.1942541321315097,4.497362304533652,0.669907482686743,2.2411808729609217,-19.439074319436276,228.96319820272976,1
0.0933759684769761,287.9564861074922,82.89147178862936,2.2791723817503557,10.34436834261593,8.734149487959773,49.0536759766765,0.9486958723731538,0.7650020049302508,6.316596091349073,0.20933354359357,1.7421141262079702,22.01709952434349,128.6348366488306,1
0.2027561441003775,58.94314721799413,151.6407529453289,1.863503744692527,5.541899334155512,7.958045547742646,-15.989510655803793,-0.4207624878523255,0.2057623004310212,-0.1021653564295719,0.0823046172808242,2.185086041178553,76.81833988714166,4.360557259153069,0
-0.3742461230150405,127.4200929794632,51.06862113827343,2.034582528474524,10.632548188998117,3.133625316291835,47.90565125265254,0.7428763100516597,0.820566064443851,6.149043044351132,-0.4623629959988135,2.1902941243880774,38.392873501290296,33.66113000521152,1
0.6112533531943578,296.79887363659725,7.115236729269725,2.2107227034408665,13.786004904694323,7.008854183618384,107.9534249871734,0.9731454900589622,0.1371193847787855,1.4649763231675492,1.298026369911429,2.011257017983847,51.12909820636317,276.81034189337134,1
1.132296884246225,62.60738297602079,22.96369732790636,2.1115568133056244,5.398715324239371,4.625225166429484,37.79383980139892,1.0020895625581363,0.6798461765713499,12.246691441769071,1.2309174540621044,1.879521493678073,54.99971889152442,216.51237020083656,1
-0.0700984095240837,110.61453376726224,87.2185106851722,1.910720789507806,0.2470492556911914,2.527618326071626,36.61501823421726,0.9072433801443978,-0.0210491402141784,-0.7643824081804214,1.1621090934091374,1.9902140176340275,115.30203283419698,-5.643534998901359,0
0.1742679659219812,59.0931741218088,18.67242547109899,2.1320345443995654,10.738991828863544,4.911091027947996,27.89997466284905,0.0329538293725802,0.1303260178737375,1.612310630650888,1.1348599771846803,2.0304567575160206,72.43321818002276,-58.1021010964381,0
1.052399594309082,92.21471801273424,94.45021625264172,1.0400945175160845,12.767999635390364,7.83396580186014,-7.566364210762444,0.3275646604905269,-0.0500262233883179,1.3131775797503764,0.1429239904633041,1.8894048606600071,44.46662383576847,11.9678226109177,0
0.9037335455914048,-17.9356002631869,14.96029106676231,0.6649266856304836,2.780118262569405,2.509869893179912,-13.464927273256144,0.0754114567686031,-0.1794332588715665,-0.2668643611305903,0.1929384158353588,1.994246305898736,72.11344187235224,-16.515250721852233,0
1.4038444793467657,189.11179684745696,53.49689627061403,2.290216301869914,9.022181436846338,4.201871693778062,27.15213234406579,1.0991410371314867,1.0149370975513816,9.37418673416342,0.9872460204053805,1.9880965176083136,181.44882391852047,62.47887966787732,1
0.7889598719435856,34.481752830905975,-2.253279920589975,1.7554014301279477,3.1871557424013144,3.52765278166158,-4.194873486340221,-0.0788624254935488,0.2915022716384353,1.4016128980336426,0.6157652531404577,2.025456569580243,91.31155711871732,103.15011115820874,0
0.2732944656584042,36.05672528280799,158.0905142857508,0.7330260618857427,2.702238456205568,9.24639071441603,91.99980715323288,-0.2867244806679074,-0.1133598243147498,0.8464090267737663,1.1458832762459636,1.7372634507027112,-33.96256314029576,34.78379733560422,0
0.063961850071439,259.0347956956887,32.592729890951205,1.930015442801074,4.3976606697849085,2.8526034098430597,-9.2277083624168,0.8893661300978433,-0.0098217685526168,1.8918752414752251,-0.0758373389389396,1.93884014197846,34.129533248050016,78.23007461432267,1
1.0397128777867348,68.03037607273625,59.25154650289719,2.213133831622029,8.785513422873763,4.553982260295747,9.640880063641172,0.9790669175306704,-0.2146077869915806,1.1421023548520814,0.8452965222490423,1.858923055269516,15.581636396553428,-12.025040795310026,1
0.551176076453898,163.5980678107578,84.62862758573766,2.0254980275188954,12.816828730550892,7.435873498621409,28.547260939658223,1.2640129380877023,1.0936604381935942,-1.1216488490236918,-0.3052637434281367,2.224131850299961,10.267809597992034,-26.683852541830355,1
0.9640221676347775,203.78398108159632,32.17458367151188,1.860532935232705,11.954566884851529,5.04416536092086,15.189356967432945,0.1419581672683773,-0.1837094633049287,-1.3880210325998457,0.2575376628189669,1.7455809500726231,59.37178320968266,-8.179171588835196,0
1.357780286575128,265.7810854884773,-6.539216831855029,2.161182829264119,11.558755110585826,5.951536791025871,-21.28972771895293,-0.2313840442745801,0.3673103544493014,-1.133223741289992,-0.329465120756658,2.9274120791114404,74.6897414174695,-2.719168800511639,1
0.7082548682444889,68.04710493081338,15.31805623265025,1.5102448641401378,4.802088359718491,4.2027037804668295,26.52624738296272,-0.1232176122077941,0.0349816012450108,-3.6873535345565127,1.058996989357676,1.2841007071212642,75.54445359871927,10.43652688781043,0
0.8050023495434383,203.65693667505147,146.00387004286293,1.9744236853981945,1.362496037571895,4.509999566628911,88.64568312136372,-0.093278025599033,0.120044895727541,2.0539192046690946,0.2214592374557626,2.212534902888199,95.96287530024978,95.06733854444344,0
1.3339579671878503,326.7207654095651,154.6579414521628,2.100926336120064,8.457795486461354,10.160965272684283,137.56349996510286,1.064045741344949,1.169925249416601,11.472784102576355,1.0425875795728703,1.983123273236088,39.78860979526076,36.14256892795743,1
1.400430823325464,94.31423739181857,178.95923097679577,2.183709938429146,10.559124003161088,3.780124922209744,5.7280232962659845,-0.0346905864822001,0.2098623010697135,2.117047721444252,-0.1865081553825466,2.020408948463401,35.36714876245476,-27.19617984908341,0
0.944032200035029,155.97043369219818,240.9947869226267,2.109298493856999,2.7363898464256184,4.4519235587874,108.37801288264056,0.9446605659393196,1.2462807911142346,4.608903697696101,0.629929590649028,2.0210762839859995,16.49851628632404,-7.708765154017996,1
0.9079956475353864,235.9702295440661,31.155223737007333,2.1590558303305767,-0.0111091124755553,0.5649673202517089,10.755019875438444,-0.1783067126268745,-0.1936175049281141,3.4118346993590203,0.2202646199604577,2.0898103478087484,69.34385279078187,-70.8170885439865,0
-0.313975656865625,21.85790423245425,30.326855955692068,2.5305698311426243,6.855636847233317,3.733427662346609,15.549265482828687,0.052971367588252,0.0944151873908365,0.8924099744274572,0.2706203159767633,1.907886055012588,60.73956248194665,38.55887530651659,0
-0.259522723745936,188.5826132519923,49.88360246202082,2.0620811248017814,5.291073416113674,4.570629229727881,-31.408968870189888,-0.4255398487307096,-0.2060604368758183,-0.1242386916654538,-0.1017358212967203,1.0057600931930295,162.81163889536845,39.11324865648712,0
-0.170616287409051,120.00229521578578,7.851609167200252,2.350074802798085,11.034711407366736,4.175962887164669,17.228760625959783,0.9960595143700558,0.699394212864259,2.6576923183243424,0.7665769424434057,1.9585841370904011,-3.027494013366038,74.02959696102604,0
0.8094459365496521,35.24966012865919,208.1977070369529,1.2948828016506106,7.176069630627009,4.963580779977265,21.42156810519661,1.0848607365435423,0.1138399440328225,3.004356048978379,1.0206063627660484,2.210534683353452,60.13455461283552,116.67110680381174,1
0.5220118198175604,314.4166441885261,131.48690679044324,1.9512561871592573,2.5720611393974337,1.6194551001168662,-22.56776779498749,0.7078985357856268,0.8296496929730277,2.375363518294827,-0.5061854765613303,1.99802574359304,36.181052593491984,-9.280243255070268,0
-0.0606385054029361,91.0302944030634,176.68191418506356,1.7890115918616267,6.425576898541742,8.108206027425238,57.3314530718708,0.5216239878650597,1.0688485940119512,2.226248829049505,-0.1580215027879161,1.945591483916196,5.303764563450827,154.61190373865807,1
0.908549081586111,100.78543372127068,59.3564326025308,1.8843603842396743,9.034643776172691,4.1472831710613205,69.53819661278203,0.8942839839312634,0.9130766880459228,9.054931338731375,0.8080006370187136,1.9166957693295303,183.95089473694475,16.291698248251812,0
0.0072824050302858,31.171245908377077,135.9876125513226,1.9162403303344109,9.134099228153254,4.034250457400182,20.969732122884288,1.2002332977435446,0.7584808004668613,6.560097230614641,0.9264411411086606,2.053464233861155,-37.86307498902215,157.35889216964495,1
0.9438262357479756,154.04750480064584,92.9428341796502,2.007779061651472,15.381511219670678,4.0805558839640295,111.37061603766207,1.281443408502677,0.9706719037822206,2.6007896078954875,-0.7100591065765147,1.9512538014316323,104.79583010069638,16.035317126801353,1
0.958400060354828,93.36748422193472,104.0537815869373,1.4114964142025752,7.178555368599613,3.382632181188296,60.689631239411526,0.1402643672838219,1.278717182919944,1.5639741087278758,1.1461265859628096,2.0292353378014414,13.534698063151716,102.02985707316668,0
1.287112845568669,9.90524677436852,79.9018929597747,1.2275133301244248,2.830630451731416,2.896219460163186,72.31532281759117,-0.2693580539118139,-0.0160042489186405,1.6988345909364222,1.0666675937028014,1.9716716017206624,112.73972768928898,141.46699834143448,0
0.8220242871017767,87.90110423778144,43.75741002064904,2.089704512466819,5.569907564155522,4.8507848755650365,-0.5248392229728651,0.1580442425313158,-0.0026315890905355,-1.7744449245536975,0.9212303403648894,1.0545481582970595,112.13398030336025,-4.120846234015431,0
1.0172041002955166,196.35242941073108,19.54209797341832,1.8902250098973603,14.7544033885907,4.335087328894283,-34.115837166817464,0.8037920867532449,1.2979476720679513,6.159677262017929,0.6470015178229064,2.351719921652636,148.33265093345847,14.9594613710031,1
1.264415226677706,68.18261710611465,44.50258352712671,1.9871387539884575,3.4400661683495217,9.546474074110794,51.68231862575327,1.4931915339335295,1.2219305208081557,6.526704516187895,0.2064446213579407,2.254693856162923,115.07727945271544,141.1092893953667,1
-0.0435336706765525,168.74423583515613,44.89312683389726,1.635448885808577,3.272887775392115,3.7790922773754487,36.57795670196352,1.2883724075515213,0.1454277170104543,3.316499397682088,1.3885517623017032,1.8846165525428704,35.5638377420768,40.771111163420365,1
1.605779563304076,114.66450026945756,56.89004185222677,2.053540645955054,11.301297639260408,3.00089151571479,5.435215339710787,-0.2179050625355072,-0.0118033087156206,-3.244228291661157,-0.135598841130388,1.963031813581193,29.032615608035275,-16.03457925937777,0
0.7380653804016958,204.9005808822114,36.77010206660274,2.020507514908648,3.5163442170534687,3.021072411142998,20.483721373630985,0.3028946623128148,0.2743648745260717,-2.209090751587942,0.0751212681992635,2.151614619636,38.76149099619096,61.71289870609843,0
0.5947585884333237,126.2063325837116,130.6761170400763,1.9767433030084816,12.201996469269949,1.9244879405451063,37.06151694200331,0.9050927130942114,0.4807391268552971,24.69235439135149,1.3574818747156538,2.2224729198545075,53.276949112532186,90.67288575653356,1
0.1091969784110639,32.101037801926154,133.83205738958176,1.7939595835862203,9.616609799918056,3.950301954896131,1.6445177941335984,-0.1700492189139993,0.3024085198793886,0.6885081145339438,-0.1067029781532559,1.947427085826198,65.27418021240194,14.273358172319988,0
0.3541006517615542,147.09295934517186,160.8102128211662,1.6998461796502242,13.84622451449344,5.69314867913968,93.15068026922438,0.9466605896581192,1.4529914873889784,3.51887958184246,0.2287241956758516,1.9849942090317287,123.36651556467925,62.24567443607931,1
1.439319583435167,65.16105853621121,23.055794338682546,1.7038797304022668,7.133219446829964,2.3307526374904035,78.67731735529807,-0.1462958203096261,0.1875190961226586,-0.3110811635196842,0.887245734853867,0.9633397961013372,30.603371272159947,-67.6416710033827,1
1.2753704921616116,173.32729872083965,57.83511665397784,1.9577772958561628,9.522243947214012,3.675196978452521,54.72309392048321,1.2057086542918722,-0.1491530578594024,0.2093727445551407,0.5374402747120332,0.8986295933184392,97.82551050199352,34.792417893867565,0
1.0012919177669897,303.7258565980867,120.04716316242522,1.611453979365192,6.085507934514088,10.36612374726283,137.40509833211,0.7379580474625076,0.9992580064874732,4.0550653000097,1.1044292502933208,2.022129445215956,26.25246401751436,-25.540336401976734,1
