A1,A2,A3,A4,A5,A6,A7,A8,A9,A10,A11,A12,A13,A14,target
0.9317631648033592,8.729394051388283,204.77477577421888,2.9910688190051733,0.7198942581402541,7.140762746846274,-4.827033466680106,-0.0789009473210332,-0.0165181852096686,0.9291857807113302,0.927525215335071,2.9818826949120085,141.15051694704292,237.1429912107905,1
1.0053690631297991,82.503659113398,26.10629489047744,1.953327547845075,8.064668218307506,8.256808471097909,-3.29707194091889,1.0089726691985093,-0.028959911743006,0.8505485489559059,-0.0450802634117127,1.994937275807848,71.49126930059624,-8.185119532350946,0
1.0270081319320756,66.71803017572587,162.12779505582228,1.992712007334947,8.491070109828872,3.982494779672945,48.07467383118379,1.0924236083248977,1.0042545555126088,1.0589792987645563,-0.0046826402872904,2.0818006210819684,27.99539800805515,84.10951199446893,1
0.9935589229782372,23.695807959328576,115.1056167079865,1.948974661215587,3.913071601075504,4.037569934272357,11.443723973553126,1.0714968434303156,0.0449497094561709,1.116966906096506,0.0893940876335003,1.9552435189539856,23.964368915947134,3.661157903267792,1
0.9446963806902688,167.19146655505668,5.67137006562804,1.076026546898905,8.197277232380298,7.818416857931092,68.35724944979489,1.068663473837388,1.055735795139537,2.0113486028608225,0.9779519847456248,2.033590095201547,134.41909984115262,227.84780101540824,1
0.9849744060243076,185.84587764696488,16.394514554132883,1.0301498518911854,13.20343696391676,3.952085631983392,0.9416547635550644,-0.0521396202816779,-0.0293447061079322,1.0079219125072227,-0.039175167486059,2.0028682320804707,58.54762924497027,-11.06583574012793,0
0.0348535931843962,77.41863482436176,40.5344850942198,2.0264069088799133,9.347798365772707,4.182218205589599,24.779994932569814,0.0065907658745161,0.0260652035747474,1.122462126130178,1.026971995436936,2.006091351503204,56.88664363600455,-10.82042021928762,0
0.9610004699086876,206.3313873350103,116.40077400857258,1.994884737079639,2.672499207514379,4.901999913325782,85.72913662427274,-0.0186556051198066,0.0240089791455082,1.2107838409338187,0.0442918474911525,2.04250698057764,77.59257506004997,122.21346770888869,0
-0.025222908506625,126.71999972528944,60.9421446495444,2.020271387001524,1.2084528336524514,1.1338174417392477,-4.30370911109442,0.0229864739595596,-0.0503012451805687,0.7621877807265913,0.107714518978374,1.992437698225772,107.586558867957,10.372630935766397,0
1.028434204108934,107.55689005606727,37.28013795306311,1.9960937285676603,4.0122366954751865,4.342743900293217,15.887988713599547,-0.0004083504946227,0.9775618448484178,3.5898766581525074,1.039879278505317,2.0094231442410275,58.51562822602104,6.409521961437946,0
-0.0222883934623266,310.0664967012633,116.92555845787015,2.034430727036642,3.054740814900705,5.256437446576706,65.92828979504493,0.0233555840435876,0.0250272033763951,1.6053690108363887,0.9149701355874224,1.9863120916247656,24.9130790425258,12.229755617531694,0
0.999330396276707,247.04498636725708,115.28612998458692,1.9429120726439173,11.727644523436837,3.8796251721144106,-0.0635864006072068,0.996713374109779,1.0033235914879328,1.8441089489655709,-0.0008686098025955,1.99881271388237,69.80620961753033,76.87465662667525,1
-0.0101437230387627,71.57554800501406,164.09335213689414,1.023806211719865,13.785423575079644,8.123508192863161,21.60537627210641,0.9969571248737612,0.9781638841058252,5.061093491760921,0.0274153160656997,2.061564590905858,5.33230004865505,104.0898205442374,1
0.9992772933488964,43.57131237718252,5.0890292944897055,1.99381278306432,7.706165317490587,4.119417823540806,0.767716126987871,0.0244191976400217,-0.0224534064666346,0.5125441826245707,0.0864466651647689,3.046181267786362,69.07572748242677,-1.8171480300182448,0
-0.0622290016621092,47.1007171568146,46.58824438236268,1.920587582122332,10.60058944671566,4.300359829653237,48.017795423725225,1.0109820389337705,0.9745962551324698,5.2781414839351966,0.0466400047579977,1.9351389345225496,74.44147744195588,193.6032646603124,1
0.9548827039652024,113.06008347573314,92.59978259326417,1.9868491819258816,13.616263789138952,3.856775919467775,84.05124913920102,0.9479940559804974,1.0036004602069837,2.4769675397600115,1.0563676563856017,1.9874512483368747,40.55980019113173,4.059543923304901,1
0.9681294235881776,52.5172102231071,28.851524159199837,1.0789205070694732,8.08548055985324,7.67875494840351,8.518102539336862,0.0272538298873616,-0.0061903480266701,0.5108205723983708,0.0875916352101113,1.9680536460745344,101.0472655219972,79.45321409417245,0
1.0067813719865604,144.20621944675992,53.62984542578069,1.9299223126530611,8.519244640760554,7.845836460721952,83.724896914396,0.96896459913708,-0.0309450371899293,1.489069197063579,0.0495183556352678,2.006230689681243,95.51017764511424,74.90388473780426,1
-0.0496300001350076,28.08337740383061,133.84844145054907,1.9959490565552795,5.3530514045398725,3.7079300934741743,27.72969755366578,0.9356981331895264,0.9457396992783468,3.740549506430307,0.1447392873653489,1.9650174362876087,24.30175612921401,126.48113985447624,1
1.0086191974091765,230.54047829103436,121.63478438996393,2.0570611835188504,6.867495511672429,7.852570881284421,77.18056856668579,0.9421072041042078,1.0239203455572072,12.844433697320362,0.966529432547298,2.014889763122373,22.72555651804848,6.597109300363151,1
0.917084686955736,300.9647604633801,97.68844448690255,2.1039054539186104,6.488572759308537,4.290303119673453,4.25460940708912,1.0402616433255985,-0.081519017896434,1.5918554425191864,1.0391866581585598,1.9988381601716283,82.97504893793196,-4.56073790808049,1
1.0935926425684177,142.65390385563532,193.9970262387094,1.981131610817026,1.854773721822526,3.5761039883211683,4.93529892330001,0.0422286691431998,-0.0779492183290613,0.7333505657230903,-0.0576684104911301,1.9711749559552665,1.246639788859568,77.85841250345003,0
0.9722446702037542,112.57122920061909,33.423760979374144,0.9772449936688292,2.085638685062559,8.004350482113944,70.81485648509933,-0.0119549042419908,-0.050634584214509,1.0722747592278918,0.0109609043115994,2.0405848585800133,64.85126021039956,119.59239530825022,0
1.0878639166870334,70.63221170724225,9.411158867736503,1.9407759460804532,7.826643889365993,2.866150527498081,57.33546347105962,-0.0292591640619253,0.0375038192245317,0.7377837672960634,0.9774491469707736,0.9926679592202674,6.920674254431987,-12.728334200676535,1
0.0153496043842593,175.11579556513618,63.50077561658449,0.9533600582294096,13.23337266025661,4.274518669910795,78.92110172625901,0.0353880847066552,-0.0683715270872779,1.0795534078348532,1.106605456184525,1.9740635662058457,68.72707392212355,73.26817334652819,0
0.9840464036776486,181.00888583405455,202.8901046446276,1.975921013627893,1.9748439486435947,3.9943631777388102,62.2121304267728,0.9615848676723272,1.0499927591194609,9.83076442696716,-0.0545411054924764,1.998711844637896,87.54422242412451,118.66981254363084,1
0.0089888277062224,60.51276798358646,144.227245923299,2.0683498591935154,13.13804518011439,8.214584798356425,4.571547094082703,0.9585062006413816,1.0072198758651236,1.993131195157018,1.0141033385175715,2.032383237778227,15.859380655963264,43.07405077514815,1
-0.0010140966228721,11.83064438280266,139.75812389791665,2.011406627014096,5.861832287353986,4.179940111061447,38.67878271791643,1.0484427050017242,-0.0136665914924795,1.304708541390961,1.0038842740814573,1.963101063683541,4.10240809287366,2.061534609465177,1
0.9274022158998524,218.34665799802173,67.73114779133923,2.0055853154336485,13.013113853774405,4.051597400151532,9.854889130305471,-0.0589119140964636,-0.0169269992071076,1.2687465082293872,1.023961190332374,2.013717686765907,13.698598442859762,120.46122488930362,0
1.0634276975657269,200.388484331225,23.929352411742972,1.0393255983684273,1.952318395907768,3.901773276503623,19.664889562608497,0.0551132953802924,-0.0222447445847703,1.0856153134369435,-0.0602098920844915,1.9732612578462907,86.5726094821135,4.228146291725743,0
1.0574225691137338,29.981049354873704,85.58037859195494,1.045502666024885,2.9661260903462825,3.779243892032637,35.263064563518235,-0.0538716107823628,-0.003200849783728,1.1397669181872845,1.0133335187405603,1.9943343203441328,116.1479455378578,148.2933996682869,0
-0.0077049611938662,211.9650970114141,85.3625148290327,2.0015998702889912,0.9673176257424432,1.000755785044607,7.2396541271677854,-0.1158557432293125,0.9009793015746884,6.781021324823308,0.0007238232908471,2.020606273184578,3.1817235856011905,74.20874731579568,0
1.007050201232372,288.37948381351043,103.84195331139732,2.011916547537409,14.178538942323872,4.785471349580465,-1.6717946633411316,0.0790563174442648,-0.0456864965713255,0.579135187940258,0.9980519727552056,1.997306886548559,151.8379348680843,-1.2153971891640083,0
1.0620439750614783,103.62340226956364,126.65971803972376,0.9595373199044508,2.074106881717934,4.087502031435695,86.43063950694432,1.0234427817718903,0.1124497098049707,1.2579895049081395,1.0734099237569177,1.0054617689196883,31.662341012397437,3.769645050992686,1
0.9577919743887172,37.29635056618119,8.349344015881996,1.9510802860255896,3.837431148480263,3.905530556332316,5.561025302731956,-0.0157724850987097,0.058300454327687,1.0803225796067286,0.1231530506280915,2.0050913139160484,96.66231142374346,103.03002223164174,0
1.0005046123874808,177.4758615283182,62.61189540567854,1.980683401083558,6.544577261650196,3.978391747451161,40.1473637480519,-0.0257871034661383,1.0544376633070316,3.272370011444262,1.027917304909874,1.9923105084025945,167.6441603778131,-3.674979374540243,0
1.0529554988645238,195.071861799306,21.27164047594235,1.9524793162441347,7.280952355496062,3.6913648104332473,27.81402450258778,0.0169058207118139,0.0727027683898804,0.7681814925789285,-0.0320605159933035,0.9984339880270288,8.61829596302794,-0.1204852324172094,0
0.8938099814625624,168.4575980203067,186.377041010458,2.018340440502337,7.92389554526857,4.025837997096015,10.69035165527026,1.0389850630189157,-0.07165332347966,1.5005645872973838,-0.0203900957471825,1.958116154229973,45.35532751580431,0.5108071312825828,0
-0.0121277010805871,55.00605888061267,156.13638283701272,1.9578023183723252,7.685115379708348,8.021641205485047,32.266290614374164,0.904324797573012,1.0137697188023902,4.445249765809901,-0.0316043005575832,1.9891182967832397,13.06075291269017,170.1223807477316,1
1.0603402954152523,88.51432118819825,42.90980372526112,1.0005972770463871,9.004150863138666,3.9804748094280415,64.64301382726043,0.9258018218261062,1.004585048081445,6.690238328768185,0.0042844569148917,1.976290141674875,18.92873500015432,2.701998395777238,1
0.952897504398184,7.498691669983344,70.95912526718698,1.9385965024723777,3.844472424942225,4.0236508685836645,0.5495377878315608,-0.013554224819267,-0.0009845777237299,0.7356378022361607,1.0344308401428788,2.042877797134633,50.85842935812289,35.52459407005921,0
1.0212872589706472,303.38294872215454,49.063430786848,2.0590680488824358,0.948421937679944,0.6249446390505247,-2.8970199960116787,-0.0763870236050069,-0.0009748408666667,0.9734332843535144,0.0315479726767276,1.9835925079076029,63.890079029693695,0.9992433238317489,0
0.9889334841851432,139.1267232922862,24.0450538365388,0.9439504775932333,8.516739333220247,3.716776860369317,1.2731776147497629,0.0522352647808662,-0.0014933086814305,0.6051584052715957,-0.0671951256265107,1.9931323056402623,82.50882698644178,2.4908469196292344,0
1.0104799188618163,134.44294360254685,63.69004325052835,1.008018903503217,13.753599927078072,7.966793160372028,0.0867271578475126,0.0655129320981053,-0.0100052446776636,1.062635515950075,0.0285847980926608,1.9778809721320012,40.89332476715369,3.993564522183547,0
1.0698709693180528,172.8121741423332,91.01631993776832,1.96083629039488,14.637268763551756,4.106770741847836,83.59930911007137,0.9666224520995648,1.0127036364072337,3.3263145154013296,1.0348598518944512,1.97152671392428,101.70912350917186,186.21082718649745,1
0.0476039651463734,38.56687722108079,152.0813400689011,2.041370313097263,2.1003496735352467,3.888215925402759,13.533248998133873,0.0055247052358722,6.628505083172698e-05,1.5938194825515732,-0.122109908185442,1.9576684538579077,18.525619044884365,31.36118921866741,0
1.0260720742011855,345.50373152101395,194.75399953618165,1.9939802427921036,0.6410550314641466,1.096787291610219,3.928811807378267,1.0737609804963115,0.0183921309426773,1.372741456485383,0.9851953448903216,1.9857188144140572,3.184419997708993,-1.80742984422718,1
-0.0575496154004011,339.79175059688725,197.07311867275183,1.9532759446868335,10.893507515047151,3.907275540610004,115.81959034827324,1.0474329031599323,-0.0388508264263019,1.6994724609067309,0.9339814965373486,2.0482361745921844,-0.6878148638872545,228.99263964054597,1
0.0158332932307543,188.5426428177732,73.6017341855801,1.0628227687393086,4.727514759525743,2.991621206499187,3.249176073115841,0.019845039483979,-0.0379148678368789,0.6736439989787479,0.0492393366094767,2.0355792843484104,59.97351202764507,34.104175307292365,0
1.0202923651189135,51.04298484713745,12.500111855671577,2.016225116788472,8.158701036604345,8.094666420434407,49.09436417585478,0.074405966804959,-0.0227511275378607,1.1696768767172614,1.0296265863867156,2.051320971137385,38.53796297656423,-3.7449468991021817,1
1.0291753746138523,108.69075165133007,52.35367224367823,2.0054269455049325,9.75683158847075,2.02852942611243,-1.4404130565671809,0.0342108778530758,1.016002946602093,2.976796906209924,-0.0194491386476908,1.973282963512366,110.3559741847764,157.4929269083587,0
1.0898609978776377,5.991904130284922,2.713802670029437,1.085724442665574,5.797561552934421,4.361278604870259,7.019323840371211,0.0889989467733778,0.0371140352690125,1.1238103714870409,-0.0032699203055089,1.981366344096336,18.34952586507508,7.51864469400271,0
-0.0019034396760759,333.06046837023257,57.65097340036825,2.095825685783637,1.4604827038857842,1.288464194611996,109.1650096349189,0.0378670249188212,1.0080674278500616,2.392562242355994,-0.0278628610365299,2.003215475278997,-1.987108257932093,13.891053430448707,0
1.0005346662632904,241.3103555303645,119.2597477958704,1.9912797495986876,5.601602409973184,4.969927507067822,70.29147742567675,0.937551488979368,1.0252912236792011,2.157737882774466,-0.0890192057050957,1.9963366802688736,5.591849466422247,122.69445036435886,1
0.9771008065153108,159.8079744989113,106.70797511406398,1.0644552185183886,6.438183902313361,3.9193982929190727,110.6688923675533,0.9609381814491124,-0.0490540896943215,0.537870151822688,-0.0218012338212276,2.007453135549539,-7.816666869724784,0.6632758022553489,0
1.0733669256041902,134.336954887855,17.60168072697506,1.953605073902352,9.364659247564186,4.41758748130338,1.6041654460750934,-0.0172894802032749,1.0625713322601458,1.416665632212689,0.0282339168349945,2.036472726360872,111.36076573212624,201.99724036689372,0
-0.0403051432754532,248.50855325518947,129.70736229797018,0.9395554837213024,4.375870543430761,3.8930708728781775,3.515594418596052,0.002056785566962,1.0565263038170736,3.008078010005625,-0.0597436644988924,2.0162399743044364,62.76338585231687,32.714323761052526,0
0.0666606678143078,49.79279865109717,63.238655796510265,1.9207487245368249,11.093885364097678,3.882144606253856,1.679860227921857,0.9968660415204464,1.0304543052856712,3.4143225211037667,-0.0223644491120749,2.0450842026993263,27.04112131921264,13.318149827778406,1
1.0314463077459703,279.2317472052481,17.769288547094035,1.9814330541505167,8.761651667353872,5.422502324757502,127.02399162919087,1.0276003295385028,1.0589545046256923,19.521382779164316,-0.0653678335372087,2.03751622282682,2.263545316682105,231.35461262011145,1
0.9726779841541492,27.56736877874061,56.63832814225434,1.956685691687093,3.266579104712963,4.012542964089371,30.131763690893827,0.902175798554106,0.9993905385408474,2.91091728837478,-0.0051527047968222,1.9991644537798252,39.040208282692106,100.88394964918314,1
1.0272183617011543,262.08705725815906,48.9172968319595,2.0188697974267504,2.641871632629142,4.087397911714714,8.005803388670913,-0.0148125924086032,0.0032921621611544,0.718834414274391,0.0493040832232833,1.9648162720292857,60.60794416203301,-0.3849341220529041,0
0.9276274559034406,288.2561509284656,122.6919965158422,1.9257988914901587,2.7071428603034464,4.7915374580511205,107.11929061945062,1.0300222536348769,0.9552831811138178,15.895089136776804,0.9074166953818203,1.9852391845437036,2.8399741667491654,218.99254285211595,1
1.0399795339007114,226.92842525126792,90.4694906550525,2.040733949374945,8.547365981998837,4.846530424651073,97.24445394279824,1.1089514335089272,1.0047622474829274,17.735086212882887,0.0103062610757583,2.00735085585343,35.59117583909946,166.84694223297765,1
0.9686481172638643,40.89746614769405,152.78746015909894,2.0261615899851244,5.156669177860876,4.060595514948653,21.26149981918597,0.0206722473190168,0.0799573089566009,0.168207940124331,-0.0294505715486599,2.017644253068133,16.70620338379348,111.7216410221354,0
1.0960202682041853,305.6953711501676,209.0544033989277,1.937718690922254,9.700988053067356,8.561440919929781,2.3146038920767324,0.9449964056511628,0.9469164144938976,19.446672524086672,0.0387301949510323,2.021244052115898,58.356508260123526,55.01886582918186,0
1.0053782871553436,147.77028826989016,185.8025386429065,2.0527903805853067,2.002942278348636,7.977038280681277,17.863718426995895,-0.0488694047047751,0.1392366641022794,1.1512846064640927,0.018974072354415,2.0156791794104225,89.65674010774119,6.756960232835432,0
0.9222506706388716,204.15977472731944,28.623047345853948,2.0421445406881733,12.357200980938863,7.801770836723676,100.79068499743468,0.9946290980117924,0.0274238769557571,1.09299526463351,1.059605273982286,2.0022514035967696,54.22581964127264,244.96206837867425,1
1.0313459102976437,321.79842701225823,130.41495215021968,1.9673825435368848,7.28632606350447,3.9223151268502794,125.2689824516572,0.9769252047176642,1.002472417097477,6.566738511050704,1.0123340423676124,2.0013194330682977,114.50898829289862,166.60026390979218,1
-0.0259370198451049,139.585941055248,85.16600035523845,1.98693837446656,7.879223920253263,3.8988396225509,22.02533166683584,1.0191241553236592,1.0114551108416725,2.3425435527464757,0.9735211997437588,2.056595482327916,119.24878187958058,-5.357002263048791,1
1.040751202751944,245.7257469613183,67.75259087759709,0.998077597324321,13.48281593788847,8.192344037451612,113.65546240298994,1.0170817733723805,-0.0320311863909335,1.6628982808182962,0.956326872808596,1.989924467306387,61.49551831014326,-6.933869300698433,0
1.1219759679785266,-4.333628505463281,95.78632360965308,1.0011514511104311,9.390544327091735,3.8629326724766537,45.27160860597895,0.9873540941689009,1.0781166212962172,3.1768485504944954,1.0466315107448108,1.935381432713969,37.60536675996229,152.98234363709977,1
0.9186935318119064,22.160977488596828,5.284394103416261,1.9798693550658488,11.740140416681506,7.109295454396969,8.635917971421382,-0.0465035834257072,-0.0494298095572254,1.0148380932308116,0.0086197422102732,1.944571195466928,68.16848292230154,32.10222291968847,1
1.0062886596494591,34.110058002835615,126.93707404206052,2.030644229363961,8.638398029625694,7.794216386196455,37.78582920343895,0.9911458041536484,0.9986924542768782,8.43239055166196,0.0378175405416492,2.039709543185647,15.092386567876789,200.8407420688305,1
1.0104460253107517,44.92575624551834,141.85031194318287,2.002096631105469,11.434761707164768,3.546342223371348,28.139489167335803,0.9833237214234432,-0.0451343058885246,1.135677404154842,1.061155359110754,2.031028465984629,17.376902846916742,115.36158833139028,1
0.9089163027810192,28.91445793226985,1.043386735461084,2.0072519461213667,11.139449238738496,4.048625400845116,17.040366513337666,0.0142943500802568,0.0495726405942894,0.9615000652104012,0.0158235439980797,1.994440998146575,50.01735919262942,5.798320879611445,0
0.0766280775118052,71.23013301407046,55.71083104739668,2.10282554046304,4.6108187859501495,2.622169455692993,5.670642751703912,-0.0412959736344379,0.9989756124028916,1.763787769609941,0.0133606858472505,1.971617326227404,68.17017510647717,40.26756432679979,0
0.9298972022298682,232.47756108823404,98.84035743381338,2.052791517016731,7.764624715308078,4.127458334515697,83.0457780532603,1.0123840386721363,0.993004865656766,8.351971731012974,-0.0266459284619235,1.9530448645926333,-5.37309740867191,197.1363167886264,1
-0.0699848898892968,216.41600739951545,177.47578978908652,2.01947034993411,12.147132538396844,8.064712242156984,119.27224880464956,0.9902153606980948,0.9517754539434866,8.840406127071459,-0.0200582392105711,1.9824716600354,-5.425363687737871,232.56830641675344,1
1.0076761330195387,34.05210908531531,149.40849948443886,0.9898522838154122,3.729701624833675,8.096575972195351,23.865409199051538,0.995574070093146,-0.021295683568977,1.3211257794974491,0.9882500202585898,1.9908421278416355,45.48279621248798,13.32440469522863,0
-0.0026134545700483,107.01988135765102,197.26610968282935,0.9601051702660228,10.178762425141397,8.744799844939791,1.1089312114908267,0.9858570675048656,0.0149950908817361,1.050271559327182,-0.0127130557409552,1.95412745397202,-5.812400479570087,227.7585079466556,1
-0.0309576664425831,340.857379371991,211.62321112450672,2.004194542113919,7.653828939158969,3.894628666954749,93.26600764969812,1.0018741428986058,0.9955044230474764,7.987569908580338,-0.0106808203734923,1.9569430267555357,-1.38197878337688,206.6440442439322,1
1.0102220049854054,-4.973370772781152,24.031645176810564,1.9777025666519823,8.170945209248892,4.202476007381845,46.59781902831487,0.9579047289812652,1.0493963175939074,5.982227129354355,0.983827594800356,1.978844098475684,112.41775906413346,142.6565775637363,1
1.0431967231884582,138.1430744088599,89.44933300484954,2.032249533259306,5.838251288359568,3.732446950255283,8.526019256958978,0.0272750823997566,0.0539479542127892,0.6225231904472648,0.9548388460842718,2.013732458719474,31.671801099788,-12.698615862472856,0
0.9492432210098573,106.46115857767089,109.48604920289029,1.9710069199948097,7.783113274785987,3.984829767875817,27.17328780660392,1.0241590469518376,0.9997146673001072,3.463856014401241,0.0362605208807652,1.998418673099649,6.357541278133084,-4.141180951358294,1
1.0107671741900783,179.25366285841946,59.20197318965529,1.965572929283235,2.724412525386689,4.846086993175531,4.521554388535684,-0.0606148480971172,0.0148900808533697,1.0638172624751894,0.0478527949135266,1.996024729562452,66.64843753462581,-0.2510475885753962,0
1.0710852496273926,258.33194855231443,108.31840050935168,1.9868011808795296,10.77862664722501,8.339795563064325,120.784876846009,1.0402007263949065,0.0061216800486416,0.7635469121949576,1.000547201132703,2.0428782716929548,29.56058580907959,-11.432543563647805,1
0.017522934562962,17.797532841846163,102.44661616476463,2.058088652913729,3.6716640200274457,7.757978397038121,6.804226645862759,0.0021288330980034,0.0881210608916476,0.8013004692824386,-0.0237598133291373,2.046244395486288,22.271594882460924,119.24624307276925,0
1.097333940486528,198.86109898941453,61.1600046119543,1.9871741252092667,9.321527265593383,3.897591738626101,1.8626701477549616,0.9993628837407362,-0.0281403650260148,0.7878660196445968,1.0146141384910712,1.970830466974536,87.0832281485617,73.57433952369927,1
-0.022345220838875,60.76391268501556,142.69266606604623,2.0271563861354718,3.0660896336892005,4.148101329119042,2.39913461357574,-0.0830803812339029,0.0499071485626784,0.9646507339907776,0.0393360937088765,2.02061051481001,65.43380928860631,143.35471102073382,0
0.9076107353810382,194.5710136294952,87.33191816067044,1.9447284228336923,1.9873111991462915,5.01070144639198,111.1731537330837,0.9542929999638512,0.0201482056121618,1.156042266875516,0.9425204046849488,2.0047312025499298,69.71500807241982,6.644840738436457,0
1.0300525939321423,325.3355119333147,68.96990902438803,1.99297602379212,8.124247512461238,4.280211600127664,56.32884578277552,0.032162296297778,-0.1014263470621368,0.9803592341462082,0.957987701730493,1.9636066746092675,102.9502482023014,-1.4271512576936658,0
1.0749417019290273,176.7495886249132,74.6337977923192,1.056278082048906,7.41027318853818,7.750813080935441,42.18696210347515,0.9603359093639284,1.0217497521113836,2.2113257060208564,1.013764820399632,1.957815312140198,52.34655772996185,235.39483722801285,1
1.0547140482640538,256.9729212558368,62.696299244391305,2.031405121239385,3.4213956829719905,3.986670481356031,1.7453218659767984,0.974113890901766,0.0747636647121532,1.2570209983832932,-0.0348228410074583,1.9697307592369588,53.151180301457565,-7.837379054989555,0
0.944684213037816,190.80333099523932,107.92118353022563,1.9659411168822851,9.00978498687017,4.113586611822649,5.244186326637962,0.0775105161594939,0.0631749407833032,0.5963305485596879,1.0838813886187626,1.9841452300335432,104.8186120199196,7.493870841806668,1
1.0466833485709368,125.90462659666456,45.6751971483202,1.980783351405225,3.981759400084624,7.977005653379363,3.964904355703325,0.0330684572987834,0.0321691926660368,1.239290870024461,1.076576306327273,1.043276921348731,43.27087759603194,3.709939781458907,0
0.0418376180240297,276.4505883586801,178.1163290843625,2.009037290935537,3.736882905276391,8.261207414631553,108.85583843382403,0.9033775393426046,-0.062731328528352,-0.1085286203110196,0.988335153218086,1.9943749168230944,-0.9574833328835552,8.837231087372807,1
0.9149263652536151,56.77646362362003,141.5805571177208,1.012326587608171,7.689470666213767,3.715961628906671,58.86528837870025,0.9833279888608824,0.0414669866338645,0.4889664420059203,-0.037731720373916,0.9287058511006978,0.9265067923318072,14.062492593456495,1
1.0332595448185986,56.02823178247452,135.67301641662166,1.9731576011055243,6.487732814261757,4.065756495135873,2.2313535397980573,0.0249091413665621,-0.1042472591639788,0.9826107445850584,0.0995222353751079,2.003951819707417,1.3131933469505055,4.98173346723506,0
0.9952922250242722,78.88026437796314,177.3422068901873,2.0271764351410217,8.103825122054882,4.049175869791887,69.32903695065947,0.0350298098313873,1.140762727503084,2.8489018109078046,1.0035371727807587,1.9866764691782972,60.74941166465762,83.21924425714487,0
0.9569830709585384,130.9401100724877,81.75780623372088,1.019018445973317,11.459951146766931,8.126494251549305,89.68643606452545,0.0318110491456701,1.0168596712473228,2.280939292237388,1.0041662565607017,1.9833923055180671,113.09779166558744,14.217111478872036,0
1.0034408200591032,224.07048588214624,44.70841959468366,1.978045001979472,14.150880677718138,4.067017465778856,-3.6231674333634913,0.9607584173506488,1.0595895344135902,6.031935452403586,0.9294003035645813,2.070343984330527,148.8665301866917,3.79189227420062,1
1.0464787053811988,214.70804597262529,149.95534264887175,2.0154002438617784,14.655528086895131,4.323235399042303,59.30584236906907,1.0230944069825492,1.0391571250748042,6.493248524748793,0.0320934304941838,1.9780808267860488,157.46871678778007,74.34762165362078,1
0.9899494462734384,210.44647550949009,25.83022989696981,1.9923994570641204,10.03341980935799,4.120406253002833,5.923777337105147,-0.0147015505161368,-0.0225670111491974,1.1764403647886694,0.0304341527205275,1.98703492917372,41.64503647063873,13.11593831255319,0
0.0021781427175029,224.57666869245776,14.886186683288642,1.9623697606961437,0.7617632246712267,1.0985344796303802,-1.26571493992342,-0.1057482596946635,0.9973660651620824,10.403254024369009,0.0805280757944054,2.0052788161163426,64.82562838599436,13.924969824455005,0
-0.0127859046317074,131.3394729637042,36.99441625644054,1.9777812578704947,7.251766637729059,3.8777435914146174,41.15963078464896,1.033391799447065,0.0555618651300056,0.9818602354993772,-0.097695295159103,1.02108000606647,110.3451394257838,3.2431905753300896,0
0.9327885531652448,166.89564822992162,19.291015329335863,2.011845520475799,7.81796629056293,5.164695400670791,17.33547727831916,0.9967121020998276,-0.0278960720491701,0.7269481393811876,1.0213615195795016,1.0321731268559762,105.41701657830636,6.671051050164799,0
1.001404682052086,47.52495614248304,19.97421190795985,1.0059834209133007,12.584303318810012,3.688965398426209,20.30715400135477,0.034188094704448,-0.0182124924215838,1.118388394319143,0.0093727928246057,2.017988029048227,55.78890896713483,-17.929061170430906,0
0.0051145375509633,105.4476850065193,29.921182229207997,1.9028584317898576,13.92978880440822,7.967588806222325,34.608997715944206,0.927221497149504,-0.0193276467330241,1.687712481367888,1.0224192903854168,2.0168203284384,53.52842598540008,222.3967874661538,1
-0.0595928591449279,-6.524236081244311,14.598216270247503,2.0213655366446037,8.052421142174936,8.137466784650037,35.4489664367614,1.007918455251655,1.0309492790314336,2.875287310059119,0.0227579324396428,1.9802351263372315,30.32571428016479,-1.7730338451681291,1
0.9685625954167822,185.5974665896122,37.67347698528038,1.9674415543530164,12.371207225948396,4.125784218326698,48.16359850596483,0.9816857873285024,0.917541962211357,2.36283379538827,0.9637823862946524,2.0387980381689124,154.69937417889665,233.4103422340816,1
1.0715560573150256,228.35621709769543,-0.5078433663710058,2.032236565852824,8.711751022117166,4.390307358205174,-3.4579455437905864,-0.046276808854916,0.0734620708898602,0.5733552517420017,-0.0658930241513316,2.985482415822288,66.9379482834939,0.2561662398976736,1
-0.0458090651138604,51.69705651356884,18.33815693936735,2.004786785034808,10.72572300734342,4.233641222123027,16.87232659082187,-0.0211849437150137,0.0259674357260124,0.5510523415517379,-0.0054546720999846,1.0325212497440155,53.97357377340251,10.061598300171111,0
1.0371347445771844,78.67494408610533,-2.854323858372311,2.0527000721483013,4.581234193035047,4.0984598917761215,29.534641150486635,0.0620311834363106,1.055908401749631,12.247573353616492,0.0298114708354313,1.015516880276915,-4.060562822055083,6.090217818598831,0
0.9928044335269556,188.7567962163193,38.43491673430237,1.972106587046541,9.590913376970306,4.208833072184172,26.237871393486586,0.0283916334536754,-0.0367418926609857,0.522395793480031,0.0515075325637933,1.9491161900145249,42.274356641936535,-0.8358343177670378,0
0.9596768416726392,116.0121396529472,9.068165405773186,2.06894191895163,7.987745555529162,3.768673751183369,33.54132595802346,0.9599621843817204,0.9369419336310368,6.038229335832613,0.9388215103479214,1.9348950388848092,104.2490561680784,-12.09637143505524,1
0.9877476374838956,285.7045798520795,64.93985578652723,2.0722113792698904,7.02888165606922,4.919241750632348,56.33148271687955,0.9394134810354008,1.0275341564048237,12.669413457944884,1.054713087919657,1.9613934181891608,133.58679598908716,203.35549590956745,1
1.0351858130516756,108.57522781984363,14.82734782138985,1.9248572489290516,6.318885775542969,4.049836159500241,13.834246978563195,0.9286019938860391,0.0883051562881506,0.7545424797819771,1.0083805252111822,2.02551162272097,64.44837184199996,-2.9686286334518783,0
1.033900977723978,54.28945332221093,56.13417120276284,1.9968880719217883,7.776084576585277,3.622145362440381,53.23298424051215,1.0092926326959355,1.027584455431509,1.4607708492395834,0.0321366944416053,2.061347987305353,32.36178637114955,65.5520486178572,1
0.038802040255071,152.52995970283166,156.69653744053045,1.9827670470853669,10.55941279793929,8.396055992237876,2.650110001665695,0.0321910301176354,0.9734399492754202,12.575916548407498,0.9883473611772782,2.0328812182002585,38.598555116682704,-2.323748995404188,0
1.0037410078651878,45.26616028737344,66.57723281101357,1.961146670487608,3.755847950289488,4.124743328927647,20.924094901966026,-0.0243791789249078,-0.0321373636450525,1.0507306561512917,-0.0204008199530875,1.9668785728923297,61.46632726533477,3.4668806860976105,0
0.972684433429988,32.30344184684614,137.98790224786725,1.943267070907645,7.156764738973461,4.0494520749020095,3.211059488479819,0.0617506439071282,1.0601496481919876,1.8181972911887472,0.0096665397872867,1.9443385749459727,32.45698457866094,-3.767725946780708,0
0.9741312200278358,204.9794796159448,47.59154379902332,1.0643947731017178,7.923959183850878,5.140239335383312,-1.998503783010676,1.0283849907773457,-0.0079824593186718,0.805908026790362,1.0090159757943384,1.9851948339045105,45.20538280277421,115.69942595355126,0
-0.0627951313731249,6.7715808464908775,16.465371191138416,2.106113966228525,7.771127369446663,3.9466855324693215,23.909853096565737,0.0105942735176504,0.0188830374781673,0.9784819948854911,0.0541240631953526,1.9815772110025176,42.54791249638933,22.91177506130332,0
-0.008782061593197,294.8179956889306,29.06212935030502,2.034180484766999,6.606007383084348,4.116562805176943,16.916230790731678,-0.0099819511244251,-0.0350162562857462,1.2636537724976755,1.0085317390189716,1.957520813482149,84.48705008689464,55.397816524395004,0
1.02648566660766,200.5490677555803,29.809167814414195,1.038062436576188,9.480071068710302,4.158322691772057,14.72636153086648,-0.0393077591281261,-0.1266850908185636,0.8201449910526994,1.027812148260922,2.004524242998451,105.27038967666306,12.5954009319303,0
0.9571590834217456,318.6231907800426,141.458528039909,1.9927224874801,1.468259572275552,0.8509456406003282,125.33141914034456,1.0476800315093595,1.0400287522934155,11.935652342731409,0.9856058297883674,1.9480795874471788,4.128943200578881,96.31263629860427,1
1.0363255248252492,116.48273075060148,60.158595630820585,1.9409950471325903,14.120858944909852,8.035585035024233,23.76270253028463,0.9988669566824708,0.9692016228527262,4.567944883408064,-0.017618162583285,1.9670352911866675,46.48863643683631,215.6455084751545,1
1.0241508745709171,223.77356718676015,50.59310708887661,1.9654415685926965,3.6338643243622175,3.7920700625474058,11.756308504930132,-0.0516803824142726,-0.0773597972465032,1.0884519256299612,1.0116882657850748,2.0507850681040205,98.91784181123204,5.150944324650048,0
1.0800861646650928,102.8628474783637,182.9918461953592,2.0367419876858293,12.511824800632215,3.9560249844419486,12.345604659253198,-0.00693811729644,0.0419724602139427,1.2234095442888506,-0.0373016310765093,2.0040817896926804,7.873429752490949,-3.03923596981668,0
0.966690468083292,359.76801709099834,100.09530740681151,1.946383060649395,8.261197776336587,4.33269881931263,16.791281063817294,0.9979850510598008,-0.1086003796598119,0.1846528723085092,0.0064475769603239,1.989308375773846,-4.099750550740438,99.4760440801398,0
0.0530336227146986,352.1867161196644,105.56323848559468,1.986542175670203,1.0609195346705604,1.155055015101767,4.303895193415215,0.0141800261544376,0.0289534323499039,1.025856675675183,-0.0335733418386652,0.9921987380141208,1.0875811477969322,0.7480817714496624,0
1.0496971343045125,248.39542656652335,40.037242002061134,2.1116353088213744,7.08210661378442,4.28533464001266,123.33224105052918,0.0290076094467084,0.9971908153569772,1.9313003861218991,0.96116381479559,2.0128486458515416,111.07298870607944,58.83496769945884,0
1.0011993654493847,211.98768490924616,8.384409304235575,1.0719392346411345,8.15965283700858,4.090491470352948,37.18658701779336,-0.0163769128678729,-0.0080211367296161,1.0545968250465587,1.0856009705080871,1.9928422316547203,84.24262970416848,48.71369314158222,1
1.001046739728772,257.01590924244,15.877320030009358,1.9877799499854167,8.14786726244299,8.164470609840762,3.981487473664153,0.9970330592833684,1.0574819734685066,6.555423343194931,0.0899157556694514,1.9600133077607684,75.40729125404573,140.0975963819591,1
0.996698211816616,81.10442120024575,1.3004596801803388,1.967101038812324,13.331321461388082,4.147207586651762,2.420436865051649,0.9673893191067916,0.027131888395455,1.0757813284558813,-0.0721501071511798,1.997970133684549,2.208423550369752,-5.535594533517205,1
0.9639724830282076,125.39117123109972,42.978232204306,1.9706440560865808,9.565839019163064,4.042099006236447,1.996012687630646,-0.0077483105269092,0.06693940972437,1.591097924676286,-0.0406951219387352,1.998732941492077,32.41577383227754,-6.164280122362825,0
1.006365218395259,115.13962486893467,37.48848674124132,2.0326324507991047,8.508849826969179,5.152654934516358,13.207360348591225,1.092443107344057,0.0470561513720356,1.284776316751799,-0.0102252913891917,1.9987656834622656,111.44200460934766,28.51291781733555,1
0.9794415273258342,181.3439617572564,12.035587655018205,2.0164539283738288,3.633851766866188,4.180823206195677,8.083379746375442,0.0189468090517558,-0.0467456864924368,0.6913541423842657,0.0461984421783589,2.0528753914612627,126.21502272214472,174.48092481469695,0
0.0601140016135927,116.26504682050066,75.48295416775326,1.95564830285549,2.9766945254419426,4.927190475048951,19.07921368344085,1.0476660733162877,0.0245021994461724,1.058710688198378,1.0195919042059538,1.97426151281388,62.95317407440686,-7.078151011846664,0
1.0186635398344728,20.58633626104512,60.72550339316679,2.091179211519689,8.369239429423814,7.163637162692913,27.09207335788514,-0.0501118918854328,1.0632021187609784,2.6600920706831137,1.0141142104108585,1.9510483992917529,43.58822579028645,125.31214215683868,0
1.0142346607317585,55.34222029546059,172.40890204004944,2.040420870221612,3.281903005492963,3.740752749075739,39.46409251704021,-0.0157951160314063,-0.0008311887725029,0.656096354135248,1.0438142833803936,2.0232245911300906,32.3045120029535,169.18854524985724,0
1.0429965662805276,288.4295472981015,153.34783095466196,2.000618398616596,3.1279040954655164,4.896520066065931,6.02112518861048,0.994830136256835,1.0877725444912998,11.681355753361242,0.0370099187237646,1.998218320348606,-0.5114409424418298,167.5932873510933,1
1.0948955410683363,187.69842821196332,115.03981642923188,0.9977093034510186,7.988684441124228,3.8837272447469537,37.43244954528948,0.0158828266581135,-0.0387989260373128,0.949588492316496,0.9696030177785516,2.0686671528985583,17.58619100688714,12.224929782096204,0
0.0035026989632465,115.2382451341832,5.771066618094849,1.9575613168076824,8.249692608646168,4.127475995208692,-1.926225771807204,0.0423976278583198,-0.007934171150735,0.4315789257243447,0.0226795850603248,3.0064784030468346,63.95002516326888,0.7279319818715635,1
0.966225171606852,90.2543611860284,20.67442884719856,2.048175285400534,6.960992393941955,3.722054542593568,2.256489310884824,1.0085222927981556,1.0271769079009154,3.1670361767272524,-0.0160086375857661,2.0483217408801613,90.99691860576804,244.8210814481837,1
0.007260780225739,72.26657482705212,111.31228775659922,2.0000036268022137,10.734423726305502,4.06300995126994,59.646825407199984,1.1045458047501118,1.0778371924533148,8.155553579223012,-0.0380178323997549,1.966783788274959,46.49316211770691,203.9086721689933,1
0.977356116885678,131.06849659058557,52.446800954071406,2.03185666395813,9.334624809267256,3.770732486462226,56.0428622221374,-0.0425887815585747,1.0128400797078156,2.1041116434550275,1.0241702822568464,2.0100614067510696,28.108624076937907,-5.805754366114677,0
1.0291166378740009,75.23108258297522,158.6320016504128,2.0823160126430227,10.666193246030586,8.000857596383252,33.05403943606466,1.020100386692762,-0.0212469195216751,1.126889599135426,-0.0084122514336185,1.952763459311968,32.04405202319968,-6.994765427517919,1
0.9622034525399248,210.52765789041757,105.17608174086804,2.0911107000002915,13.511440824427796,3.9487713068611336,73.03211066726382,1.0443375549883984,1.0555140448602764,10.861503983124322,1.0017028378104744,2.008976251432727,3.5542966212079747,0.0333014262047228,1
-0.0414572969362071,22.229188939145786,138.40377790493466,0.9921227677254234,7.762893047173419,4.11720327779933,24.380657010658595,1.0489568101382152,1.0139102307892949,4.718780640957074,0.95685623967177,1.950806345256572,25.340766425118936,112.42419265925044,1
1.0100115154844345,177.61415164650236,69.22649507913403,1.008612190166424,9.076074240340198,3.712058741765226,102.78823006977277,-0.0165255197557866,-0.0082419704000152,1.4226065378559825,0.9641555311153872,2.040345884471713,104.6614481275344,6.468403204782149,0
0.0003366731507588,56.0293660094156,43.408060399397705,1.0335149807857034,5.277101737386211,3.1678651989003,-4.59325012082612,0.0149298260837384,0.0334421027392088,0.5842721113221248,0.0004570391413889,1.996528319237572,61.49539695173857,14.979991846319445,0
0.9887652471495952,134.80950096012916,102.58856683593004,2.0015558123302943,14.276302243934136,4.016111176792806,89.47412320753241,1.0562886817005357,0.994134380756444,2.9201579215790976,-0.1420118213153029,1.9902507602863264,129.75916602013928,9.607063425360272,1
1.0853101851046023,31.47127101925021,130.8048152522002,1.9717874386912744,8.740994440693532,4.117724378675655,10.311606840988237,-0.0260838279856914,0.0386466853195378,1.4243723462716342,-0.003523265988543,2.001333480418998,4.497276409994214,1.957414772248221,0
0.0219767832117363,140.20519826543924,84.13594294253356,2.0034641278589644,7.712254695573266,3.828649036725224,9.79219707791341,0.02222316561809,1.02252457606289,2.1132260969941035,1.002301987811576,2.0207946118823825,15.31241607790713,73.61937454674009,0
0.9916800120709656,145.87349684438695,80.81075631738746,1.8822992828405152,7.835711073719922,3.876526436237659,58.5379262478823,0.0280528734567643,1.0557434365839888,2.7127948217455757,1.029225317192562,2.005847067560288,45.10693961263034,46.80597141463333,0
1.0274333607548365,165.52500729700287,32.74312753831897,2.006947458506243,1.8093067947448815,0.996496477822419,-1.516441333446828,-0.008678771197549,1.0045601963340047,1.9390566469339685,-0.0015621866094949,1.9568991909662716,25.5606627689986,18.915193714886264,0
1.0667238975124944,114.744900277648,22.385208298233643,1.9676814844701236,3.939327462845262,0.8274208048252603,5.486982461819508,0.0155537138112754,0.0181589137657247,1.5475503251909877,0.0576124425061228,2.022852856485879,25.44345799620284,-4.053576745003383,0
-0.0026012911154883,144.04943057622904,28.698732610274064,2.0518892209341537,8.878831360449123,3.957404671107005,9.411546575835022,-0.0292279397994519,0.0291212724506406,0.9645606040624104,0.9517016126854108,1.9714291953636232,108.67336190884838,-0.1362824141779413,0
0.954833010520691,102.35113065891886,3.742862531661217,2.019556246474914,2.275791742949754,4.798607938092218,-5.76294200121496,1.020928487236457,-0.089185038961585,1.0127915886908392,1.0816860760295968,2.049968144728555,-7.328255665173032,3.1677175309438894,1
1.0357811121515903,238.92378967169947,94.40762896253592,2.095002530346393,12.95506586783272,7.563492690886124,99.010358690919,1.0615274828672163,1.0273618776319426,9.100349221561366,0.0502549271750762,2.01446560774882,112.61575069737673,7.678909831786747,1
0.890700184408086,167.19027177918574,69.68652770042166,1.931304353027557,12.496449418378369,8.35654495315707,60.68936074557202,1.0160350284526798,1.0317767868327532,7.267096622046809,-0.0758463278292986,1.993100639968251,45.53726455610778,200.77062829090596,1
1.0559085162729058,122.95010169818438,169.84170409899832,1.997793535120123,6.1035007015806535,5.193670491735823,5.774876568843705,0.0413523709891746,0.0092583096270348,0.4698372968369089,0.9294920845666584,2.033519239292303,170.51548826698502,3.3456885965672853,0
-0.0460545099876228,112.29403424171478,38.50480588234209,1.8988129331752184,0.9236540713288486,0.8915829465649119,3.845243242314616,0.017602009084001,0.9702822681976072,2.237842013851336,0.0360351667476061,1.97705149549691,24.726333219909243,77.83443841275835,0
1.0891139770072114,85.34208529430111,68.31089263931673,1.9963475541300275,7.044549160978336,4.303867405828576,33.5882983142702,1.0088051466599226,0.9901115343626642,1.9796179910640932,0.0649987479748798,2.000110640459672,90.17840164216555,134.89928717924576,1
1.0334769554411078,157.6916232235089,49.54392758265632,1.008739612402158,4.211396538106335,3.9694300987756783,8.916839371845697,0.0156813665635381,0.0028824623843823,1.0555352373707034,0.022516143494204,1.9912167126990827,77.88168402587264,13.402679231751478,0
0.9999103831879108,52.81813583315375,107.00514386079595,1.006087711862331,4.853808869340002,3.9338149520371832,5.032059305915801,0.0210581588642692,-0.0046511293715648,0.7326422903747671,-0.0329950523090654,1.9638579235954223,49.51409644911736,74.57109724202765,0
1.015110460045671,52.24920821989947,161.1886442868652,1.9075018464132565,13.08848935827437,3.9004136324365146,12.59798324566987,1.0542220652749117,-0.0646930453353447,1.3212869017533355,-0.034927987329306,2.0478223528979687,35.45668218500448,-6.322696822693693,1
1.0202744873902094,341.3388381091011,197.7468472903857,2.048247219183876,13.965330793697795,7.778827856771512,133.3155825402551,1.031250117759725,0.9374404349344844,10.716469150505954,1.032823289810687,1.9996955476063447,8.333569559601791,151.15717656791446,1
-0.0972705490897741,97.65552787271152,72.1513999313869,2.0078613829306398,14.775221706039009,8.24698687270978,26.849966744111228,0.9519479024377164,-0.0253789345035553,0.9617635094055484,-0.0386331427154639,2.0149436930861007,118.64594699981387,-6.905723774213776,1
0.0303197689226705,239.93087157759675,32.28055565833799,1.9944693512058973,5.6494190887694495,3.806911706605693,23.469945425613183,-0.0488154498044501,0.0533525120721076,0.8240318011522847,-0.0012774294429777,2.016776474913073,83.23964296753925,88.12539050195579,0
-0.0629022387908578,268.6177834771389,32.59211997793932,1.9659184283600104,11.029049172638326,3.913629282160212,7.959053856546511,-0.0080725928709293,0.0344489604612297,1.0819253868224856,0.9301445539006796,1.9972929790498088,87.30170536915256,0.2145848016210294,0
1.051991479724636,170.72425196765124,75.94396765624377,1.9975523724430613,4.386158296198095,3.8056991077192266,10.694386286628635,0.0278973984989743,-0.0109598598818167,1.2610326837563623,0.9993200753014636,2.0209514274903624,79.2265579289446,0.9122142544144438,0
1.0360159048565338,114.37111793207904,45.37013420172961,0.995585857053595,9.011621154988037,4.094105145700312,19.20265530355593,1.0094776193145685,0.0327801309626467,0.3200989196717057,0.9758408066631304,2.03669197983761,93.85534713649582,122.1164393540545,1
1.0559880767656562,171.4176932636732,53.458671106113314,2.026527742557686,8.204405596208602,4.061595896417996,34.56301604184053,-0.0581787380501077,0.0993773746407388,0.6132078412563868,1.0373285663440226,1.949616396735408,93.70992320753706,12.015258493408972,0
0.0663356831051766,145.9032755163162,46.55413107769056,2.085710779859041,0.9572317519705108,0.6549219762090175,-0.4372808602951181,0.0726476501993803,1.018604957787088,2.661816156129436,0.9658591179462276,1.9832875485579744,70.66572662713246,60.72097144782863,0
-0.0614603696043668,62.91641180389841,20.610923213705007,0.9651214001871564,10.405774871210712,3.8538405925764447,29.68608443490092,0.9491553307496784,1.0593873343806266,3.1627060510142595,1.0093402099481876,1.970057388225861,16.916078053668897,100.72490234255002,1
0.9941602842333638,83.75749036500135,0.6314179026053921,0.9646637167444136,4.074460711507915,4.168106269681622,4.04147942867521,0.0663765325586273,0.0423874092291279,1.3393787597657218,0.0276077704392633,2.0695028954220422,68.05386132339429,29.44594285032237,0
-0.0348083028119217,86.54708770118535,12.113666005203768,1.0006318125284577,1.2106829809313888,1.18069064599346,1.22588063389167,0.0008865936229677,0.0091101399612151,1.623722121393372,-0.0738043717598121,1.9727948013819523,50.93326471493503,44.01615709799897,0
0.9572771541978536,215.7925761378468,86.49882598414484,1.0296767752990408,4.389346113333065,4.054218089906431,0.2738822762087736,0.951712336620873,1.027937397424613,11.008546207945033,0.865776590925727,2.037110474144316,107.63021515708512,-4.949951002249144,1
-0.0140196819048167,152.52290675345245,83.04370213703444,1.9821441579015613,1.6494098511382385,3.705523665214325,59.323003646843446,0.9814486760288796,-0.0042098280428357,0.6471235183639159,1.0324218186818277,1.9980428035268052,104.6604065668394,-0.3287069997802732,0
-0.0407529044778459,55.21552954492995,97.01898822833893,0.99191006320534,1.1184383635496935,0.3213691120458932,9.75341666507629,0.0282899615589053,-0.0294707001074431,1.7770168268338762,-0.0173100782512473,2.0039569818256986,-1.2464189622861497,13.000457248794676,0
0.0245400282830893,189.0776073622017,44.81778031321686,0.9167920532296866,1.0491039492578462,0.8102549095133069,-1.0995278318421455,1.0239304344177702,0.0701184781407724,0.9846561064551508,0.0276051963377984,1.9568683595624607,108.13227453567032,0.5648291790858195,0
0.9859071782225765,164.09563954884132,85.22031045030324,1.0233701751836914,12.702886265759874,4.150793374937424,44.74390419244471,-0.0030908324903119,-0.0665100524184152,0.4578677532690189,1.038690859108983,1.9982160003019624,42.04365760583459,-2.876444694448466,0
0.9254964365271828,276.2692647525318,204.88646822414935,1.9356808544471609,9.497835009349506,4.482278330716769,41.27291215616288,0.9340498803137092,0.8893345676336974,3.901587860163412,-0.0157622881771086,1.9805525288315255,39.02091034143845,17.870630652490576,1
0.0095011497366256,270.634261755802,77.15274283148958,2.028478141612628,14.141716862622456,4.11079867585102,124.07607120036462,1.1016441799026595,0.9956912672766258,2.876199765386603,0.9624569627353644,1.9691770030377027,149.26090272164402,171.5435672752608,1
-0.0010404817642681,271.94862258160174,93.67911516139256,1.92835736162248,3.948615253546051,8.066643420830635,28.454866863154027,-0.0098910059022491,-0.1084695800756079,0.378481060642696,1.1022378625692395,0.9673772632985382,92.5810858417671,-5.785425753915327,0
1.0397767155471145,148.93406828425384,32.814660634385625,1.0320884947647797,7.938457938743248,3.767931766483253,8.708009664799324,-0.0008634420946461,-0.0040262980807246,0.8366823313389107,0.05878948413068,1.9843273140420925,50.87505768217317,68.0699258418255,0
0.0207358760165795,138.89114671599123,76.30451098883829,0.992395817603282,13.729207570331042,8.218435685693418,60.26961726600227,0.94912410764981,0.9904178679384588,1.297190806218246,0.0017622716502152,1.994076445325031,17.35074612045232,12.510908470103978,1
1.1263149103977648,35.661075536346814,9.773044704880649,0.970163939871071,7.653037722054529,4.186458955563529,3.677219636190905,0.0063612717886391,0.9968580916442124,2.2949002951452053,-0.042187367604618,1.9678837932888156,70.03438589609965,6.365509587183233,0
0.9500818815901916,125.98553709973956,26.04327489728428,1.9633339741217373,11.131766189311216,8.029124373765468,4.736491295040814,-0.003425184042715,-0.0044529977537733,0.8517623345735696,1.0069669601708862,1.9807729501633933,89.25233731573641,77.76227183562483,0
0.9636504494427937,80.18379585305946,15.93388305212588,1.0333380388549047,13.109806087877928,4.254128993354532,7.331978359784959,1.0014900843236498,1.0276435841015883,2.2251647318702554,0.9679745663766256,2.01633687785021,163.2708604766467,35.57784652954494,1
1.0100762255102915,51.61071391954265,102.532445870451,1.0098579595152166,9.02174986134922,3.872381946465355,58.148793483736114,0.9475355145430008,1.0211560675958005,1.87089532523236,1.087665999795911,1.9730223321116995,20.609206069204568,86.95501349129302,1
0.0683572454195809,303.9605892718416,121.24145866696368,1.960180298893497,3.856526807049197,7.725919431799796,102.3057561952605,0.988900820539462,0.9272361039288451,3.59057050006241,1.015620213996971,2.025026161840928,41.2082704809304,57.16698228140472,0
0.993867644759396,152.14895304431766,29.62562481973658,2.0705621265549645,13.82550860228588,4.025334248354572,35.746235266295734,0.8967250951681787,0.9741700909206088,9.14695405493982,0.8556629063408382,1.970832845095578,108.07679729009196,210.2860053855716,1
0.0476257912322313,41.773165745962416,133.14555873775012,1.9798074901924665,10.938616610279508,4.14926871264618,63.421228163262285,0.980339303800384,0.9199010950040502,6.045908649218555,0.0537595439778463,1.9642404387496453,67.94574956654307,238.40839685067832,1
1.0340934784892215,260.7984280211041,37.37380994490205,1.930118843564178,1.2667896325632322,1.2831231483806471,-0.6583340518152312,1.0050669137459658,-0.0993347130868433,1.1075343691995831,-0.0529897824528149,2.0059610307783484,34.80024221443597,5.943449820600833,0
1.0749489722945964,123.78906380295771,186.4891636738107,1.9643927958131195,8.10574739061584,8.123584329119776,92.58804681603306,1.0587210192746244,0.9127764292124084,12.479076463527942,-0.0155495386447027,2.02184216046138,-5.103205665662344,191.0360066128684,1
-0.0044768464895806,262.1378972275377,25.138039550742576,2.026368903787627,10.508121599704442,8.099272010591505,63.32313665972457,0.9678468528195492,1.0422824840175808,1.11216280017804,0.0172726899562774,2.0483557590336856,116.64054728514992,147.83164769891053,1
0.9419921959096808,209.10492350671385,92.64418074290452,2.105079731937626,10.493065917791528,4.293059234669237,73.54396529848032,0.0205364751970602,0.0058549214143315,1.1792910883572048,-0.0076570596093459,2.043417422332053,141.89490422557662,44.22481822917022,0
0.9544288338752268,350.63914835285254,135.3025993523407,1.8818120716753897,1.2387805367582114,0.793693658397078,77.69581963139737,0.0695661598205524,1.0008292741897178,2.4014418119248577,0.0076626684969469,2.047400076311746,15.101909036491207,6.940324450125409,0
0.975960849007644,60.70833288760173,3.894388963169476,2.0553129288138385,3.763841098918807,3.840443810288287,-0.2835912136416993,-0.0102069774608237,0.0872436919038611,1.844104456004505,0.917250557729733,1.9894163086444328,93.22987991987004,45.17951780508476,0
-0.0984593426295542,99.14348786043838,187.17765797292807,2.0276999673355984,5.676239266720087,4.134143828347788,40.12393725505633,1.0778569493854824,0.9566569903108916,12.908705103301028,1.03723136776174,2.0017142443565774,32.84725016360109,124.011870210459,1
-0.0631482698691904,202.86542768790596,98.88339982176386,1.9809057533283363,10.344860320096595,4.115151668403016,86.8986033544416,0.945112892938826,-0.0267799652802426,1.1096569230642674,0.9686951861611156,1.991688076893255,3.035402084895928,203.46643321387037,1
0.9644048574203552,82.38022084755629,35.151482004129804,2.017940902493364,7.513981512831104,4.170156975113008,11.09503215540543,0.0316088485062631,-0.0005263178181071,0.4451110150892607,0.984246068072978,1.010909631659412,100.82679606067204,-0.0241692468030834,0
1.0166656386985355,87.17247641142598,188.62295925220715,0.997417529165718,6.004629637018738,4.130764150803306,-0.6405261342505852,0.0020146502130048,-0.0154485675942587,0.3607658834504197,0.9541400929997458,2.0468260879055578,39.774218226282514,103.38514327615924,0
0.9522128457869252,168.67958250654362,52.05406168510925,1.9753348595077265,6.35371534569553,3.975085117168799,104.42805237077228,0.8493432164508006,-0.0194056155526887,1.1363740451208142,1.0231821576094835,2.0287355999713754,156.03035994630122,-0.2033627844596566,0
1.029068413809076,245.52905629297555,2.2109025654960988,2.051069466121322,3.130521679579159,7.953228561720091,90.32856155818088,1.0004461131282658,0.0189484700857741,0.6706887386878879,0.1031535595420632,1.982692753489797,138.1758389029376,-0.3719877425151878,1
1.0223074732500466,149.20514168106735,66.81639930390206,2.0588991469366684,0.8218481220869185,1.4465366886580404,0.99303045460681,0.0203798568405639,1.0799901939039809,6.052823426214678,-0.0499398275524444,1.9967235772379908,60.835774919781215,54.0861956568499,0
0.0192805362395052,146.00080569902158,64.58218326429312,0.982534270798051,3.811464208158053,3.837988279216788,33.23615878537211,0.0563878768752167,-0.0056372215684426,0.6612919145369842,0.9589218366897628,2.019426469729442,101.42764539427856,4.945600352592784,0
0.0377030182495443,76.81834343903978,170.73775599422106,0.9638741054386316,11.395897805091186,4.367602510117222,64.06088002773362,1.001733436199853,-0.0258960117553073,0.8603346365467215,1.0852682922175148,1.9700139134828751,89.6552558119502,12.701963279311345,0
1.064035872194823,62.02624516516619,4.523626349294929,2.0024550653551376,8.07387206159118,3.79409191815903,4.535427825318429,-0.0180314992478406,-0.0664288759029025,1.270708337604202,-0.0280865026030379,1.987865660884192,114.8667374946218,9.974807111404878,0
0.0683863724387161,65.71146258861332,122.74935832139305,2.0596374713697085,6.247699400525415,3.9098396487615448,54.23452061689102,1.057275536376164,1.003194314163197,5.005462335173393,-0.0181902922678875,2.0589099699835,23.27692748986687,155.705371243558,1
1.0030823671502902,57.68725424224711,4.042341782854251,1.9455678885782552,1.9821550408662916,7.907307639201093,15.511075787460136,1.077271242192034,-0.0040728253029601,1.5120162998224518,0.9734317534118526,2.0073089329557416,0.7441627386953442,-11.331927730043056,1
1.019358867876648,173.81068536031853,39.47422450770487,2.011504928993889,13.700789324227213,7.917307692767736,78.77793610540947,0.9929680301105828,1.0527362950626789,5.063313943369735,0.992096329645176,1.9690757465253756,81.27690942790348,140.46734497089463,1
1.0105602270756249,172.7908227299688,55.99032926632896,2.050682169683125,8.205881455386647,3.707890923449853,-1.0010320318281174,-0.0416349473953419,-0.0422904901115643,0.9635997961339946,0.0306234370222763,2.037478584829223,103.4212028192046,-2.237521117147629,0
0.9355739372823249,339.76613827777624,213.88010119147287,2.021398291851398,10.037636532845829,8.77643364347783,122.78391935240684,0.9388306492055593,1.0573356853849312,3.1519729052488508,1.0182577113433318,2.017411401968076,-1.272908222156012,39.85018468098451,1
1.0805080156525848,82.15982814974426,152.4664975480889,2.0092161875795385,13.741669908331666,3.965563581963167,3.123191060358401,1.0424849171819917,1.0370655413163006,9.552803529568354,0.0486762528949208,1.997349249442243,13.448318347136665,117.70781304483504,1
1.004227171454261,144.11943521212498,109.79016421304676,2.0806575997766794,8.685955697169073,3.942785655855914,98.68734089264277,0.9704964288428868,1.015613646587329,3.486138454536863,0.9636748243820484,1.9804674194758776,99.09740457823284,-0.1816435051858675,1
0.0130134931534215,84.12987332314371,26.977426436028537,2.018262955317721,8.287080960443888,4.132706075443208,3.435024819696139,-0.0720373622962436,0.997110272308865,2.033856841704942,0.965447412333012,2.024814316311694,79.81032666136623,2.043864897439711,0
0.0174860331971566,28.192500646221944,165.26373773972725,2.0238681561026497,13.883820660467,8.023056820900262,23.70433793180878,1.0631061928667305,1.0752747599414805,12.556310206069934,-0.0203332205045895,1.9715206457077328,6.888985297987972,203.95106984433485,1
0.1102352152907797,176.71961356215155,94.52572551714754,2.005099605503779,11.363365746110178,7.887174699724282,37.709452187931646,1.0528025876175406,1.0187320876387187,2.1756702301952613,-0.0610527486856273,2.044826370059992,2.853561919598405,-4.536770508366068,1
0.9395747595034672,91.4503422808348,20.381330062248352,2.0522354880612697,8.594777648663339,4.155194317131077,9.042937045789005,1.0374004087411837,0.9670144262020508,7.9382251204319,0.9589392993850272,1.962712988860685,31.538219061253084,215.34761229098936,1
-0.0351367070768547,265.5576446080213,67.88160410864465,2.0859916052963747,8.020762812006405,4.048850223186071,48.551231565370976,0.967337025985308,1.010651476164785,8.586962386044014,1.0452424543726166,1.9640879068182893,127.67937294574976,203.7427830503104,1
1.0347745711480447,110.51385818017263,54.089699219344936,0.968914614922058,8.023986092594912,4.382426735177155,24.734908705713774,1.0192007899002224,0.9225500591737708,6.612828977151826,0.9762241134625608,2.0313685619201296,52.43193272263747,222.442656348433,1
-0.0263615268709092,148.27257281227006,34.89902926137739,0.9573457954531124,14.02420788848434,4.033912266185085,29.39312877975106,0.0196358945070842,0.0228138866551705,1.1291252118558042,-0.0093778188285493,1.978613951430544,99.33202810574645,11.580103351062426,0
0.9878122339962504,229.7999148646216,155.39211330805105,0.9954894119155772,4.501978039651531,3.952884261060285,-2.4645230306973644,-0.0401187909554907,0.0272686198124355,1.159449026309427,-0.0780756110566537,1.978371389461479,50.317291203198906,-1.65485708857355,0
0.9983810510229294,64.75105639967994,162.5786716217607,1.9879845399955,13.995844296753251,8.095508595529864,18.22420112232468,1.0365961279053435,1.0476003135712149,2.5829951537478717,0.0283845804500205,1.998903936167308,36.65369440468304,8.79459182054476,1
0.0110372357954996,119.73284567184665,45.68662642065304,2.0013215940930493,4.600568864449933,3.1006377839026618,3.821489683642533,0.0642892634477901,-0.0264690379377696,1.373810256029554,1.067804258721255,1.950933228718029,99.82393470014016,8.962851185317234,0
1.0134639665844212,186.6563356232077,2.7498505296089064,1.0033777878800858,6.75042934668547,5.1059401385045735,12.579434205822178,0.9112462684219338,1.0160295844014486,1.693530268986364,1.0287679536218448,2.0013901896289186,101.51342529720024,188.5391562460153,1
1.026459376849245,50.92147659520416,55.79273946558128,2.022311362661125,7.479743064847874,4.125045033285897,45.15876796027978,1.0004179125116273,0.93596923531427,12.049338288353816,1.046183490812421,1.9759042987356144,66.19994377830488,203.30247404016728,1
0.9444856439913196,84.85340986563108,144.14795200201772,1.0701654409366257,3.469452130626879,4.983167505457795,9.234855206196109,-0.0048036506990031,-0.0768557963146852,1.6060138640511143,1.0562414700954046,1.9990642253686035,59.34985050943735,-3.258299586629626,0
0.9914766905236372,159.8059768456481,64.1813562441171,1.0684256173401194,7.027872539995242,4.091749497177382,3.0285198821949777,0.0329005757528453,0.0781062137615982,0.9470722302334176,1.0861795552717757,0.9817379662355988,27.523761280518244,4.553041576126198,0
0.0322927948641267,100.92560282159724,29.375052858217146,1.9726041658989724,10.92134192269549,3.893567943664961,31.94163345461014,1.088805148069255,1.0616999834023169,2.9359667790714994,-0.0602001840028049,2.039933323144952,68.7737777182908,-11.541705157291666,0
0.9119166848101206,199.30878350742185,26.330208306618488,1.987908094223741,3.909154162487463,4.097152827770025,33.083116571051576,-0.0813145233942705,-0.0172246954410281,1.3080518147023286,1.08407902815906,2.023354071618466,76.22884726505892,-0.6879702786406909,0
0.0490266466354863,77.83719340925319,143.6918425883728,0.9918316493387042,13.243725624195918,3.9624549178614794,59.94680288461498,-0.0484378453092868,-0.0087251963360922,0.72111385002867,0.0748356684539337,2.02237852047514,58.00469246465133,5.515458136553114,1
1.0695085226914656,238.4778789363328,49.20650971315623,2.00901269297996,7.722664488796934,3.7116884064009374,32.90944120095353,1.0024873225260795,0.9855545256751728,10.40759632264632,-0.0018595643305343,1.990491783531973,60.59120428414123,209.31093260229284,1
1.0133880316683523,245.08851895561605,32.42636697077492,1.9794828832072888,14.594138576026989,4.108892629539568,60.43162591546914,0.8667976040180282,-0.0033041771055736,1.8398440229961224,0.0660717860791392,1.9448465605522256,151.55458246523347,116.27188000718752,1
-0.0480227875524499,82.70169110005081,179.3669201624092,1.9588559442456568,14.00886191767948,7.724945293038238,13.3421268766053,1.0418011135384913,0.9784816837236138,2.8996019541871214,0.9437101549494368,1.9806402478911165,110.10783311829331,119.52974356506434,1
1.037405074397486,246.57067771296212,9.066271893147372,0.9866072616842892,6.725384756221128,4.1731412972868736,18.27710457989624,0.0527624466445516,-0.0373623009030972,-0.1044395232991495,0.911964580838267,2.042449276987241,40.14954332181655,-4.453440194384235,0
0.0789389676424237,181.4641336809578,118.71793096904824,2.016264657571919,1.9676258375468585,3.7489264278049648,30.215240966469803,0.0050645464336581,0.0113516967677859,1.1892930284869825,0.0459034743433695,1.979332525085608,91.84987848073156,11.539364157108396,0
0.9382373725281824,327.3924990307185,201.73243534923267,2.087616519364169,1.806325026884092,5.16842460795273,129.92864595737254,0.9739612558196652,0.9632461393813148,18.29888103609676,1.028642864919615,1.9578796830608431,-4.203976461049621,-17.425224113725427,1
1.0191448705566333,135.72171522255852,90.61577056466108,0.9843382267675392,7.197553020156388,5.007179069277004,36.98318115644425,1.0522203649815176,1.0587547835806004,9.081748519777577,0.9750704883747244,2.0144867386223035,44.5654163431021,7.989883452369689,1
0.9774295614809438,170.94371176431537,120.74099038201668,2.043048561865435,11.34756679266755,7.947368178564584,91.96061099366078,0.9274928298433216,1.0386743413601902,13.197968080486511,1.0640723023853251,1.993704699589009,131.34616090120062,151.23525071346523,1
0.9535806535044768,175.89798411853306,101.00419145064755,2.058921769126085,3.221109951496997,4.8216002027557385,77.575352991248,0.9824329641193056,0.9866907235187952,3.579429290611242,0.032828930582071,2.0657241584853185,97.14702579960856,123.11587489186812,1
1.0522919123469594,23.398819343203783,153.81120067856483,1.0339034014516202,5.59489118883481,3.9525303783492953,3.583327446305752,1.0795599071240511,-0.0175476252622402,0.0166194063821598,0.0251329675234397,1.9791274555702565,38.19660035587937,104.37015666049794,0
0.9510157214610144,22.016238975173906,113.30502729932304,1.9988415700192927,2.0792593243041875,4.099705476406581,12.722668731576231,0.0732041571316037,-0.0132442204450806,0.8252644260577426,0.0240339503904163,1.945162457189944,34.35431340906716,8.126743553937501,0
-0.074849224603008,128.68401859589264,20.61372422765469,2.006916505694905,10.926509637799622,3.826725063258367,22.38113025053051,0.948575262010332,0.9641132128887702,5.229808608870226,-0.0924725991997627,2.0380588248776155,26.878574700258056,7.532226001042304,1
-0.049138231666667,325.6601076553061,143.8517772415236,2.0361904969772064,10.662212111421509,4.559349174166208,74.3613619731255,1.003597007607224,0.9359167337837344,15.687808865211448,0.0557769308951313,2.0088658025157824,-5.211013314398613,177.5303337477647,1
-0.0312540090123157,50.25850925017565,72.64565366131302,2.128763698571098,5.603516070054452,4.045584979684045,4.238076718220789,0.99992148434906,0.0054508660594585,0.5787865356406718,0.005305466284647,2.015270192514838,33.51078685777404,5.142073474897437,1
1.051176618863137,132.1115834931568,47.309064361087984,2.0262467100754367,3.2132726448355173,7.95563896052303,81.13106661360217,1.0009187211852224,0.9753165048537518,3.3585388855395006,1.0485651018907771,2.039117320256407,68.03218160623852,8.855360838011386,1
-0.0519045447491871,232.11652265039845,75.57672049240416,2.012416224960356,3.4582146832227347,4.914125845945576,4.918206225962024,-0.0851079697461418,-0.0412120873751636,0.7751522616669093,-0.020347164259344,1.001152018638606,168.56232777907368,8.622649731297429,0
0.0483997094287369,191.37574548809928,40.15647585518271,0.9448825060867712,2.9245690562745343,7.875333522839523,12.537423589777582,-0.0374544078463625,-0.0142032859065009,1.2145689751001796,0.99404654937203,1.9443304780373047,49.55913573453625,-10.037274253388668,0
1.0386050814481942,27.593167910991085,14.041612019157,2.0024039996106366,2.1826019292030665,4.072932192121985,5.953451955925658,0.0202273282377267,0.1105398101767858,0.8909897940639384,1.0208990175198724,1.0375568330492748,103.2584755769502,1.0851108139661676,0
1.0062599321847152,310.2762196036898,168.24354315059975,1.9567862967899192,1.86336927954436,1.2108569514529997,85.99139964933892,1.0585425876831025,0.9020821966493606,4.968874452576597,-0.0198938958592638,1.958836563966036,-0.0911473726720544,227.49393820686748,1
0.999339680534544,112.210612418622,193.3993649259312,1.9990363129313848,3.494820993220748,4.996085908718724,4.9407666426624814,0.0469447271463743,0.0330001531000489,0.2797267454199423,1.0556340371792392,1.986327229880092,65.30070037086135,-6.064707236334044,0
0.0256035615894756,67.46295788262886,139.40711229748428,1.934748093875759,7.490560252966327,3.920571226413829,4.026246650972709,-0.0860049239457479,0.0405345270721572,0.5620511577921676,0.0744008283912274,2.05436344315514,-0.1448641806641788,105.18880050453616,0
0.9280433444539704,194.9583934681599,205.1719735133778,1.991974048996096,12.481053574317665,7.070064906082138,93.71075658179728,0.9332858351759492,1.0463812404784356,9.86497254711966,1.043001892689014,1.9756891733113784,1.8164937434118544,63.55703224703304,1
0.9441371266150738,20.52225463194975,116.2422604602558,2.0005369361010725,3.1769433646749485,4.088898634349327,6.4155137372351305,-0.0049189757891483,-0.0209414621760855,0.9678616979895672,-0.0840681365663423,1.956789735197311,11.900141553245824,42.75576449599851,0
1.02391288549978,286.264327655226,25.727441249237827,1.9353169641839851,2.8024484692990086,8.083905441080265,84.74485911118896,0.9301050009377938,0.019062394519501,0.9959617006353488,1.0953775177250515,1.9924386808183476,112.38644999157444,-8.204428174256222,1
1.08075498917138,32.83558276887619,38.55899224173933,1.0334061662454552,4.160019774734824,3.9251121470803607,3.5141892946100697,-0.0686708221791453,-0.0117829585161726,0.8926061999088111,0.0115674104640349,1.983418126348444,47.17458160027514,12.3566058871897,0
1.0595349750933298,332.1719280748116,14.259884138928117,2.023255189389907,8.280802323393248,4.089210840463375,9.880861743546753,1.026872776195581,0.948830594580068,4.0948512848455945,0.9290652175760022,2.013327020912444,59.28022939326024,-8.317359769825138,0
1.0353276424379,143.51810992585425,32.74547103344502,2.0619832040991635,8.815696150639322,3.6704917290764327,39.20623094434156,-0.0509973266621158,0.0025811243470151,0.889597494062071,-0.0167819937089149,2.018504080738388,70.56739411840051,3.2958460655042003,0
0.9117380172044756,173.78988175651227,75.97090052766988,2.0959112505256026,7.267357121994539,3.981675510189,76.43187983658015,0.95222666799234,1.1019009725418294,6.923906185103464,0.10540711663207,2.041609997954851,62.97201562875944,-3.837634832027959,1
1.011442177116186,182.87624222636,123.1690608058598,1.972994107873389,10.066777545753675,5.082676864056486,36.00828806795799,0.9962658939924336,-0.0046503180360076,0.1069124534597789,0.9890591591645236,0.9953025453479888,135.26078132018677,11.285534307675055,0
0.0347277683935286,269.739755216575,9.44286366207544,2.0165805903062046,12.803681544029338,8.02908579855784,6.123390321910282,0.9874044309949704,1.0353701811652232,12.2442809705245,0.9607216066805008,1.9651160405844248,141.07269698666755,11.075474190128396,1
0.9309962245056158,77.40985250570257,23.24986577802195,1.9546426193285231,8.308876013321354,3.9900644762282393,21.841566651339317,0.9626028009016528,-0.0109163223198109,1.12139341555172,0.0489718767157891,0.9216140517566072,98.16418922549003,2.1557125220351026,1
0.1047259987018304,11.191770330058633,90.71853766466188,0.9998414637245272,7.712493101481665,8.179143790898683,67.95232801030356,0.997614838233926,-0.0133908027703114,0.954864735300026,-0.0052207899820607,1.9976598091971165,85.13300956871969,2.833851196227492,1
1.0216460199327573,275.78506089059016,215.34820546507927,1.0316117628038817,1.137796482256129,1.125819413864805,-4.097846722854335,1.0165341980675988,-0.0149712391152304,0.805363721132982,1.0433737298240389,2.044170611849591,9.275048417587378,10.551073615959382,0
0.9361315365996072,143.62949041078224,72.16639014427489,1.9965238959206957,8.87393195497579,3.9027634988209474,25.605315441747088,0.0692276479993702,0.0219850809406322,0.9566614404666032,1.030846342175762,2.0022035516828587,101.12275405219631,44.45608093492787,0
0.9602545132084466,24.99305705134286,-0.7604622563110581,0.9477163240021116,7.12331551914609,5.0102924732244185,2.746253909310141,0.0253591072177891,0.0298320235485322,0.8494606307819508,1.1056818195970264,1.0070000299314812,143.4108288502279,-5.281493171850336,1
-0.0006124919945277,243.0596922757071,117.52665218907812,2.042651789607361,11.450932286516114,3.867178882991402,11.57285948778414,1.0189475367922007,1.0755702398206948,4.462004631198042,0.9376289130261204,1.9921147852645695,43.7083604617166,-0.943273877024474,1
0.9505819964738688,318.04508087453627,39.30141280652248,1.981429950447728,2.03592012471604,4.396379971054157,72.46555544655553,-0.0332649596067905,-0.0272500771018678,1.6687824221186218,0.8598803139651408,1.9700585988592083,13.595811133138213,105.29230635484828,0
0.022180736541923,33.57362493154561,13.24336183187232,1.9836508610287829,10.89571285918537,8.121642659525268,2.086332947245644,1.0797654742354528,1.0090231799484888,12.516411135827386,-0.0535806851007593,1.9724346170556653,18.641695805447803,50.81822116320851,1
1.0088684109580754,57.48983673161911,53.85009558935889,1.05363078532511,5.907058601567816,4.072359100588457,6.251382792378703,-0.0577551724806647,-0.0145338641082399,0.5677708462570519,1.0355934068881822,2.059638565507354,32.57383734912363,35.91646886481719,0
0.0338830431421611,210.34294490737832,35.48034734742863,1.985019437507848,7.703069395230839,4.109842027349556,48.54811037720036,0.9719852213576496,1.0548855595076798,11.644073816778924,-0.029072910568646,2.0488630760238564,5.005616105196758,108.39933619970851,1
1.0235537271836677,267.72297460472527,119.68177936044697,1.0127279198711594,8.364907451694057,3.8353616990453263,39.98247180556739,0.0433566236942376,-0.0957780677692504,0.9767908186872614,-0.0213886025435313,1.996003887947688,50.68665299502757,3.999737500960293,0
1.0528830453355411,81.63652342122293,45.70051670542534,1.997427750797692,2.288013233669904,8.30929481482216,46.33646372515065,1.098638306786706,1.0443861041616311,6.90534090323758,0.0412889242715881,2.0509387712325844,78.2154558905431,106.62185787907332,1
1.0119896461283924,62.07848063649881,-3.193690749113415,2.033171381039029,7.897062291322201,3.89805513405542,6.085550205734879,-0.0523080141506069,-0.03948633357743,1.0852202062587537,0.0194536529868056,3.0148206268383007,69.20233213289725,2.4425218054958435,1
0.9850056349539762,247.04816379240523,2.147863210403173,2.0155489503523905,7.500690566027042,4.692911083258338,122.77855311228498,0.9518149799671294,-0.0318513347514941,1.2558828412327947,-0.0084165646703671,2.005864273199235,-4.6460873106653935,-2.353477538342986,1
-0.0157579261464446,88.68129161411706,55.614634542792444,0.9256242009259684,8.060505556444808,3.9222636318957473,11.708065213080332,-0.0086992663435027,0.0825139253533754,0.5550282490888532,0.0292590388965187,2.009537178512019,38.992238036510365,2.288647099550758,0
0.8891844245862702,67.02510067739844,20.70642355967321,2.067714914619168,2.373276191725111,3.7130455283013086,43.02946637170002,0.0677651651552286,0.9631441194324328,1.745175351541722,1.0307027228460786,1.9305136260211209,122.41678283456336,7.960686548892674,0
0.8994591743904539,342.74255951628925,133.50144874975567,2.006063589279776,10.210327304060463,8.144562988913702,101.99426693857885,1.0498155707326806,1.0256795252711333,4.709897139428796,0.0260239477849442,2.058663319315306,5.15548120183648,-12.117393618496545,1
-0.0077619558115404,55.47875784769448,5.002895910012569,2.017782769500455,10.91451107150464,4.015073545281435,2.0218420491380087,0.0223920838405738,0.0576502267663737,1.664144932797292,1.0154262147478166,2.0176036607690517,118.69258890540584,0.361642674848774,0
0.0270318028857526,51.81686467114298,18.29006181723433,0.9888820859475506,10.544094574487508,1.820683729604132,23.867879290521746,0.0005486846649781,0.0434837134991843,0.3963357855669689,-0.0652829717007099,1.9391541500103504,92.15077969636258,-7.123636477063286,0
1.0516165782429128,195.57196802958757,90.69403569802633,1.0156003616076648,3.2567171845013414,5.453407214479994,113.5249949417604,0.9210680550352808,1.0220972892203513,8.460186615420614,1.059922214362186,1.987261726620831,73.37234315910284,7.739338991492012,1
1.0528310255906446,158.14838498009595,199.1666381300629,1.9864921745478716,8.26204368953651,4.08099421194088,102.46390295199755,0.9892943122080692,0.9815071943816844,16.927490765658945,0.0360955717240855,2.0251038226056464,-3.640457719116874,218.53783565150792,1
1.102207590501293,51.32565578290175,124.0575573613599,1.9840670328784644,6.035187519637946,3.934611451170172,34.51758778828365,0.8237293708791746,1.0028278178994927,2.0071787182955623,0.0517446581645347,2.0390880952904085,23.134351750684708,232.92928002296327,1
1.079259853977813,52.50040765444243,161.1506354727055,1.9556076062646872,13.5473072727929,4.132804460729071,7.286190022797623,1.002615498895315,1.0275183256688405,6.251196704825438,0.0641105983333941,1.989576172186718,41.45526087297877,5.509004053233177,1
1.0114011151516893,270.6740408765254,165.50722123573723,0.9661612111970364,2.090856928476871,3.9064062767182897,32.86795800978044,1.037056580779108,0.0404695619523465,1.38254608577711,-0.0303097786415137,1.0352153400657589,-1.276240075078178,5.747187300447379,0
-0.0342471473225284,99.32958494295356,159.08672774839465,1.0326410447164385,5.622340793609707,4.00780977766744,81.191863423599,1.1162650328499657,0.0311884714572341,0.760971451076772,0.0341312241792577,2.063845130786077,30.48465080141521,-5.119987705490082,0
0.9750037507041672,197.25604247649684,80.17914458646354,1.9644344779160596,13.848899074372934,8.017836771751178,77.61550558043889,0.969802596088612,-0.0911466533828243,0.2273260081582262,0.9372522082436678,1.9607892780173808,162.28698569719242,-7.636305055398211,0
0.0482926502894227,169.01920993854543,50.95047408354986,2.0106012349841613,2.399192301872729,4.109681983521572,6.369843173921876,-0.0391967418936449,0.0068372998581455,0.9213940905744212,1.023796020069689,2.023570205182298,3.805980609079036,-0.5565435792905262,0
0.9881061444961532,224.0022677636692,96.21219489995126,1.9630052359369143,3.904478230331897,5.358703730451012,4.5052470196526215,-0.0181596040397906,-0.0568535506874752,0.2307394910363718,-0.0058233265884596,1.9702044939480996,157.6086970711749,-10.624271649209083,0
1.034237347873422,251.4658234515536,47.525865524456094,1.989803737959416,2.5537763580355994,4.809809721983261,71.97621716202006,0.012059618056794,0.0712800445109891,0.9831494972429908,0.0499962426919146,2.0322279824193825,74.93264298963301,5.319969564056237,1
-0.0801505353605768,312.854029119002,14.452054171179824,2.071520603638397,3.115954575648371,5.112057798252281,26.063663322681226,0.94873529666873,-0.0242481800391242,0.5114200363092771,0.9362907779060456,2.0119960801380787,82.82027012236559,189.3213154626112,0
0.9886237454906808,98.27797341118344,142.7355806838577,1.948838832128612,6.059450679272731,4.328118009011839,6.342086187896943,0.0223616648122878,0.0270057798672427,0.5820867098560463,1.0254450242678248,1.9583805770743823,-1.8851739686630185,8.814304641443705,0
0.98994499482529,262.55121526898574,38.74394307633359,0.922624233859635,9.696754585966628,4.135855603077755,6.745835877652109,-0.0185509048419536,0.0535462376154776,0.7815000361515554,0.0572096295592999,2.016189758790265,2.128393095462833,76.05705377043449,0
0.0659846318633443,121.5102616775682,70.70307765954571,1.006757098420079,7.9230636968101615,4.135085422677692,1.6539828593622232,0.0117658200708713,0.0431364360238497,0.7735083594830945,-0.0307005975663119,0.9643366706619012,19.090999489869372,-12.281893573280392,0
-0.0482277571237065,249.4502976020928,51.92020593933764,1.968529956683464,6.33711682960404,3.978270599141767,6.081977340287018,0.0280833937876164,-0.0639121463194202,1.14216123828834,0.0953092302184559,2.0139198995326986,-0.7349673029312456,102.31626797391736,0
0.0883914395925976,154.33207087577833,112.36282222429264,2.0379641918385483,4.283787188017514,3.917755102865919,93.98943393236348,-0.0134370505990092,0.0216917222502225,1.1377522746970548,0.9809347012533948,0.960307611941766,32.67439752671562,-0.483861602765792,0
-0.0633359702380909,163.62097714292355,52.65844697018579,2.036108552194209,9.547451039155929,3.945913112020031,23.81704960438012,0.9879910754656788,1.0050477039268646,17.031844207142736,0.056483411582582,1.989212593335168,39.623467963790674,176.81837986551514,1
0.9807467091182808,49.21287994736262,18.992058213352465,0.9329853371260968,1.356023652513881,1.3019739786359823,-1.8929854546512248,0.0150822913537206,-0.0358866517743133,0.7466271277738823,0.0385876831670717,1.9988492611797477,40.02268837447045,-2.503050144370441,0
1.042785793183302,271.6824957297263,116.17996007061346,1.979192766336019,3.879396811697437,4.199636231551059,3.9534931166522815,0.066797954477589,-0.0076437225142175,0.7194315629829653,-0.0111533275267455,2.007240868117933,1.8142986374044767,188.12274999973437,1
0.926947411033715,84.7687316048331,188.6081781909264,1.9964506230156889,8.149152456764089,3.9055348773587735,0.9296340169168076,0.0512660631881122,1.019170238598897,3.1976915182217898,0.0748399480616084,1.968502782292608,-1.5457647853004843,218.1472649912017,0
1.02341362190184,63.09676411450023,28.94594198014717,2.007687890622031,4.23635048088399,4.0887786190818645,2.627587454283976,0.0820197376771777,0.0154042868129143,1.1764474709552215,1.0520397648648143,2.010826898275748,111.8586355304449,-16.712656460509002,0
0.0632435494286215,86.64087251885908,33.9383423344377,2.016638319251944,11.018007245468414,3.945189464215295,12.332825568168126,-0.0155706236696475,1.0429356650048405,1.3604218886830977,0.9730170423870528,2.061057696430066,66.11272146116985,10.266145298248397,0
0.9695464898016526,325.62086008370204,49.42915629379444,1.994081835966397,10.290557575559664,3.710217271562516,-0.1648632243557699,0.95589890784101,0.0205023980304913,1.088264936066691,1.0530754602638206,2.0224783952409684,96.94326621123984,5.419533027011774,1
1.0119885086511868,288.64919432368185,178.1684151573942,1.9605897225296949,7.0239029189506175,4.083680888499568,130.99739129001546,0.9597574386297896,-0.0170756397427575,-0.0900408852046976,-0.0309631265205458,0.9843411574265476,30.298009377008512,2.203045610578606,1
1.0460667184081538,234.82027393231664,212.73336336330743,2.029111396945561,9.648579821497416,9.193889839381672,133.53596989301428,1.0050908108415266,0.9622862472918068,11.65361211446923,-0.0267879858503611,2.016201678090757,-3.407031040803254,161.17819187503514,1
1.0117963038182054,93.56635616383592,16.871015222042246,0.9658302637936912,13.50082548443746,7.6967984285147235,8.543114196382557,0.0659541933302956,0.0425504461477088,0.722711216729607,-0.040681702473458,1.9937278091734032,80.02770013855178,-4.985971393373035,0
1.0132407828218848,86.39675941616878,49.20858173186695,1.970333011813215,14.221533398671998,3.8648619740203833,44.67257937361704,0.9877271808880675,0.96786273149016,1.4947314725890206,1.0126154192804513,2.0267309037504613,129.26046833293938,37.26339978872657,1
1.0566420309851805,4.993118518453372,-7.940283415226773,1.999245235636211,7.667854626142667,3.9318443065954143,1.7038160671058122,-0.0851908481445798,-0.0799300328861977,1.194344671978703,-0.026043436233499,1.9234176442583624,4.6194442648751775,2.978557962545196,1
0.9943902956676364,54.81376954705848,172.10593616517838,2.020516770930262,8.632734388181392,3.9230636014769336,52.891798009102246,0.0270965853017166,0.1618245758754632,0.5192523280544132,0.9656547216494435,2.0125051545060875,45.83191366412306,15.166268245621914,0
-0.0217883445458932,142.7031360350298,120.34808002788787,1.97754926936442,7.826709626067426,5.14719033641899,71.78261844205925,0.9547804472536964,1.0076226628736014,8.39081640534454,1.0616889143146957,1.9801414930804664,5.322876302412929,195.30380595322632,1
0.0369417894662986,321.91460712953625,193.30431132949388,1.9817453031934344,8.115599099296427,3.951072035056912,96.45619198075312,0.8875322791954232,0.9591011540131458,14.684569784584433,-0.1156071980788273,1.9712260980754968,-3.220400997475899,186.53912849059725,1
1.033280710881082,251.5250071445953,31.747784032783443,1.9645646752430173,2.9593463541751683,5.146231708859758,-0.8722886089456168,-0.0415623265635054,0.0359745997196505,0.8111963916314489,0.0270068123257906,0.96681053705289,95.76348196282416,6.48645279675457,0
0.9623350677261664,19.368142084113032,85.2955101867357,1.0234353260511089,1.085264822346535,1.1921530753590472,1.3189814162726776,0.0195794570092106,0.0150314796341652,0.9630957499340074,0.973552841071986,2.066113811238,60.915749746784094,-2.837092305245797,0
1.0039605962311389,242.8612307198269,65.308772806352,0.9849528343409004,2.7537008600922084,7.638241260512065,116.00115524077384,0.1025895109337671,0.0226698775834509,1.2768613798775357,0.9794215224091396,0.9927042916578582,73.5408448324433,15.591623039451314,0
1.0185216245016768,27.93761778193104,46.04841448134844,1.0201865831325487,10.025065205103452,2.2947392253882186,1.4181353050595789,-0.0152006569770472,-0.0414488874269519,1.2834238785207264,0.0616336227117303,1.9984894781481923,38.0316795218184,-13.31065253157984,0
0.912270972919792,45.01921920432011,51.14969515116076,2.011607380441643,9.151630045766447,4.370201584684631,38.70096333362295,0.0328590066994307,0.1341063106372945,0.913804946435798,-0.0397529474808778,2.0127738486138145,51.02448319607557,5.17381551163421,1
0.9714758715408004,280.1321919218587,128.61714214555312,1.993829950011945,8.628986859490842,8.252031160687077,130.20678654668058,0.9847325521470436,1.0317467821202018,13.089861532729344,0.0358640206632079,1.9598594664266695,0.3282587222316522,137.57839448287206,1
0.969875769051877,166.16148947481443,67.85314917198441,0.9733707759140262,2.662228513225603,4.763407009586577,104.86334560988443,0.0343935383179777,0.0483177001233972,1.0158490158582263,0.0387029236171004,1.9474085235121072,4.980277636783967,3.2866401030035703,0
-0.0270567180182098,62.52563116958517,49.54561484755566,2.106975966630721,11.164677433735225,3.7364101423840586,4.193109071556513,0.0254284883550751,0.0663478238789953,0.5110245817696439,0.993805360483111,2.0058504619020976,41.98715333375687,137.50400083672798,0
0.0224295876535027,112.79895708336244,25.44870264210596,2.0195287630897947,5.591295461135885,3.906125453956391,2.957359161301085,0.0026205172481412,-0.014454326091924,0.9582788276878712,-0.0125542798252716,2.0045554624623425,98.78604019911688,132.3551894176896,0
0.9089519274599992,39.850829935615394,141.95228964844594,2.017863289929344,7.947839311628457,3.9271825248205383,44.0660026595171,1.0142449524790689,0.9679907201839212,4.015207940977321,1.0190906468073977,2.051305954175516,14.626267842759418,35.822826660368214,1
0.9908616297030431,97.40786653087046,167.23698385227527,1.9807870071026408,4.077489281183903,4.3157530363247885,52.805852793631686,1.0691115750667683,1.031698223320654,3.656084916422796,0.997058337050624,2.071371201777929,35.76151130558071,0.4322409677539696,0
1.0340881943845373,111.26146152947678,87.14763122074197,0.9905482354561874,3.1256955087782057,7.997424057095412,89.72307242563562,0.9369484505408076,1.0014556464735764,3.414751805458525,0.8896824467360195,2.0103232729640843,27.4861480033867,-0.1116159558112741,0
1.0028484796285078,210.1242890249429,59.21985016338137,1.9365611438124808,12.773195401665834,4.724341705589839,8.980327802042115,0.0310440991142849,-0.0002067337423819,0.8066171841703538,-0.019279654241412,1.9821666953208763,119.61096337713776,-4.342886448201028,0
0.9820359910416678,97.14186776608688,183.23093543425065,1.009939369894472,0.8898258457107335,1.1338093462363306,2.724833270460266,-0.0345594593572132,-0.0083435587014523,1.4207839106766056,0.0195992328402777,1.958287208779521,68.02349628814234,-6.878866657282181,0
0.9860243049728764,212.27974259114268,-0.994355385301148,2.0546824796971785,7.452808286702314,4.3757453940068665,6.936368091283811,0.9354378025664292,-0.0207576995243393,1.0046057797939771,-0.050173709054309,1.049225856099106,109.32785556851356,4.474343499734708,0
1.0104624931442296,290.0185669604871,137.65649119610254,1.9699741328404503,7.967124779142599,7.681848252917346,119.49053179851568,1.022476822936952,0.9887490809850128,9.34889415236906,0.0492516658072566,2.010884588253534,60.6518555801952,174.9616523581108,1
1.0841625656606513,31.898022672429605,157.2453978371486,2.010807660818659,8.050511426149328,7.750894393817541,27.673015486243,0.0110474246199796,-0.0205846103825854,1.136134088882859,0.001061604014598,2.023102165261621,110.0580576428772,15.214240794774009,0
0.9980886280422504,175.7345579965272,136.41126185040451,1.0198917516532415,9.496629297544896,8.128980785697989,92.49349821386691,1.0302788956184727,-0.0682835208322449,0.6467937339532708,0.9897869042125538,1.9783259573221943,46.09070305783037,-12.599924909628008,1
-0.0045340541096444,341.24554062594177,217.04351874777169,2.063531352678206,3.288997471112566,4.750014145621525,116.7685187831014,0.9379966675023091,0.9264116561585748,14.096416539533053,0.0260673887163747,2.026974519524857,3.292629911419532,225.86156562724724,1
0.0405512288200754,62.18862944359883,167.92815058906578,1.9727007489385056,4.308379866831102,7.991609109548529,-0.797902131160761,-0.084152497570465,0.0411524600862042,0.7795669287140856,0.0164609234561648,2.0370172082357105,100.96366797742832,5.672111451830617,0
1.0172075402347622,183.86177556715063,42.64570502638531,2.0349715824227275,13.393261083928158,8.046363029216085,93.85093364534106,1.013502617724945,0.9572884849950536,3.940523987845988,0.9924008632612497,2.011448004711549,5.610862754340388,-6.689455062773092,1
1.072402132489524,331.95360623599686,183.59300382154623,1.0487247163818807,8.775458896660748,7.885156861956844,84.93887849770051,1.091004736027057,-0.0753064154495403,1.4142680876824862,-0.0507355788629056,2.0030597885111665,34.881120224270944,-5.959221587835941,0
0.9818525570693896,256.1069642115857,74.01348002247744,2.000575946303661,10.913843874203618,8.204582858451637,92.00159197791427,0.9479999380906038,0.9493294110460488,11.854734361249225,-0.0612121035265484,1.99854967258394,23.2368132929462,-4.713430773171453,1
0.9920261336769146,21.526470275051537,158.28006707899567,1.942866664749516,9.209719535978335,8.205363163466224,4.323404818920324,-0.0068649551119164,1.0207015747142658,2.1390125952599317,0.0290145791732965,2.016759637302952,33.4714645661487,9.193528745888486,0
1.0488195180000708,107.38330201632525,81.3394069147806,1.9238822808671563,8.676086678676887,7.762711706288313,58.549056622000776,0.0510222350973477,1.0285618709810458,1.6553139014193303,1.007552667402433,1.985938453822357,135.13392101568803,20.18486914108687,0
0.9945090938947698,84.70330250291005,54.290766961282046,1.9442839617457808,7.454467615245687,3.535406938448172,25.537731081475204,1.0374313760722282,0.9859061831078176,12.079738836532336,1.0542681305028176,2.03964423667366,17.681158434468955,195.83276625960107,1
0.96960197978324,210.3546261764912,65.87220093952553,2.067289931931649,0.8461236699896997,1.0355593284109252,3.202084304621188,-0.0436509242542753,-0.003604392521946,0.8925266205046358,-0.0255997514323682,1.9868700272466664,6.128247998262211,145.6519866860587,0
1.045064372177312,66.47200780648562,176.2975664777323,1.9887270049460977,2.6671074169997366,4.039240731149056,72.26389671561421,1.076840497560093,1.0168512916849195,10.08291114960338,0.0448729786080168,2.032632758623148,20.613730667737023,144.31131651843026,1
0.9901577526391176,41.7086671620431,80.81456442144393,1.0294701388180754,2.870828649144099,7.796477097593295,1.6508464944013568,0.0563402564006593,-0.1128329217562318,0.3966318903833894,-0.0459810111564445,2.043630282343817,46.30319883562587,55.57397290453251,0
-0.0341232574818102,130.40045904315716,27.97032183344005,2.070014960559617,11.006942281473346,4.035192577432934,24.24575212519196,0.9992119028740112,0.9398788425728516,2.9315384636648685,0.9533153884886812,1.9917168274180803,44.19450119732679,106.8059193922052,0
1.0021633399672756,190.40000539503595,88.20827971674466,2.027108705149548,8.267532447310327,8.2370333362785,106.63018679838656,-0.0063558193281544,-0.0084819855384241,0.479637067231458,0.9868671365349516,2.0399038162908245,2.09452578925805,-8.778106073489354,0
1.0040292920123317,258.03644778285803,135.31965418375978,2.0454914215453024,12.520867628434836,7.958899295334582,127.72012227854115,0.9791090829697976,0.9716193478904656,2.469061955140477,0.9847440805605476,2.03297982943404,27.97824822808775,177.50949580562715,1
1.0350426895474172,21.09757306242372,5.920015533351531,1.9305109952258743,10.803633081488378,4.177013853755042,7.032390780997183,-0.034664827245168,0.909893948996336,5.706577779224645,0.0411395665109512,2.022988820741559,57.46283329907227,13.18934517765824,0
0.94464003474295,282.35367186509166,49.37772286958487,2.0492540565363604,7.043585721778189,3.9163594806906064,42.83725998002614,0.9350152729642164,0.9993195417696062,2.563494528901094,0.9802977867127868,2.0276291165634075,2.1722443486064407,5.233164895797849,1
-0.0545920206860803,20.319787002626043,21.484973512765077,2.919762887175426,13.20628179649784,1.1059494529903349,122.14878038012505,-0.0790626093144711,0.0796318504921525,0.774450034629695,0.9777286283228594,0.9635113827315956,96.9831818369178,3.931281238682367,1
0.0189125428173078,0.0926990347172989,143.85725282939967,2.0156659090179887,6.204668775414348,4.03529046635613,44.05724260826232,0.0736012905578251,1.06065448885682,9.844150201848269,0.9841842451369184,1.9950835787571533,-7.080106154541554,11.684167886462925,0
-0.0316251649717189,131.3291507801719,8.190780262647408,1.9979009416303772,7.704387092295797,7.9447855170296275,8.49733376122682,0.0019501536854288,1.020551647559883,2.028203722200521,1.042242548289966,1.9795302693560544,90.46188972984577,47.36123236263845,0
-0.0094803012643419,27.49212421531732,142.2752965574591,1.0511581513886274,10.720087509814284,7.888361032624167,4.919234961292688,-0.0780601354022906,0.0113177368572583,1.3900328784432918,0.01459485457243,1.952556082681293,110.42903198674176,6.390272473353427,0
1.0305819952389186,130.92305215626857,188.40829677874532,1.9600765902574533,8.680453178487232,3.674400227529313,95.86018249956274,0.9958320503130972,-0.0217671216968862,-0.1915542173425608,0.9378548476973464,2.0334679040307444,146.9349620408513,117.61942275616148,1
1.01198185640432,91.0419721884818,42.20068253916806,1.963672261764581,11.31618004437233,4.041360481427872,77.29652372957803,1.038493476157774,1.062712016789996,2.6544303512636307,0.999554887513173,1.9484815341167177,150.19479589756105,187.61313334400757,1
-0.0336505913251135,133.225298191435,20.163372955563126,2.074049974236756,7.91885224006151,4.090700226299036,63.29212893337835,1.0149985163374202,1.071454735693588,5.499394876390887,1.119444597632306,2.032460724678676,102.9647735426528,182.35211144492047,1
0.9880489707279472,113.10765645429925,53.43060338123608,2.0014874490294905,12.895914343983538,7.978860538453671,44.80998852134181,1.03080752589877,0.9505421230655268,12.580085183461794,1.055038480382704,1.98768776734676,153.46598719352446,134.2239599038614,1
1.0314865567038003,53.81297334185598,151.2740395679732,2.0652958493799587,6.979755455547292,5.186743568450787,15.96860333262789,-0.1173721342852093,1.022071381266194,3.4639596775106654,1.0181299579480698,2.017462745669632,67.10148427675996,-5.521572973050716,0
-0.024713690263058,238.9264270165812,118.62374899775084,1.0255824827046247,11.24523334988185,8.101211011810651,104.84032669438068,1.0043208853315035,0.9555027903002348,14.865914051381722,0.1072923257827276,2.0028574300098483,-4.476484568092204,193.3099983287044,1
1.017884388964008,333.8692142627398,138.138303807462,1.989627121628187,9.997088285098506,3.9079056902393288,115.7622967302087,1.0235971332501286,1.0075346213305256,6.32141948576311,0.0008345713034036,2.094949625006452,1.6979626084664332,2.418575092966215,1
1.027613157411564,181.10931565935036,96.0463785411786,0.9850287890082696,3.033687173515668,4.627277833239696,23.82826544337201,0.000516222114502,-0.020193189727092,1.159167694871055,0.9394815273321646,2.021323183071293,143.54088981377126,12.93320833354737,0
-0.0030439827255912,85.51100661248293,146.0716016339307,2.042430316548112,11.124217548746405,3.799896199547451,45.608775556588725,0.992107439972001,1.0277305185049457,10.744869913083678,-0.0086160539691987,2.004901381911033,25.135754091569808,152.5865179193673,0
0.9851781564318648,218.38430997204105,137.57429291921076,2.04413138530341,6.292772044121523,4.22476765891333,98.79996565088057,0.9404443833448498,0.9711520649067495,14.589907215490904,0.0431579756907831,2.021870034438797,78.07179055179499,208.0682119278886,1
0.0257023527234336,197.4709710853853,30.29872337808827,1.93034106657182,5.137142223954545,4.187692588421992,16.42422298464358,0.977248114765172,0.9314097713596456,4.431572389444667,-0.0086611232591586,1.9782150839320611,2.743078748350243,178.2873455106209,1
0.9943583742749266,95.42019348027463,77.84536502585452,1.918935842091816,8.427635927125747,4.163370802732977,35.54523010351084,-0.0026332324344723,1.0501596193457086,1.4068697153727636,0.0355261997168508,1.97697335363262,-6.61572568888856,14.833978882881738,0
0.9480381360940447,53.87462718924313,119.1050733567992,1.9478697412457024,7.805734840725309,4.067034086598078,38.99313855205504,1.0017086654410157,1.0344428546344595,4.436376922149976,-0.015449891987285,1.968819901240785,69.3509228744542,173.41890928828428,1
0.044896858808996,319.4060096565505,1.4978960295864,1.9828219874308532,1.6417565555661398,1.153019159190345,-1.022667841420457,1.0651555031148767,0.9633651172126584,2.4068173869224294,-0.0677033998643523,2.032047097925648,82.12704432306624,42.52870329388474,1
1.0659890618168275,215.70111033239212,202.4188559744456,1.949643558335582,8.779162371358506,3.9562742524729817,3.916078243891413,-0.0238909041742785,-0.0462926991203845,0.520979110228815,-0.0822667009870551,1.9929844553763827,100.2223831647172,197.73194611080297,0
-0.0044512137350325,275.65415267992245,128.30260009394152,2.0201046056720555,10.071809866651844,5.125306271096129,99.4787348001633,1.0408941487047385,1.00467969253529,7.316346323587587,0.043387040595465,1.9759771203722545,114.6614304304358,250.21229512918697,1
0.0005196178791735,159.84210088624354,64.88044608142286,0.9676377350911844,8.337904966899153,4.198097875539947,60.09349293927427,0.0197516570969013,-0.0740769084369499,1.238117055933431,1.0313585210933658,2.037181010685104,10.768491572588374,-9.29515881605186,0
0.9728440841762328,305.3541428223109,194.93028598323173,1.8766777696541237,7.821600822783719,4.214812809801802,103.89462605382496,1.0056284973288736,1.0784262228586772,9.693359791709325,0.0001070737272058,1.961062537393876,8.504258360392143,0.3946521980094744,1
0.0046579055547304,36.94937329073389,26.17286609624813,1.0560709856466413,7.640833450278926,3.85388020196726,20.786093048807345,0.1014094171768963,1.0150726440680944,2.1934317352559445,-0.0667732603997517,1.9999650645435192,173.3484853176039,1.163908688400845,0
0.987146908199762,57.88272548443962,128.91324073617344,2.0416118668149776,5.380603829099638,3.933328682457387,46.59083417893913,1.0292795782990591,1.035185882144045,15.319836995262406,-0.0173745443747748,1.9861943395736328,21.95670443804101,66.61032039007875,1
1.0506984784618043,351.4037823892218,202.31828820796397,1.019509219776732,0.8863899560796131,1.1862554425935836,-4.648460410704146,-0.0167623130114924,0.9015103228400354,2.397268002637098,0.067951766932603,2.026729905833524,-2.318007760252506,91.08546151275796,0
0.0186751936953952,321.59129722149845,91.77829435772588,2.0558344763500718,10.868873668523186,8.146829897591955,62.610735195335295,0.9897391744746308,0.95300040098605,6.863319218269815,0.041866708718714,1.948422825241594,14.0034199048687,121.72696732976613,1
0.017847571776597,263.4190797835121,46.48006730823117,0.952925337957332,8.594089929108653,4.02008820248135,-1.2624772237299098,-0.0310362941756756,-0.0321134928078623,0.7141840130087087,0.9360696714693078,1.955197979334152,48.100703524005695,-2.3071529757049234,0
1.0043036370925351,110.22352772300157,22.507896929128243,1.9363737835474395,7.673113916758144,7.928723465790099,80.91721384679315,1.0859459155871094,0.9316205590686746,4.158367927094532,0.9481569342627716,2.0141742865771968,105.39547119694778,52.69986945961167,1
1.0408174238062824,75.44745021481691,27.24305505449722,0.9916177115887048,5.991094842049796,3.887957235916089,3.9744193020945033,1.035573247860723,-0.0203495738625084,1.208997166749299,-0.0404935270329299,2.022664980476553,60.32566379697189,8.186802910698184,0
0.9538008473671112,222.91997971767805,50.33336382673479,1.052785945064196,7.220710132657435,3.857624606472775,7.559449081436103,-0.1120647069709092,-0.0372498200675261,0.6678491026530842,0.0039021752158722,0.9939436289948744,130.347581539052,-0.2692037599974668,0
0.9879327320646932,287.8292034954324,115.13609300248868,2.002770559058733,11.231196295732053,7.95296237881402,94.35479019475792,0.9917206721805528,-0.0003678917859484,0.2983922349806032,1.0229960208403264,1.9865332633626585,119.81778758388342,5.293551460385046,1
0.9476067689300244,61.095866994969526,11.441460736343656,1.0262604210377142,7.322897543422314,7.704640886379453,9.40763729918628,-0.1387839919911161,0.0605850026853526,0.2649318599467949,0.0420180090680468,1.9734671784902416,102.83720122623497,101.30483542478726,0
0.0288290108774226,330.0318937289204,118.69439113847504,1.957465138262874,6.450550969805609,7.761915891638086,64.28568317260564,-0.0032787955140192,0.0512525889058378,1.247641401472369,0.022772365010397,1.987983556820713,6.603201557944857,30.24453270343431,0
-0.0367696897797348,48.05974923641668,119.58178511398928,2.023182428657172,3.6550733515646825,4.182808327852302,35.7713213093157,1.0530695124050196,0.9444614580949084,1.726757950437203,0.0189793383516966,2.034950627765,60.68585575429702,83.30049354212744,1
0.9817098163172222,130.55708674425415,77.47128652050615,1.9768720768479349,9.006928755234538,4.029456634212264,72.30763932255641,0.9788567967862528,0.9826153376091844,5.010986267746275,0.9616001274037428,1.983339153865906,123.19017894738894,4.058339649650364,0
-0.0310888543057082,62.1559588272922,169.68552932534476,1.009398166052035,5.320737621756223,3.0445150081331045,3.464625396452149,1.0033753177772835,1.0143033477331875,12.254503098187332,0.9274000624910416,1.990454730940528,-1.1692049968192677,-3.640958951051182,1
1.1201734834532666,251.035132457077,70.01902075855837,1.9868445008466415,2.81956909099804,4.822808275336988,15.970799548279532,0.9782884127803112,0.0182729238850144,0.80115819900143,0.0964265805108919,2.000399397020216,6.953804184800774,78.8990193630638,0
0.9540025931683548,129.02513731823998,21.145686344551656,1.913904995398756,7.2726005697051646,3.85006258533068,28.167386960157863,1.0553577507255043,0.96936106296772,4.2379832163971045,0.967059159681542,1.944882711961731,129.5686626844274,-2.420538609832491,1
0.0271128210355058,105.79596207747042,53.09555218049613,1.9550797191324625,7.791044483894652,7.8764024186339,65.85409923971261,1.0487466953927824,-0.0076746233050631,1.5768733023053636,1.0681813098616395,2.007267805254103,113.2097036862053,13.443906503532595,0
0.1442778438778846,92.79143217229247,68.84728144569438,1.0302551238179531,2.6286405082391724,4.911624873286758,79.16247944149353,0.0323458577731048,-0.0086167837267705,1.0557246097510349,0.0541802986275185,2.025773374699474,68.2541955730502,106.13299803621766,0
-0.0333481993634632,128.7712976473684,59.91037279937932,1.0150133807172086,10.876939354169998,8.083654164817597,48.40745900540722,-0.008337415923035,0.0404076284800793,1.2520023561937843,0.0623647493026757,1.9844334826827184,88.99204299539366,14.519681883423123,0
-0.0049042924587352,320.38817940159896,205.07222217768012,2.0251464313506538,4.979996679477125,1.2210646116896895,10.215326627748444,1.015853446024502,1.0057763683300602,16.068788106031985,0.0652895857628232,1.982108168305266,-0.2835096507401857,75.83165281735972,1
1.0724622336213565,311.65806975283334,-3.011905171413545,1.9787166370847,14.66756275258195,8.048007822201381,1.028447070734131,1.0358787515497516,0.0498332138798745,0.7696207844429832,0.0109331665602882,2.027666754802706,-4.350865216740637,200.0896803063437,1
0.9982599253280504,22.83460020633929,1.0370385920582803,1.906037419935066,6.055238782601015,4.064502307724983,6.389931691577242,0.0784822542573911,0.0776711433866705,0.5976479741564074,-0.017550916089727,2.0143426115898886,109.6763171249527,145.75178872895194,0
0.1266214341617693,74.81568419885026,9.600604551785892,1.9588662538995452,10.961983719802738,8.178338419314791,33.14639550004823,1.0085923017083989,1.0261675594611173,1.7209862882512692,-0.0121629394277884,1.99939998391766,-6.305888144136091,119.56396953756712,1
1.0515010081246534,3.1549141621735544,83.67486269115012,2.0383498421020363,3.115926695524026,4.225252091693806,9.68275560625018,0.0100126010588441,0.0059980259980282,0.1863472947685798,0.9959943073390976,1.980046275029071,39.528489572526496,13.417046095481531,0
0.039088515252512,226.87599134886423,107.63374932509193,1.973392561718374,3.6673730346124658,4.353642406714226,29.289043599508304,0.9789803987988732,0.0285055691214036,0.4532551504825113,0.9664867216830416,2.0031311799018887,3.0855404577834946,0.2920339902895534,1
-0.011064306478126,36.63917705136132,21.7389651882311,0.9840169307192465,5.353421896478805,4.065299697177194,22.27071167518461,0.923389450209084,0.0427353976162721,0.8675554466323203,0.9969446344623644,1.968560824175819,51.45759740990426,10.44382970097245,0
0.0278131106971991,262.5685500030342,120.04736600350869,1.9273100073085443,10.59583302033695,3.904844506087752,99.55929055046175,1.0058854642940205,1.0288654014371243,4.914991610687389,0.999002690646012,2.033305527630027,-2.8275632705633527,-11.167203972384849,1
1.0491632584086334,228.2347427917113,16.17658479052814,1.9429319568597745,8.196268460956164,3.73213394812392,9.18113550978084,0.01519115927084,0.943720820641626,2.587069856871385,-0.0046893978754977,2.0150388188247903,84.89537773929695,119.4097789266152,0
0.935035032180504,138.36049322769694,19.153837254458335,1.0124645173489686,13.856025297825504,4.3019037891453165,5.887090408851936,0.9703709055040264,0.9838946002113078,3.205564873042257,-0.0052425865970903,1.9881981501142647,98.76616055638412,114.17035248443447,1
0.9975154901350792,57.98789272393866,142.8557833397405,2.023900901319501,9.23788031314623,4.145612693531263,38.05091090396511,1.009681611248644,0.0049637493838369,0.7677887426764736,0.0162183374091472,2.0605746446779025,43.58326939824119,191.207731993694,1
0.0516663665174926,2.9454959656942776,3.524642801404255,2.04205513395587,5.80187391558045,3.9924834565144423,20.25944785347752,0.0351716324072253,1.0960187896791151,3.29076115212674,1.0728312832220603,1.9747356905209128,108.0898503745207,-4.851335517908986,0
0.075253876818171,73.67425387865437,153.61904238251128,1.91676417612116,10.885723429569335,3.9430166789550993,18.310529134434702,0.9443904972451356,1.0286721146731956,3.211454525157824,0.9255441640945,2.0208777662424,23.46631246331173,2.2491602991774684,1
-0.0468959831207201,231.7562187715232,103.00258044537014,1.940242578057816,12.93053090334702,3.702541382685056,121.80702870349188,0.9173204324505728,0.0261622138224658,1.1523751836127127,1.0950598004000802,2.0253171954885865,167.04965763085107,6.942653564227825,0
0.8615139582257815,89.95284605358543,194.2199422759212,2.0186891985122486,5.7940441160885365,4.092591509186592,59.33333224013552,0.9851498276122312,0.0049213608447235,0.9652886245180664,1.0394003676436527,1.0102909841304224,6.082101233465345,-4.000498160420705,1
0.9479420101855048,327.86601063997045,119.69178609584732,2.020504263645799,9.881476519166291,8.870908261524885,1.1871559105385572,-0.0572864307821763,0.0212138015006209,1.456117228836399,-0.003946186363759,1.993948972986296,2.722184894925711,-1.735278945959216,0
1.000480537795279,48.02894323490875,12.413408260242406,2.0777118487931747,10.942384492686072,3.9526802337761255,46.37911078305632,0.934238762769768,0.9487109316749062,2.786062273908818,1.056590499741817,1.999010867624888,21.76497934520782,9.909836867954889,1
0.9523222576512502,16.728696972060703,52.58182974031424,1.0400028732621314,8.6616217028833,4.1027882296724885,52.65057577205394,-0.0446084814021771,0.0005665196022877,0.8793517901973491,0.949426227779428,2.061175116569603,44.23261340258159,15.252524831269923,0
0.8886615426813453,81.7983444797641,52.960584990254205,2.063170711180578,1.0623764646886364,1.1990222854118535,-0.2748882074520153,-0.0775418500672984,0.0129000705114343,0.9864528131073088,0.9755099401341673,2.0025279557938385,44.7625101301841,215.06218985302516,0
0.9815991295070772,285.5940459088132,22.231044747401462,2.031811166066116,0.7977781775048891,0.9129934640503424,2.951003975087687,-0.0356613425253748,-0.0387235009856228,1.482366939871804,0.0440529239920915,2.017962069561749,52.268770558156376,-13.363417708797307,0
-0.0164575429122644,252.16280750081057,1.0862048818462142,1.9664598997486045,7.280711892106956,4.345620357429897,56.04851703906887,0.9182071373954216,0.0444344568436963,0.7062599854389462,0.0543153895018382,1.9781011054702835,-1.494443420079655,3.504938640624502,1
1.067386871686208,71.92626581186335,49.30351253537334,2.041692794049315,7.946218077394892,7.725894575091146,30.047781591275776,1.04294194865546,-0.0623642504894829,1.1580450624658811,0.0056972206500212,2.0112610421258337,139.1747950529594,70.21759582650486,1
0.0193354629338142,66.33936017001685,22.254042124924545,1.9847931712045144,2.8188349216012893,3.709704892757544,0.63491051972008,0.0132968266588254,0.0626289047940752,1.223502208080128,-0.1295167198747175,2.0191491013046226,44.42598632828911,4.2912802250802216,0
-0.0567952289102735,160.3421684194053,60.65334528271053,1.9793325543558349,0.8543796397080916,0.8984700801217942,70.02114473838716,0.0429845756172053,1.0038517367067308,2.850587787806,1.051127892269117,1.9994100373179615,65.22640593374179,-7.4672340477954435,0
-0.06261387086101,74.14925183234523,28.87761623728812,1.0093373374296832,1.579724164475926,1.0972876403857883,71.61941154914928,-0.0279923217296009,0.0015359706292346,0.8983811754563238,-0.0391597465705291,1.99134441700752,98.91486909576552,-4.573245232068707,0
0.9648822131816028,256.6870372574994,152.26404570710577,1.9732622759180816,14.363423822974628,8.230444959860831,112.21413325457436,1.0264421883597763,1.0674517001167572,8.241758348416141,-0.0158390717379841,1.9741115307724983,1.5498307168737568,-3.151141530723656,1
0.9640239661484536,258.1195632940937,89.74729702579215,2.066907713507182,11.425066485451062,3.9937118812256793,77.81015178859442,1.0767127219532946,-0.0181034159668186,0.5544379815636953,-0.0877940820368738,0.9807117104341608,-5.708315747436259,-3.524317041370999,1
1.0306144884805002,210.18388742280945,83.50152359496893,1.9923417952435296,11.376675669208096,8.084274497683925,114.0454209808972,0.9813195615512482,0.0114986853244039,1.480897154755867,0.9972988208554344,2.0158606803585686,33.21379752444365,127.90515307285514,1
0.9391861945326946,11.752351597757752,26.1289890837977,2.060449454403888,7.119147807959761,4.246028536050241,0.256814137545831,1.002804146547673,-0.0485364553284404,0.8332555378089697,-0.0130588300391779,0.9783261311592578,63.39449795605055,-9.26812229240577,0
1.0639009092931373,218.08645404106213,22.096986218865915,2.0427813023735326,4.357436916619249,4.005578858301072,2.211414920189497,0.9895408246669768,0.0193203740216574,1.5648865819729358,1.0090336261275947,1.9727846169119532,101.80198824680257,7.691455672634433,1
-0.0020185190362104,155.06229636865015,112.30141009637104,2.027100634352821,9.72853520508225,2.0048875569979754,50.83344654817846,0.9899513356655064,1.1007810227166293,5.289651697956865,0.9883076868385668,2.036182392282641,24.239787375389675,110.32366729615016,1
0.9888064400070058,142.39408673843965,204.19895738452533,2.0218596987714,5.347277969285123,4.09038471175748,90.4756025765281,0.988932113187864,1.049256158222847,5.72178073953922,0.9259859181298056,2.0042152567972,48.89970325726481,-0.7417530308035936,1
0.9189517176866648,107.64126651674232,170.13522340801524,1.9953486606016964,12.84039929385399,3.5848975881090213,31.412303388400662,0.9810185426188422,0.8961478253710594,23.3384708782703,1.0714963749431308,2.0444945839709017,46.65538982250644,89.33457715130672,1
1.0224050588938134,254.3950704781797,124.84051578365684,2.022714643013253,9.25650751961508,3.971422936701535,86.26460447205673,0.0336998035824931,-0.0279610463325894,1.2192854162424207,-0.0109013351980029,2.00710777137306,143.42596990337935,72.27912458030237,0
0.95572988350498,249.84505618475455,41.33818359186497,2.0018379407359017,8.425239405594652,4.108301360374119,83.56073006216381,1.0769097316102632,0.9700106504696082,7.423800502302839,1.0884706799560395,1.9745911373624028,151.10896467672137,230.82306539443272,1
1.06679159343757,338.14415308191303,162.13158829043255,2.020185267224013,9.69155909729227,9.232193054536856,132.31269999302057,1.0128091482689898,1.03398504988332,8.69455682051527,1.008517515914574,1.9966246546472173,11.95772195905215,8.028513785591485,1
0.0224084319946746,76.97584433510188,67.99768829381684,1.9764347913159197,11.015166283459887,7.9877530165832,55.55623320426465,0.9487961940571348,1.050312004049283,8.187999890436132,0.9343867850322264,2.0360782991199278,55.30290734377845,200.27755758198796,1
1.0545055186098895,198.7280529416365,57.22183505601812,0.9950687908977572,9.07155292572752,3.772124761993461,63.692609094882656,-0.0703926464889762,0.0300440299371141,1.0669046880244344,-0.0819979258845803,1.0104946160213577,68.73939919779495,4.751354808418512,0
1.033345644669846,86.24402425302371,10.392885257121634,1.0623645676925766,7.837813699418815,4.006392226391732,2.9762228192898803,-0.0309499591997948,1.0233081082236557,2.7849393200571915,-0.020509073952125,2.040688025581555,35.20115711632051,-10.527003799766112,0
1.000258383553398,334.3451713196173,111.20943263248505,1.9222907958730384,9.217101586902816,9.273224749452568,124.281019666422,0.9475916094925017,0.9998516012974946,2.41101306000194,1.0208858500586642,2.004425889043191,6.05049280350287,-4.308067280395349,1
-0.0013118826379293,4.868143733008651,43.41837231148372,2.0204820639704124,11.005403164635394,3.842723841506814,7.471677744786959,-0.0034861841720752,0.9340302070336606,1.406640599284377,0.0281576612641398,1.9223085384011975,34.947286236598025,44.527092225330335,0
0.06111389167098,338.4174229907898,199.8744708701157,1.982942584825645,10.041866086077864,9.146694709918968,-0.6791925036368056,1.0497741304094026,0.9508396657492192,15.118764754459551,0.0459687188596724,2.0197084852376457,9.838017611787905,198.4541972413046,1
-0.0565268339953313,134.64698732285066,71.81425587009176,0.9856411254143858,1.4597146427250145,1.136910700509691,8.137532614150146,-0.0773083695310258,-0.0131279254208915,0.8135350536041086,0.9016651225508806,2.031660993992615,61.75301943125661,46.37285503120421,0
0.0020297397045418,74.28398195589648,25.831515011580905,1.997738989621428,8.225636732282664,3.892078660652456,43.55966246996358,0.1510263957294375,0.9645850192267,3.0403724961743714,0.9254816545570672,2.003477705535282,64.69626867284974,103.78577247534248,0
-0.0087067341353104,231.34884716703124,35.37862536677945,1.9270897771617157,3.0545775550784238,4.755818455475089,48.91559134039271,1.0576744815103043,0.0290855434020908,1.4632998795364178,1.0777103524603406,1.9769233105085744,7.912767548415353,83.35422223268407,1
-0.0514590710667266,50.12590053949384,36.6367037153282,1.949087498418089,7.931692327843243,4.278816115610692,1.6570951988450062,0.0747438975788676,-0.0370413898667662,1.4224399278035749,-0.0324925977744315,2.0067282341547257,1.9992704090326607,5.805231535328552,0
1.0150926248327252,187.06431631572323,63.527969894759714,2.0286142492554493,3.0046058077695594,5.176860597895751,60.86817110492598,-0.0710116138475528,-0.0709540039612595,0.6954046569287247,0.9473736428253964,2.022551549969011,85.62012544230427,84.98473105435815,0
1.010998817806468,129.9615794580587,29.81854885384028,2.0107023542397857,14.670346305629888,7.671155922745027,26.349399579647667,0.9788424593564872,-0.0257546090946444,1.3275992436729072,0.0120402226847387,1.9470002628866572,3.3769043782233297,211.80462168750535,1
0.980831234304445,164.64158357513097,-0.2196140166475828,1.039378583096719,6.362075960954165,4.171613162538849,0.621643308578399,0.0188271098105956,-0.0557544739084982,1.5356360359991943,0.06206132455787,2.0286530325112766,-5.985554110383859,7.022930466049765,0
0.0575896247094012,1.1232264001120311,9.436181478933603,1.963136811816376,5.7988746127894455,4.295873546902151,4.3755752866214905,-0.0279300390630207,-0.0566568482626453,0.2454257696035005,-0.0623426091856909,2.003343063211817,73.52051786973271,-2.070525033294267,0
1.0139604925538084,165.90616103880572,98.45112352520266,2.0202441669887348,13.101470587381923,8.13637433726869,97.48621649189226,1.0334750154982886,1.0372580572953751,4.065599864695661,-0.0109807243927567,2.045697135167074,102.79607424325552,96.8425940288348,1
0.1061657906423167,49.90702908665543,169.44329300225394,2.017635639296933,7.827008835883735,7.722449402668074,98.54493545222331,1.0558315814758994,-0.0153812101967968,0.8479178861972905,-0.0479081141185962,1.9955229761867053,108.40654076048644,-6.344379226893466,1
1.0591298546081935,271.8964518689094,64.15742479928787,2.084755333934887,2.9303463275703816,5.603585041410143,19.17401152952851,1.0127459383998805,-0.0196789141422141,1.1501026071630176,0.0416328787350299,1.9965984969357988,167.19365142752633,2.7372366504941112,0
-0.0134290274712762,185.30212818034104,20.706860085904477,2.0867155755688693,13.065231234881464,4.487326156900497,2.644446280965376,1.001122805386641,-0.0632941317561222,1.4477220492438112,-0.0250174020417166,1.980679387143979,146.90861674382398,238.4136018752862,1
0.9890554953807662,145.04498560124676,24.844295855364244,1.0279285760656809,3.2500605022883207,5.209846173070011,12.42644915036859,0.9980229937681871,0.9984947038417016,11.68051335665128,0.8587892994692604,1.971425981387598,43.02555255659713,19.11416249197157,0
-0.0521301263747072,109.96794312985426,62.707552987697554,1.025653173855742,7.876827843648396,3.929371099528693,-0.653373976784053,-0.0774089089981916,-0.007946267289079,0.8359153477436374,0.058368916349284,1.9642669592338928,35.338385788318334,-5.526482859961035,0
1.022861253277873,267.5928613631495,46.36835263717707,2.004621292996204,8.07916890774394,4.153802774724948,60.01531714915392,1.0022084713074026,-0.0400291726359715,1.0272815872849796,0.9986040686899416,2.0057683334072527,55.17577377888495,-2.804808652501628,0
1.0390240944186575,205.0150750525083,2.2388298926238974,1.992427224768771,8.14733785618029,3.430308366082812,2.0972726457178794,-0.0056616015421423,-0.0025046797600245,1.2848377431144535,-0.0037252152166877,2.965953827954201,64.34789708262447,1.490738925131872,0
-0.0191688011100085,54.71563148933309,17.804478629846088,1.9707739546916296,8.952007164394736,4.08239171059644,39.39595341462796,-0.0786082742386293,-0.0428279187396111,1.516568221828274,0.0037256072030075,2.0134693061869133,75.79441080662549,1.2092536238833986,0
-0.0479864110305683,284.0286672152921,50.958143463723424,1.9844167552608367,4.835158521943814,3.389154228239728,2.2795266866339787,1.0169314879038884,-0.0182898772614351,0.7595734707659125,0.8910665772654623,2.028926248448004,34.06745788679282,24.69849608620167,0
-0.0516653695321648,334.61072997647415,102.39629568932548,2.036362323782678,6.677046148269612,4.077355660016762,74.04043396291279,1.0393118776232044,0.9654559632659764,4.583411216242755,-0.0876840159332822,1.9532658216514929,-3.1341121646683945,40.44425811616827,1
0.0474305676002162,348.2248859786259,9.45610008148563,2.00707746823991,7.908565483571374,3.6448832352169767,-4.880040522125078,-0.091686175474096,0.0187667103237128,0.4508107407360073,0.0625566854699443,3.0009031516911806,63.87388971225457,-5.129961737486731,1
0.9879137646778872,213.7561892401551,85.53986665624618,1.9484509786477855,8.934356063984339,3.992011814326196,78.59758141578152,0.9687021342758028,0.9661321979841528,15.039877657737804,0.0501414363441526,2.068302445134504,119.04798924570196,170.29071858433215,1
0.9340609527194133,135.54955717288192,52.06547894238378,1.981983087522108,12.656254363840276,7.898377768854989,82.67792576919325,1.0441230818717735,0.9615724786972908,10.440857169966016,-0.0199605520173301,1.9688459338336368,128.03403636152728,122.93743533512276,1
-0.0005619699050992,87.07535078750827,197.25667717205187,1.9648889650376336,8.109657129809415,4.850640998014268,90.48224823432778,1.0442936059285493,0.9664405977399164,3.2066520625666284,0.0128391850796416,1.9845737679731448,24.496405654987747,112.82800592399052,1
0.9920394233952684,185.12292194579948,63.322434731529455,1.9416284839803435,7.690480698388018,4.05434199255892,36.63757559737074,0.0285621935882645,-0.0608263296224477,1.1439760015195306,0.054386017934895,3.014536229031292,38.64153789182487,0.3034789595364415,0
1.080768895869353,138.6223593694914,47.49937925412281,2.058043260373983,9.004436287369268,4.040374338755612,43.03042646881316,1.0198282074262974,1.0029874195102764,11.474837346832684,0.997449204081076,1.9976193035216627,148.2897647837041,36.495775933575466,1
1.0520674630891262,308.5602195078377,42.22956678905781,1.0149886816972713,8.718088665862988,8.413500204497794,114.25187080798506,1.0080009115465196,0.053243875320759,0.6590727594044603,1.0165945795972362,1.9992277445396027,70.44764210806451,43.94621298870799,0
0.0063893141745056,91.83697111169826,60.830237027089176,1.0115076250436754,5.553647350986258,4.085105996836873,16.534794651797462,1.0674358645487056,0.0355381882578732,0.9654875196292036,0.9034054439148954,1.9605169975377448,125.9158215256492,-4.736973913370278,1
0.0097950329196914,350.209095390118,197.4015517008996,2.016162739020423,1.467830050208823,0.532983624826957,-0.0544536958158374,0.9847269279875516,1.0570256582485116,12.633506025981744,0.9277476504438118,2.0421369509543035,-4.402322451862375,162.70994404716902,1
0.998302114408126,311.23142923867914,49.82433953832751,0.9839066003737328,0.4914774951244673,1.187417081476268,36.66471669660942,-0.0424642416543113,0.0045645742507724,0.5147700034117624,-0.0514918926153314,1.956400931044056,33.08036270498812,11.86001945032649,0
1.032451923727216,215.8234084391422,111.15248700365096,1.9638800594178816,7.007986217529565,4.324084862391176,39.34250350041138,0.959329430332557,1.0260499001082826,6.225278690160488,1.019312695598759,2.011913390283407,35.40076117956822,167.25890626700829,1
1.0023236029229028,-2.2903295927617933,74.4845310174989,1.9871295615134927,8.743587715755721,4.08530545960569,3.851824127332371,-0.0794469092961088,0.9182955183659708,2.171211032724853,-0.0406200510445395,2.00901884168778,4.6014012845949495,-2.232500333732922,0
0.058334909355049,36.90962173461125,30.976356081717583,1.9606423871993224,10.75269641081644,4.294130138105516,37.03037992577309,1.0230857578069563,0.9074268848097606,2.75079111218034,0.0300259789277761,1.994550619473162,3.6542324559040367,-9.241259915540349,1
-0.0400503507294632,27.51008552427893,149.6785929318588,1.9894681946555384,9.01801223930971,4.01418789153437,26.594928025340018,-0.0299091009185653,0.972534481390774,1.952191554464056,-0.0022299618973412,1.9868961144700612,39.49390378855534,-11.182856166788715,0
1.025052765056401,69.41885930114874,162.61087688424072,1.932650395354093,11.142981611862924,3.649643246611452,60.72920849346004,1.0064241598909502,1.1180875505634018,7.556481658632295,0.9948850621927124,2.0536962324830177,37.494299758485,134.94255191114604,1
1.0517202278815558,85.72164712596197,30.558741817580756,1.968064320264916,2.955454344377297,8.071870693098667,5.599968987126818,-0.004689540024536,0.0533865341888611,1.0032208803938114,1.0395020563169717,1.985373186914852,68.64093468008095,7.949422805883891,0
0.0189274938649045,299.2438437081182,2.749719101512923,1.064563888558539,1.0755054466738452,0.6748611766024553,1.7376678580178435,0.102087885392836,-0.0636899445417305,1.0119834620992787,-0.0112767200805083,2.002863031132199,1.8958274623715,9.2810246234288,0
1.0357689698381307,184.51521639940455,62.4282108978977,1.028092084976728,4.191656262536568,1.1729017087632618,-5.602543875386949,-0.0749722159446812,-0.036411866441642,0.94766315203489,0.0193381627366963,2.0096948789261018,43.15172701063925,9.342939970203028,0
0.0546588931316809,73.6113450565616,166.81810285715017,0.9466052123771485,3.7404476912411138,8.249278142883206,70.39996143064657,-0.0573448961335815,-0.0226719648629499,0.9692818053547536,1.0291766552491928,1.9474526901405425,-4.392512628059158,20.55675946712085,0
1.0889936522187496,262.33037983496035,112.30293773725008,1.9959904804594788,3.0482370751371723,5.072761283537591,63.54003091987856,0.0425184802935313,-0.0349898711642407,1.390650340095532,0.98197240183714,1.9853762333656817,50.19017260465123,1.225813020770552,0
1.0502508905276593,177.46874706217164,42.43600429479975,1.9560756902690304,1.6769335600752069,4.319773667514152,19.78400952082061,-0.0067690996069506,0.001808683870068,0.6708114072678208,1.0443438616192957,0.9886562663707344,-0.1993880252019764,5.422392085209623,0
0.9459910102230904,176.55989593614976,99.84691413059156,2.046295704454141,6.988391852301524,3.7742214682533777,53.05537491876348,0.9794445563875422,-0.0339873783448975,0.7099155185767736,0.9837420705783606,1.9969469380970104,119.23763896932115,-7.99164286269545,1
-0.0654678813411576,192.55023080801075,13.6788536433193,2.0081582395402857,13.530401967799488,3.9128405271148816,7.365104548929111,-0.0273587121943492,-0.0095246963166304,0.9633276107440047,-0.0413878893007444,1.9395913923984092,99.41317872018504,37.61385826940744,1
1.0072624113367632,130.63415769183285,56.65173576059743,2.0152024649957,9.237027609561924,4.143198481351316,69.8142668708031,0.9518852229325582,0.9463773596403838,5.462947021370015,1.039632231789868,2.008660792789554,32.366609869242296,-14.834102564018243,1
0.9138798781755764,150.70831033252352,-5.307494217977848,1.9185602000268025,9.043055683955778,3.55348176489082,26.200099196190862,0.9731692108741168,0.958874532697713,2.159811616675552,0.015224935133082,2.026688513317499,73.46974794905903,9.287132416342224,1
0.0127923700142879,270.2069591391377,76.11854597819024,1.986003088560215,4.879532133956982,2.970520681968612,-1.0455416724833595,0.9778732260195686,-0.0019643537105233,1.1783750482950452,-0.0151674677877879,1.987768028395692,32.425906649610006,134.04601492286454,1
1.0250770792884805,270.8055649903158,78.27927699421278,1.9948805888164,7.273691604831797,4.32756464745325,76.53937620459958,-0.1076643740901707,0.0278725312935674,2.0368705822383104,1.0310119072250103,0.9655239966727496,132.29970614567236,-8.303213406054105,0
0.904402363963512,298.0833288377052,189.49738135808863,1.9902512374318515,1.3144122278794867,1.1238910200233736,-3.713553558997496,0.9415797071571254,0.9659299385946056,2.0750727036589653,-0.101237095312266,1.999605148718608,30.436210518698392,-1.056048651014052,0
-0.0114136639904214,5.479209795964181,9.488058637474891,2.113228268343318,1.2046086924561663,0.9076632762501836,2.6898692764151946,-0.0504890619943297,1.074431127279611,1.7334907794687031,0.0249656012070443,2.031829713676517,54.77442681051098,59.68625223952684,0
1.0277118585890623,198.13650006497343,51.4727706587303,2.0227173606733984,9.274435676385526,5.039930744970018,6.482115503231007,0.9278130082423752,0.0296424119446696,1.0170022767004503,0.9793923994783548,2.0381536500990247,47.41529780084917,12.9426664653111,0
0.999947692913155,119.24441312034892,42.09951981365849,2.083569300043242,8.580032399911723,8.364519533157047,3.298016437011796,0.0455585467662919,0.9642814041184752,3.090422004887483,0.9365776360228,1.980756779597391,127.88137118172996,58.52731689141898,0
1.0125748395228138,60.14527209860131,163.82043587970202,1.027306783304194,7.326354686943223,3.8037684890489,39.43449704174395,-0.0266081229201391,0.0008165459518117,1.5712394576961255,1.040231471425722,2.023764455083369,9.802717474447206,200.8868549171221,0
-0.0883365492722663,15.590166409712992,1.7328651576952296,2.010353593625384,8.298048956746195,3.818499704881457,41.29115487360535,0.0461330159509067,0.9134131417154084,1.467210136014806,0.9886346074237686,1.9775355487795665,22.644781883934343,-3.180179548985649,0
-0.0639208491659414,158.23969870189123,80.18394428699341,2.00478529672375,12.856959873961912,8.294130144238324,18.83902307325081,0.93448041561933,1.0332070684356311,9.687700024543645,0.9712522848043432,2.009370524556563,61.73222156875728,7.485914645742788,1
1.0526444179648098,200.05112800054744,68.8500427346611,1.9684744774479004,12.7623820510338,8.145859148084876,99.36980608297269,1.0178164411115145,0.03694809025035,0.9644239515623818,1.0503244473056592,1.9909134063478928,0.0137678412210036,-6.098946467189059,1
-0.045924968880087,84.56691330291902,144.84879523067332,1.994424572662849,11.025805812655,4.113713436361767,106.4727817591356,1.036944830585156,1.0405346347672744,7.049648848865855,0.9812613446280662,1.9863218399892375,41.5462193556068,6.9501653328700215,1
0.92009659452693,92.95326562207808,39.74084581417473,1.9426085976921688,5.205890631110385,4.00643359615441,18.976144105714926,0.0021167813603095,-0.0166287945216685,0.2507527960455968,0.0225326767384425,2.0197454400447663,60.7832318593088,9.24151054464776,0
0.0858490951232623,52.310039265367706,69.45526163306396,1.9595096699464956,3.154658779515419,4.53379892699026,9.928345164817369,1.0233087330843862,0.9350708760234424,5.172124228313287,0.0451625022037683,0.9850307569790894,19.531505554268637,-2.4446031042877863,1
0.9406144200664128,222.94547713613812,116.31827226554462,2.079251101939433,13.144914218008047,7.922973855278908,117.78143870702684,0.9880379530460394,0.9812854307569776,14.613598350323596,1.0701732077541155,1.9241801528250568,133.6794659472842,-2.3687522990410343,1
0.9994925071195576,110.97432986935766,65.08530174602109,1.003279293433618,5.89357030225561,4.095795594269055,44.87372121009063,1.007335856895176,0.9286381161045338,4.438257908734167,0.994797924176396,2.0346013824051545,119.07242566498438,119.0106132817884,1
1.0210362795540324,97.02886745356322,77.59484537396689,1.989865207702571,12.932212370744104,3.946215576090205,23.43041006828983,0.9950829961968196,0.9879339439330428,7.154415138507126,-0.0445521316177371,1.9921447209184264,-2.162928453995874,233.03704893017303,1
1.1211559126608153,60.53290005389151,40.17800837044536,2.010708129191011,11.060259527852082,3.800178303142958,30.68704306794216,-0.0435810125071014,-0.0023606617431241,0.1511543416677687,-0.0271197682260776,1.9926063627162387,33.00652312160705,3.1930841481244414,0
1.0083698932340974,200.53583387370452,74.76910837172156,2.069033543856303,2.4437594293302114,4.0732660818043644,1.4089728745544647,0.0529306666870153,-0.0741146849930098,1.645390904044915,1.009964873131786,1.9208652655219491,36.42969714321295,5.750430776990655,0
-0.0749791489699683,25.033283601735448,14.997232021269724,2.0046050008227443,2.5291584498462703,4.104760077938964,2.6353490264172663,0.0050030928573084,0.9859450217358632,7.776066623833012,1.0987622407679871,2.001388866753685,86.29504430140616,27.287222460205328,0
1.0278299770414272,64.27892856534507,158.48762884490918,2.0433210688662515,7.781411194808261,3.800143825227559,2.032035114123481,1.0735819590499265,-0.0384979265849459,1.5967529129538616,0.0261606870280098,2.0098507829519123,43.584823605504624,5.79928342756844,0
0.9974875830235564,264.41782555710665,102.76536303319637,2.0422333365737178,10.816229522272767,7.76409288249079,81.49638567835228,0.9637777133261765,1.1052998963768244,6.668858936193948,1.0417760839051686,1.9730389149384109,152.29611036268045,3.796374356658447,1
0.0708201303523109,105.41859186903436,174.56204256423325,1.9399692359300449,13.169244902898686,7.538629735827936,77.03013605384487,0.989332117931624,1.0905982974777957,6.303775916368492,0.0457448391351703,1.9969988418063456,129.47330311293587,102.04913488721586,1
1.0154400053927293,332.9689559690444,212.11853397938057,1.016981305303866,6.988044245030845,3.992249695104869,130.86357850244414,0.9591191543628192,1.0535016404758863,21.86847524737688,-0.0088424685244147,1.9887371546359265,-7.839728519649583,7.776984260780431,1
